,Strategy,Benchmark
2016-07-20 00:00:00+00:00,0.0,0.0041542830671826465
2016-07-20 04:00:00+00:00,0.003044599860701183,0.0
2016-07-21 00:00:00+00:00,0.003655377006062389,-0.0037841160823778833
2016-07-21 04:00:00+00:00,-0.00011619010936276552,0.0
2016-07-22 00:00:00+00:00,0.004006774964750098,0.004475313954777067
2016-07-22 04:00:00+00:00,0.0008057197408613866,0.0
2016-07-25 00:00:00+00:00,-0.00233611962807431,-0.002719712044900545
2016-07-25 04:00:00+00:00,0.00016528007451891636,0.0
2016-07-26 00:00:00+00:00,-0.0012158318493628564,0.0004613761977276934
2016-07-26 04:00:00+00:00,3.066942625479801e-05,0.0
2016-07-27 00:00:00+00:00,0.0025971437932704147,-0.0010615412755313677
2016-07-27 04:00:00+00:00,-0.0005897374233286457,0.0
2016-07-28 00:00:00+00:00,0.0003473125804446882,0.0011536923357631785
2016-07-28 04:00:00+00:00,2.1793065417927663e-05,0.0
2016-07-29 00:00:00+00:00,0.005971882274934613,0.0016135273323705226
2016-07-29 04:00:00+00:00,0.0004897514446008184,0.0
2016-08-01 00:00:00+00:00,-0.0029368810896007653,-0.0008294771498074654
2016-08-01 04:00:00+00:00,-0.00010276378215907609,0.0
2016-08-02 00:00:00+00:00,-0.005052983620622001,-0.0064278067859752696
2016-08-02 04:00:00+00:00,-9.497240902539998e-07,0.0
2016-08-03 00:00:00+00:00,-0.0015453258748344657,0.0029183860039357157
2016-08-03 04:00:00+00:00,0.00040487668528806683,0.0
2016-08-04 00:00:00+00:00,0.0021581704983503927,0.0010635394504636118
2016-08-04 04:00:00+00:00,0.0005115075817407451,0.0
2016-08-05 00:00:00+00:00,-0.0046772515721472206,0.008145624036558682
2016-08-05 04:00:00+00:00,0.0010501897948535673,0.0
2016-08-08 00:00:00+00:00,-0.00012905137380668229,-0.0005960368140949736
2016-08-08 04:00:00+00:00,0.0004816872245007385,0.0
2016-08-09 00:00:00+00:00,0.003020853084937493,0.0005960368140949798
2016-08-09 04:00:00+00:00,0.00027581019407808566,0.0
2016-08-10 00:00:00+00:00,0.0009089567639519389,-0.0024783016260791794
2016-08-10 04:00:00+00:00,-0.000474930381362909,0.0
2016-08-11 00:00:00+00:00,-0.001302328612541222,0.004630012845745686
2016-08-11 04:00:00+00:00,8.613107704957511e-05,0.0
2016-08-12 00:00:00+00:00,0.0008669588968256347,-0.000869264181317731
2016-08-12 04:00:00+00:00,-3.21406876563929e-05,0.0
2016-08-15 00:00:00+00:00,-0.001463194722119984,0.00287948627895397
2016-08-15 04:00:00+00:00,0.0007129116468408173,0.0
2016-08-16 00:00:00+00:00,-0.002577195238151906,-0.00517064942010448
2016-08-16 04:00:00+00:00,-0.00018777528774026976,0.0
2016-08-17 00:00:00+00:00,0.0034779060630696947,0.0018790137009613442
2016-08-17 04:00:00+00:00,-2.556727444459811e-05,0.0
2016-08-18 00:00:00+00:00,0.0036072010036446393,0.0022415195341601506
2016-08-18 04:00:00+00:00,-9.477584148513807e-05,0.0
2016-08-19 00:00:00+00:00,-0.0040968910745308625,-0.0014631304079013624
2016-08-19 04:00:00+00:00,0.00028128161652907435,0.0
2016-08-22 00:00:00+00:00,0.0015822290645162121,-4.6068203208372086e-05
2016-08-22 04:00:00+00:00,-0.0007544234480485425,0.0
2016-08-23 00:00:00+00:00,0.0006151412559968132,0.00201156921342823
2016-08-23 04:00:00+00:00,0.0005222670787237802,0.0
2016-08-24 00:00:00+00:00,-0.004368951055445117,-0.005127848193693366
2016-08-24 04:00:00+00:00,-0.0007207916607574542,0.0
2016-08-25 00:00:00+00:00,-0.0010998316580052272,-0.0006888525902493645
2016-08-25 04:00:00+00:00,-0.0002372154626760701,0.0
2016-08-26 00:00:00+00:00,-0.003924621884357866,-0.001885211906459184
2016-08-26 04:00:00+00:00,-0.0007298677951486685,0.0
2016-08-29 00:00:00+00:00,0.00556244184897328,0.0049123264869430925
2016-08-29 04:00:00+00:00,-5.139770755957683e-05,0.0
2016-08-30 00:00:00+00:00,-0.003957549974387572,-0.0016501288014642897
2016-08-30 04:00:00+00:00,-0.0009818544863086074,0.0
2016-08-31 00:00:00+00:00,-0.0008459923449636091,-0.0028477542395775064
2016-08-31 04:00:00+00:00,-0.00029769531746104075,0.0
2016-09-01 00:00:00+00:00,0.00045193411688407395,4.557419635700823e-05
2016-09-01 04:00:00+00:00,0.0007267680741909402,0.0
2016-09-02 00:00:00+00:00,-0.00019869639934250204,0.004498004911664962
2016-09-02 04:00:00+00:00,0.0009081779439856677,0.0
2016-09-06 00:00:00+00:00,0.00506162893118046,0.0030180851642498206
2016-09-06 04:00:00+00:00,-0.0002892733984085042,0.0
2016-09-07 00:00:00+00:00,-0.0005854994909648189,-9.160694865430346e-05
2016-09-07 04:00:00+00:00,0.0005839266905694885,0.0
2016-09-08 00:00:00+00:00,-0.005010701614095285,-0.0022854030603113675
2016-09-08 04:00:00+00:00,-0.0025978383375950907,0.0
2016-09-09 00:00:00+00:00,-0.01272615308047639,-0.024225891279279693
2016-09-09 04:00:00+00:00,-0.0069691590292165675,0.0
2016-09-12 00:00:00+00:00,0.003799254932479887,0.014245421400068228
2016-09-12 04:00:00+00:00,0.005183433081219135,0.0
2016-09-13 00:00:00+00:00,-0.008048037422736113,-0.014480295687214075
2016-09-13 04:00:00+00:00,-0.0010294319234223116,0.0
2016-09-14 00:00:00+00:00,0.000875061367553037,-0.00037511111476659306
2016-09-14 04:00:00+00:00,0.0007728458979850725,0.0
2016-09-15 00:00:00+00:00,0.0004143203467730857,0.00994353467594314
2016-09-15 04:00:00+00:00,0.006251284005084975,0.0
2016-09-16 00:00:00+00:00,0.001848256780953184,-0.003873238920486695
2016-09-16 04:00:00+00:00,-5.391025590837902e-05,0.0
2016-09-19 00:00:00+00:00,-0.00047010263621262313,0.0001876011279846013
2016-09-19 04:00:00+00:00,-0.0021596750290386823,0.0
2016-09-20 00:00:00+00:00,0.000469377555813806,4.71024613613519e-05
2016-09-20 04:00:00+00:00,-0.00032555024933968754,0.0
2016-09-21 00:00:00+00:00,0.009845667712283061,0.0111825029951329
2016-09-21 04:00:00+00:00,0.0024611177964267744,0.0
2016-09-22 00:00:00+00:00,0.004228891859665992,0.006281428820251825
2016-09-22 04:00:00+00:00,0.0012117552049022572,0.0
2016-09-23 00:00:00+00:00,-0.0013750941864831415,-0.005493945412987183
2016-09-23 04:00:00+00:00,-0.0029052720129172155,0.0
2016-09-26 00:00:00+00:00,-0.0011985676415476047,-0.008135306689825145
2016-09-26 04:00:00+00:00,-0.0012172641916795702,0.0
2016-09-27 00:00:00+00:00,-0.00094508068864708,0.006188709152499747
2016-09-27 04:00:00+00:00,0.0029447831628930106,0.0
2016-09-28 00:00:00+00:00,-0.0001104149406493674,0.004951395817138515
2016-09-28 04:00:00+00:00,0.0010597280735816362,0.0
2016-09-29 00:00:00+00:00,-0.004378150513225022,-0.009088689251283583
2016-09-29 04:00:00+00:00,-0.0033963461267343086,0.0
2016-09-30 00:00:00+00:00,-0.001796301144458069,0.007518160609816616
2016-09-30 04:00:00+00:00,0.001390595275152975,0.0
2016-10-03 00:00:00+00:00,-0.004055631647696276,-0.0024072590771012994
2016-10-03 04:00:00+00:00,-0.0009975972584552936,0.0
2016-10-04 00:00:00+00:00,-0.012877361518100866,-0.005110901532715202
2016-10-04 04:00:00+00:00,-0.0004095981575372268,0.0
2016-10-05 00:00:00+00:00,0.0001247436212009319,0.004415317256434634
2016-10-05 04:00:00+00:00,0.001567195592625373,0.0
2016-10-06 00:00:00+00:00,-0.003189341713484418,0.0006955842762804363
2016-10-06 04:00:00+00:00,0.000876017502976777,0.0
2016-10-07 00:00:00+00:00,-0.0007022830655124407,-0.0034353626575870156
2016-10-07 04:00:00+00:00,0.00032870182000554614,0.0
2016-10-10 00:00:00+00:00,0.001538024065800476,0.005194887788674375
2016-10-10 04:00:00+00:00,0.0020676940373677124,0.0
2016-10-11 00:00:00+00:00,-0.005382197833171725,-0.012710086390166752
2016-10-11 04:00:00+00:00,-0.0031144518496312823,0.0
2016-10-12 00:00:00+00:00,0.0009596491910241555,0.0013111052242303766
2016-10-12 04:00:00+00:00,0.0002841225357301748,0.0
2016-10-13 00:00:00+00:00,0.00029230761721921926,-0.003280825362921631
2016-10-13 04:00:00+00:00,-0.0009405704168092069,0.0
2016-10-14 00:00:00+00:00,-0.0035375876663115745,0.0005161492287581989
2016-10-14 04:00:00+00:00,0.0023004466821480744,0.0
2016-10-17 00:00:00+00:00,0.0007049934384786726,-0.0034781484346696834
2016-10-17 04:00:00+00:00,-0.0008157667186150479,0.0
2016-10-18 00:00:00+00:00,0.003967083946418371,0.006242824568833193
2016-10-18 04:00:00+00:00,-0.00018013295360324826,0.0
2016-10-19 00:00:00+00:00,0.0006962978389745088,0.0026633162109079467
2016-10-19 04:00:00+00:00,-0.0016106051714596553,0.0
2016-10-20 00:00:00+00:00,3.43343402733526e-05,-0.0018680607672089953
2016-10-20 04:00:00+00:00,-0.00037942819857502514,0.0
2016-10-21 00:00:00+00:00,0.0004647283158795112,0.0004673217349830049
2016-10-21 04:00:00+00:00,-0.0011117116336438859,0.0
2016-10-24 00:00:00+00:00,-0.0010500135606728456,0.004244032410801612
2016-10-24 04:00:00+00:00,0.005192732198592829,0.0
2016-10-25 00:00:00+00:00,0.0009379737065161735,-0.0033566478259148785
2016-10-25 04:00:00+00:00,0.0026537021423172383,0.0
2016-10-26 00:00:00+00:00,-0.0025042956403150537,-0.0020096888267122927
2016-10-26 04:00:00+00:00,-0.012021759007686516,0.0
2016-10-27 00:00:00+00:00,-0.0036707214943334393,-0.0026702196845597285
2016-10-27 04:00:00+00:00,-0.005242432397314514,0.0
2016-10-28 00:00:00+00:00,-0.0007119715105459722,-0.002959522400026569
2016-10-28 04:00:00+00:00,-0.0035676838950603,0.0
2016-10-31 00:00:00+00:00,0.002312327895574411,4.6627966019302677e-05
2016-10-31 04:00:00+00:00,-0.0008084727689014551,0.0
2016-11-01 00:00:00+00:00,-0.0005727494897277367,-0.007271640888580785
2016-11-01 04:00:00+00:00,-0.009564939735122353,0.0
2016-11-02 00:00:00+00:00,-0.00029415442100366544,-0.006037210637134471
2016-11-02 04:00:00+00:00,-0.002125985490597797,0.0
2016-11-03 00:00:00+00:00,-0.0002289456495453871,-0.0045872304640025025
2016-11-03 04:00:00+00:00,-0.007246191625603436,0.0
2016-11-04 00:00:00+00:00,-4.275530931261077e-05,-0.0011024107459720884
2016-11-04 04:00:00+00:00,-0.008335327011141726,0.0
2016-11-07 00:00:00+00:00,0.0010588385207001803,0.021817651744312352
2016-11-07 05:00:00+00:00,0.01959099153607174,0.0
2016-11-08 00:00:00+00:00,0.00021771808868052654,0.004493724549293911
2016-11-08 05:00:00+00:00,0.003447301543083104,0.0
2016-11-09 00:00:00+00:00,0.0004212829953026808,0.01054602117922102
2016-11-09 05:00:00+00:00,-0.002940128039056249,0.0
2016-11-10 00:00:00+00:00,6.228605735473602e-05,0.0024925437734062317
2016-11-10 05:00:00+00:00,-0.02529018198566745,0.0
2016-11-11 00:00:00+00:00,-0.000151307350089176,-0.0023073882180427645
2016-11-11 05:00:00+00:00,0.005404229820150763,0.0
2016-11-14 00:00:00+00:00,1.949310451291291e-05,0.0007850554738563844
2016-11-14 05:00:00+00:00,-0.01985663267326014,0.0
2016-11-15 00:00:00+00:00,0.00041491068569355955,0.007772415469599658
2016-11-15 05:00:00+00:00,0.015140567201500407,0.0
2016-11-16 00:00:00+00:00,-8.850562514540186e-05,-0.0018800160540071765
2016-11-16 05:00:00+00:00,0.005763849057822189,0.0
2016-11-17 00:00:00+00:00,-0.0024311615550891693,0.0051275816043048665
2016-11-17 05:00:00+00:00,0.0025229512315989434,0.0
2016-11-18 00:00:00+00:00,-0.002868940349120333,-0.0022400317741621423
2016-11-18 05:00:00+00:00,-0.000609905913212377,0.0
2016-11-21 00:00:00+00:00,0.004239463984470934,0.007523151353058782
2016-11-21 05:00:00+00:00,0.003419045020111513,0.0
2016-11-22 00:00:00+00:00,0.0008852678371440647,0.0019512301781001878
2016-11-22 05:00:00+00:00,0.0007540646938726939,0.0
2016-11-23 00:00:00+00:00,-0.00536331779670705,0.0005436674528379736
2016-11-23 05:00:00+00:00,-0.0025667126913426932,0.0
2016-11-25 00:00:00+00:00,0.002359654865162613,0.003708665136209924
2016-11-25 05:00:00+00:00,0.0010374584640239972,0.0
2016-11-28 00:00:00+00:00,0.005023777898969158,-0.004705989946931567
2016-11-28 05:00:00+00:00,-6.852420318344932e-05,0.0
2016-11-29 00:00:00+00:00,0.0010638229851359835,0.0019485538623403645
2016-11-29 05:00:00+00:00,0.0010956318144432664,0.0
2016-11-30 00:00:00+00:00,-0.010613818679093832,-0.002401934432659552
2016-11-30 05:00:00+00:00,-0.003321801009349437,0.0
2016-12-01 00:00:00+00:00,-0.004230629371312924,-0.003682263124342526
2016-12-01 05:00:00+00:00,-0.004082660931416982,0.0
2016-12-02 00:00:00+00:00,0.003666894704610798,0.0005006515355232733
2016-12-02 05:00:00+00:00,0.0006350302913137151,0.0
2016-12-05 00:00:00+00:00,0.0004372445086696663,0.00599059497876763
2016-12-05 05:00:00+00:00,0.0015627565977422609,0.0
2016-12-06 00:00:00+00:00,9.577072493268014e-05,0.0031625588672188616
2016-12-06 05:00:00+00:00,0.0003312927951975495,0.0
2016-12-07 00:00:00+00:00,0.006898146865469365,0.012996060660366108
2016-12-07 05:00:00+00:00,0.004969250290760946,0.0
2016-12-08 00:00:00+00:00,-0.0017760805296592897,0.002445841869092356
2016-12-08 05:00:00+00:00,0.00039712471957163123,0.0
2016-12-09 00:00:00+00:00,-0.0010918595336238666,0.006022306343561368
2016-12-09 05:00:00+00:00,0.0046161323389667195,0.0
2016-12-12 00:00:00+00:00,0.002266578111162501,-0.0011487312866558805
2016-12-12 05:00:00+00:00,-0.0002673489325030128,0.0
2016-12-13 00:00:00+00:00,0.003116457907297445,0.006651866541332424
2016-12-13 05:00:00+00:00,0.0042474230079422165,0.0
2016-12-14 00:00:00+00:00,-0.0093472726008692,-0.008288509698918835
2016-12-14 05:00:00+00:00,-0.0007451261957877787,0.0
2016-12-15 00:00:00+00:00,0.0007091044442953673,0.0041087570382277875
2016-12-15 05:00:00+00:00,0.00048520206855326106,0.0
2016-12-16 00:00:00+00:00,0.002026764217827672,-0.0019576530509853064
2016-12-16 05:00:00+00:00,-0.0012701537790563878,0.0
2016-12-19 00:00:00+00:00,0.001392488378807708,0.0021747773769298204
2016-12-19 05:00:00+00:00,0.009575938674148137,0.0
2016-12-20 00:00:00+00:00,5.696075743721339e-05,0.0038504532293673972
2016-12-20 05:00:00+00:00,0.0003492241765079311,0.0
2016-12-21 00:00:00+00:00,-0.00036758192126613355,-0.002786616029519701
2016-12-21 05:00:00+00:00,0.0002896750039966851,0.0
2016-12-22 00:00:00+00:00,-0.0003683204994045004,-0.0017288805141273767
2016-12-22 05:00:00+00:00,-0.0019740000868630676,0.0
2016-12-23 00:00:00+00:00,0.0005134440835137621,0.0014631834722287165
2016-12-23 05:00:00+00:00,-0.0012110691740536829,0.0
2016-12-27 00:00:00+00:00,0.0005562252671193384,0.0024779288619072547
2016-12-27 05:00:00+00:00,0.002185034098515876,0.0
2016-12-28 00:00:00+00:00,-0.0012611280375709388,-0.008299017024357305
2016-12-28 05:00:00+00:00,-0.0030252825154310817,0.0
2016-12-29 00:00:00+00:00,0.0013752987239373138,-0.00022261720153089106
2016-12-29 05:00:00+00:00,-0.000611158195867619,0.0
2016-12-30 00:00:00+00:00,-0.0010753804077082614,-0.0036616694831560635
2016-12-30 05:00:00+00:00,-0.006933739336407471,0.0
2017-01-03 00:00:00+00:00,0.0018254934059411304,0.007620761554769586
2017-01-03 05:00:00+00:00,0.0035017815296961427,0.0
2017-01-04 00:00:00+00:00,0.0014270711713262314,0.005931689297142134
2017-01-04 05:00:00+00:00,-0.0022411583545109233,0.0
2017-01-05 00:00:00+00:00,-0.0001908906362014383,-0.0007947629333563992
2017-01-05 05:00:00+00:00,0.0017554884339479329,0.0
2017-01-06 00:00:00+00:00,0.0008590575844195882,0.003571508274506951
2017-01-06 05:00:00+00:00,0.007403906821237517,0.0
2017-01-09 00:00:00+00:00,-0.0007954172597475795,-0.0033065430504205457
2017-01-09 05:00:00+00:00,0.0018377291386612881,0.0
2017-01-10 00:00:00+00:00,4.193079406284553e-09,0.0
2017-01-10 05:00:00+00:00,0.0002168837562482058,0.0
2017-01-11 00:00:00+00:00,0.0006790364979981006,0.002821987652321226
2017-01-11 05:00:00+00:00,0.005599928326666825,0.0
2017-01-12 00:00:00+00:00,-0.0006044978445779322,-0.0025128983947353147
2017-01-12 05:00:00+00:00,-0.005259430636324567,0.0
2017-01-13 00:00:00+00:00,0.0005515491937081822,0.0022928505786601557
2017-01-13 05:00:00+00:00,-1.6261620346932947e-05,0.0
2017-01-17 00:00:00+00:00,-0.0008487900084689752,-0.003529703338456905
2017-01-17 05:00:00+00:00,0.0016575984637929898,0.0
2017-01-18 00:00:00+00:00,0.0005308469564663899,0.002207543605136651
2017-01-18 05:00:00+00:00,-0.00022715508281350436,0.0
2017-01-19 00:00:00+00:00,-0.0008929942097805605,-0.003711389922163817
2017-01-19 05:00:00+00:00,-0.0021985212574751984,0.0
2017-01-20 00:00:00+00:00,0.00035692316203788234,0.003667238579749774
2017-01-20 05:00:00+00:00,0.0038658952089040918,0.0
2017-01-23 00:00:00+00:00,-0.0002534832674973289,-0.002605424028027951
2017-01-23 05:00:00+00:00,0.0018052552335839891,0.0
2017-01-24 00:00:00+00:00,0.0006219392788035575,0.006391150804240864
2017-01-24 05:00:00+00:00,0.003322425513535356,0.0
2017-01-25 00:00:00+00:00,0.0008386311905650639,0.00861829356816463
2017-01-25 05:00:00+00:00,0.008618041957804549,0.0
2017-01-26 00:00:00+00:00,-0.00010181857625968673,-0.0010458343278723556
2017-01-26 05:00:00+00:00,0.004151919389118326,0.0
2017-01-27 00:00:00+00:00,-0.00015288175502766482,-0.001571228540993699
2017-01-27 05:00:00+00:00,0.009901500846185178,0.0
2017-01-30 00:00:00+00:00,-0.0006054526615789524,-0.006221027396758249
2017-01-30 05:00:00+00:00,-0.005473322047554162,0.0
2017-01-31 00:00:00+00:00,-8.312143534182962e-06,-8.752939986464698e-05
2017-01-31 05:00:00+00:00,-0.004242975279349987,0.0
2017-02-01 00:00:00+00:00,3.832169840350883e-05,0.00039521576464163124
2017-02-01 05:00:00+00:00,0.021205714164746786,0.0
2017-02-02 00:00:00+00:00,6.418294780914831e-05,0.000658655563800586
2017-02-02 05:00:00+00:00,-0.0035649958127192184,0.0
2017-02-03 00:00:00+00:00,0.0008770822370416845,0.006869182461994507
2017-02-03 05:00:00+00:00,0.004881976543569096,0.0
2017-02-06 00:00:00+00:00,-0.000222663180768832,-0.00178901657368708
2017-02-06 05:00:00+00:00,0.005069065855007865,0.0
2017-02-07 00:00:00+00:00,7.646578737143094e-06,4.3498024946396426e-05
2017-02-07 05:00:00+00:00,0.004325244312112751,0.0
2017-02-08 00:00:00+00:00,0.00017492489570267126,0.0013095974610025484
2017-02-08 05:00:00+00:00,0.0017456782403532647,0.0
2017-02-09 00:00:00+00:00,0.0007470331398503692,0.005915165536192165
2017-02-09 05:00:00+00:00,0.007538056039304273,0.0
2017-02-10 00:00:00+00:00,0.0005041873532411137,0.003938407049997017
2017-02-10 05:00:00+00:00,-0.0015672030965844762,0.0
2017-02-13 00:00:00+00:00,0.0006902377466707344,0.005427797035044019
2017-02-13 05:00:00+00:00,0.008414133276648677,0.0
2017-02-14 00:00:00+00:00,0.0005053622402784567,0.003987441300527198
2017-02-14 05:00:00+00:00,0.008418777596746387,0.0
2017-02-15 00:00:00+00:00,0.0006636233908297318,0.005206699232092381
2017-02-15 05:00:00+00:00,0.0018520595716621244,0.0
2017-02-16 00:00:00+00:00,-0.00010347797851863636,-0.0008517606770367051
2017-02-16 05:00:00+00:00,-0.0007138556139739471,0.0
2017-02-17 00:00:00+00:00,0.0002018375927845807,0.0015752022624088537
2017-02-17 05:00:00+00:00,0.0019548506294193775,0.0
2017-02-21 00:00:00+00:00,0.0009595732373071405,0.005937365303624781
2017-02-21 05:00:00+00:00,0.003430078062025692,0.0
2017-02-22 00:00:00+00:00,-0.00014326129170584936,-0.0008882486812263498
2017-02-22 05:00:00+00:00,0.001094738213085698,0.0
2017-02-23 00:00:00+00:00,0.00011019143498321026,0.0006768643996181438
2017-02-23 05:00:00+00:00,-0.00121742999103276,0.0
2017-02-24 00:00:00+00:00,0.0002060953797561503,0.001267933756965559
2017-02-24 05:00:00+00:00,0.0005291041913405714,0.0
2017-02-27 00:00:00+00:00,0.00025168801037018645,0.0015617723283416777
2017-02-27 05:00:00+00:00,-0.0006131565123887726,0.0
2017-02-28 00:00:00+00:00,-0.00043623968164247797,-0.0027028403406248666
2017-02-28 05:00:00+00:00,-0.0008582317497045277,0.0
2017-03-01 00:00:00+00:00,0.0022448658323026885,0.013900441852602512
2017-03-01 05:00:00+00:00,0.01545333979732651,0.0
2017-03-02 00:00:00+00:00,-0.0010212623548637332,-0.006317357191543791
2017-03-02 05:00:00+00:00,-0.007384794506486644,0.0
2017-03-03 00:00:00+00:00,0.00010168448035953349,0.0006292987652981839
2017-03-03 05:00:00+00:00,0.004327418203248714,0.0
2017-03-06 00:00:00+00:00,-0.0004824479948654669,-0.0029822849396906057
2017-03-06 05:00:00+00:00,-0.0016643756111902044,0.0
2017-03-07 00:00:00+00:00,-0.0005347109031443681,-0.0029911312058593623
2017-03-07 05:00:00+00:00,0.0010624139132611988,0.0
2017-03-08 00:00:00+00:00,-0.0021317658265351896,-0.001858317575432213
2017-03-08 05:00:00+00:00,-0.0003285855466351451,0.0
2017-03-09 00:00:00+00:00,-8.585183483328409e-05,0.00126736524348891
2017-03-09 05:00:00+00:00,-0.0019702492392259237,0.0
2017-03-10 00:00:00+00:00,0.0015891834060277432,0.0034978504951767523
2017-03-10 05:00:00+00:00,0.0023403766979181264,0.0
2017-03-13 00:00:00+00:00,0.0004494616514198797,0.0005046989446032986
2017-03-13 04:00:00+00:00,-0.00039136635780175993,0.0
2017-03-14 00:00:00+00:00,-0.0007113124687080476,-0.003833946618073611
2017-03-14 04:00:00+00:00,-0.0016613308547115866,0.0
2017-03-15 00:00:00+00:00,0.003352164275617406,0.008616220008765803
2017-03-15 04:00:00+00:00,0.006603828729724547,0.0
2017-03-16 00:00:00+00:00,-0.001706481479216474,-0.0019687717834620893
2017-03-16 04:00:00+00:00,0.0005648255126435641,0.0
2017-03-17 00:00:00+00:00,0.0004975682949950647,-0.0017576309644628646
2017-03-17 04:00:00+00:00,-0.0020215298242615984,0.0
2017-03-20 00:00:00+00:00,-0.001012646673753603,-0.0010976721018514442
2017-03-20 04:00:00+00:00,0.005767760637897695,0.0
2017-03-21 00:00:00+00:00,-0.00018661999908483164,-0.01292230596798326
2017-03-21 04:00:00+00:00,-0.00772649084200756,0.0
2017-03-22 00:00:00+00:00,0.0010275732888608458,0.0023500684237578334
2017-03-22 04:00:00+00:00,0.00802820442637763,0.0
2017-03-23 00:00:00+00:00,-0.0005655204070465832,-0.0010675215046436143
2017-03-23 04:00:00+00:00,-0.002114120307740321,0.0
2017-03-24 00:00:00+00:00,0.00025309793396801884,-0.0007266471541054074
2017-03-24 04:00:00+00:00,-0.00035283286481506524,0.0
2017-03-27 00:00:00+00:00,-0.0006404416087010614,-0.0010266971030395977
2017-03-27 04:00:00+00:00,0.0011964485094648957,0.0
2017-03-28 00:00:00+00:00,0.0014349300973299276,0.007250456421464382
2017-03-28 04:00:00+00:00,0.009166991701879993,0.0
2017-03-29 00:00:00+00:00,-0.00010240483654372148,0.0009344265968794453
2017-03-29 04:00:00+00:00,0.0016542345392416688,0.0
2017-03-30 00:00:00+00:00,-0.00019541094570178828,0.003178897700228317
2017-03-30 04:00:00+00:00,0.00045326053834628956,0.0
2017-03-31 00:00:00+00:00,-5.7328991160041944e-05,-0.0023303519586212016
2017-03-31 04:00:00+00:00,-0.00014845005695087701,0.0
2017-04-03 00:00:00+00:00,-0.0003848987863178592,-0.001740838751818744
2017-04-03 04:00:00+00:00,-0.0011655659947269344,0.0
2017-04-04 00:00:00+00:00,0.0004771368670175917,0.0006373056285441354
2017-04-04 04:00:00+00:00,0.0037727703745202997,0.0
2017-04-05 00:00:00+00:00,0.00014978029949144084,-0.0029769511262885233
2017-04-05 04:00:00+00:00,-0.0028802036957559047,0.0
2017-04-06 00:00:00+00:00,0.00020432588224715087,0.002807171864261239
2017-04-06 04:00:00+00:00,-0.00033662575707734874,0.0
2017-04-07 00:00:00+00:00,-0.0007178787514188515,-0.0010198036291035445
2017-04-07 04:00:00+00:00,-0.001140404104448069,0.0
2017-04-10 00:00:00+00:00,0.00032667134054083615,0.0005948564820326518
2017-04-10 04:00:00+00:00,-0.0011222697611333638,0.0
2017-04-11 00:00:00+00:00,-0.0002671916851274029,-0.0011904403128344427
2017-04-11 04:00:00+00:00,-0.0047289750852278975,0.0
2017-04-12 00:00:00+00:00,0.00010506731494071069,-0.00439138465759878
2017-04-12 04:00:00+00:00,-0.0005463490116799519,0.0
2017-04-13 00:00:00+00:00,-0.0016068946445033133,-0.006516116036226273
2017-04-13 04:00:00+00:00,-0.00339429192980924,0.0
2017-04-17 00:00:00+00:00,0.002174608291814831,0.008820982361133605
2017-04-17 04:00:00+00:00,0.004530438944507319,0.0
2017-04-18 00:00:00+00:00,-0.00026328136421380774,-0.0029887416675210454
2017-04-18 04:00:00+00:00,-0.0022372922573246266,0.0
2017-04-19 00:00:00+00:00,-0.0012007015950989907,-0.001840390822798175
2017-04-19 04:00:00+00:00,-0.003011829856210172,0.0
2017-04-20 00:00:00+00:00,0.001010372725955514,0.008106091135845124
2017-04-20 04:00:00+00:00,0.006888329075809371,0.0
2017-04-21 00:00:00+00:00,0.00017228082797966424,-0.0031918253819932306
2017-04-21 04:00:00+00:00,0.003298862674166317,0.0
2017-04-24 00:00:00+00:00,0.002693989866586345,0.010937770799472397
2017-04-24 04:00:00+00:00,0.00847316835995877,0.0
2017-04-25 00:00:00+00:00,0.0008156840538173508,0.005801914788791032
2017-04-25 04:00:00+00:00,0.004046092381247725,0.0
2017-04-26 00:00:00+00:00,-0.0005517022667868187,-0.0006288803451538154
2017-04-26 04:00:00+00:00,-0.0027100553532865474,0.0
2017-04-27 00:00:00+00:00,0.0006477144501276717,0.0008384437871699651
2017-04-27 04:00:00+00:00,0.00209178420547484,0.0
2017-04-28 00:00:00+00:00,-0.001085693492835476,-0.0021818600388613762
2017-04-28 04:00:00+00:00,0.00038145735689751895,0.0
2017-05-01 00:00:00+00:00,-0.0004482884926472913,0.002517040816065519
2017-05-01 04:00:00+00:00,0.011832567645543472,0.0
2017-05-02 00:00:00+00:00,0.00023707495444764672,0.0003770360053032696
2017-05-02 04:00:00+00:00,0.002074186914936293,0.0
2017-05-03 00:00:00+00:00,-0.0007579222851970247,-0.0012154194499765796
2017-05-03 04:00:00+00:00,-0.002093087969751369,0.0
2017-05-04 00:00:00+00:00,0.0006986095960423163,0.0011733049136457953
2017-05-04 04:00:00+00:00,-0.0025172328241541927,0.0
2017-05-05 00:00:00+00:00,0.0012862989326915958,0.003929363745612163
2017-05-05 04:00:00+00:00,0.008634103038868733,0.0
2017-05-08 00:00:00+00:00,-7.052383707131611e-05,-0.00016678999011711585
2017-05-08 04:00:00+00:00,0.012880312283481623,0.0
2017-05-09 00:00:00+00:00,-0.0009200390320666704,-0.000918208995944077
2017-05-09 04:00:00+00:00,0.003436213135980282,0.0
2017-05-10 00:00:00+00:00,0.0004938833846135292,0.001793802312429441
2017-05-10 04:00:00+00:00,-0.00144208467002384,0.0
2017-05-11 00:00:00+00:00,-0.000244901020296034,-0.0020445626118570635
2017-05-11 04:00:00+00:00,0.0014344313955743505,0.0
2017-05-12 00:00:00+00:00,0.0001782015434690585,-0.0016724874999870262
2017-05-12 04:00:00+00:00,0.0064982597006751595,0.0
2017-05-15 00:00:00+00:00,0.001461956988771696,0.005508297717911761
2017-05-15 04:00:00+00:00,-0.0010870090834032113,0.0
2017-05-16 00:00:00+00:00,-0.0009160110721757275,-0.000916054803773233
2017-05-16 04:00:00+00:00,0.0037426122523424215,0.0
2017-05-17 00:00:00+00:00,-0.003097228479734993,-0.01790337967901649
2017-05-17 04:00:00+00:00,-0.02295953520976718,0.0
2017-05-18 00:00:00+00:00,0.0011053227479543082,0.00402042798871475
2017-05-18 04:00:00+00:00,0.008134425148931522,0.0
2017-05-19 00:00:00+00:00,0.0016044611132017936,0.006483424558486987
2017-05-19 04:00:00+00:00,0.0005831803491124182,0.0
2017-05-22 00:00:00+00:00,0.002489612512836255,0.00506431727653255
2017-05-22 04:00:00+00:00,0.0029686759658843105,0.0
2017-05-23 00:00:00+00:00,-0.0013324525995589407,0.002210500730381943
2017-05-23 04:00:00+00:00,0.00032467513050571113,0.0
2017-05-24 00:00:00+00:00,0.0028310657926005466,0.0023301325105505705
2017-05-24 04:00:00+00:00,-0.0003399314512269643,0.0
2017-05-25 00:00:00+00:00,0.0019472057726566065,0.00476802709169862
2017-05-25 04:00:00+00:00,0.002669389532398276,0.0
2017-05-26 00:00:00+00:00,0.0017215506112599678,-0.0002066788041255923
2017-05-26 04:00:00+00:00,0.0004903968343493557,0.0
2017-05-30 00:00:00+00:00,0.0005708941455789821,-0.000869578662174162
2017-05-30 04:00:00+00:00,0.001131358240443788,0.0
2017-05-31 00:00:00+00:00,0.0018252591067583848,-0.0002481123596883869
2017-05-31 04:00:00+00:00,-0.0024451902309322437,0.0
2017-06-01 00:00:00+00:00,0.0025874332800053306,0.007920397244047537
2017-06-01 04:00:00+00:00,0.0011234385411784532,0.0
2017-06-02 00:00:00+00:00,0.0037944925530350466,0.0033232404079614484
2017-06-02 04:00:00+00:00,0.006596671644923032,0.0
2017-06-05 00:00:00+00:00,-0.001425752388453094,-0.0007375280592087967
2017-06-05 04:00:00+00:00,-0.0006322740399767796,0.0
2017-06-06 00:00:00+00:00,0.000969564763711994,-0.0032020150011288985
2017-06-06 04:00:00+00:00,0.0020340947635927326,0.0
2017-06-07 00:00:00+00:00,-0.0002669151226133516,0.0018486339009606472
2017-06-07 04:00:00+00:00,0.002261157878163159,0.0
2017-06-08 00:00:00+00:00,-0.0018951403435099403,0.0004923636216980891
2017-06-08 04:00:00+00:00,-0.0021157077318005157,0.0
2017-06-09 00:00:00+00:00,-0.0013747104064736862,-0.0015188403600960361
2017-06-09 04:00:00+00:00,-0.02109268958994829,0.0
2017-06-12 00:00:00+00:00,-0.00044185592209360655,-0.00020585451018622966
2017-06-12 04:00:00+00:00,-0.011807546940715313,0.0
2017-06-13 00:00:00+00:00,0.0009020152895623559,0.004878404268333817
2017-06-13 04:00:00+00:00,0.005615151079599947,0.0
2017-06-14 00:00:00+00:00,0.0008454098356129953,-0.0012686538964784462
2017-06-14 04:00:00+00:00,-0.00517864270497643,0.0
2017-06-15 00:00:00+00:00,-1.8012059200083505e-05,-0.0019260885436881354
2017-06-15 04:00:00+00:00,-0.003516890533737347,0.0
2017-06-16 00:00:00+00:00,0.0007366022946191075,0.00021831962288147594
2017-06-16 04:00:00+00:00,-0.005857613627270861,0.0
2017-06-19 00:00:00+00:00,-0.000552368661923095,0.008290789330227763
2017-06-19 04:00:00+00:00,0.014352223626930002,0.0
2017-06-20 00:00:00+00:00,-0.00030054131902779743,-0.006766975237532501
2017-06-20 04:00:00+00:00,-0.002892754662542181,0.0
2017-06-21 00:00:00+00:00,-0.0002719196155278854,-0.0002468831908267931
2017-06-21 04:00:00+00:00,0.001125088445568537,0.0
2017-06-22 00:00:00+00:00,2.0161119159476e-05,-0.00045302924804970656
2017-06-22 04:00:00+00:00,-5.252957996424239e-05,0.0
2017-06-23 00:00:00+00:00,0.0002491915587283889,0.0011937833557730446
2017-06-23 04:00:00+00:00,0.002783100508203973,0.0
2017-06-26 00:00:00+00:00,0.0007333845746056508,0.0006575889757423381
2017-06-26 04:00:00+00:00,-0.001987903325884683,0.0
2017-06-27 00:00:00+00:00,-0.005582624526890898,-0.008088925658666566
2017-06-27 04:00:00+00:00,-0.004032923864329713,0.0
2017-06-28 00:00:00+00:00,-0.000185611396363235,0.008910770444289687
2017-06-28 04:00:00+00:00,0.001927799544961853,0.0
2017-06-29 00:00:00+00:00,-0.006065598995467544,-0.00882762737575235
2017-06-29 04:00:00+00:00,-0.004049849680814372,0.0
2017-06-30 00:00:00+00:00,-0.0007068491326251362,0.0018625742611267555
2017-06-30 04:00:00+00:00,0.0013305244726271811,0.0
2017-07-03 00:00:00+00:00,-0.0036918899523313456,0.0016943735854291538
2017-07-03 04:00:00+00:00,-0.0022966020507395944,0.0
2017-07-05 00:00:00+00:00,0.00030269885747808355,0.002309476168962692
2017-07-05 04:00:00+00:00,0.0027436958738254057,0.0
2017-07-06 00:00:00+00:00,-0.004357912474827947,-0.009186805858320343
2017-07-06 04:00:00+00:00,-0.003098073049270685,0.0
2017-07-07 00:00:00+00:00,0.0011069920118346064,0.006464320164904767
2017-07-07 04:00:00+00:00,0.0035659411775374244,0.0
2017-07-10 00:00:00+00:00,0.000596160342120109,0.001073239596802938
2017-07-10 04:00:00+00:00,0.0021306481957233236,0.0
2017-07-11 00:00:00+00:00,-6.971081165418701e-05,-0.0007427894893096071
2017-07-11 04:00:00+00:00,0.0009308468896151029,0.0
2017-07-12 00:00:00+00:00,0.004693511197950516,0.007486564834971667
2017-07-12 04:00:00+00:00,0.0012797205286717644,0.0
2017-07-13 00:00:00+00:00,-0.0005118232448457698,0.001678897428085349
2017-07-13 04:00:00+00:00,0.004406358932320095,0.0
2017-07-14 00:00:00+00:00,0.0030128942315652695,0.00465315932359233
2017-07-14 04:00:00+00:00,0.00318046002748294,0.0
2017-07-17 00:00:00+00:00,0.0010728575345874051,-0.00012218767444553845
2017-07-17 04:00:00+00:00,0.001406179378687622,0.0
2017-07-18 00:00:00+00:00,0.001921493969575055,0.0005294669147146457
2017-07-18 04:00:00+00:00,0.0009545980515281158,0.0
2017-07-19 00:00:00+00:00,0.0025010092219709614,0.005399302808654981
2017-07-19 04:00:00+00:00,0.0021840217546700716,0.0
2017-07-20 00:00:00+00:00,0.00133366816208265,0.00044541895548324704
2017-07-20 04:00:00+00:00,-0.0002268986925357231,0.0
2017-07-21 00:00:00+00:00,0.0012368499383262623,-0.0008908949225129796
2017-07-21 04:00:00+00:00,-0.0018704340396672825,0.0
2017-07-24 00:00:00+00:00,-0.001511270678973409,-0.00024301267064545375
2017-07-24 04:00:00+00:00,0.003646256142450584,0.0
2017-07-25 00:00:00+00:00,-0.0013171095877597622,0.0024280379719723087
2017-07-25 04:00:00+00:00,0.003895080191721734,0.0
2017-07-26 00:00:00+00:00,0.0014895600412556296,4.0443273814599445e-05
2017-07-26 04:00:00+00:00,0.001166656930660564,0.0
2017-07-27 00:00:00+00:00,-0.0001241234464123408,-0.0009300442033567938
2017-07-27 04:00:00+00:00,-0.010512361003316381,0.0
2017-07-28 00:00:00+00:00,0.00014866890132429932,-0.0011740462718520508
2017-07-28 04:00:00+00:00,-0.003062666268244275,0.0
2017-07-31 00:00:00+00:00,0.0004565373902937198,-0.0005669110662875736
2017-07-31 04:00:00+00:00,-0.0032528817040950423,0.0
2017-08-01 00:00:00+00:00,0.0014577959644098129,0.002226317989270514
2017-08-01 04:00:00+00:00,0.0027464875955057378,0.0
2017-08-02 00:00:00+00:00,0.0006276396290735027,0.0004849840357418538
2017-08-02 04:00:00+00:00,0.015583571519474032,0.0
2017-08-03 00:00:00+00:00,0.001083343579943972,-0.0019419147153103425
2017-08-03 04:00:00+00:00,-0.004116174771695342,0.0
2017-08-04 00:00:00+00:00,-0.002896601524568169,0.0018207966343502314
2017-08-04 04:00:00+00:00,0.001532852231606283,0.0
2017-08-07 00:00:00+00:00,0.0008424036674686611,0.001857295186114138
2017-08-07 04:00:00+00:00,-0.0005366508668984494,0.0
2017-08-08 00:00:00+00:00,-0.0003908880300908727,-0.0024639532770639586
2017-08-08 04:00:00+00:00,0.0011868159644185432,0.0
2017-08-09 00:00:00+00:00,0.0028625601520031567,-4.0329824514590785e-05
2017-08-09 04:00:00+00:00,-0.0007839224367236313,0.0
2017-08-10 00:00:00+00:00,-0.001238728213616945,-0.014215724473988778
2017-08-10 04:00:00+00:00,-0.003412714785847479,0.0
2017-08-11 00:00:00+00:00,0.0009386173887918768,0.0014756844988577853
2017-08-11 04:00:00+00:00,0.0032167252173245834,0.0
2017-08-14 00:00:00+00:00,0.0013509974393770476,0.009864240277960575
2017-08-14 04:00:00+00:00,0.0031887043164777387,0.0
2017-08-15 00:00:00+00:00,-0.001796653803179683,-0.00012170194302470587
2017-08-15 04:00:00+00:00,0.0002175426041973364,0.0
2017-08-16 00:00:00+00:00,0.0030617656341990346,0.0017428629280623578
2017-08-16 04:00:00+00:00,0.0011029905147881395,0.0
2017-08-17 00:00:00+00:00,-0.00336727710853872,-0.01571351942659539
2017-08-17 04:00:00+00:00,-0.003691583313084154,0.0
2017-08-18 00:00:00+00:00,-0.00027957239700924553,-0.0015646120543309058
2017-08-18 04:00:00+00:00,0.0001924918383453078,0.0
2017-08-21 00:00:00+00:00,0.001925242184088799,0.0007825401319870887
2017-08-21 04:00:00+00:00,-0.0007284333802783107,0.0
2017-08-22 00:00:00+00:00,0.0023103159549274954,0.010402905224505743
2017-08-22 04:00:00+00:00,0.002154046721240945,0.0
2017-08-23 00:00:00+00:00,0.0011386815751532077,-0.00359210065076875
2017-08-23 04:00:00+00:00,-0.000934751894177565,0.0
2017-08-24 00:00:00+00:00,-0.0021275443045051714,-0.002333279212140352
2017-08-24 04:00:00+00:00,-6.393043355723699e-05,0.0
2017-08-25 00:00:00+00:00,0.002624294245639033,0.0023332792121403875
2017-08-25 04:00:00+00:00,0.0002769187675758171,0.0
2017-08-28 00:00:00+00:00,0.003171478959827667,4.0844828147091685e-05
2017-08-28 04:00:00+00:00,2.1218972398582922e-05,0.0
2017-08-29 00:00:00+00:00,0.0002231109976899562,0.00114447618671402
2017-08-29 04:00:00+00:00,0.0004674048715988311,0.0
2017-08-30 00:00:00+00:00,0.0010436750970954146,0.004726148161718952
2017-08-30 04:00:00+00:00,0.002022975161415035,0.0
2017-08-31 00:00:00+00:00,0.004803215921492443,0.005998104871382493
2017-08-31 04:00:00+00:00,0.0015830473853644658,0.0
2017-09-01 00:00:00+00:00,-0.0009264759893019062,0.0014131561092428128
2017-09-01 04:00:00+00:00,-0.0017296813739232965,0.0
2017-09-05 00:00:00+00:00,0.001564803341823962,-0.007208044084147896
2017-09-05 04:00:00+00:00,-0.004329339707054365,0.0
2017-09-06 00:00:00+00:00,-0.0008658977743221995,0.003408138185716697
2017-09-06 04:00:00+00:00,-0.001257251495445407,0.0
2017-09-07 00:00:00+00:00,0.002442759086322591,-0.00012159521477331155
2017-09-07 04:00:00+00:00,0.0036323420907783018,0.0
2017-09-08 00:00:00+00:00,-0.00013342266115823836,-0.001175404248617281
2017-09-08 04:00:00+00:00,-0.005452629784258853,0.0
2017-09-11 00:00:00+00:00,-4.6428796672537886e-05,0.010609400613644538
2017-09-11 04:00:00+00:00,0.0078000572386963144,0.0
2017-09-12 00:00:00+00:00,-0.0010772075161976538,0.003365131804557948
2017-09-12 04:00:00+00:00,-0.001280474884319576,0.0
2017-09-13 00:00:00+00:00,-0.0013319857272099708,0.00047962055246829083
2017-09-13 04:00:00+00:00,0.0008162784147700826,0.0
2017-09-14 00:00:00+00:00,0.0013808555262092054,-0.00031969819757320773
2017-09-14 04:00:00+00:00,-0.004044031493194149,0.0
2017-09-15 00:00:00+00:00,-5.6510742746278814e-05,0.0013454074028561094
2017-09-15 04:00:00+00:00,0.004843958889482956,0.0
2017-09-18 00:00:00+00:00,-0.0018293418793191268,0.0021246776742390033
2017-09-18 04:00:00+00:00,-0.002429889299707559,0.0
2017-09-19 00:00:00+00:00,-7.578598993895e-05,0.0010004475861724587
2017-09-19 04:00:00+00:00,0.00042331072845942585,0.0
2017-09-20 00:00:00+00:00,-0.0020812401641333296,0.0003598995739723997
2017-09-20 04:00:00+00:00,-0.0007696584566494145,0.0
2017-09-21 00:00:00+00:00,-0.0021837206034847597,-0.002682759488024642
2017-09-21 04:00:00+00:00,-0.0011271604864365552,0.0
2017-09-22 00:00:00+00:00,0.00012977728238184575,0.00020044839334427977
2017-09-22 04:00:00+00:00,0.00029864056401905864,0.0
2017-09-25 00:00:00+00:00,0.0038656783738343437,-0.0020467824031430385
2017-09-25 04:00:00+00:00,-0.001779012873074397,0.0
2017-09-26 00:00:00+00:00,-0.0022048357318176412,0.0006026144997219082
2017-09-26 04:00:00+00:00,1.3218981829169534e-05,0.0
2017-09-27 00:00:00+00:00,-0.006019221647643513,0.0038864502218536622
2017-09-27 04:00:00+00:00,0.0009181214494320115,0.0
2017-09-28 00:00:00+00:00,0.0005157250171733623,0.0011993338842799664
2017-09-28 04:00:00+00:00,2.599466049894934e-05,0.0
2017-09-29 00:00:00+00:00,0.0008317682140274092,0.0035086779145541234
2017-09-29 04:00:00+00:00,0.0009551910463139631,0.0
2017-10-02 00:00:00+00:00,0.0002634515380389052,0.0043295397944607145
2017-10-02 04:00:00+00:00,0.00018157886829638258,0.0
2017-10-03 00:00:00+00:00,0.0005678963005176302,0.002137590641678731
2017-10-03 04:00:00+00:00,-0.0005315557412452343,0.0
2017-10-04 00:00:00+00:00,0.0018201356112074814,0.0011856018162762787
2017-10-04 04:00:00+00:00,0.0008483645039293466,0.0
2017-10-05 00:00:00+00:00,9.451455571959695e-05,0.005907902612368688
2017-10-05 04:00:00+00:00,0.002576337284113688,0.0
2017-10-06 00:00:00+00:00,-0.0007908750635339753,-0.0011396049977235299
2017-10-06 04:00:00+00:00,5.7615009346572544e-05,0.0
2017-10-09 00:00:00+00:00,0.0014462811539338984,-0.001652345905617017
2017-10-09 04:00:00+00:00,0.0005792220669753018,0.0
2017-10-10 00:00:00+00:00,0.0027024993446620547,0.002634718820956798
2017-10-10 04:00:00+00:00,9.71106248673233e-07,0.0
2017-10-11 00:00:00+00:00,0.0019123202719185006,0.001569778475173964
2017-10-11 04:00:00+00:00,0.0002654970134961873,0.0
2017-10-12 00:00:00+00:00,0.0014536564413264084,-0.001491227586834487
2017-10-12 04:00:00+00:00,0.0013568395259304824,0.0
2017-10-13 00:00:00+00:00,0.0026104939945449874,0.0012163755293515305
2017-10-13 04:00:00+00:00,0.0007328583191970154,0.0
2017-10-16 00:00:00+00:00,-0.0007800133983700289,0.0013328008281455377
2017-10-16 04:00:00+00:00,0.000354960828791805,0.0
2017-10-17 00:00:00+00:00,0.0005168910621357985,0.0007048819471748798
2017-10-17 04:00:00+00:00,-0.00010644841838032924,0.0
2017-10-18 00:00:00+00:00,-0.002290712759147316,0.000978145194079893
2017-10-18 04:00:00+00:00,-0.000812044416515787,0.0
2017-10-19 00:00:00+00:00,0.0011416979452849617,0.00027382070418661216
2017-10-19 04:00:00+00:00,-0.003316346556196629,0.0
2017-10-20 00:00:00+00:00,0.0007084809787335964,0.005147102996368171
2017-10-20 04:00:00+00:00,0.0053389906777380125,0.0
2017-10-23 00:00:00+00:00,-0.0007144108420993543,-0.003896906111199757
2017-10-23 04:00:00+00:00,3.241241913200482e-06,0.0
2017-10-24 00:00:00+00:00,0.00018926340305871009,0.0017557412417491492
2017-10-24 04:00:00+00:00,0.0014019135212304302,0.0
2017-10-25 00:00:00+00:00,-0.0017137497850673268,-0.004962785972359072
2017-10-25 04:00:00+00:00,-0.0021833069599483433,0.0
2017-10-26 00:00:00+00:00,0.00014797014123762227,0.0012920742164000487
2017-10-26 04:00:00+00:00,0.0020440713002808503,0.0
2017-10-27 00:00:00+00:00,0.0026600656757969758,0.008143021560097554
2017-10-27 04:00:00+00:00,0.03427371416986362,0.0
2017-10-30 00:00:00+00:00,-0.0003650002408998061,-0.0037323365046076453
2017-10-30 04:00:00+00:00,0.00505122269729464,0.0
2017-10-31 00:00:00+00:00,0.00045716278818739984,0.0015569010601193306
2017-10-31 04:00:00+00:00,-0.0008051591465392852,0.0
2017-11-01 00:00:00+00:00,-5.4557850089217714e-05,0.0013212704039295006
2017-11-01 04:00:00+00:00,-0.0026669296937239704,0.0
2017-11-02 00:00:00+00:00,0.0010580370899799748,0.0003882491590821281
2017-11-02 04:00:00+00:00,0.002780480884268836,0.0
2017-11-03 00:00:00+00:00,0.001734138794004518,0.0033330442359662746
2017-11-03 04:00:00+00:00,0.0009655918870119664,0.0
2017-11-06 00:00:00+00:00,0.0007823869215704652,0.0015466680911605552
2017-11-06 05:00:00+00:00,0.0012457718072426537,0.0
2017-11-07 00:00:00+00:00,0.0018141419780996423,-0.0006956743928190046
2017-11-07 05:00:00+00:00,-0.000501172332911784,0.0
2017-11-08 00:00:00+00:00,0.001075668495377169,0.001699348441792987
2017-11-08 05:00:00+00:00,0.0010738526345970883,0.0
2017-11-09 00:00:00+00:00,-0.0009793340594880689,-0.0036341858688122295
2017-11-09 05:00:00+00:00,-0.0014388914901414828,0.0
2017-11-10 00:00:00+00:00,-0.0022418904718559058,-0.00031001056674075155
2017-11-10 05:00:00+00:00,-0.0007401491922901638,0.0
2017-11-13 00:00:00+00:00,0.0028510938841842088,0.0009293399196200681
2017-11-13 05:00:00+00:00,6.83633043380043e-05,0.0
2017-11-14 00:00:00+00:00,0.0018189443728171186,-0.0023252746067799947
2017-11-14 05:00:00+00:00,-5.900935367971361e-05,0.0
2017-11-15 00:00:00+00:00,-0.0034932546772087156,-0.005017586168848764
2017-11-15 05:00:00+00:00,-0.0022973991456351197,0.0
2017-11-16 00:00:00+00:00,0.0025850119275867556,0.008465006446973544
2017-11-16 05:00:00+00:00,0.0011264743206258743,0.0
2017-11-17 00:00:00+00:00,-0.0023518395888126606,-0.0029429394613564425
2017-11-17 05:00:00+00:00,-0.0041107447328961,0.0
2017-11-20 00:00:00+00:00,-0.0002837877879094051,0.0017049510351871595
2017-11-20 05:00:00+00:00,0.0006708176658291185,0.0
2017-11-21 00:00:00+00:00,0.002673473949412316,0.006521225130674864
2017-11-21 05:00:00+00:00,0.00609067341118578,0.0
2017-11-22 00:00:00+00:00,-0.00014808839098694952,-0.000884869443212298
2017-11-22 05:00:00+00:00,-0.0031111172484079826,0.0
2017-11-24 00:00:00+00:00,0.000980782703379935,0.0023069898361467475
2017-11-24 05:00:00+00:00,0.0007671354470308584,0.0
2017-11-27 00:00:00+00:00,0.0008821550387016138,-0.0004993685228424755
2017-11-27 05:00:00+00:00,0.003105829794003286,0.0
2017-11-28 00:00:00+00:00,0.004132674485352257,0.010093806845985893
2017-11-28 05:00:00+00:00,0.0050929446318121714,0.0
2017-11-29 00:00:00+00:00,-0.0003763978999422465,-0.0006088942119403336
2017-11-29 05:00:00+00:00,-0.007790220934026607,0.0
2017-11-30 00:00:00+00:00,0.003259469418359048,0.008716953319295069
2017-11-30 05:00:00+00:00,0.004216379704032014,0.0
2017-12-01 00:00:00+00:00,-0.0009952067656178755,-0.0020775980992850463
2017-12-01 05:00:00+00:00,0.00045483423496424336,0.0
2017-12-04 00:00:00+00:00,-0.0013332052684856045,-0.0012104362769346769
2017-12-04 05:00:00+00:00,-0.015008511013140324,0.0
2017-12-05 00:00:00+00:00,-0.0032081688321278544,-0.0036035455147116354
2017-12-05 05:00:00+00:00,0.0024460865686822693,0.0
2017-12-06 00:00:00+00:00,0.000776087622631559,0.0001899392104510457
2017-12-06 05:00:00+00:00,0.005648921761607982,0.0
2017-12-07 00:00:00+00:00,0.0012844085943240265,0.0031482454509298625
2017-12-07 05:00:00+00:00,-0.001368963328961638,0.0
2017-12-08 00:00:00+00:00,0.0027778318046009116,0.005438537119054425
2017-12-08 05:00:00+00:00,0.00781915412503988,0.0
2017-12-11 00:00:00+00:00,0.0020861441213621823,0.003008358734722892
2017-12-11 05:00:00+00:00,0.004928702877653844,0.0
2017-12-12 00:00:00+00:00,-0.0018157154453394726,0.0017630709205463389
2017-12-12 05:00:00+00:00,0.001598663635776716,0.0
2017-12-13 00:00:00+00:00,0.0006496338094706051,-0.00011230362430056898
2017-12-13 05:00:00+00:00,-0.0010496672370931873,0.0
2017-12-14 00:00:00+00:00,-0.0017493279648707674,-0.00409452431780097
2017-12-14 05:00:00+00:00,-0.003028618300830148,0.0
2017-12-15 00:00:00+00:00,0.004193072688918752,0.008292696751179848
2017-12-15 05:00:00+00:00,0.009825267066726592,0.0
2017-12-18 00:00:00+00:00,0.0006613750192174016,0.006321544583141986
2017-12-18 05:00:00+00:00,-0.0011467413339253853,0.0
2017-12-19 00:00:00+00:00,-0.003393341804690196,-0.0038481153411187934
2017-12-19 05:00:00+00:00,-0.0032560335315666177,0.0
2017-12-20 00:00:00+00:00,-0.0009540398966215924,-0.0005239145011648209
2017-12-20 05:00:00+00:00,-0.001495148685949249,0.0
2017-12-21 00:00:00+00:00,-0.00017187041964674863,0.0020574430139046226
2017-12-21 05:00:00+00:00,0.00017330805392117487,0.0
2017-12-22 00:00:00+00:00,2.253169910608695e-05,-0.00026158615836277874
2017-12-22 05:00:00+00:00,4.5838026343847836e-05,0.0
2017-12-26 00:00:00+00:00,-0.001074987402010139,-0.0011971383153638975
2017-12-26 05:00:00+00:00,-0.0023070878411674814,0.0
2017-12-27 00:00:00+00:00,0.0006017213629021222,0.0004867366622442843
2017-12-27 05:00:00+00:00,0.0014329678250427104,0.0
2017-12-28 00:00:00+00:00,0.0014214851199863539,0.002055148712709239
2017-12-28 05:00:00+00:00,0.00024277974833342177,0.0
2017-12-29 00:00:00+00:00,-0.00163463053861837,-0.0037777751503836306
2017-12-29 05:00:00+00:00,-0.0015867567780843055,0.0
2018-01-02 00:00:00+00:00,0.002332012832696372,0.007131784669155207
2018-01-02 05:00:00+00:00,0.003119540952807236,0.0
2018-01-03 00:00:00+00:00,0.00209603695712536,0.006305247692031458
2018-01-03 05:00:00+00:00,0.001808402592564656,0.0
2018-01-04 00:00:00+00:00,0.0017360292153448273,0.004206111416377135
2018-01-04 05:00:00+00:00,0.003940630684263975,0.0
2018-01-05 00:00:00+00:00,0.001275465661172123,0.006641889904971874
2018-01-05 05:00:00+00:00,0.006630952928109831,0.0
2018-01-08 00:00:00+00:00,0.00040284924710331664,0.0018270791197425242
2018-01-08 05:00:00+00:00,-0.000507803541409629,0.0
2018-01-09 00:00:00+00:00,-0.0008941194716091249,0.002260823326083994
2018-01-09 05:00:00+00:00,-0.00025019918299245766,0.0
2018-01-10 00:00:00+00:00,-9.941594614608078e-05,-0.0015310136552639058
2018-01-10 05:00:00+00:00,-0.0015505246663251291,0.0
2018-01-11 00:00:00+00:00,0.002429456261142585,0.007269640046940355
2018-01-11 05:00:00+00:00,0.0022596460535304758,0.0
2018-01-12 00:00:00+00:00,0.0034227028976992146,0.006497677445963442
2018-01-12 05:00:00+00:00,0.00797203646895181,0.0
2018-01-16 00:00:00+00:00,-0.0003541887212612,-0.0034239760520356007
2018-01-16 05:00:00+00:00,-0.005788217208223662,0.0
2018-01-17 00:00:00+00:00,0.000989907795578847,0.00948671275127975
2018-01-17 05:00:00+00:00,0.01032967772681493,0.0
2018-01-18 00:00:00+00:00,-0.0012444597569264784,-0.0016823986776728986
2018-01-18 05:00:00+00:00,5.619379878078228e-05,0.0
2018-01-19 00:00:00+00:00,0.0014582865671751639,0.0045390669871320935
2018-01-19 05:00:00+00:00,-0.0005708745767448018,0.0
2018-01-22 00:00:00+00:00,0.00412830141467341,0.008098295681833104
2018-01-22 05:00:00+00:00,0.005117614830506844,0.0
2018-01-23 00:00:00+00:00,0.0018220618484592515,0.0021200919662207546
2018-01-23 05:00:00+00:00,0.0009970441050341486,0.0
2018-01-24 00:00:00+00:00,0.0018164618041775658,-0.00038858937055525955
2018-01-24 05:00:00+00:00,-0.0010774718465823166,0.0
2018-01-25 00:00:00+00:00,-0.0009064385399268039,0.00042380277953202707
2018-01-25 05:00:00+00:00,0.0008233780426488754,0.0
2018-01-26 00:00:00+00:00,0.0055704108218881335,0.011511537732175234
2018-01-26 05:00:00+00:00,0.005907008903964676,0.0
2018-01-29 00:00:00+00:00,-0.00407595431177521,-0.00665209873748721
2018-01-29 05:00:00+00:00,-0.0015143313600291333,0.0
2018-01-30 00:00:00+00:00,-0.005588611280508467,-0.010310096234722291
2018-01-30 05:00:00+00:00,-0.004240005546671132,0.0
2018-01-31 00:00:00+00:00,0.0013387843074929083,0.0004967159156761615
2018-01-31 05:00:00+00:00,0.0076801469714453865,0.0
2018-02-01 00:00:00+00:00,6.036912864718124e-06,-0.0011355643015150702
2018-02-01 05:00:00+00:00,-0.0023670270726187186,0.0
2018-02-02 00:00:00+00:00,-0.01258592806322441,-0.022010365908368846
2018-02-02 05:00:00+00:00,-0.010541989233460483,0.0
2018-02-05 00:00:00+00:00,-0.008413797186487841,-0.042722476848205175
2018-02-05 05:00:00+00:00,-0.010724430526808031,0.0
2018-02-06 00:00:00+00:00,-0.001872156976307425,0.01951084840292334
2018-02-06 05:00:00+00:00,0.012398675237406728,0.0
2018-02-07 00:00:00+00:00,-0.004167184971643828,-0.005439879575446589
2018-02-07 05:00:00+00:00,-0.006454040673966514,0.0
2018-02-08 00:00:00+00:00,-0.0086496152959026,-0.03823020358014014
2018-02-08 05:00:00+00:00,-0.012839251952565,0.0
2018-02-09 00:00:00+00:00,0.004833329010047429,0.014909693784603651
2018-02-09 05:00:00+00:00,0.0077821411669051835,0.0
2018-02-12 00:00:00+00:00,0.005421112670275516,0.014577743997104067
2018-02-12 05:00:00+00:00,0.007933979427664023,0.0
2018-02-13 00:00:00+00:00,0.0028946071326963526,0.0024843216693624035
2018-02-13 05:00:00+00:00,0.0028231393409388116,0.0
2018-02-14 00:00:00+00:00,0.0014338352060088134,0.013406047456548007
2018-02-14 05:00:00+00:00,0.005366340740864133,0.0
2018-02-15 00:00:00+00:00,0.0067443005033644724,0.012679208540389203
2018-02-15 05:00:00+00:00,0.008431789663135235,0.0
2018-02-16 00:00:00+00:00,0.0019051322802175362,0.000293015414973083
2018-02-16 05:00:00+00:00,-0.0016562762254385324,0.0
2018-02-20 00:00:00+00:00,-0.006325918234897849,-0.0062807988337688905
2018-02-20 05:00:00+00:00,0.0007376595933811755,0.0
2018-02-21 00:00:00+00:00,-0.005860427530417835,-0.004986868805535919
2018-02-21 05:00:00+00:00,-0.0029839140182288827,0.0
2018-02-22 00:00:00+00:00,0.0024128605543061662,0.0012954712277058094
2018-02-22 05:00:00+00:00,0.0018240738129299634,0.0
2018-02-23 00:00:00+00:00,0.008189887708140582,0.01581379117589709
2018-02-23 05:00:00+00:00,0.007054210263695878,0.0
2018-02-26 00:00:00+00:00,0.0018924591048957921,0.01154515998964231
2018-02-26 05:00:00+00:00,0.0056557138863828245,0.0
2018-02-27 00:00:00+00:00,-0.00676047824915227,-0.012565237146807892
2018-02-27 05:00:00+00:00,-0.002685664924249948,0.0
2018-02-28 00:00:00+00:00,-0.001965391401880046,-0.010181846829470435
2018-02-28 05:00:00+00:00,-0.0010149750521797945,0.0
2018-03-01 00:00:00+00:00,-0.0016470840965261042,-0.014647309938278018
2018-03-01 05:00:00+00:00,-0.00458856124767342,0.0
2018-03-02 00:00:00+00:00,-5.266274269778324e-05,0.005141440900204396
2018-03-02 05:00:00+00:00,0.0015071004182726925,0.0
2018-03-05 00:00:00+00:00,0.0045558496888291125,0.011491834290531565
2018-03-05 05:00:00+00:00,0.0016293720403038707,0.0
2018-03-06 00:00:00+00:00,0.00011386881514108575,0.0025320615975114036
2018-03-06 05:00:00+00:00,-0.0007119704625358581,0.0
2018-03-07 00:00:00+00:00,-0.0025709023357285586,-0.0003666547742443062
2018-03-07 05:00:00+00:00,-0.000592186513894588,0.0
2018-03-08 00:00:00+00:00,0.0025863568617641042,0.004827020706516212
2018-03-08 05:00:00+00:00,0.002817976690452338,0.0
2018-03-09 00:00:00+00:00,0.0024099123112718166,0.017253023066822214
2018-03-09 05:00:00+00:00,0.006523063144885211,0.0
2018-03-12 00:00:00+00:00,0.0014558589794655408,-0.0012558515304198666
2018-03-12 04:00:00+00:00,0.002000000576886487,0.0
2018-03-13 00:00:00+00:00,0.00044735580478650727,-0.006483633599206925
2018-03-13 04:00:00+00:00,-0.005728880629420583,0.0
2018-03-14 00:00:00+00:00,0.002198409215426225,-0.005144820042453047
2018-03-14 04:00:00+00:00,-0.0024145531933258023,0.0
2018-03-15 00:00:00+00:00,-0.001345275859731863,-0.0010903757755305718
2018-03-15 04:00:00+00:00,0.0007811411070220251,0.0
2018-03-16 00:00:00+00:00,0.0006383950322082422,0.0010836560719813234
2018-03-16 04:00:00+00:00,0.00015317987352163277,0.0
2018-03-19 00:00:00+00:00,-0.0034709211818472127,-0.01362263088572453
2018-03-19 04:00:00+00:00,-0.005607007109569832,0.0
2018-03-20 00:00:00+00:00,-0.0019061007945453518,0.001699173279351999
2018-03-20 04:00:00+00:00,0.0003731243897574603,0.0
2018-03-21 00:00:00+00:00,0.002174800351504433,-0.001921252910838467
2018-03-21 04:00:00+00:00,-0.0038471535312636367,0.0
2018-03-22 00:00:00+00:00,-0.011402818528210432,-0.025314584969353376
2018-03-22 04:00:00+00:00,-0.01619558112753849,0.0
2018-03-23 00:00:00+00:00,-0.009707357166351434,-0.021545079156911794
2018-03-23 04:00:00+00:00,-0.01618645857642183,0.0
2018-03-26 00:00:00+00:00,0.012163229707168835,0.02699111782203379
2018-03-26 04:00:00+00:00,0.040041248808466275,0.0
2018-03-27 00:00:00+00:00,-0.007725902843532682,-0.017157679768875608
2018-03-27 04:00:00+00:00,-0.02581384905186993,0.0
2018-03-28 00:00:00+00:00,-0.0013358848796358024,-0.0029591441484356964
2018-03-28 04:00:00+00:00,-0.0004931862744158987,0.0
2018-03-29 00:00:00+00:00,0.00572277266329647,0.012696630226121849
2018-03-29 04:00:00+00:00,0.011418691214510586,0.0
2018-04-02 00:00:00+00:00,-0.009829843277398156,-0.021820973013894907
2018-04-02 04:00:00+00:00,-0.01678331457858361,0.0
2018-04-03 00:00:00+00:00,0.0057350778153480815,0.012735470024919336
2018-04-03 04:00:00+00:00,0.00732730600538321,0.0
2018-04-04 00:00:00+00:00,0.0047951265400578815,0.01064244103823494
2018-04-04 04:00:00+00:00,0.015795030925071257,0.0
2018-04-05 00:00:00+00:00,0.003540570725518636,0.00786094831209745
2018-04-05 04:00:00+00:00,0.00029876704049494764,0.0
2018-04-06 00:00:00+00:00,-0.0012622979348377822,-0.02253823240248108
2018-04-06 04:00:00+00:00,-0.0043513550833442615,0.0
2018-04-09 00:00:00+00:00,0.0023378685964909407,0.004916490742810803
2018-04-09 04:00:00+00:00,0.0014374786100389606,0.0
2018-04-10 00:00:00+00:00,0.0010425055770856442,0.015775186700503693
2018-04-10 04:00:00+00:00,0.0035727970676507482,0.0
2018-04-11 00:00:00+00:00,0.0015944976889480703,-0.005256059225912498
2018-04-11 04:00:00+00:00,-0.001283687813079156,0.0
2018-04-12 00:00:00+00:00,-0.005830661812159331,0.008193604912970028
2018-04-12 04:00:00+00:00,0.0023529681646346475,0.0
2018-04-13 00:00:00+00:00,0.0031606524962227494,-0.002937545687057431
2018-04-13 04:00:00+00:00,-4.931736446396162e-05,0.0
2018-04-16 00:00:00+00:00,0.004300623478250298,0.008188316671630053
2018-04-16 04:00:00+00:00,0.0014829828875329541,0.0
2018-04-17 00:00:00+00:00,0.00447327173941776,0.010641490805378781
2018-04-17 04:00:00+00:00,0.002848593017794952,0.0
2018-04-18 00:00:00+00:00,-0.002385255284807158,0.000739860283431052
2018-04-18 04:00:00+00:00,5.363704443570695e-05,0.0
2018-04-19 00:00:00+00:00,-0.0034252009620242764,-0.005562693310806732
2018-04-19 04:00:00+00:00,-0.0031658491449795536,0.0
2018-04-20 00:00:00+00:00,-0.006623156714280821,-0.008515549706707539
2018-04-20 04:00:00+00:00,-0.006387075151035704,0.0
2018-04-23 00:00:00+00:00,-0.0020485727894146346,-0.00015018076463274986
2018-04-23 04:00:00+00:00,0.0019721540852259433,0.0
2018-04-24 00:00:00+00:00,-0.00133277926452514,-0.013558856239396106
2018-04-24 04:00:00+00:00,-0.012792194686582442,0.0
2018-04-25 00:00:00+00:00,-0.001246648466774885,0.0024690376653120467
2018-04-25 04:00:00+00:00,-0.004693108713608183,0.0
2018-04-26 00:00:00+00:00,0.001154172014360229,0.010114160378255126
2018-04-26 04:00:00+00:00,0.011272294997819388,0.0
2018-04-27 00:00:00+00:00,0.0013898372632687665,0.0009383194340294242
2018-04-27 04:00:00+00:00,0.008806854139595548,0.0
2018-04-30 00:00:00+00:00,-0.003301760224376277,-0.0077202968568209004
2018-04-30 04:00:00+00:00,-0.013033353657176436,0.0
2018-05-01 00:00:00+00:00,-0.0015142230906292195,0.0017755069649930445
2018-05-01 04:00:00+00:00,0.008529683916843845,0.0
2018-05-02 00:00:00+00:00,-0.0014124266663759094,-0.006740497463283733
2018-05-02 04:00:00+00:00,-0.00838287911574082,0.0
2018-05-03 00:00:00+00:00,0.0009035706709763569,-0.0022062360702426813
2018-05-03 04:00:00+00:00,0.0032221967454276095,0.0
2018-05-04 00:00:00+00:00,0.00300200837004751,0.012863641513853462
2018-05-04 04:00:00+00:00,0.0063251781999746496,0.0
2018-05-07 00:00:00+00:00,-0.000827521501080476,0.0033775221693155694
2018-05-07 04:00:00+00:00,0.0013928543617920145,0.0
2018-05-08 00:00:00+00:00,-0.0050215363914710475,0.0
2018-05-08 04:00:00+00:00,0.0001375992571368991,0.0
2018-05-09 00:00:00+00:00,-0.0018849416693294007,0.009619013137290678
2018-05-09 04:00:00+00:00,0.0014196119258734403,0.0
2018-05-10 00:00:00+00:00,0.007811914509351604,0.009307409702311179
2018-05-10 04:00:00+00:00,0.001939668391133203,0.0
2018-05-11 00:00:00+00:00,0.0010315383291905828,0.003046629916827636
2018-05-11 04:00:00+00:00,-0.00048487199313925,0.0
2018-05-14 00:00:00+00:00,-0.0029883659537918972,0.0004763813682508862
2018-05-14 04:00:00+00:00,2.055610323820699e-05,0.0
2018-05-15 00:00:00+00:00,-0.009538621551865818,-0.006910975356080402
2018-05-15 04:00:00+00:00,-0.0013057754984977439,0.0
2018-05-16 00:00:00+00:00,-0.0022061423766030703,0.00419628862990751
2018-05-16 04:00:00+00:00,0.0010019033250757428,0.0
2018-05-17 00:00:00+00:00,-0.0028348269431923544,-0.0008451684410623878
2018-05-17 04:00:00+00:00,-0.001245126997745686,0.0
2018-05-18 00:00:00+00:00,0.001934592821767731,-0.0025029890074592244
2018-05-18 04:00:00+00:00,-0.00019771056236758268,0.0
2018-05-21 00:00:00+00:00,0.002401647819660335,0.007490313196604605
2018-05-21 04:00:00+00:00,0.008303748899849238,0.0
2018-05-22 00:00:00+00:00,-0.000648407314918584,-0.002783764859850999
2018-05-22 04:00:00+00:00,-0.0008536084760217172,0.0
2018-05-23 00:00:00+00:00,0.0006968684386685222,0.002747102925215589
2018-05-23 04:00:00+00:00,0.007667268012077063,0.0
2018-05-24 00:00:00+00:00,0.00035809240522570213,-0.0020506084615321504
2018-05-24 04:00:00+00:00,-0.0022259520903356086,0.0
2018-05-25 00:00:00+00:00,-0.0007839612290084152,-0.0023853753189479075
2018-05-25 04:00:00+00:00,0.0005238836108604623,0.0
2018-05-29 00:00:00+00:00,-0.0024618873352593635,-0.011567753160673065
2018-05-29 04:00:00+00:00,-0.0024740278381617867,0.0
2018-05-30 00:00:00+00:00,0.002963288426702873,0.013256634015937655
2018-05-30 04:00:00+00:00,0.005482946671369407,0.0
2018-05-31 00:00:00+00:00,-0.0015167343708476898,-0.006144820970972689
2018-05-31 04:00:00+00:00,-0.000988170757386288,0.0
2018-06-01 00:00:00+00:00,0.0016208792815360753,0.009770243731763844
2018-06-01 04:00:00+00:00,0.013372689672831683,0.0
2018-06-04 00:00:00+00:00,0.00091181996514108,0.004739815396585264
2018-06-04 04:00:00+00:00,0.005985971215073335,0.0
2018-06-05 00:00:00+00:00,0.0005163022965332514,0.0007270632037113658
2018-06-05 04:00:00+00:00,0.003783832413376573,0.0
2018-06-06 00:00:00+00:00,0.0008917515397912261,0.008326152116430922
2018-06-06 04:00:00+00:00,0.002376415880645287,0.0
2018-06-07 00:00:00+00:00,-6.116887387699695e-05,-0.0001082676372080574
2018-06-07 04:00:00+00:00,-0.011187030452777531,0.0
2018-06-08 00:00:00+00:00,0.0004260439846261605,0.0029516798426773632
2018-06-08 04:00:00+00:00,0.004162226644542824,0.0
2018-06-11 00:00:00+00:00,0.00032475963333556394,0.001329294817479983
2018-06-11 04:00:00+00:00,-0.004196851667443232,0.0
2018-06-12 00:00:00+00:00,-0.00022850793448244244,0.001291722496932975
2018-06-12 04:00:00+00:00,0.002335078932635479,0.0
2018-06-13 00:00:00+00:00,3.4395651504611765e-06,-0.00319586626521816
2018-06-13 04:00:00+00:00,-0.003986208746537207,0.0
2018-06-14 00:00:00+00:00,0.0004195812115213055,0.00251441242377117
2018-06-14 04:00:00+00:00,0.0039376069346968605,0.0
2018-06-15 00:00:00+00:00,-0.0019203264538244758,-0.0012765200373385385
2018-06-15 04:00:00+00:00,-0.009884925757826733,0.0
2018-06-18 00:00:00+00:00,-0.0004101218872082411,-0.0020590678150497433
2018-06-18 04:00:00+00:00,0.004951043641328455,0.0
2018-06-19 00:00:00+00:00,-0.0006583371562463444,-0.003839952628919817
2018-06-19 04:00:00+00:00,-0.0016788301713795961,0.0
2018-06-20 00:00:00+00:00,-0.0003129053511881314,0.00170414552625081
2018-06-20 04:00:00+00:00,0.008060249966519013,0.0
2018-06-21 00:00:00+00:00,-0.0010705816746049291,-0.006288391237347584
2018-06-21 04:00:00+00:00,-0.0058177348569254834,0.0
2018-06-22 00:00:00+00:00,0.0003639353973338434,0.0018216074905848026
2018-06-22 04:00:00+00:00,-0.005859843038099098,0.0
2018-06-25 00:00:00+00:00,-0.0023348005022817654,-0.013706404387954858
2018-06-25 04:00:00+00:00,-0.016439769968183388,0.0
2018-06-26 00:00:00+00:00,0.0002150931013795306,0.0022116065739288112
2018-06-26 04:00:00+00:00,0.005653324605475098,0.0
2018-06-27 00:00:00+00:00,-0.0015095376292991627,-0.008318739129484219
2018-06-27 04:00:00+00:00,-0.012671750220435672,0.0
2018-06-28 00:00:00+00:00,0.000844739659537149,0.005701309013878226
2018-06-28 04:00:00+00:00,0.008989592563646285,0.0
2018-06-29 00:00:00+00:00,0.00033358560503740425,0.00143849425795809
2018-06-29 04:00:00+00:00,-0.00016393426487348417,0.0
2018-07-02 00:00:00+00:00,6.906006784068673e-05,0.0021358028227873617
2018-07-02 04:00:00+00:00,0.011403948745095092,0.0
2018-07-03 00:00:00+00:00,-0.0002950144906327592,-0.0035374662602043853
2018-07-03 04:00:00+00:00,-0.00780290822402947,0.0
2018-07-05 00:00:00+00:00,0.0014182349322454033,0.008124655375098946
2018-07-05 04:00:00+00:00,0.005778161819107377,0.0
2018-07-06 00:00:00+00:00,0.0028082237959579574,0.00842286956030434
2018-07-06 04:00:00+00:00,0.00900278866707628,0.0
2018-07-09 00:00:00+00:00,-0.0066234122576428155,0.008964093964519268
2018-07-09 04:00:00+00:00,0.004391873902424672,0.0
2018-07-10 00:00:00+00:00,0.0026927004669860025,0.0035916812288692493
2018-07-10 04:00:00+00:00,0.0017100085281021092,0.0
2018-07-11 00:00:00+00:00,0.0013729235229796698,-0.0073411908832648025
2018-07-11 04:00:00+00:00,-0.0008867539841307519,0.0
2018-07-12 00:00:00+00:00,0.0011806310212820552,0.00902531611094551
2018-07-12 04:00:00+00:00,0.013849688372815283,0.0
2018-07-13 00:00:00+00:00,0.00013226408390145826,0.0007869830110544521
2018-07-13 04:00:00+00:00,0.007642577904201689,0.0
2018-07-16 00:00:00+00:00,-0.0003323692606357243,-0.0008944975139562628
2018-07-16 04:00:00+00:00,-0.003194054216945202,0.0
2018-07-17 00:00:00+00:00,0.0002532088969723239,0.0040371675612256306
2018-07-17 04:00:00+00:00,0.006372055693116232,0.0
2018-07-18 00:00:00+00:00,-0.0010241569017286783,0.002101452528664565
2018-07-18 04:00:00+00:00,-0.005080561432491564,0.0
2018-07-19 00:00:00+00:00,0.0018091522120656325,-0.003778722270119172
2018-07-19 04:00:00+00:00,-0.004439159828486303,0.0
2018-07-20 00:00:00+00:00,-0.0018422106307523975,-0.0011435475493836037
2018-07-20 04:00:00+00:00,0.01122490078364574,0.0
2018-07-23 00:00:00+00:00,-0.0026113551875757276,0.0018574253725625444
2018-07-23 04:00:00+00:00,0.010034460401756103,0.0
2018-07-24 00:00:00+00:00,0.001272608896749292,0.005019634590130735
2018-07-24 04:00:00+00:00,-0.0018179648483569236,0.0
2018-07-25 00:00:00+00:00,0.001057163685457333,0.008486555917137666
2018-07-25 04:00:00+00:00,0.018348295332025394,0.0
2018-07-26 00:00:00+00:00,0.00392016640894869,-0.0023619930964871275
2018-07-26 04:00:00+00:00,-0.006940943364432578,0.0
2018-07-27 00:00:00+00:00,-0.001185639255915203,-0.006799106373086807
2018-07-27 04:00:00+00:00,-0.011289911706304398,0.0
2018-07-30 00:00:00+00:00,-0.002242167140618753,-0.005237824155018503
2018-07-30 04:00:00+00:00,-0.013711286643607067,0.0
2018-07-31 00:00:00+00:00,0.0032885521524766963,0.004917718092020622
2018-07-31 04:00:00+00:00,0.004246035275654056,0.0
2018-08-01 00:00:00+00:00,-0.002376056471524274,-0.001671955074056223
2018-08-01 04:00:00+00:00,0.0011910532924912344,0.0
2018-08-02 00:00:00+00:00,0.0018182790769436935,0.00543290711807752
2018-08-02 04:00:00+00:00,0.007628160123703173,0.0
2018-08-03 00:00:00+00:00,0.004093185825769531,0.004275256527654641
2018-08-03 04:00:00+00:00,0.002756318997044351,0.0
2018-08-06 00:00:00+00:00,-0.0007107021211973403,0.0036603215129514493
2018-08-06 04:00:00+00:00,0.00035067770833727293,0.0
2018-08-07 00:00:00+00:00,-0.000594787894526811,0.0032973642237246704
2018-08-07 04:00:00+00:00,-0.0002910018261759978,0.0
2018-08-08 00:00:00+00:00,0.00021650609983534788,-0.0004203518186212089
2018-08-08 04:00:00+00:00,0.0002711956676447661,0.0
2018-08-09 00:00:00+00:00,0.0025235378492999196,-0.001367410101121299
2018-08-09 04:00:00+00:00,0.0005462341618567644,0.0
2018-08-10 00:00:00+00:00,0.00029048905289674027,-0.006722167893368662
2018-08-10 04:00:00+00:00,-0.0004344246800699713,0.0
2018-08-13 00:00:00+00:00,-0.005485410943049533,-0.0037508879606418157
2018-08-13 04:00:00+00:00,9.384820126948399e-05,0.0
2018-08-14 00:00:00+00:00,0.0009047172329048019,0.0063604161457355805
2018-08-14 04:00:00+00:00,0.0007670814900792727,0.0
2018-08-15 00:00:00+00:00,-0.0029443990513162415,-0.007495446187001765
2018-08-15 04:00:00+00:00,-0.00041928523542012614,0.0
2018-08-16 00:00:00+00:00,0.002648759614328455,0.00805891453482666
2018-08-16 04:00:00+00:00,0.0008808807547799684,0.0
2018-08-17 00:00:00+00:00,0.004465704564048513,0.0035143517331815612
2018-08-17 04:00:00+00:00,0.0011850808880512153,0.0
2018-08-20 00:00:00+00:00,0.0031815585752183436,0.002137984538163229
2018-08-20 04:00:00+00:00,-0.0035167925766194817,0.0
2018-08-21 00:00:00+00:00,-0.0022594003193699033,0.0023417918091448043
2018-08-21 04:00:00+00:00,-0.0014773716533952074,0.0
2018-08-22 00:00:00+00:00,-0.002997086583507995,-0.000593066138386796
2018-08-22 04:00:00+00:00,0.0011310563914007168,0.0
2018-08-23 00:00:00+00:00,-0.0005802300481500577,-0.0013293427838204613
2018-08-23 04:00:00+00:00,0.0010954095629532746,0.0
2018-08-24 00:00:00+00:00,0.0029722917984900477,0.006000672093248242
2018-08-24 04:00:00+00:00,0.001741294038236337,0.0
2018-08-27 00:00:00+00:00,-0.0006424292006824428,0.007864266244980421
2018-08-27 04:00:00+00:00,0.0035478458315175137,0.0
2018-08-28 00:00:00+00:00,-0.0006879839776342565,0.0004826211531892948
2018-08-28 04:00:00+00:00,0.0029511239802228226,0.0
2018-08-29 00:00:00+00:00,0.003988933570069629,0.005366801315052596
2018-08-29 04:00:00+00:00,0.005963605249406094,0.0
2018-08-30 00:00:00+00:00,-0.0007490979023072219,-0.00405685520614104
2018-08-30 04:00:00+00:00,0.0025359255089685536,0.0
2018-08-31 00:00:00+00:00,-0.0016454205818930885,3.4368297410419765e-05
2018-08-31 04:00:00+00:00,0.0036431856362715578,0.0
2018-09-04 00:00:00+00:00,0.0013455557039810488,-0.0017237675441546634
2018-09-04 04:00:00+00:00,0.00030111152575591196,0.0
2018-09-05 00:00:00+00:00,0.0035467928041871826,-0.0026943746267709874
2018-09-05 04:00:00+00:00,-0.006130931872789749,0.0
2018-09-06 00:00:00+00:00,0.001015920028132904,-0.003014768650878153
2018-09-06 04:00:00+00:00,-0.005356733873767363,0.0
2018-09-07 00:00:00+00:00,-0.004136598226064559,-0.001945362549799378
2018-09-07 04:00:00+00:00,-0.0033930508074568703,0.0
2018-09-10 00:00:00+00:00,0.0018897374183062497,0.0017370012641429692
2018-09-10 04:00:00+00:00,-0.0031273291470056094,0.0
2018-09-11 00:00:00+00:00,-2.32777872073343e-05,0.0032920487048801557
2018-09-11 04:00:00+00:00,0.01069975760414332,0.0
2018-09-12 00:00:00+00:00,-0.0002215459483508614,0.00024230487919299097
2018-09-12 04:00:00+00:00,-0.0036600036545847685,0.0
2018-09-13 00:00:00+00:00,0.0036060869619930942,0.005896570468582967
2018-09-13 04:00:00+00:00,0.009500315140876327,0.0
2018-09-14 00:00:00+00:00,-0.001559038993583065,0.00017222379209922667
2018-09-14 04:00:00+00:00,-0.00331487304292445,0.0
2018-09-17 00:00:00+00:00,-0.00021694064831014374,-0.005308340699748334
2018-09-17 04:00:00+00:00,-0.01058472027186479,0.0
2018-09-18 00:00:00+00:00,0.0006821490168601224,0.0054113543075361365
2018-09-18 04:00:00+00:00,0.0018302057271734084,0.0
2018-09-19 00:00:00+00:00,-0.006339702547296485,0.0010652265815053919
2018-09-19 04:00:00+00:00,-0.0019097268420176295,0.0
2018-09-20 00:00:00+00:00,0.0034547952879350075,0.008071020945612776
2018-09-20 04:00:00+00:00,0.0032449466580062106,0.0
2018-09-21 00:00:00+00:00,-0.0004938846323987022,-0.0009140390920407188
2018-09-21 04:00:00+00:00,-0.00026172790787793896,0.0
2018-09-24 00:00:00+00:00,-0.0030651714376644995,-0.0033271713372133105
2018-09-24 04:00:00+00:00,0.00204477173517809,0.0
2018-09-25 00:00:00+00:00,-0.003093728219455534,-0.0009283735638212522
2018-09-25 04:00:00+00:00,0.00039005584553999944,0.0
2018-09-26 00:00:00+00:00,-0.0027769499378273903,-0.0029970407103560325
2018-09-26 04:00:00+00:00,-0.0014552159173553667,0.0
2018-09-27 00:00:00+00:00,0.0014518350117602662,0.002790292220565299
2018-09-27 04:00:00+00:00,0.0027167501538454884,0.0
2018-09-28 00:00:00+00:00,0.0039186068849319765,0.00010355569403556094
2018-09-28 04:00:00+00:00,0.0003214971141387411,0.0
2018-10-01 00:00:00+00:00,-0.0012639353592129939,0.003468198155197947
2018-10-01 04:00:00+00:00,0.0022981744534957224,0.0
2018-10-02 00:00:00+00:00,0.005587049159522066,-0.0005836369641915348
2018-10-02 04:00:00+00:00,0.00035530996506704694,0.0
2018-10-03 00:00:00+00:00,-0.005577400144772426,0.000549239098821302
2018-10-03 04:00:00+00:00,0.0013118364541275602,0.0
2018-10-04 00:00:00+00:00,-0.00087322738471848,-0.007846760294569707
2018-10-04 04:00:00+00:00,-0.011195987887264038,0.0
2018-10-05 00:00:00+00:00,0.001449926760661308,-0.0056125944235936006
2018-10-05 04:00:00+00:00,-0.006514368025443595,0.0
2018-10-08 00:00:00+00:00,0.0014818116891827705,0.0
2018-10-08 04:00:00+00:00,-0.003956022171997679,0.0
2018-10-09 00:00:00+00:00,0.0004202519284819766,-0.0014602782938198053
2018-10-09 04:00:00+00:00,0.007671411373021202,0.0
2018-10-10 00:00:00+00:00,-0.008494229980430226,-0.032175326364466794
2018-10-10 04:00:00+00:00,-0.029948536055769123,0.0
2018-10-11 00:00:00+00:00,-0.008453576710480297,-0.02227249169631945
2018-10-11 04:00:00+00:00,-0.0032960932536921506,0.0
2018-10-12 00:00:00+00:00,0.0029840733275327165,0.013792383306478322
2018-10-12 04:00:00+00:00,0.02006218203739038,0.0
2018-10-15 00:00:00+00:00,-0.00043763591638040127,-0.005632567212366527
2018-10-15 04:00:00+00:00,-0.01156485109487316,0.0
2018-10-16 00:00:00+00:00,0.006903648645283153,0.021630115758338703
2018-10-16 04:00:00+00:00,0.015310105501530818,0.0
2018-10-17 00:00:00+00:00,-0.00030955419979899026,0.00017806787999490929
2018-10-17 04:00:00+00:00,-0.0020268211844753047,0.0
2018-10-18 00:00:00+00:00,-0.003112151437707746,-0.014545933233644497
2018-10-18 04:00:00+00:00,-0.004176356699610238,0.0
2018-10-19 00:00:00+00:00,0.0018697674215925942,-0.0005426855805783635
2018-10-19 04:00:00+00:00,0.0017271691161948283,0.0
2018-10-22 00:00:00+00:00,-0.002714252705483683,-0.004498745697507234
2018-10-22 04:00:00+00:00,0.0013804779624803573,0.0
2018-10-23 00:00:00+00:00,0.0005695602654732613,-0.005103900214753179
2018-10-23 04:00:00+00:00,-0.00016327752055918937,0.0
2018-10-24 00:00:00+00:00,0.0003022645169356154,-0.030767056727416302
2018-10-24 04:00:00+00:00,-0.008242612103161844,0.0
2018-10-25 00:00:00+00:00,-0.0006433804901640012,0.017781272539161827
2018-10-25 04:00:00+00:00,0.006988581567909682,0.0
2018-10-26 00:00:00+00:00,-0.003642665542100694,-0.01774377366275696
2018-10-26 04:00:00+00:00,-0.002732534008615875,0.0
2018-10-29 00:00:00+00:00,-0.0005291720805966622,-0.005555549599239975
2018-10-29 04:00:00+00:00,-0.004447937419508873,0.0
2018-10-30 00:00:00+00:00,0.0008831006119236938,0.014709516759658526
2018-10-30 04:00:00+00:00,0.00043376666656393126,0.0
2018-10-31 00:00:00+00:00,-0.0024690716212193817,0.010624352175683853
2018-10-31 04:00:00+00:00,0.0051481230669970825,0.0
2018-11-01 00:00:00+00:00,0.0048689032642055385,0.010585416972599633
2018-11-01 04:00:00+00:00,0.000927768622931835,0.0
2018-11-02 00:00:00+00:00,-0.0060768227786283865,-0.0059403348079587965
2018-11-02 04:00:00+00:00,-0.003907964091516155,0.0
2018-11-05 00:00:00+00:00,0.004233202400441979,0.00550172155770295
2018-11-05 05:00:00+00:00,-0.0016398190580648815,0.0
2018-11-06 00:00:00+00:00,0.0015509639076257571,0.0063079537090214915
2018-11-06 05:00:00+00:00,0.0006124521587656827,0.0
2018-11-07 00:00:00+00:00,0.006685232977222344,0.021182784954868788
2018-11-07 05:00:00+00:00,0.0017012314204686975,0.0
2018-11-08 00:00:00+00:00,-0.0012256371829209127,-0.001816637922332389
2018-11-08 05:00:00+00:00,-0.00019901967958614123,0.0
2018-11-09 00:00:00+00:00,-0.002208489969253463,-0.009815953442809857
2018-11-09 05:00:00+00:00,-0.0011086201312110024,0.0
2018-11-12 00:00:00+00:00,-0.0036523238612280427,-0.01886233437374944
2018-11-12 05:00:00+00:00,-0.0029430655058443867,0.0
2018-11-13 00:00:00+00:00,0.00026515374911725246,-0.0018726912927993764
2018-11-13 05:00:00+00:00,-0.0005717505573235404,0.0
2018-11-14 00:00:00+00:00,-0.0009840336200616063,-0.006860041274634409
2018-11-14 05:00:00+00:00,-0.0016315744923912241,0.0
2018-11-15 00:00:00+00:00,0.0007571601028641807,0.010382670535757844
2018-11-15 05:00:00+00:00,0.001388165740490896,0.0
2018-11-16 00:00:00+00:00,0.0068940271545114415,0.0025969445328927546
2018-11-16 05:00:00+00:00,0.00042098641302161554,0.0
2018-11-19 00:00:00+00:00,-0.0012237029727717925,-0.01705928612879151
2018-11-19 05:00:00+00:00,-0.0015474674944480943,0.0
2018-11-20 00:00:00+00:00,-0.003910962063833146,-0.018679267564794693
2018-11-20 05:00:00+00:00,-0.0015325823123132488,0.0
2018-11-21 00:00:00+00:00,-0.0016212161101271316,0.0034016913911665246
2018-11-21 05:00:00+00:00,0.00032538641049838647,0.0
2018-11-23 00:00:00+00:00,-0.0009608689149447415,-0.006701214982997086
2018-11-23 05:00:00+00:00,-0.0004417359237211774,0.0
2018-11-26 00:00:00+00:00,0.002790447228992469,0.016015776356802285
2018-11-26 05:00:00+00:00,0.0010430823281511949,0.0
2018-11-27 00:00:00+00:00,0.0005998231101863663,0.0033585262627594662
2018-11-27 05:00:00+00:00,0.00012144302827989336,0.0
2018-11-28 00:00:00+00:00,0.0033244087042232453,0.02276427092044205
2018-11-28 05:00:00+00:00,0.0015523063387351509,0.0
2018-11-29 00:00:00+00:00,0.0017136240049330448,-0.0021876129180147044
2018-11-29 05:00:00+00:00,-0.000341189438178357,0.0
2018-11-30 00:00:00+00:00,0.00436189708057393,0.006077004893327453
2018-11-30 05:00:00+00:00,6.856403045750009e-05,0.0
2018-12-03 00:00:00+00:00,0.008480778163704537,0.013154378390676584
2018-12-03 05:00:00+00:00,0.0008477967916420637,0.0
2018-12-04 00:00:00+00:00,0.0029539990239448866,-0.032938776691820305
2018-12-04 05:00:00+00:00,-0.0012925782578029298,0.0
2018-12-06 00:00:00+00:00,0.001145529256752062,-0.0015184812950891156
2018-12-06 05:00:00+00:00,8.687131083455956e-05,0.0
2018-12-07 00:00:00+00:00,-0.00011914516059650644,-0.02351011336792547
2018-12-07 05:00:00+00:00,-0.0014666232691531228,0.0
2018-12-10 00:00:00+00:00,0.0011315685627873735,0.0018953433608349724
2018-12-10 05:00:00+00:00,0.0008029454704084941,0.0
2018-12-11 00:00:00+00:00,0.00021197562069621886,0.00022707076485871798
2018-12-11 05:00:00+00:00,0.00021996186297644445,0.0
2018-12-12 00:00:00+00:00,-0.0011993518950993054,0.005022801115863624
2018-12-12 05:00:00+00:00,0.0001518720044408008,0.0
2018-12-13 00:00:00+00:00,-0.0003402283246912079,-0.0003391115207860317
2018-12-13 05:00:00+00:00,0.00018486490005476027,0.0
2018-12-14 00:00:00+00:00,-0.0030335124353322103,-0.018637508927686102
2018-12-14 05:00:00+00:00,-0.0011744736286877402,0.0
2018-12-17 00:00:00+00:00,-0.003621744272475042,-0.019813418407382433
2018-12-17 05:00:00+00:00,-0.0009397464846718186,0.0
2018-12-18 00:00:00+00:00,0.0017903871514477255,-0.001096956732401952
2018-12-18 05:00:00+00:00,0.0004040919379146697,0.0
2018-12-19 00:00:00+00:00,0.0005936984650381739,-0.015088971967894426
2018-12-19 05:00:00+00:00,-0.00028969793401119266,0.0
2018-12-20 00:00:00+00:00,0.0004889594408711226,-0.016411975179257958
2018-12-20 05:00:00+00:00,-0.0006532719144076981,0.0
2018-12-21 00:00:00+00:00,-0.005226847320908838,-0.020702548858259905
2018-12-21 05:00:00+00:00,-0.0010110224770368264,0.0
2018-12-24 00:00:00+00:00,-0.004627115680698404,-0.026778126880834953
2018-12-24 05:00:00+00:00,-0.001128549469996096,0.0
2018-12-26 00:00:00+00:00,0.00457988516364102,0.04928974326263508
2018-12-26 05:00:00+00:00,0.001948448220643615,0.0
2018-12-27 00:00:00+00:00,0.004631008512110397,0.007648181061456995
2018-12-27 05:00:00+00:00,8.789951543032004e-05,0.0
2018-12-28 00:00:00+00:00,0.004534843860677904,-0.0012908326101137965
2018-12-28 05:00:00+00:00,-0.00016872598506062632,0.0
2018-12-31 00:00:00+00:00,0.003533517677369576,0.008720825842890736
2018-12-31 05:00:00+00:00,0.00032700520952183543,0.0
2019-01-02 00:00:00+00:00,0.00013884162135420312,0.0010397872182341
2019-01-02 05:00:00+00:00,-8.938843432177065e-05,0.0
2019-01-03 00:00:00+00:00,0.0031545022134755467,-0.024152406467177024
2019-01-03 05:00:00+00:00,-0.001587404947961451,0.0
2019-01-04 00:00:00+00:00,0.00026547778713734474,0.03294714930117868
2019-01-04 05:00:00+00:00,0.0013040345822423287,0.0
2019-01-07 00:00:00+00:00,0.0002514344729775029,0.007853696451656143
2019-01-07 05:00:00+00:00,-0.0001589791458919163,0.0
2019-01-08 00:00:00+00:00,0.0027224002346426645,0.009351690921776032
2019-01-08 05:00:00+00:00,0.004351400299357303,0.0
2019-01-09 00:00:00+00:00,0.0005740941509832448,0.004662524208927751
2019-01-09 05:00:00+00:00,0.00517285079625638,0.0
2019-01-10 00:00:00+00:00,0.0006935571937401954,0.003521383654727586
2019-01-10 05:00:00+00:00,-0.0005425105250834705,0.0
2019-01-11 00:00:00+00:00,0.0003759663989598112,0.0003862130002847019
2019-01-11 05:00:00+00:00,-0.0029363810286950993,0.0
2019-01-14 00:00:00+00:00,-0.005045244390191515,-0.006119529240739004
2019-01-14 05:00:00+00:00,-0.0037456555454019867,0.0
2019-01-15 00:00:00+00:00,0.0030401603896190272,0.01139530433883072
2019-01-15 05:00:00+00:00,0.008142107573087353,0.0
2019-01-16 00:00:00+00:00,0.0017019814654367156,0.0024171305299751427
2019-01-16 05:00:00+00:00,0.002609993352624491,0.0
2019-01-17 00:00:00+00:00,0.0017752915331363198,0.007558042987786493
2019-01-17 05:00:00+00:00,0.002152957092335011,0.0
2019-01-18 00:00:00+00:00,2.166421717998232e-05,0.013222299864653014
2019-01-18 05:00:00+00:00,0.0035021854271970803,0.0
2019-01-22 00:00:00+00:00,-0.00023720605830581466,-0.013602408138778733
2019-01-22 05:00:00+00:00,-0.005887513244533914,0.0
2019-01-23 00:00:00+00:00,0.0022167468069521712,0.00208996921842337
2019-01-23 05:00:00+00:00,0.002998984152396806,0.0
2019-01-24 00:00:00+00:00,0.0012700959636376468,0.0005312580095376268
2019-01-24 05:00:00+00:00,-0.0014830332340295728,0.0
2019-01-25 00:00:00+00:00,0.001171431777430349,0.008425963246517154
2019-01-25 05:00:00+00:00,0.002819826253086232,0.0
2019-01-28 00:00:00+00:00,-0.0003103249386398094,-0.007629476395301911
2019-01-28 05:00:00+00:00,-0.006089919623558368,0.0
2019-01-29 00:00:00+00:00,0.002922162820093822,-0.0013277448607529841
2019-01-29 05:00:00+00:00,-0.006362760931384485,0.0
2019-01-30 00:00:00+00:00,0.00429845256932025,0.015706799281926014
2019-01-30 05:00:00+00:00,0.010179345122909432,0.0
2019-01-31 00:00:00+00:00,0.00642981278790928,0.008744202920313483
2019-01-31 05:00:00+00:00,-0.005716151795795212,0.0
2019-02-01 00:00:00+00:00,-0.002066647747205231,0.00048136245353512833
2019-02-01 05:00:00+00:00,-0.0049224055970605585,0.0
2019-02-04 00:00:00+00:00,-0.00114689299270456,0.007010927586370513
2019-02-04 05:00:00+00:00,0.008783872510124557,0.0
2019-02-05 00:00:00+00:00,0.0017959509869755236,0.004183332220136063
2019-02-05 05:00:00+00:00,0.0043010761645538645,0.0
2019-02-06 00:00:00+00:00,-0.002507085956612452,-0.0013195686342820114
2019-02-06 05:00:00+00:00,-0.0002980951149239015,0.0
2019-02-07 00:00:00+00:00,0.0041204475453496415,-0.00957851078206928
2019-02-07 05:00:00+00:00,-0.0004244534173079931,0.0
2019-02-08 00:00:00+00:00,0.003560833168123489,0.0012207941736486951
2019-02-08 05:00:00+00:00,0.00011680603679556644,0.0
2019-02-11 00:00:00+00:00,-0.00286665379640524,0.0005543856530017937
2019-02-11 05:00:00+00:00,-0.00017712101495712227,0.0
2019-02-12 00:00:00+00:00,0.00205111099402211,0.012777517955957579
2019-02-12 05:00:00+00:00,0.000521769091229365,0.0
2019-02-13 00:00:00+00:00,-0.0026455361543120093,0.0032417623574736917
2019-02-13 05:00:00+00:00,-7.028495026316143e-05,0.0
2019-02-14 00:00:00+00:00,0.0030081500231613108,-0.0022208729530141373
2019-02-14 05:00:00+00:00,6.648912526983728e-05,0.0
2019-02-15 00:00:00+00:00,0.0044887958654854995,0.010838421118369464
2019-02-15 05:00:00+00:00,0.00030558712830764024,0.0
2019-02-19 00:00:00+00:00,0.007405957025371617,0.001729069631288499
2019-02-19 05:00:00+00:00,2.33745282466595e-05,0.0
2019-02-20 00:00:00+00:00,-0.00031794644202726456,0.0020135273065624492
2019-02-20 05:00:00+00:00,-6.412613276444045e-05,0.0
2019-02-21 00:00:00+00:00,-0.005614980111054347,-0.00356234468758147
2019-02-21 05:00:00+00:00,1.899485033110509e-08,0.0
2019-02-22 00:00:00+00:00,0.004358614920030885,0.006180928318271123
2019-02-22 05:00:00+00:00,1.2883562179389328e-08,0.0
2019-02-25 00:00:00+00:00,-0.002595804150667568,0.0013602938193687476
2019-02-25 05:00:00+00:00,5.070325784616465e-09,0.0
2019-02-26 00:00:00+00:00,0.0009518338390838001,-0.0007156622986759096
2019-02-26 05:00:00+00:00,6.257846963037225e-09,0.0
2019-02-27 00:00:00+00:00,-0.0049136948515735995,-0.00042936381271002107
2019-02-27 05:00:00+00:00,-1.5401102034463804e-09,0.0
2019-02-28 00:00:00+00:00,-0.0024154538947702446,-0.0018648000799238854
2019-02-28 05:00:00+00:00,-1.1366131865580217e-09,0.0
2019-03-01 00:00:00+00:00,-0.011644473956701568,0.006224407013981972
2019-03-01 05:00:00+00:00,4.052586878000138e-09,0.0
2019-03-04 00:00:00+00:00,-0.0011581621906014159,-0.0036436981256285114
2019-03-04 05:00:00+00:00,-2.1863342068344106e-09,0.0
2019-03-05 00:00:00+00:00,0.0006333682895152626,-0.0013612429182644859
2019-03-05 05:00:00+00:00,-4.550872544228308e-09,0.0
2019-03-06 00:00:00+00:00,-0.0005399132835150196,-0.0060754250145844246
2019-03-06 05:00:00+00:00,4.071918702900649e-10,0.0
2019-03-07 00:00:00+00:00,0.0005037850426552199,-0.008400496150458386
2019-03-07 05:00:00+00:00,-1.1142909058714655e-08,0.0
2019-03-08 00:00:00+00:00,0.006588080211385133,-0.0020018489893066436
2019-03-08 05:00:00+00:00,1.2661097591426523e-05,0.0
2019-03-11 00:00:00+00:00,0.0012337015375084941,0.01439711385448837
2019-03-11 04:00:00+00:00,0.00024205407772624602,0.0
2019-03-12 00:00:00+00:00,0.006454352391916315,0.0037633902202546875
2019-03-12 04:00:00+00:00,8.128928784567427e-05,0.0
2019-03-13 00:00:00+00:00,0.003272315927880123,0.006597893539169421
2019-03-13 04:00:00+00:00,8.988772290990692e-05,0.0
2019-03-14 00:00:00+00:00,-0.005491752532054795,-0.0006402429486050664
2019-03-14 04:00:00+00:00,9.151184640424917e-06,0.0
2019-03-15 00:00:00+00:00,0.004198488785740133,0.004928330808244464
2019-03-15 04:00:00+00:00,0.00013344266966708158,0.0
2019-03-18 00:00:00+00:00,-0.001677376592192434,0.0036199754568808874
2019-03-18 04:00:00+00:00,0.0001656687823948928,0.0
2019-03-19 00:00:00+00:00,-0.004673882201267979,0.00024737453339223876
2019-03-19 04:00:00+00:00,7.924989514893468e-06,0.0
2019-03-20 00:00:00+00:00,0.004790002141113567,-0.003014658429203561
2019-03-20 04:00:00+00:00,-1.28823561157414e-05,0.0
2019-03-21 00:00:00+00:00,0.003699887838361425,0.011231626049060963
2019-03-21 04:00:00+00:00,0.00026464326838861565,0.0
2019-03-22 00:00:00+00:00,0.0057226228384870785,-0.019433927629470195
2019-03-22 04:00:00+00:00,-0.0053240536337519915,0.0
2019-03-25 00:00:00+00:00,0.0024980971784975513,-0.0007523787531530336
2019-03-25 04:00:00+00:00,0.0010356155620043375,0.0
2019-03-26 00:00:00+00:00,0.0012502465298050802,0.007426330117784504
2019-03-26 04:00:00+00:00,0.0004228663631743272,0.0
2019-03-27 00:00:00+00:00,-0.0021221863820805415,-0.005242467752878375
2019-03-27 04:00:00+00:00,-0.0019356552255608128,0.0
2019-03-28 00:00:00+00:00,-0.007194204813820385,0.0037832110820965057
2019-03-28 04:00:00+00:00,0.0002728004979599755,0.0
2019-03-29 00:00:00+00:00,0.001998631293920426,0.006285698645621949
2019-03-29 04:00:00+00:00,0.0017135565372910048,0.0
2019-04-01 00:00:00+00:00,-0.0061818686382083465,0.011789152689782879
2019-04-01 04:00:00+00:00,0.0018161404209094234,0.0
2019-04-02 00:00:00+00:00,0.0017660114090074417,0.0004900499111146628
2019-04-02 04:00:00+00:00,0.00028438235784686294,0.0
2019-04-03 00:00:00+00:00,-0.0025709012752200945,0.001572280501416443
2019-04-03 04:00:00+00:00,0.0012995740890087472,0.0
2019-04-04 00:00:00+00:00,-0.00010627964262467887,0.0026496525561790886
2019-04-04 04:00:00+00:00,-0.001015610620907466,0.0
2019-04-05 00:00:00+00:00,0.0033929931557319984,0.004828746476799492
2019-04-05 04:00:00+00:00,0.0008827336001171272,0.0
2019-04-08 00:00:00+00:00,-0.002830526414341094,0.0007618768003021144
2019-04-08 04:00:00+00:00,4.010549313621471e-05,0.0
2019-04-09 00:00:00+00:00,0.002924741949056591,-0.0051378000400263985
2019-04-09 04:00:00+00:00,-0.0006534390137119349,0.0
2019-04-10 00:00:00+00:00,0.00011447359947383963,0.0034051232960745706
2019-04-10 04:00:00+00:00,0.0009138153980565255,0.0
2019-04-11 00:00:00+00:00,-0.0024165906474888994,-0.0002778962719364134
2019-04-11 04:00:00+00:00,0.0001399850719088434,0.0
2019-04-12 00:00:00+00:00,-0.00039746810170614936,0.006743303741439157
2019-04-12 04:00:00+00:00,0.0006179315681034496,0.0
2019-04-15 00:00:00+00:00,0.00023880573570124903,-0.0006549274965690422
2019-04-15 04:00:00+00:00,9.937666406343172e-05,0.0
2019-04-16 00:00:00+00:00,-0.00849988051387855,0.0006549274965691002
2019-04-16 04:00:00+00:00,-0.00027845705352604093,0.0
2019-04-17 00:00:00+00:00,-0.0017809237225000743,-0.0024496431194580394
2019-04-17 04:00:00+00:00,0.0009914872863013807,0.0
2019-04-18 00:00:00+00:00,0.0018206250605043626,0.0019672537009620002
2019-04-18 04:00:00+00:00,0.0015695707628452687,0.0
2019-04-22 00:00:00+00:00,-0.001684157829692715,0.0008617785692691413
2019-04-22 04:00:00+00:00,0.0003794821740169789,0.0
2019-04-23 00:00:00+00:00,0.0012394066950740168,0.008950999228921959
2019-04-23 04:00:00+00:00,0.008732183390752999,0.0
2019-04-24 00:00:00+00:00,0.0004429322020729688,-0.0022212899157459296
2019-04-24 04:00:00+00:00,-0.0013251952644616296,0.0
2019-04-25 00:00:00+00:00,5.611306945338786e-05,-0.0006166227196491438
2019-04-25 04:00:00+00:00,0.0024234888427027597,0.0
2019-04-26 00:00:00+00:00,0.00145738906437531,0.0046462883916056925
2019-04-26 04:00:00+00:00,-0.0009363906585373781,0.0
2019-04-29 00:00:00+00:00,-0.0004517468989178036,0.001566357895731923
2019-04-29 04:00:00+00:00,0.0004685715493206803,0.0
2019-04-30 00:00:00+00:00,0.0016267836176678818,0.0005103138092357079
2019-04-30 04:00:00+00:00,-0.007070152418266018,0.0
2019-05-01 00:00:00+00:00,-0.0023102884991427933,-0.007544635047242622
2019-05-01 04:00:00+00:00,0.01638950018260117,0.0
2019-05-02 00:00:00+00:00,-0.0009914843893747884,-0.0021615648264779377
2019-05-02 04:00:00+00:00,-0.005338270150586228,0.0
2019-05-03 00:00:00+00:00,0.0029436807032710566,0.009739981732084438
2019-05-03 04:00:00+00:00,0.009367602536859941,0.0
2019-05-06 00:00:00+00:00,-0.0012231000755233371,-0.004123487379209857
2019-05-06 04:00:00+00:00,-0.007780283604084669,0.0
2019-05-07 00:00:00+00:00,-0.0038269009516697194,-0.016840695576354193
2019-05-07 04:00:00+00:00,-0.015695176650884258,0.0
2019-05-08 00:00:00+00:00,-0.0022707905649412517,-0.0013901137678000853
2019-05-08 04:00:00+00:00,4.785787482034562e-05,0.0
2019-05-09 00:00:00+00:00,0.000153190190259916,-0.0030304426403340804
2019-05-09 04:00:00+00:00,-0.0037307550214479594,0.0
2019-05-10 00:00:00+00:00,0.002236511945599641,0.005010937206810089
2019-05-10 04:00:00+00:00,-0.0015789809457642146,0.0
2019-05-13 00:00:00+00:00,-0.0010273364511633194,-0.02545131223947282
2019-05-13 04:00:00+00:00,-0.028086501130358106,0.0
2019-05-14 00:00:00+00:00,7.114992286127921e-05,0.009002655699882548
2019-05-14 04:00:00+00:00,0.00816615679958051,0.0
2019-05-15 00:00:00+00:00,0.0015985412409804866,0.0058407580403415146
2019-05-15 04:00:00+00:00,0.007573090796660286,0.0
2019-05-16 00:00:00+00:00,0.001285921098378897,0.009218370895115176
2019-05-16 04:00:00+00:00,0.004169993303536364,0.0
2019-05-17 00:00:00+00:00,-0.0001110103181051719,-0.006486120512110631
2019-05-17 04:00:00+00:00,-0.003624048713030333,0.0
2019-05-20 00:00:00+00:00,-0.0010997741920097043,-0.006634233843164396
2019-05-20 04:00:00+00:00,-0.014537168043252028,0.0
2019-05-21 00:00:00+00:00,0.0011192270539646088,0.008975761029856304
2019-05-21 04:00:00+00:00,0.007861467690174427,0.0
2019-05-22 00:00:00+00:00,0.001218318848085806,-0.003076376249668047
2019-05-22 04:00:00+00:00,-0.00022718636902032403,0.0
2019-05-23 00:00:00+00:00,0.0047959077298390315,-0.012293911252244693
2019-05-23 04:00:00+00:00,-0.00019718998113857515,0.0
2019-05-24 00:00:00+00:00,0.0008932066601084694,0.002265991271952198
2019-05-24 04:00:00+00:00,-4.257738805378862e-05,0.0
2019-05-28 00:00:00+00:00,-0.003424903893160052,-0.009344055733435101
2019-05-28 04:00:00+00:00,-4.639914313686491e-05,0.0
2019-05-29 00:00:00+00:00,-0.002098677132561115,-0.00673349642951855
2019-05-29 04:00:00+00:00,-5.78619861969028e-05,0.0
2019-05-30 00:00:00+00:00,0.005305487369850107,0.0027273926862764622
2019-05-30 04:00:00+00:00,6.058214638115909e-05,0.0
2019-05-31 00:00:00+00:00,0.0065165615661038085,-0.013566760678462929
2019-05-31 04:00:00+00:00,-0.0002112946697665879,0.0
2019-06-03 00:00:00+00:00,0.008080421701773905,-0.0025460217254213175
2019-06-03 04:00:00+00:00,-0.00012823676744542188,0.0
2019-06-04 00:00:00+00:00,0.0011733600845039987,0.021474119825317047
2019-06-04 04:00:00+00:00,0.0004128789344152024,0.0
2019-06-05 00:00:00+00:00,0.0038321895952660306,0.008624756567600388
2019-06-05 04:00:00+00:00,0.00018848825407930594,0.0
2019-06-06 00:00:00+00:00,0.004224087197014217,0.006481816688330982
2019-06-06 04:00:00+00:00,0.00016970297955732524,0.0
2019-06-07 00:00:00+00:00,0.005349754049851594,0.009957561150040149
2019-06-07 04:00:00+00:00,0.0007959223269846937,0.0
2019-06-10 00:00:00+00:00,-0.005891739697258879,0.004578189059800008
2019-06-10 04:00:00+00:00,0.00034606919853717423,0.0
2019-06-11 00:00:00+00:00,-0.001152109022011438,-0.00024239273670110216
2019-06-11 04:00:00+00:00,0.00020465285546069872,0.0
2019-06-12 00:00:00+00:00,0.003392487296736464,-0.0017669263597712087
2019-06-12 04:00:00+00:00,-0.0001081743981942607,0.0
2019-06-13 00:00:00+00:00,0.0041581181108159325,0.0041178654787478956
2019-06-13 04:00:00+00:00,5.283970721907547e-05,0.0
2019-06-14 00:00:00+00:00,0.001843331714415098,-0.0011055740156041903
2019-06-14 04:00:00+00:00,-0.000142355839355709,0.0
2019-06-17 00:00:00+00:00,-4.706824123555821e-05,0.00038033583633640436
2019-06-17 04:00:00+00:00,0.00015083284445167893,0.0
2019-06-18 00:00:00+00:00,0.0047440212027115665,0.010416639871002704
2019-06-18 04:00:00+00:00,0.0006389349558790285,0.0
2019-06-19 00:00:00+00:00,0.003980985176014936,0.0022544704805394222
2019-06-19 04:00:00+00:00,-2.5221854389265745e-05,0.0
2019-06-20 00:00:00+00:00,0.011963736839260759,0.009509268373852388
2019-06-20 04:00:00+00:00,0.0002500049002596762,0.0
2019-06-21 00:00:00+00:00,-0.0006193312402805769,-0.0014550594901331483
2019-06-21 04:00:00+00:00,-0.00014230717026372276,0.0
2019-06-24 00:00:00+00:00,0.003893769071740664,-0.0012249508132906068
2019-06-24 04:00:00+00:00,0.0011140785871292928,0.0
2019-06-25 00:00:00+00:00,-0.0014338688131150974,-0.009856199586318894
2019-06-25 04:00:00+00:00,-0.007101859124466294,0.0
2019-06-26 00:00:00+00:00,-0.007432409059321085,-0.0009979404569811566
2019-06-26 04:00:00+00:00,0.0018112861123770847,0.0
2019-06-27 00:00:00+00:00,0.0026934050704623155,0.003539770262842908
2019-06-27 04:00:00+00:00,0.0003090864888787635,0.0
2019-06-28 00:00:00+00:00,0.0016164559249755976,0.005132291851677145
2019-06-28 04:00:00+00:00,-0.0007386634427832756,0.0
2019-07-01 00:00:00+00:00,-0.002323778269104719,0.009037794128801895
2019-07-01 04:00:00+00:00,0.0034307412973171867,0.0
2019-07-02 00:00:00+00:00,0.007866665615983537,0.00260070579110268
2019-07-02 04:00:00+00:00,0.0015982795205110494,0.0
2019-07-03 00:00:00+00:00,0.00475666477797992,0.007963212445804219
2019-07-03 04:00:00+00:00,0.0016822052419592812,0.0
2019-07-05 00:00:00+00:00,-0.005552647542908972,-0.0011386832631161581
2019-07-05 04:00:00+00:00,-0.0006198191744494743,0.0
2019-07-08 00:00:00+00:00,-0.0008996877400647004,-0.005509490882914921
2019-07-08 04:00:00+00:00,-0.00118809059635429,0.0
2019-07-09 00:00:00+00:00,0.0007391472620609674,0.0012453222084550198
2019-07-09 04:00:00+00:00,-0.00012964492398547846,0.0
2019-07-10 00:00:00+00:00,0.0014482283843986986,0.004766907338094274
2019-07-10 04:00:00+00:00,0.002570875820784927,0.0
2019-07-11 00:00:00+00:00,-0.004348019867158916,0.0023417667128733818
2019-07-11 04:00:00+00:00,8.404744047882352e-05,0.0
2019-07-12 00:00:00+00:00,0.0006223840110873144,0.004466322053683257
2019-07-12 04:00:00+00:00,0.001258916244489634,0.0
2019-07-15 00:00:00+00:00,0.0023883408559319443,0.00033274603667245454
2019-07-15 04:00:00+00:00,0.000774793276146693,0.0
2019-07-16 00:00:00+00:00,-0.003394069804837343,-0.0032301646011133004
2019-07-16 04:00:00+00:00,-0.002571915829082626,0.0
2019-07-17 00:00:00+00:00,0.0044769943290093326,-0.006828023769807282
2019-07-17 04:00:00+00:00,-0.001493824970331599,0.0
2019-07-18 00:00:00+00:00,0.0037980801065946855,0.003653999198329955
2019-07-18 04:00:00+00:00,0.00112640039128471,0.0
2019-07-19 00:00:00+00:00,-0.00591538125799252,-0.005570980937925243
2019-07-19 04:00:00+00:00,-0.0009923687760837216,0.0
2019-07-22 00:00:00+00:00,0.0005461710118548289,0.0024536656308838736
2019-07-22 04:00:00+00:00,0.004152240119580683,0.0
2019-07-23 00:00:00+00:00,-0.002148548260554368,0.0071250734324240445
2019-07-23 04:00:00+00:00,0.0018098882468032401,0.0
2019-07-24 00:00:00+00:00,0.00289414778229847,0.00468820600660341
2019-07-24 04:00:00+00:00,0.0018638792619499953,0.0
2019-07-25 00:00:00+00:00,-0.003534846212882865,-0.004788280098496403
2019-07-25 04:00:00+00:00,-0.0013649340765222021,0.0
2019-07-26 00:00:00+00:00,0.0026784046373999537,0.006677352907175487
2019-07-26 04:00:00+00:00,0.0018293200506818502,0.0
2019-07-29 00:00:00+00:00,0.0013166727840692024,-0.0018225999690554475
2019-07-29 04:00:00+00:00,0.00034795248747779647,0.0
2019-07-30 00:00:00+00:00,-0.00039342231009377785,-0.0024576351359805685
2019-07-30 04:00:00+00:00,-0.001266777425185471,0.0
2019-07-31 00:00:00+00:00,-0.002788671685033547,-0.011000703993988569
2019-07-31 04:00:00+00:00,-0.003918328280828811,0.0
2019-08-01 00:00:00+00:00,0.00783496646348742,-0.008746211514414794
2019-08-01 04:00:00+00:00,0.0006709300049524973,0.0
2019-08-02 00:00:00+00:00,0.00015678431764786432,-0.007557910017444368
2019-08-02 04:00:00+00:00,-0.0033504278311800974,0.0
2019-08-05 00:00:00+00:00,-0.0018653859032760772,-0.03053465036969872
2019-08-05 04:00:00+00:00,-0.01100306207342237,0.0
2019-08-06 00:00:00+00:00,0.0076226368902017295,0.013925129764328616
2019-08-06 04:00:00+00:00,0.0050523421101050375,0.0
2019-08-07 00:00:00+00:00,0.003951224193706831,0.0005909419517796755
2019-08-07 04:00:00+00:00,0.00031573280222489306,0.0
2019-08-08 00:00:00+00:00,0.008869519342580618,0.019429794711806517
2019-08-08 04:00:00+00:00,0.0019019571567137474,0.0
2019-08-09 00:00:00+00:00,-0.0030435019443632158,-0.006834569517430162
2019-08-09 04:00:00+00:00,-0.0006161886430133925,0.0
2019-08-12 00:00:00+00:00,0.003723680437501868,-0.012247946973699336
2019-08-12 04:00:00+00:00,-0.0010139560897711034,0.0
2019-08-13 00:00:00+00:00,0.002337098580761257,0.015431941050781427
2019-08-13 04:00:00+00:00,0.0014794495629628485,0.0
2019-08-14 00:00:00+00:00,-0.0025667216741467698,-0.03001363374196159
2019-08-14 04:00:00+00:00,-0.0022083529980065366,0.0
2019-08-15 00:00:00+00:00,0.007146935348694476,0.0026381326366364368
2019-08-15 04:00:00+00:00,-0.00016192039879872247,0.0
2019-08-16 00:00:00+00:00,0.0014858489301600346,0.014647617062602607
2019-08-16 04:00:00+00:00,0.001311715514496187,0.0
2019-08-19 00:00:00+00:00,-0.0019344498463458367,0.01197587926968825
2019-08-19 04:00:00+00:00,0.0011996355436629201,0.0
2019-08-20 00:00:00+00:00,0.00194601954216626,-0.00769247084760355
2019-08-20 04:00:00+00:00,-0.0006025480517507188,0.0
2019-08-21 00:00:00+00:00,0.000913613911134561,0.008102631310953384
2019-08-21 04:00:00+00:00,0.0021499388362167327,0.0
2019-08-22 00:00:00+00:00,-0.003298989464298407,-0.0003079208228590924
2019-08-22 04:00:00+00:00,-0.0010775084127682792,0.0
2019-08-23 00:00:00+00:00,0.0010518584334434367,-0.02602308515806586
2019-08-23 04:00:00+00:00,-0.007138093359900675,0.0
2019-08-26 00:00:00+00:00,0.0014047997124014358,0.010997652038728763
2019-08-26 04:00:00+00:00,0.0031845828406842037,0.0
2019-08-27 00:00:00+00:00,0.006636736206311897,-0.003931359244771489
2019-08-27 04:00:00+00:00,-0.00031297073067582836,0.0
2019-08-28 00:00:00+00:00,0.0022402966252958053,0.007017292361735483
2019-08-28 04:00:00+00:00,0.0001750059117708158,0.0
2019-08-29 00:00:00+00:00,0.0016152478708777198,0.012691887575040795
2019-08-29 04:00:00+00:00,0.003552300452984423,0.0
2019-08-30 00:00:00+00:00,-1.3381712052809554e-05,-0.00044446674980854535
2019-08-30 04:00:00+00:00,-0.00033616686029364616,0.0
2019-09-03 00:00:00+00:00,0.00019815495070952453,-0.005864458071856641
2019-09-03 04:00:00+00:00,-0.002672119465211554,0.0
2019-09-04 00:00:00+00:00,0.003768336105569449,0.01128637739098784
2019-09-04 04:00:00+00:00,0.0025530403161295456,0.0
2019-09-05 00:00:00+00:00,-0.006506870457086031,0.012773573922897111
2019-09-05 04:00:00+00:00,0.0035111584772384973,0.0
2019-09-06 00:00:00+00:00,0.0014514183591860597,0.0007718766463995285
2019-09-06 04:00:00+00:00,-0.000307198137898009,0.0
2019-09-09 00:00:00+00:00,-0.008512710202683394,0.0005036554597962441
2019-09-09 04:00:00+00:00,-0.0004801352216911601,0.0
2019-09-10 00:00:00+00:00,-0.007563202379762927,-0.00023533093168341622
2019-09-10 04:00:00+00:00,-0.0003795991363274842,0.0
2019-09-11 00:00:00+00:00,0.003691419311355946,0.007086003423293632
2019-09-11 04:00:00+00:00,0.00026472233216501045,0.0
2019-09-12 00:00:00+00:00,-0.0011553806789022796,0.003457699210176189
2019-09-12 04:00:00+00:00,0.0004427223015401224,0.0
2019-09-13 00:00:00+00:00,-0.010944287261093161,-0.0006641860956422441
2019-09-13 04:00:00+00:00,-0.0002233638151362973,0.0
2019-09-16 00:00:00+00:00,0.0052003982866279915,-0.00309343347773483
2019-09-16 04:00:00+00:00,-0.00028363482397303135,0.0
2019-09-17 00:00:00+00:00,0.004910575611184898,0.002529254472489608
2019-09-17 04:00:00+00:00,0.0003778762575146827,0.0
2019-09-18 00:00:00+00:00,0.002307212151340719,0.0005976779424387191
2019-09-18 04:00:00+00:00,0.0004438158474914591,0.0
2019-09-19 00:00:00+00:00,0.002580031477404095,-6.63289844169854e-05
2019-09-19 04:00:00+00:00,0.0007557462727453064,0.0
2019-09-20 00:00:00+00:00,0.005986864311608929,-0.00473623429577409
2019-09-20 04:00:00+00:00,-0.0020978860232636854,0.0
2019-09-23 00:00:00+00:00,0.000744237795473451,-0.00023441077301700314
2019-09-23 04:00:00+00:00,-0.00020891160397606588,0.0
2019-09-24 00:00:00+00:00,0.003073051491417518,-0.007878066823121577
2019-09-24 04:00:00+00:00,-0.0020167119738581547,0.0
2019-09-25 00:00:00+00:00,-0.005757308395503106,0.005897353411035333
2019-09-25 04:00:00+00:00,0.002512414388514938,0.0
2019-09-26 00:00:00+00:00,0.0017072652461407078,-0.0020852646934683963
2019-09-26 04:00:00+00:00,6.452581955372039e-05,0.0
2019-09-27 00:00:00+00:00,-0.0018780874975637383,-0.005401566914788985
2019-09-27 04:00:00+00:00,-0.0020680697756072257,0.0
2019-09-30 00:00:00+00:00,-0.00028818027334224757,0.004626688360825598
2019-09-30 04:00:00+00:00,0.001977196243144232,0.0
2019-10-01 00:00:00+00:00,-0.0018751094578352565,-0.011965801343816881
2019-10-01 04:00:00+00:00,-0.002049119246718023,0.0
2019-10-02 00:00:00+00:00,-0.0036167826774253214,-0.017822601533696084
2019-10-02 04:00:00+00:00,-0.0032853593005428075,0.0
2019-10-03 00:00:00+00:00,0.006027429569819467,0.008159249072812206
2019-10-03 04:00:00+00:00,0.002004080708638665,0.0
2019-10-04 00:00:00+00:00,0.0071822534374862065,0.013441576127861288
2019-10-04 04:00:00+00:00,0.0026848336730501345,0.0
2019-10-07 00:00:00+00:00,-0.0061028334234026925,-0.0043241287985264845
2019-10-07 04:00:00+00:00,-0.0011701940774599877,0.0
2019-10-08 00:00:00+00:00,0.001392545932664826,-0.01564640182193713
2019-10-08 04:00:00+00:00,-0.002030763264188754,0.0
2019-10-09 00:00:00+00:00,-0.0011777461843383102,0.009451542788396753
2019-10-09 04:00:00+00:00,0.003343773096086027,0.0
2019-10-10 00:00:00+00:00,-0.008165718223493301,0.006740764165089595
2019-10-10 04:00:00+00:00,0.0013562638945484704,0.0
2019-10-11 00:00:00+00:00,-0.0065594851570183535,0.010313488763505883
2019-10-11 04:00:00+00:00,0.0013646066189130042,0.0
2019-10-14 00:00:00+00:00,0.00308236919966176,-0.001114707809242423
2019-10-14 04:00:00+00:00,-0.0001886070395341541,0.0
2019-10-15 00:00:00+00:00,-0.006716561382448189,0.009851879591047285
2019-10-15 04:00:00+00:00,0.0022643865041472033,0.0
2019-10-16 00:00:00+00:00,0.002058746621291459,-0.0016071034705167286
2019-10-16 04:00:00+00:00,-0.0014380836541325413,0.0
2019-10-17 00:00:00+00:00,-0.0002508146747214697,0.0029444048559257746
2019-10-17 04:00:00+00:00,-0.0007300051779224777,0.0
2019-10-18 00:00:00+00:00,4.94302953014074e-06,-0.004386506486282839
2019-10-18 04:00:00+00:00,-0.0025370795463885436,0.0
2019-10-21 00:00:00+00:00,-0.0035082342250422394,0.006756264374376472
2019-10-21 04:00:00+00:00,0.002125652916768049,0.0
2019-10-22 00:00:00+00:00,0.002554719246860405,-0.0032719127500502963
2019-10-22 04:00:00+00:00,-0.0013036271191650133,0.0
2019-10-23 00:00:00+00:00,0.002034062038830879,0.0029052619049944636
2019-10-23 04:00:00+00:00,0.001693548224257576,0.0
2019-10-24 00:00:00+00:00,0.0018230366803715526,0.0016326042688456692
2019-10-24 04:00:00+00:00,0.0015710642765603042,0.0
2019-10-25 00:00:00+00:00,-0.0024016277669711636,0.004086698639773007
2019-10-25 04:00:00+00:00,0.0015399040587072384,0.0
2019-10-28 00:00:00+00:00,-0.00624994081573889,0.005620465206250166
2019-10-28 04:00:00+00:00,0.002689459649746124,0.0
2019-10-29 00:00:00+00:00,-0.00021770485670512298,-0.000296642675879288
2019-10-29 04:00:00+00:00,-0.0028500083362727577,0.0
2019-10-30 00:00:00+00:00,0.007371902626220684,0.0030625029618267367
2019-10-30 04:00:00+00:00,0.0008909593793880861,0.0
2019-10-31 00:00:00+00:00,0.006369531868568611,-0.0026668886147697747
2019-10-31 04:00:00+00:00,0.0014359748615617174,0.0
2019-11-01 00:00:00+00:00,0.00022866583799661987,0.009221610871067154
2019-11-01 04:00:00+00:00,0.002760459985069603,0.0
2019-11-04 00:00:00+00:00,-0.006281102767827475,0.004009500688972863
2019-11-04 05:00:00+00:00,0.0010236675896901424,0.0
2019-11-05 00:00:00+00:00,-0.007636094074111848,-0.0011068398926024155
2019-11-05 05:00:00+00:00,-0.00024116899097333425,0.0
2019-11-06 00:00:00+00:00,0.002687671724148741,0.00022811358934945425
2019-11-06 05:00:00+00:00,-1.4013110911432005e-05,0.0
2019-11-07 00:00:00+00:00,-0.007933670456505504,0.0035102817310475928
2019-11-07 05:00:00+00:00,0.0018207535189015314,0.0
2019-11-08 00:00:00+00:00,-0.002202657693098505,0.0024631454603208634
2019-11-08 05:00:00+00:00,0.0007636301680963516,0.0
2019-11-11 00:00:00+00:00,-0.0017223691299215532,-0.001911420350031369
2019-11-11 05:00:00+00:00,0.0012536011471289815,0.0
2019-11-12 00:00:00+00:00,0.002359751314679653,0.0021055241446118196
2019-11-12 05:00:00+00:00,4.7808264252727244e-05,0.0
2019-11-13 00:00:00+00:00,0.004039567930612194,0.0003237835270119723
2019-11-13 05:00:00+00:00,0.0015268928537494225,0.0
2019-11-14 00:00:00+00:00,0.0037355985059932314,0.0014546487890205588
2019-11-14 05:00:00+00:00,-0.0009301984099388176,0.0
2019-11-15 00:00:00+00:00,0.0014733522664355182,0.007210115550263998
2019-11-15 05:00:00+00:00,0.0022038409866224915,0.0
2019-11-18 00:00:00+00:00,0.0015073800445399574,0.0007372419578117479
2019-11-18 05:00:00+00:00,0.0008517898780440076,0.0
2019-11-19 00:00:00+00:00,0.001268311862574592,-0.00028824399694376987
2019-11-19 05:00:00+00:00,-0.0004782508591278703,0.0
2019-11-20 00:00:00+00:00,0.002371380619703977,-0.0037255680613681283
2019-11-20 05:00:00+00:00,-0.001992139837339766,0.0
2019-11-21 00:00:00+00:00,-0.0034228454448230854,-0.0016100682785871693
2019-11-21 05:00:00+00:00,-0.0007776967421747334,0.0
2019-11-22 00:00:00+00:00,0.0006183265395833202,0.0022211269081983767
2019-11-22 05:00:00+00:00,-0.00010693461666709215,0.0
2019-11-25 00:00:00+00:00,0.0017949032410898584,0.00772053108258829
2019-11-25 05:00:00+00:00,0.0033653515669313195,0.0
2019-11-26 00:00:00+00:00,0.0033299479208597172,0.0022630069832124287
2019-11-26 05:00:00+00:00,-0.0010178721698577016,0.0
2019-11-27 00:00:00+00:00,-0.0005533741565478688,0.004447485371069474
2019-11-27 05:00:00+00:00,0.002266365741539841,0.0
2019-11-29 00:00:00+00:00,-0.0004873633456450399,-0.003715510433452587
2019-11-29 05:00:00+00:00,-0.0006626832174423997,0.0
2019-12-02 00:00:00+00:00,-0.006517903786791426,-0.00853077299208144
2019-12-02 05:00:00+00:00,-0.0024903881747728716,0.0
2019-12-03 00:00:00+00:00,0.006063237748295494,-0.006729344090711032
2019-12-03 05:00:00+00:00,-0.003008652569566812,0.0
2019-12-04 00:00:00+00:00,-0.0010874242686008929,0.00615142538112629
2019-12-04 05:00:00+00:00,0.001608116231223637,0.0
2019-12-05 00:00:00+00:00,-5.849653388377977e-05,0.0017959321269494896
2019-12-05 05:00:00+00:00,0.004448383140656596,0.0
2019-12-06 00:00:00+00:00,0.0002546206890327055,0.009092847017221092
2019-12-06 05:00:00+00:00,0.005899868111958109,0.0
2019-12-09 00:00:00+00:00,-0.0007858532705501295,-0.0031489285978712886
2019-12-09 05:00:00+00:00,-0.004316387559935933,0.0
2019-12-10 00:00:00+00:00,0.0001705155123027118,-0.001115893066455074
2019-12-10 05:00:00+00:00,0.0017713243165492255,0.0
2019-12-11 00:00:00+00:00,0.003512126026350913,0.0028347679725668493
2019-12-11 05:00:00+00:00,0.0026111636770247827,0.0
2019-12-12 00:00:00+00:00,-0.000476771290840916,0.008582204413834438
2019-12-12 05:00:00+00:00,0.0008269272712377461,0.0
2019-12-13 00:00:00+00:00,0.002934431839918374,0.0005987020634980149
2019-12-13 05:00:00+00:00,0.004162920326915823,0.0
2019-12-16 00:00:00+00:00,0.0009176580339013763,0.0068467066172621886
2019-12-16 05:00:00+00:00,0.005212999853012302,0.0
2019-12-17 00:00:00+00:00,-0.00016566451735445316,0.00021900189789685818
2019-12-17 05:00:00+00:00,0.0005724952086968479,0.0
2019-12-18 00:00:00+00:00,-0.0012568248085756805,6.241356613237554e-05
2019-12-18 05:00:00+00:00,-0.0007405034693820043,0.0
2019-12-19 00:00:00+00:00,0.002114020459499841,0.00409078708791235
2019-12-19 05:00:00+00:00,0.00042237703352939284,0.0
2019-12-20 00:00:00+00:00,0.002177771722390559,0.0043745597703567915
2019-12-20 05:00:00+00:00,-0.0006086966875913994,0.0
2019-12-23 00:00:00+00:00,-1.9439206336017067e-05,0.0015266586101712503
2019-12-23 05:00:00+00:00,0.0055374381966548465,0.0
2019-12-24 00:00:00+00:00,0.0016906792622548598,3.110242224876113e-05
2019-12-24 05:00:00+00:00,0.0003232435750434954,0.0
2019-12-26 00:00:00+00:00,0.0031041775074771624,0.00530918543291785
2019-12-26 05:00:00+00:00,0.006796611457834596,0.0
2019-12-27 00:00:00+00:00,0.0002441685798013783,-0.000248044382754524
2019-12-27 05:00:00+00:00,-0.00011301655309077537,0.0
2019-12-30 00:00:00+00:00,-0.0019668645047957027,-0.005528297595037123
2019-12-30 05:00:00+00:00,0.0019442482248484513,0.0
2019-12-31 00:00:00+00:00,-5.2668210459374555e-05,0.0024265239766278765
2019-12-31 05:00:00+00:00,0.0024968395778064024,0.0
2020-01-02 00:00:00+00:00,0.004430976293559189,0.009308077758462947
2020-01-02 05:00:00+00:00,0.00788782315383174,0.0
2020-01-03 00:00:00+00:00,0.001520874292968813,-0.007600725864552306
2020-01-03 05:00:00+00:00,-0.0034583047458755117,0.0
2020-01-06 00:00:00+00:00,0.0018083867535889208,0.0038076871952294434
2020-01-06 05:00:00+00:00,0.0027390747330855347,0.0
2020-01-07 00:00:00+00:00,0.00017416827084630287,-0.002815733624203738
2020-01-07 05:00:00+00:00,-0.001762069648593715,0.0
2020-01-08 00:00:00+00:00,-0.0015642382479254013,0.005315265383604289
2020-01-08 05:00:00+00:00,0.0054161110760046465,0.0
2020-01-09 00:00:00+00:00,0.0004068278147914084,0.006757894959919478
2020-01-09 05:00:00+00:00,0.006830482685847499,0.0
2020-01-10 00:00:00+00:00,0.0019412671614508477,-0.002881769432068906
2020-01-10 05:00:00+00:00,0.0005183106339606943,0.0
2020-01-13 00:00:00+00:00,-0.00044520970934405226,0.006853704962601183
2020-01-13 05:00:00+00:00,0.006850574763057851,0.0
2020-01-14 00:00:00+00:00,-4.672580116771356e-05,-0.001525816715531425
2020-01-14 05:00:00+00:00,-0.004383431176131958,0.0
2020-01-15 00:00:00+00:00,0.003811916651373851,0.0022574110283275516
2020-01-15 05:00:00+00:00,-0.0010711048466431677,0.0
2020-01-16 00:00:00+00:00,0.0016441479265477945,0.008283864984974236
2020-01-16 05:00:00+00:00,0.004435343382406745,0.0
2020-01-17 00:00:00+00:00,0.0013078014909271032,0.0031075786231092657
2020-01-17 05:00:00+00:00,0.003544848742591807,0.0
2020-01-21 00:00:00+00:00,0.0012957877939404085,-0.001959964914843446
2020-01-21 05:00:00+00:00,-0.0021946201596635007,0.0
2020-01-22 00:00:00+00:00,0.0005991084859584099,0.00012061906543696659
2020-01-22 05:00:00+00:00,0.0012270655607666229,0.0
2020-01-23 00:00:00+00:00,0.0029993230897204268,0.0011465616014018044
2020-01-23 05:00:00+00:00,0.0018875931233077003,0.0
2020-01-24 00:00:00+00:00,0.0007848175823926638,-0.008933040465280697
2020-01-24 05:00:00+00:00,-0.0012527714759236943,0.0
2020-01-27 00:00:00+00:00,-0.0008252274578243272,-0.01615957420900915
2020-01-27 05:00:00+00:00,-0.011334233147920831,0.0
2020-01-28 00:00:00+00:00,0.00042795905203065344,0.01042482846058145
2020-01-28 05:00:00+00:00,0.010661063453045025,0.0
2020-01-29 00:00:00+00:00,0.002019443896827284,-0.0008264707130680765
2020-01-29 05:00:00+00:00,0.007936543916165637,0.0
2020-01-30 00:00:00+00:00,0.002605967680570192,0.00324010340814026
2020-01-30 05:00:00+00:00,-2.2543138180040087e-05,0.0
2020-01-31 00:00:00+00:00,-0.0021727947570644337,-0.018324530738273392
2020-01-31 05:00:00+00:00,-0.017024272410324056,0.0
2020-02-03 00:00:00+00:00,0.000636035449737638,0.00740108348141943
2020-02-03 05:00:00+00:00,-0.0005716064576370176,0.0
2020-02-04 00:00:00+00:00,-0.003145995391941987,0.015126252706313634
2020-02-04 05:00:00+00:00,0.012593501082593724,0.0
2020-02-05 00:00:00+00:00,0.0021661121937003227,0.011481665529591652
2020-02-05 05:00:00+00:00,0.002976856834449728,0.0
2020-02-06 00:00:00+00:00,0.002053184076711599,0.0033592617409070693
2020-02-06 05:00:00+00:00,0.0034663775112643517,0.0
2020-02-07 00:00:00+00:00,-0.0007973001560781356,-0.005343636969562104
2020-02-07 05:00:00+00:00,-0.0038867683286356557,0.0
2020-02-10 00:00:00+00:00,0.0033200608185574797,0.007437359969420492
2020-02-10 05:00:00+00:00,0.0015439522447904946,0.0
2020-02-11 00:00:00+00:00,0.0003863834831569912,0.0017317085573184158
2020-02-11 05:00:00+00:00,-0.001895430022549138,0.0
2020-02-12 00:00:00+00:00,0.0012778695113225657,0.006421978194273978
2020-02-12 05:00:00+00:00,0.006694750410162809,0.0
2020-02-13 00:00:00+00:00,0.003485501585522152,-0.001067502705201198
2020-02-13 05:00:00+00:00,-0.002076120344545869,0.0
2020-02-14 00:00:00+00:00,0.0029217182961143364,0.0016009256720279537
2020-02-14 05:00:00+00:00,0.00013713976910826442,0.0
2020-02-18 00:00:00+00:00,0.003787118324263889,-0.0025803565179732253
2020-02-18 05:00:00+00:00,-0.005186739353133516,0.0
2020-02-19 00:00:00+00:00,-0.0004684729218986136,0.0047698737283267375
2020-02-19 05:00:00+00:00,0.004117461106975732,0.0
2020-02-20 00:00:00+00:00,0.0009946134986863146,-0.004116945037290923
2020-02-20 05:00:00+00:00,-0.003052675536357807,0.0
2020-02-21 00:00:00+00:00,-1.0123826704260073e-05,-0.010351552694623971
2020-02-21 05:00:00+00:00,-0.015843787789756633,0.0
2020-02-24 00:00:00+00:00,-0.0032003457059035746,-0.033727643600318775
2020-02-24 05:00:00+00:00,-0.029986454180452253,0.0
2020-02-25 00:00:00+00:00,-0.006807454363168649,-0.030771038924108037
2020-02-25 05:00:00+00:00,-0.019011723471841293,0.0
2020-02-26 00:00:00+00:00,-0.001748635116374503,-0.003684962287316576
2020-02-26 05:00:00+00:00,0.009418031478957157,0.0
2020-02-27 00:00:00+00:00,-0.009905938840048787,-0.04595136248794031
2020-02-27 05:00:00+00:00,-0.043460480742229524,0.0
2020-02-28 00:00:00+00:00,-0.00629412544976326,-0.004210250563902297
2020-02-28 05:00:00+00:00,0.003368067654033797,0.0
2020-03-02 00:00:00+00:00,0.011712617752053782,0.042394773362198775
2020-03-02 05:00:00+00:00,0.05238105582548813,0.0
2020-03-03 00:00:00+00:00,-0.0011734383389852196,-0.029050072166531722
2020-03-03 05:00:00+00:00,-0.022917533244720494,0.0
2020-03-04 00:00:00+00:00,0.01083471490177771,0.04117345908304362
2020-03-04 05:00:00+00:00,0.027174849316033516,0.0
2020-03-05 00:00:00+00:00,-0.002172255193996459,-0.033806668100878
2020-03-05 05:00:00+00:00,-0.019640012931346682,0.0
2020-03-06 00:00:00+00:00,0.0006059116968144562,-0.01666927590585942
2020-03-06 05:00:00+00:00,-0.01076380184289932,0.0
2020-03-09 00:00:00+00:00,-0.011249098489298306,-0.08131283830238047
2020-03-09 04:00:00+00:00,-0.009058072280912249,0.0
2020-03-10 00:00:00+00:00,-0.012474536369085987,0.05045055981876021
2020-03-10 04:00:00+00:00,0.00818046519138494,0.0
2020-03-11 00:00:00+00:00,-0.027618177040541474,-0.04997638214100918
2020-03-11 04:00:00+00:00,-0.005143737132500441,0.0
2020-03-12 00:00:00+00:00,-0.03711580703386226,-0.10056895593303553
2020-03-12 04:00:00+00:00,-0.01228826053966935,0.0
2020-03-13 00:00:00+00:00,0.0047553247958266225,0.0820281796237113
2020-03-13 04:00:00+00:00,0.015268367993841174,0.0
2020-03-16 00:00:00+00:00,-0.014562109242274385,-0.11588653677815908
2020-03-16 04:00:00+00:00,-0.018401785018581394,0.0
2020-03-17 00:00:00+00:00,0.00023850676253701387,0.05258489006927783
2020-03-17 04:00:00+00:00,0.008017375265048102,0.0
2020-03-18 00:00:00+00:00,-0.0387504094346701,-0.051959779329820724
2020-03-18 04:00:00+00:00,-0.0044193195025576375,0.0
2020-03-19 00:00:00+00:00,-0.00021784619527442234,0.002122679894305281
2020-03-19 04:00:00+00:00,0.0009243424752954305,0.0
2020-03-20 00:00:00+00:00,0.013048993799625076,-0.044050176083780104
2020-03-20 04:00:00+00:00,-0.005849863002563332,0.0
2020-03-23 00:00:00+00:00,0.015693918240118208,-0.025900917222119575
2020-03-23 04:00:00+00:00,-0.001839741456832692,0.0
2020-03-24 00:00:00+00:00,0.03231783606385261,0.08673092499105813
2020-03-24 04:00:00+00:00,0.009571018298365846,0.0
2020-03-25 00:00:00+00:00,-0.0013773195452404044,0.014859447181702033
2020-03-25 04:00:00+00:00,-0.0007025615276536512,0.0
2020-03-26 00:00:00+00:00,0.021112774818597094,0.05674866377772462
2020-03-26 04:00:00+00:00,0.005590218628285251,0.0
2020-03-27 00:00:00+00:00,0.001561606633148194,-0.030238220706645808
2020-03-27 04:00:00+00:00,-0.004345354173834509,0.0
2020-03-30 00:00:00+00:00,0.006743115822718276,0.031959519862080045
2020-03-30 04:00:00+00:00,0.004196959747930601,0.0
2020-03-31 00:00:00+00:00,-0.019518626151935746,-0.015017805260863423
2020-03-31 04:00:00+00:00,-0.0006602569496158276,0.0
2020-04-01 00:00:00+00:00,-0.004228924002973173,-0.04604881864146725
2020-04-01 04:00:00+00:00,-0.004986638257691148,0.0
2020-04-02 00:00:00+00:00,0.013640399792300369,0.0228130131477606
2020-04-02 04:00:00+00:00,0.001833815254625957,0.0
2020-04-03 00:00:00+00:00,-0.0025527632165541526,-0.014559750521437438
2020-04-03 04:00:00+00:00,-0.001321494397555279,0.0
2020-04-06 00:00:00+00:00,0.024695059620052796,0.06500679537342874
2020-04-06 04:00:00+00:00,0.008230540597474963,0.0
2020-04-07 00:00:00+00:00,-0.005954081502784765,0.0010190033877542231
2020-04-07 04:00:00+00:00,-0.0012305561143032063,0.0
2020-04-08 00:00:00+00:00,0.0018816774199844296,0.03301734221061037
2020-04-08 04:00:00+00:00,0.002186103121909361,0.0
2020-04-09 00:00:00+00:00,0.013362459869309277,0.015102982660180437
2020-04-09 04:00:00+00:00,0.0005225135534768111,0.0
2020-04-13 00:00:00+00:00,-0.0006250793190588331,-0.009172105515566395
2020-04-13 04:00:00+00:00,0.0014867649672664946,0.0
2020-04-14 00:00:00+00:00,0.008296122605858807,0.029065977997268934
2020-04-14 04:00:00+00:00,0.0052937174487510145,0.0
2020-04-15 00:00:00+00:00,0.0030844559726762016,-0.02147675038834575
2020-04-15 04:00:00+00:00,-0.0010404354336328884,0.0
2020-04-16 00:00:00+00:00,0.004624820973108587,0.004812551769213063
2020-04-16 04:00:00+00:00,0.0016310963837626777,0.0
2020-04-17 00:00:00+00:00,-0.005743990579167506,0.026656824680497317
2020-04-17 04:00:00+00:00,-0.0006747923036865798,0.0
2020-04-20 00:00:00+00:00,0.0008084741443858364,-0.01777460426677258
2020-04-20 04:00:00+00:00,-0.002234303525968377,0.0
2020-04-21 00:00:00+00:00,-0.0032604006060452636,-0.03083417062924172
2020-04-21 04:00:00+00:00,-0.0037835111280025155,0.0
2020-04-22 00:00:00+00:00,0.007269078544797902,0.021951950215516918
2020-04-22 04:00:00+00:00,0.0030233639955180615,0.0
2020-04-23 00:00:00+00:00,0.00465484963474631,-7.165205197221569e-05
2020-04-23 04:00:00+00:00,-0.000694038843699285,0.0
2020-04-24 00:00:00+00:00,0.0020291291327525084,0.013842353933199658
2020-04-24 04:00:00+00:00,0.0024629081621659484,0.0
2020-04-27 00:00:00+00:00,-0.00640050314114848,0.014315394176054163
2020-04-27 04:00:00+00:00,-6.12205888603622e-05,0.0
2020-04-28 00:00:00+00:00,0.0021391315104584306,-0.00460908062999938
2020-04-28 04:00:00+00:00,-0.00194055398765542,0.0
2020-04-29 00:00:00+00:00,0.0039786992697016625,0.02584180522530764
2020-04-29 04:00:00+00:00,0.0036577751627244947,0.0
2020-04-30 00:00:00+00:00,-0.0126550572649872,-0.009354368297387278
2020-04-30 04:00:00+00:00,0.0016852344265030363,0.0
2020-05-01 00:00:00+00:00,-0.000160777011836091,-0.026830096155555247
2020-05-01 04:00:00+00:00,-0.0019914309208072445,0.0
2020-05-04 00:00:00+00:00,8.787793882915625e-05,0.002754188980723204
2020-05-04 04:00:00+00:00,0.0017776411391798135,0.0
2020-05-05 00:00:00+00:00,0.0008102117236769204,0.009197107540861438
2020-05-05 04:00:00+00:00,0.001333691911889225,0.0
2020-05-06 00:00:00+00:00,-0.012517878041555845,-0.0068018289405375725
2020-05-06 04:00:00+00:00,0.0010089975245561038,0.0
2020-05-07 00:00:00+00:00,0.0133500922232839,0.011994779851363041
2020-05-07 04:00:00+00:00,0.0008805868317055207,0.0
2020-05-08 00:00:00+00:00,-0.003411336833228932,0.016410664734316068
2020-05-08 04:00:00+00:00,0.0017586770440681176,0.0
2020-05-11 00:00:00+00:00,-0.005009477625869696,0.00020512230772475645
2020-05-11 04:00:00+00:00,0.001415472728901362,0.0
2020-05-12 00:00:00+00:00,0.0012438593442131696,-0.020132808822533068
2020-05-12 04:00:00+00:00,-0.0015503745627137978,0.0
2020-05-13 00:00:00+00:00,0.002285838018392069,-0.017843971691798032
2020-05-13 04:00:00+00:00,-0.0013290555561295094,0.0
2020-05-14 00:00:00+00:00,0.008869920010956012,0.011896357989486543
2020-05-14 04:00:00+00:00,0.0005545269550718652,0.0
2020-05-15 00:00:00+00:00,0.0013537889413169604,0.004585954602613799
2020-05-15 04:00:00+00:00,0.00010619452084875897,0.0
2020-05-18 00:00:00+00:00,-0.004397442476059035,0.030005279413856775
2020-05-18 04:00:00+00:00,0.0018687340344902686,0.0
2020-05-19 00:00:00+00:00,0.002241180810673794,-0.010324409346544933
2020-05-19 04:00:00+00:00,-0.0006229160837883474,0.0
2020-05-20 00:00:00+00:00,0.005036554257859105,0.016845400078500807
2020-05-20 04:00:00+00:00,0.001749366202181926,0.0
2020-05-21 00:00:00+00:00,-0.005285658905649518,-0.0069280242223098126
2020-05-21 04:00:00+00:00,-0.005344888961784619,0.0
2020-05-22 00:00:00+00:00,0.0027790342303106274,0.0018973640304066944
2020-05-22 04:00:00+00:00,0.001651263781971279,0.0
2020-05-26 00:00:00+00:00,-0.006510333239184502,0.012245276906869083
2020-05-26 04:00:00+00:00,-0.004751824696301635,0.0
2020-05-27 00:00:00+00:00,3.7200550584947456e-05,0.014769503911972546
2020-05-27 04:00:00+00:00,0.0014215179471359864,0.0
2020-05-28 00:00:00+00:00,8.336746435197433e-06,-0.0018466373072263177
2020-05-28 04:00:00+00:00,-0.0005625279747664564,0.0
2020-05-29 00:00:00+00:00,0.003378805702345471,0.004445840643452879
2020-05-29 04:00:00+00:00,0.0027661087225700825,0.0
2020-06-01 00:00:00+00:00,-0.00036284083658390633,0.004033665154560052
2020-06-01 04:00:00+00:00,0.0022219988533092204,0.0
2020-06-02 00:00:00+00:00,-0.002405163391317219,0.0082459468797502
2020-06-02 04:00:00+00:00,0.004437389266922682,0.0
2020-06-03 00:00:00+00:00,-0.0075449483849347136,0.013220534633680548
2020-06-03 04:00:00+00:00,0.0020205220877386283,0.0
2020-06-04 00:00:00+00:00,-0.0006470155788878966,-0.0026300124189549724
2020-06-04 04:00:00+00:00,-0.0059664916451708395,0.0
2020-06-05 00:00:00+00:00,-0.006623744351144436,0.025306496614901988
2020-06-05 04:00:00+00:00,0.013494561321251018,0.0
2020-06-08 00:00:00+00:00,0.0034381004662318417,0.012015030929116537
2020-06-08 04:00:00+00:00,0.0035212065990706956,0.0
2020-06-09 00:00:00+00:00,0.003231597270711524,-0.007484771115741825
2020-06-09 04:00:00+00:00,0.01154730825039158,0.0
2020-06-10 00:00:00+00:00,0.0047972351579560575,-0.005595590508931891
2020-06-10 04:00:00+00:00,0.017930822820133495,0.0
2020-06-11 00:00:00+00:00,-0.0019867886156484252,-0.059377587658587305
2020-06-11 04:00:00+00:00,-0.030411959123091595,0.0
2020-06-12 00:00:00+00:00,-0.0005658205022357432,0.011904916843661609
2020-06-12 04:00:00+00:00,0.004812215097016985,0.0
2020-06-15 00:00:00+00:00,0.00030619262104084993,0.009292318461714447
2020-06-15 04:00:00+00:00,0.005510620473467891,0.0
2020-06-16 00:00:00+00:00,-0.001431879000669131,0.01906452551704961
2020-06-16 04:00:00+00:00,0.014723806129963716,0.0
2020-06-17 00:00:00+00:00,0.0007827212172130708,-0.0041623083434926935
2020-06-17 04:00:00+00:00,0.0005508777174737326,0.0
2020-06-18 00:00:00+00:00,0.0013392379972131498,0.00038491028953586926
2020-06-18 04:00:00+00:00,0.00311709325479536,0.0
2020-06-19 00:00:00+00:00,0.0019129452062205822,-0.005731274017049895
2020-06-19 04:00:00+00:00,-0.0034154542801432576,0.0
2020-06-22 00:00:00+00:00,0.0016588037381105568,0.006394535442470522
2020-06-22 04:00:00+00:00,0.013980887986398599,0.0
2020-06-23 00:00:00+00:00,0.0005242609708782224,0.004593053561508783
2020-06-23 04:00:00+00:00,0.007347814089216938,0.0
2020-06-24 00:00:00+00:00,0.0010037203365121429,-0.025839447016600608
2020-06-24 04:00:00+00:00,-0.010022898191327019,0.0
2020-06-25 00:00:00+00:00,0.000723070409188092,0.010663427256780341
2020-06-25 04:00:00+00:00,0.0067676706159847475,0.0
2020-06-26 00:00:00+00:00,0.0028793093550669754,-0.024038338454091607
2020-06-26 04:00:00+00:00,-0.01355053275244583,0.0
2020-06-29 00:00:00+00:00,-0.0002627223841325815,0.014591171358003212
2020-06-29 04:00:00+00:00,0.008836798575435664,0.0
2020-06-30 00:00:00+00:00,0.00022018199347493064,0.012727908410424054
2020-06-30 04:00:00+00:00,0.008757972989429392,0.0
2020-07-01 00:00:00+00:00,-0.0013237644180926927,0.00698020313655268
2020-07-01 04:00:00+00:00,0.0010089785262920787,0.0
2020-07-02 00:00:00+00:00,0.0008470728082868753,0.005492094623195943
2020-07-02 04:00:00+00:00,0.001969870613230919,0.0
2020-07-06 00:00:00+00:00,0.0008012738107092109,0.015319000203275096
2020-07-06 04:00:00+00:00,0.012550862971226881,0.0
2020-07-07 00:00:00+00:00,0.004328066787797873,-0.010367010761200035
2020-07-07 04:00:00+00:00,-0.0038617503002045363,0.0
2020-07-08 00:00:00+00:00,0.0004914941003696071,0.0076193049457832515
2020-07-08 04:00:00+00:00,0.012156746419748185,0.0
2020-07-09 00:00:00+00:00,0.002963314225631977,-0.005709186533838826
2020-07-09 04:00:00+00:00,0.0032288813732994776,0.0
2020-07-10 00:00:00+00:00,-0.0012449396767217453,0.010158757846466384
2020-07-10 04:00:00+00:00,-0.0006228392698616456,0.0
2020-07-13 00:00:00+00:00,0.000651765904872921,-0.00869694023033972
2020-07-13 04:00:00+00:00,-0.011343480021301608,0.0
2020-07-14 00:00:00+00:00,0.001685993511084523,0.012876083594240693
2020-07-14 04:00:00+00:00,0.005585680759824805,0.0
2020-07-15 00:00:00+00:00,-0.0005697636483355537,0.009145304666336644
2020-07-15 04:00:00+00:00,0.0009934995781588222,0.0
2020-07-16 00:00:00+00:00,-0.0007500436990666179,-0.0032988854679609097
2020-07-16 04:00:00+00:00,-0.009274655213102417,0.0
2020-07-17 00:00:00+00:00,0.001114866819561883,0.0028948679467079557
2020-07-17 04:00:00+00:00,-0.0021233518734120036,0.0
2020-07-20 00:00:00+00:00,0.0017615848438964812,0.008049092078856603
2020-07-20 04:00:00+00:00,0.018387990514448324,0.0
2020-07-21 00:00:00+00:00,0.0023975669125853387,0.0021252230105974815
2020-07-21 04:00:00+00:00,-0.007479507883022701,0.0
2020-07-22 00:00:00+00:00,0.0036573473576772784,0.005676071644133823
2020-07-22 04:00:00+00:00,0.0038152116138827023,0.0
2020-07-23 00:00:00+00:00,0.004281466026247895,-0.01200348477625943
2020-07-23 04:00:00+00:00,-0.020445056538761105,0.0
2020-07-24 00:00:00+00:00,0.0017256820302033802,-0.006461387404581258
2020-07-24 04:00:00+00:00,-0.0019297537564591982,0.0
2020-07-27 00:00:00+00:00,0.004404400303915412,0.007266158696787608
2020-07-27 04:00:00+00:00,0.008101659654398666,0.0
2020-07-28 00:00:00+00:00,0.003356704360954891,-0.006362565548738899
2020-07-28 04:00:00+00:00,-0.005754883116066679,0.0
2020-07-29 00:00:00+00:00,0.0021817838939776723,0.01222389966856603
2020-07-29 04:00:00+00:00,0.006532264535777866,0.0
2020-07-30 00:00:00+00:00,-0.0004728870905992271,-0.0035746201907089327
2020-07-30 04:00:00+00:00,0.00254409817487864,0.0
2020-07-31 00:00:00+00:00,0.002567750367210543,0.007871110043347902
2020-07-31 04:00:00+00:00,0.02371841254755752,0.0
2020-08-03 00:00:00+00:00,-0.0005258462232148911,0.006928075560502956
2020-08-03 04:00:00+00:00,0.017823985319847465,0.0
2020-08-04 00:00:00+00:00,0.007770129384825204,0.003855123668906835
2020-08-04 04:00:00+00:00,-0.0018666028654251098,0.0
2020-08-05 00:00:00+00:00,0.0005444833691733809,0.0061920220325086695
2020-08-05 04:00:00+00:00,0.0004517745057093583,0.0
2020-08-06 00:00:00+00:00,0.007241337198605116,0.0066624003537295775
2020-08-06 04:00:00+00:00,0.010771567388301831,0.0
2020-08-07 00:00:00+00:00,-0.008186602915686195,0.0007172165132803258
2020-08-07 04:00:00+00:00,-0.00722351723261112,0.0
2020-08-10 00:00:00+00:00,-0.002124797101426746,0.002984956735163634
2020-08-10 04:00:00+00:00,0.004532173439331087,0.0
2020-08-11 00:00:00+00:00,-0.026953695913478688,-0.008289148452146192
2020-08-11 04:00:00+00:00,-0.009482870685535185,0.0
2020-08-12 00:00:00+00:00,-0.0027607340231490594,0.013845799918765346
2020-08-12 04:00:00+00:00,0.010268958577024602,0.0
2020-08-13 00:00:00+00:00,0.008212114836323003,-0.0018092185297976617
2020-08-13 04:00:00+00:00,0.005509973313513758,0.0
2020-08-14 00:00:00+00:00,-0.0025970855409444024,2.984775638300457e-05
2020-08-14 04:00:00+00:00,-0.00028000447848190767,0.0
2020-08-17 00:00:00+00:00,0.010094744884316288,0.0031715022305079414
2020-08-17 04:00:00+00:00,-0.0008210434381814486,0.0
2020-08-18 00:00:00+00:00,0.005362747736668747,0.0021581130842938203
2020-08-18 04:00:00+00:00,0.0026064347142416015,0.0
2020-08-19 00:00:00+00:00,-0.015499661274591448,-0.004172600689990161
2020-08-19 04:00:00+00:00,0.0003937782418022765,0.0
2020-08-20 00:00:00+00:00,0.004848928055378921,0.003108694235991341
2020-08-20 04:00:00+00:00,0.009523627037217841,0.0
2020-08-21 00:00:00+00:00,-0.0010190230405537676,0.0035412497921444145
2020-08-21 04:00:00+00:00,0.021804687018516584,0.0
2020-08-24 00:00:00+00:00,-0.0015913930738222415,0.01008196827228393
2020-08-24 04:00:00+00:00,0.005159216271023218,0.0
2020-08-25 00:00:00+00:00,-0.0010898221143781793,0.0034934172981636656
2020-08-25 04:00:00+00:00,-0.003574535724930599,0.0
2020-08-26 00:00:00+00:00,0.003256305755411404,0.009975436942234042
2020-08-26 04:00:00+00:00,0.005861427415325209,0.0
2020-08-27 00:00:00+00:00,-0.007087189230815273,0.0021843149318686887
2020-08-27 04:00:00+00:00,-0.005218643267248603,0.0
2020-08-28 00:00:00+00:00,0.00541848729732453,0.006438715641821046
2020-08-28 04:00:00+00:00,-0.0007034208845356784,0.0
2020-08-31 00:00:00+00:00,0.0019569950722826274,-0.0036290664556600113
2020-08-31 04:00:00+00:00,0.014471618658919676,0.0
2020-09-01 00:00:00+00:00,0.0032294028724843,0.009374457264049145
2020-09-01 04:00:00+00:00,0.0169495611888345,0.0
2020-09-02 00:00:00+00:00,-0.0013346652122523581,0.014360366709540372
2020-09-02 04:00:00+00:00,-0.00908493097770916,0.0
2020-09-03 00:00:00+00:00,-0.003577871734268771,-0.03502033479764975
2020-09-03 04:00:00+00:00,-0.03621113243106215,0.0
2020-09-04 00:00:00+00:00,-0.0026047429230813424,-0.008198291456774932
2020-09-04 04:00:00+00:00,0.0003484010812629506,0.0
2020-09-08 00:00:00+00:00,-0.008351151435912953,-0.02770317123931684
2020-09-08 04:00:00+00:00,-0.03668974910108626,0.0
2020-09-09 00:00:00+00:00,0.007155002558804997,0.01955459841274692
2020-09-09 04:00:00+00:00,0.020598001683517768,0.0
2020-09-10 00:00:00+00:00,-0.005538245079400631,-0.017515930628682702
2020-09-10 04:00:00+00:00,-0.017479678342149457,0.0
2020-09-11 00:00:00+00:00,0.00020641924925593463,0.0005089935377302474
2020-09-11 04:00:00+00:00,-0.00696008741240394,0.0
2020-09-14 00:00:00+00:00,0.005043254585601073,0.013085565272887418
2020-09-14 04:00:00+00:00,0.015567144634184512,0.0
2020-09-15 00:00:00+00:00,0.001079089757334532,0.005039374317992057
2020-09-15 04:00:00+00:00,0.0008210348176121429,0.0
2020-09-16 00:00:00+00:00,-0.0008591551676723041,-0.003976520159363132
2020-09-16 04:00:00+00:00,-0.015777407448140143,0.0
2020-09-17 00:00:00+00:00,-0.0033447616805869786,-0.008834146145194162
2020-09-17 04:00:00+00:00,-0.008474993852492792,0.0
2020-09-18 00:00:00+00:00,-0.003348886812585826,-0.011579357216012309
2020-09-18 04:00:00+00:00,-0.01697613598600649,0.0
2020-09-21 00:00:00+00:00,-0.006146980672411917,-0.011192128811229775
2020-09-21 04:00:00+00:00,0.009862098811862584,0.0
2020-09-22 00:00:00+00:00,0.0021321352425300363,0.01013278989238348
2020-09-22 04:00:00+00:00,0.005147552240559208,0.0
2020-09-23 00:00:00+00:00,-0.015215046087015547,-0.023464214131025812
2020-09-23 04:00:00+00:00,-0.01414560919476909,0.0
2020-09-24 00:00:00+00:00,0.002109442861304815,0.002662354221209744
2020-09-24 04:00:00+00:00,0.0033726172621282332,0.0
2020-09-25 00:00:00+00:00,0.004876223318098574,0.016037527575994675
2020-09-25 04:00:00+00:00,0.012157694970449055,0.0
2020-09-28 00:00:00+00:00,0.009027940253744648,0.01647290564152363
2020-09-28 04:00:00+00:00,0.0077868532514183105,0.0
2020-09-29 00:00:00+00:00,0.0006456703505834876,-0.005460873223185985
2020-09-29 04:00:00+00:00,-0.0025077658537831643,0.0
2020-09-30 00:00:00+00:00,0.0008434690157408876,0.007553218615708135
2020-09-30 04:00:00+00:00,0.004939540992105979,0.0
2020-10-01 00:00:00+00:00,0.0050576151031347496,0.006399460670941802
2020-10-01 04:00:00+00:00,0.002781702273374863,0.0
2020-10-02 00:00:00+00:00,-0.003706014035496429,-0.009539721114784518
2020-10-02 04:00:00+00:00,-0.010831748318869773,0.0
2020-10-05 00:00:00+00:00,0.007825768188775353,0.01757781934327257
2020-10-05 04:00:00+00:00,0.01001108192126601,0.0
2020-10-06 00:00:00+00:00,-0.0064977253902212566,-0.014318058415232296
2020-10-06 04:00:00+00:00,-0.014910098946040302,0.0
2020-10-07 00:00:00+00:00,0.005021098348542618,0.01725666936807639
2020-10-07 04:00:00+00:00,0.008624746069914093,0.0
2020-10-08 00:00:00+00:00,0.003292852790950176,0.008823585953181124
2020-10-08 04:00:00+00:00,-0.0004896202751103357,0.0
2020-10-09 00:00:00+00:00,0.0060721273109068125,0.008890583631055129
2020-10-09 04:00:00+00:00,0.008841520826518625,0.0
2020-10-12 00:00:00+00:00,0.004174986693495498,0.015959478772048168
2020-10-12 04:00:00+00:00,0.0315642216194912,0.0
2020-10-13 00:00:00+00:00,-0.004968640447756534,-0.00654740140790205
2020-10-13 04:00:00+00:00,-0.013777530950538143,0.0
2020-10-14 00:00:00+00:00,-0.0012747866233156439,-0.006303364361116849
2020-10-14 04:00:00+00:00,0.00037953278436349725,0.0
2020-10-15 00:00:00+00:00,0.00032951947319088975,-0.001236449085644847
2020-10-15 04:00:00+00:00,-0.0020344807164668073,0.0
2020-10-16 00:00:00+00:00,-0.000841506887097214,-0.0006043813245005928
2020-10-16 04:00:00+00:00,-0.0072257710951243136,0.0
2020-10-19 00:00:00+00:00,-0.004439511369550715,-0.015320482603231527
2020-10-19 04:00:00+00:00,-0.01326289547505565,0.0
2020-10-20 00:00:00+00:00,0.002102246925165999,0.0039979309640192
2020-10-20 04:00:00+00:00,0.00021960677735652695,0.0
2020-10-21 00:00:00+00:00,-0.001258187498602035,-0.001894845071068891
2020-10-21 04:00:00+00:00,7.626490124799304e-05,0.0
2020-10-22 00:00:00+00:00,-0.004624489642643063,0.005470412328984666
2020-10-22 04:00:00+00:00,4.55446510769086e-05,0.0
2020-10-23 00:00:00+00:00,0.003748606355020454,0.0033895597058368676
2020-10-23 04:00:00+00:00,0.0006796100256017065,0.0
2020-10-26 00:00:00+00:00,-0.0007562993142829865,-0.01865297324902683
2020-10-26 04:00:00+00:00,-0.0031552817954177796,0.0
2020-10-27 00:00:00+00:00,0.0025833192602993595,-0.003453391678637322
2020-10-27 04:00:00+00:00,0.001638111216452627,0.0
2020-10-28 00:00:00+00:00,-0.011450957813898419,-0.03477668208787392
2020-10-28 04:00:00+00:00,-0.00556036548379449,0.0
2020-10-29 00:00:00+00:00,-0.0023978120993604674,0.010112110832178898
2020-10-29 04:00:00+00:00,0.001096076116158095,0.0
2020-10-30 00:00:00+00:00,-0.007153375912952709,-0.010479432405634445
2020-10-30 04:00:00+00:00,-0.0012099762972271719,0.0
2020-11-02 00:00:00+00:00,0.008068997955599327,0.011146033716614392
2020-11-02 05:00:00+00:00,-7.567923329420637e-05,0.0
2020-11-03 00:00:00+00:00,0.002872277916436481,0.0175020078188234
2020-11-03 05:00:00+00:00,0.0021941467221749723,0.0
2020-11-04 00:00:00+00:00,0.014364969377037205,0.022102920424753023
2020-11-04 05:00:00+00:00,0.005595893512070585,0.0
2020-11-05 00:00:00+00:00,0.0087656037122715,0.019315200594411996
2020-11-05 05:00:00+00:00,0.0037699805592598663,0.0
2020-11-06 00:00:00+00:00,-0.005712963089275251,-0.00022828472163258668
2020-11-06 05:00:00+00:00,0.0002141900001625964,0.0
2020-11-09 00:00:00+00:00,-0.013715622996628622,0.012487147797385753
2020-11-09 05:00:00+00:00,-0.002861916952182596,0.0
2020-11-10 00:00:00+00:00,-0.002060770598673161,-0.001467652877354093
2020-11-10 05:00:00+00:00,-0.003947541933356655,0.0
2020-11-11 00:00:00+00:00,0.0027811751041618557,0.007401048730341052
2020-11-11 05:00:00+00:00,0.0031183133802772417,0.0
2020-11-12 00:00:00+00:00,0.0063047904178368756,-0.009747945458246057
2020-11-12 05:00:00+00:00,-0.0005998971328567747,0.0
2020-11-13 00:00:00+00:00,0.003710214124119406,0.013749293519557261
2020-11-13 05:00:00+00:00,0.0005688217780608971,0.0
2020-11-16 00:00:00+00:00,0.0018672447275704203,0.012405310574803943
2020-11-16 05:00:00+00:00,0.0004244860960934176,0.0
2020-11-17 00:00:00+00:00,0.000679100542058927,-0.005392720878280264
2020-11-17 05:00:00+00:00,-0.001506979561322436,0.0
2020-11-18 00:00:00+00:00,-0.0028010479060499908,-0.012107915198454727
2020-11-18 05:00:00+00:00,-0.0015562132087170732,0.0
2020-11-19 00:00:00+00:00,0.0027245050517908103,0.004201473378924047
2020-11-19 05:00:00+00:00,0.0007381816335190637,0.0
2020-11-20 00:00:00+00:00,0.0029830870066405455,-0.006871439524688943
2020-11-20 05:00:00+00:00,-0.0011602209102758894,0.0
2020-11-23 00:00:00+00:00,-0.002030560433071172,0.005976236631139715
2020-11-23 05:00:00+00:00,-0.0005204974969142612,0.0
2020-11-24 00:00:00+00:00,-0.001276478467228153,0.015985435719267388
2020-11-24 05:00:00+00:00,0.0020274125155685203,0.0
2020-11-25 00:00:00+00:00,-0.0017521997132472244,-0.0015428955250721243
2020-11-25 05:00:00+00:00,9.828540196196187e-05,0.0
2020-11-27 00:00:00+00:00,0.004175453295848955,0.0027812059011567062
2020-11-27 05:00:00+00:00,0.0007350662128505985,0.0
2020-11-30 00:00:00+00:00,-0.0032082514465047183,-0.004437109634794099
2020-11-30 05:00:00+00:00,-0.0003132500410853988,0.0
2020-12-01 00:00:00+00:00,-0.003102086924976241,0.010877859420612087
2020-12-01 05:00:00+00:00,0.0014395643464947634,0.0
2020-12-02 00:00:00+00:00,-0.002561995959960909,0.0021018675212650523
2020-12-02 05:00:00+00:00,-0.00037758607460390044,0.0
2020-12-03 00:00:00+00:00,0.0036467713978481863,-0.0002727772975606031
2020-12-03 05:00:00+00:00,-0.0005741752397095998,0.0
2020-12-04 00:00:00+00:00,-0.0005363706165101383,0.008580776773101019
2020-12-04 05:00:00+00:00,-0.0027295470382800715,0.0
2020-12-07 00:00:00+00:00,0.0018791407310549829,-0.002056972480392652
2020-12-07 05:00:00+00:00,0.0060408907415322975,0.0
2020-12-08 00:00:00+00:00,0.0005119037544916009,0.002921755247647602
2020-12-08 05:00:00+00:00,0.0036763023161849634,0.0
2020-12-09 00:00:00+00:00,-0.003050734865505478,-0.009009348464750919
2020-12-09 05:00:00+00:00,-0.01335565969726712,0.0
2020-12-10 00:00:00+00:00,-0.0005326040277287888,-0.0003271628480677114
2020-12-10 05:00:00+00:00,0.005083315048963067,0.0
2020-12-11 00:00:00+00:00,0.0002697507634360007,-0.0011732954389988483
2020-12-11 05:00:00+00:00,-0.0015265542297465432,0.0
2020-12-14 00:00:00+00:00,-0.0017262325007558,-0.004487199771272619
2020-12-14 05:00:00+00:00,-0.0019477525411229742,0.0
2020-12-15 00:00:00+00:00,0.005059432019020483,0.01342891453276398
2020-12-15 05:00:00+00:00,0.024350739347636582,0.0
2020-12-16 00:00:00+00:00,-0.0005928723580673662,0.0015680919903260278
2020-12-16 05:00:00+00:00,0.0031204804454428685,0.0
2020-12-17 00:00:00+00:00,0.002343388519800943,0.0055764725973665085
2020-12-17 05:00:00+00:00,0.0035550225229904766,0.0
2020-12-18 00:00:00+00:00,-0.0016901583790300348,-0.004000829009639806
2020-12-18 05:00:00+00:00,-0.006594455280871091,0.0
2020-12-21 00:00:00+00:00,-0.0036950226075436908,-0.0035817777232891286
2020-12-21 05:00:00+00:00,0.00644459171404567,0.0
2020-12-22 00:00:00+00:00,-0.0012918851602105011,-0.001686965168337415
2020-12-22 05:00:00+00:00,0.011529319483779842,0.0
2020-12-23 00:00:00+00:00,0.0001704978501615357,0.0008980943839381423
2020-12-23 05:00:00+00:00,-0.003914303372870418,0.0
2020-12-24 00:00:00+00:00,0.002706072178746857,0.0038829508613447447
2020-12-24 05:00:00+00:00,0.003704899817839337,0.0
2020-12-28 00:00:00+00:00,0.0028426999820349835,0.008553879906230424
2020-12-28 05:00:00+00:00,0.01464115125487961,0.0
2020-12-29 00:00:00+00:00,-0.0002961125685086869,-0.0019096769082923915
2020-12-29 05:00:00+00:00,-0.005570549127514589,0.0
2020-12-30 00:00:00+00:00,0.001874550114463299,0.00142607401520938
2020-12-30 05:00:00+00:00,-0.004343472352097158,0.0
2020-12-31 00:00:00+00:00,0.0046533797734199635,0.005068039753690158
2020-12-31 05:00:00+00:00,-0.0027294252690097933,0.0
2021-01-04 00:00:00+00:00,-0.007625928900161353,-0.01370762768117702
2021-01-04 05:00:00+00:00,-0.011721627319574662,0.0
2021-01-05 00:00:00+00:00,0.0018152674983723035,0.006863698741221095
2021-01-05 05:00:00+00:00,0.004897191982408258,0.0
2021-01-06 00:00:00+00:00,0.004847926675074621,0.0059607360354285484
2021-01-06 05:00:00+00:00,-0.014480595994525327,0.0
2021-01-07 00:00:00+00:00,0.001050227279765799,0.014748309797019219
2021-01-07 05:00:00+00:00,0.014247362101423708,0.0
2021-01-08 00:00:00+00:00,-0.00036516025838524984,0.0056814987804249956
2021-01-08 05:00:00+00:00,0.003621651377510828,0.0
2021-01-11 00:00:00+00:00,-0.0038902755154111048,-0.006763666766322036
2021-01-11 05:00:00+00:00,-0.009742874197568023,0.0
2021-01-12 00:00:00+00:00,-0.0003599338182426597,0.0002111414499312069
2021-01-12 05:00:00+00:00,-0.0008568569238441225,0.0
2021-01-13 00:00:00+00:00,0.004171845369959387,0.002689487225364879
2021-01-13 05:00:00+00:00,0.00666357983948949,0.0
2021-01-14 00:00:00+00:00,-0.0017670475769629539,-0.0035082327254541638
2021-01-14 05:00:00+00:00,-0.0065394743750956065,0.0
2021-01-15 00:00:00+00:00,-0.0012782890698929583,-0.007319234301753827
2021-01-15 05:00:00+00:00,-0.005627582447893356,0.0
2021-01-19 00:00:00+00:00,0.002189550383974161,0.007821078228119682
2021-01-19 05:00:00+00:00,0.0026230612011714,0.0
2021-01-20 00:00:00+00:00,0.006512774909692893,0.013743935981394902
2021-01-20 05:00:00+00:00,0.013944582943861448,0.0
2021-01-21 00:00:00+00:00,-0.0010055223061386656,0.0009114016096106904
2021-01-21 05:00:00+00:00,0.0014564964498028083,0.0
2021-01-22 00:00:00+00:00,0.00023289387893287475,-0.003545827506302725
2021-01-22 05:00:00+00:00,0.0008883107056857377,0.0
2021-01-25 00:00:00+00:00,0.0098067664740003,0.003935688057621334
2021-01-25 05:00:00+00:00,0.0021695886661487734,0.0
2021-01-26 00:00:00+00:00,-0.003469762502143958,-0.0015618030935836203
2021-01-26 05:00:00+00:00,0.0010074596621203397,0.0
2021-01-27 00:00:00+00:00,-0.009688797717981661,-0.02474425826304608
2021-01-27 05:00:00+00:00,-7.306259440330781e-05,0.0
2021-01-28 00:00:00+00:00,0.0018885565383671371,0.00856352696377963
2021-01-28 05:00:00+00:00,0.0007789670854325447,0.0
2021-01-29 00:00:00+00:00,-0.006992859165203864,-0.020222753483313427
2021-01-29 05:00:00+00:00,-0.003629424768851713,0.0
2021-02-01 00:00:00+00:00,0.005182267782794437,0.016508654535868084
2021-02-01 05:00:00+00:00,0.0031177809252764107,0.0
2021-02-02 00:00:00+00:00,0.0002574013753062923,0.01404107464648367
2021-02-02 05:00:00+00:00,0.0001712308078843363,0.0
2021-02-03 00:00:00+00:00,-0.004306991198987434,0.0007860050907866234
2021-02-03 05:00:00+00:00,0.0008649584433511204,0.0
2021-02-04 00:00:00+00:00,0.0002922044797998354,0.011301735087746753
2021-02-04 05:00:00+00:00,0.0005539123890037191,0.0
2021-02-05 00:00:00+00:00,0.0003374257379408659,0.003927824087936222
2021-02-05 05:00:00+00:00,-4.07601841853863e-05,0.0
2021-02-08 00:00:00+00:00,0.002272101669957067,0.007196290590460075
2021-02-08 05:00:00+00:00,0.00014784465025059545,0.0
2021-02-09 00:00:00+00:00,0.0009245113621811185,-0.0006663594865198013
2021-02-09 05:00:00+00:00,0.0002662049868110193,0.0
2021-02-10 00:00:00+00:00,0.0036026013482018753,-0.0004353791361291392
2021-02-10 05:00:00+00:00,-0.0005453666878056582,0.0
2021-02-11 00:00:00+00:00,-0.004127254135836832,0.0016136217972474744
2021-02-11 05:00:00+00:00,0.0005854920616036459,0.0
2021-02-12 00:00:00+00:00,-0.005574794172629799,0.004927636808073103
2021-02-12 05:00:00+00:00,0.00026227704841180223,0.0
2021-02-16 00:00:00+00:00,-0.009946257266304655,-0.0008665606006158087
2021-02-16 05:00:00+00:00,-0.0011134512550826394,0.0
2021-02-17 00:00:00+00:00,0.0007931521667778755,0.00022964546374458993
2021-02-17 05:00:00+00:00,-0.00024851336041048684,0.0
2021-02-18 00:00:00+00:00,-0.0007153529097145785,-0.004265201327072419
2021-02-18 05:00:00+00:00,-0.000485515769192468,0.0
2021-02-19 00:00:00+00:00,-0.007693097287757344,-0.0017674626494709185
2021-02-19 05:00:00+00:00,-0.0010697865552552535,0.0
2021-02-22 00:00:00+00:00,-0.006253940971905304,-0.007721411269730594
2021-02-22 05:00:00+00:00,-0.00986943228378128,0.0
2021-02-23 00:00:00+00:00,0.0018901912300807692,0.0012135185668177458
2021-02-23 05:00:00+00:00,-0.00192542362428729,0.0
2021-02-24 00:00:00+00:00,0.0033752256716613966,0.01095921769693663
2021-02-24 05:00:00+00:00,0.0019873189666557134,0.0
2021-02-25 00:00:00+00:00,-0.01309856470690458,-0.024390893714130335
2021-02-25 05:00:00+00:00,-0.008713233339762776,0.0
2021-02-26 00:00:00+00:00,-0.0054270064155568995,-0.005165880744814839
2021-02-26 05:00:00+00:00,0.005337147820091442,0.0
2021-03-01 00:00:00+00:00,0.014915127108446554,0.023951082068629698
2021-03-01 05:00:00+00:00,0.007058215051579897,0.0
2021-03-02 00:00:00+00:00,-0.004224324852461992,-0.007833881215830868
2021-03-02 05:00:00+00:00,-0.004736598225247225,0.0
2021-03-03 00:00:00+00:00,-0.008254245574055009,-0.013334366990118768
2021-03-03 05:00:00+00:00,-0.00993379445882508,0.0
2021-03-04 00:00:00+00:00,-0.006090332581938861,-0.012451922976408316
2021-03-04 05:00:00+00:00,-0.0013272442683944852,0.0
2021-03-05 00:00:00+00:00,0.011286493376374983,0.018229525802661815
2021-03-05 05:00:00+00:00,0.0077183771511243945,0.0
2021-03-08 00:00:00+00:00,-0.00017353369862012184,-0.004991329908959777
2021-03-08 05:00:00+00:00,-0.006663137560954188,0.0
2021-03-09 00:00:00+00:00,0.013244169667888515,0.014176650677637025
2021-03-09 05:00:00+00:00,0.003415526494993242,0.0
2021-03-10 00:00:00+00:00,0.004064603996008486,0.0062053246110188335
2021-03-10 05:00:00+00:00,-0.0007190431459502405,0.0
2021-03-11 00:00:00+00:00,-0.0006177461767698656,0.01008805081008725
2021-03-11 05:00:00+00:00,0.0024725494428010897,0.0
2021-03-12 00:00:00+00:00,-0.003971594200751433,0.001345818294036892
2021-03-12 05:00:00+00:00,-0.0007193140722031129,0.0
2021-03-15 00:00:00+00:00,0.0061544195192231805,0.005945834335848409
2021-03-15 04:00:00+00:00,-0.0004923970919213142,0.0
2021-03-16 00:00:00+00:00,-0.001148711147136871,-0.0012621102432750385
2021-03-16 04:00:00+00:00,0.0015127845311765963,0.0
2021-03-17 00:00:00+00:00,-0.0033586901731977887,0.0034042297019288804
2021-03-17 04:00:00+00:00,-0.00034786887383801284,0.0
2021-03-18 00:00:00+00:00,-0.008033509458558234,-0.014656754721724667
2021-03-18 04:00:00+00:00,-0.0033304998950811344,0.0
2021-03-19 00:00:00+00:00,0.002685809470039177,-0.0018518722717197687
2021-03-19 04:00:00+00:00,-0.00019780135390736777,0.0
2021-03-22 00:00:00+00:00,0.0047176800341179135,0.00795331642569945
2021-03-22 04:00:00+00:00,0.0029811913928369594,0.0
2021-03-23 00:00:00+00:00,0.002496919297959431,-0.007902115033545824
2021-03-23 04:00:00+00:00,0.0008431741944121264,0.0
2021-03-24 00:00:00+00:00,0.0011555744314645957,-0.005096329195889217
2021-03-24 04:00:00+00:00,-0.0011256438282118252,0.0
2021-03-25 00:00:00+00:00,-0.0007095890925440658,0.005609871329673312
2021-03-25 04:00:00+00:00,-0.0016750706610699562,0.0
2021-03-26 00:00:00+00:00,0.0035280990475040873,0.01598642892171439
2021-03-26 04:00:00+00:00,0.002217887061125801,0.0
2021-03-29 00:00:00+00:00,-0.003464515050896884,-0.0005053956441721646
2021-03-29 04:00:00+00:00,-0.0006601499215478053,0.0
2021-03-30 00:00:00+00:00,-0.0017048465384176884,-0.002656370104807247
2021-03-30 04:00:00+00:00,-0.001822865731962577,0.0
2021-03-31 00:00:00+00:00,0.0014749197730620145,0.004045100664892238
2021-03-31 04:00:00+00:00,0.0021054936768859687,0.0
2021-04-01 00:00:00+00:00,0.010391260623937727,0.010741507987545128
2021-04-01 04:00:00+00:00,0.0034566041093035418,0.0
2021-04-05 00:00:00+00:00,0.0032885901530499786,0.014250842507489968
2021-04-05 04:00:00+00:00,0.0034346702330767622,0.0
2021-04-06 00:00:00+00:00,0.0039606375133759315,-0.0005908479385005115
2021-04-06 04:00:00+00:00,-0.000611539187787641,0.0
2021-04-07 00:00:00+00:00,-0.0028385912704476774,0.0011569034244057197
2021-04-07 04:00:00+00:00,0.001029364925176825,0.0
2021-04-08 00:00:00+00:00,0.0027888966773267155,0.004735366586226033
2021-04-08 04:00:00+00:00,0.006277605126410451,0.0
2021-04-09 00:00:00+00:00,0.004245813192247432,0.007243896634417302
2021-04-09 04:00:00+00:00,0.005569378501539407,0.0
2021-04-12 00:00:00+00:00,0.000211923109214099,0.0003644426429358247
2021-04-12 04:00:00+00:00,-0.0017839318173183151,0.0
2021-04-13 00:00:00+00:00,0.0017485725859709988,0.002959231694325352
2021-04-13 04:00:00+00:00,0.006069632427948382,0.0
2021-04-14 00:00:00+00:00,-0.002010310190083661,-0.003420923716264111
2021-04-14 04:00:00+00:00,-0.005578677584551472,0.0
2021-04-15 00:00:00+00:00,0.00629286335124844,0.010685248720481112
2021-04-15 04:00:00+00:00,0.006715275660165549,0.0
2021-04-16 00:00:00+00:00,0.001956346840931349,0.0033366775362216206
2021-04-16 04:00:00+00:00,0.0009500516889469387,0.0
2021-04-19 00:00:00+00:00,-0.0028952104519053626,-0.004925027328833866
2021-04-19 04:00:00+00:00,-0.0014004119768750293,0.0
2021-04-20 00:00:00+00:00,-0.004304152748548023,-0.007348487925032637
2021-04-20 04:00:00+00:00,-0.0022980441373684143,0.0
2021-04-21 00:00:00+00:00,0.005529277117446011,0.009417589350772667
2021-04-21 04:00:00+00:00,0.002846754032500219,0.0
2021-04-22 00:00:00+00:00,-0.005385623374890694,-0.009175224418037187
2021-04-22 04:00:00+00:00,-0.005634354289673505,0.0
2021-04-23 00:00:00+00:00,0.005301605249956584,0.010784220743765994
2021-04-23 04:00:00+00:00,0.007335481373439077,0.0
2021-04-26 00:00:00+00:00,0.0007330091925921108,0.002085546075643698
2021-04-26 04:00:00+00:00,0.0009498474044013805,0.0
2021-04-27 00:00:00+00:00,-0.000524911032921315,-0.00021546112763906792
2021-04-27 04:00:00+00:00,-2.6964541371101304e-05,0.0
2021-04-28 00:00:00+00:00,-0.00021613320727389127,-0.00028771805515306236
2021-04-28 04:00:00+00:00,-0.00868212151494512,0.0
2021-04-29 00:00:00+00:00,0.003652282383766553,0.006352876620018757
2021-04-29 04:00:00+00:00,-0.0022712760060619253,0.0
2021-04-30 00:00:00+00:00,-0.0028667431374088522,-0.006592340512494987
2021-04-30 04:00:00+00:00,-0.003145104479626878,0.0
2021-05-03 00:00:00+00:00,0.0010679853254301577,0.0021543601855189276
2021-05-03 04:00:00+00:00,0.0011672185038480122,0.0
2021-05-04 00:00:00+00:00,-0.003284245659484704,-0.006188334685977141
2021-05-04 04:00:00+00:00,-0.010914391399610174,0.0
2021-05-05 00:00:00+00:00,-0.0007528674348365109,0.00031254212508138754
2021-05-05 04:00:00+00:00,-0.0010508756803591411,0.0
2021-05-06 00:00:00+00:00,0.004375795991885449,0.007953909718627545
2021-05-06 04:00:00+00:00,0.005803448324633685,0.0
2021-05-07 00:00:00+00:00,0.0050817722184026085,0.0072517083416265065
2021-05-07 04:00:00+00:00,0.0028213919813180467,0.0
2021-05-10 00:00:00+00:00,-0.006635351390227857,-0.009951811459722093
2021-05-10 04:00:00+00:00,-0.006272609473898268,0.0
2021-05-11 00:00:00+00:00,-0.006489675342066044,-0.0089646732861729
2021-05-11 04:00:00+00:00,-0.0012760187665084885,0.0
2021-05-12 00:00:00+00:00,-0.015403069992942808,-0.021474241995587083
2021-05-12 04:00:00+00:00,-0.008266301180548566,0.0
2021-05-13 00:00:00+00:00,0.008705827760787833,0.011941016844740132
2021-05-13 04:00:00+00:00,0.004816881393256675,0.0
2021-05-14 00:00:00+00:00,0.010646214683988497,0.015238703743162935
2021-05-14 04:00:00+00:00,0.005881493042683462,0.0
2021-05-17 00:00:00+00:00,-0.001955950719594281,-0.0025478004142734842
2021-05-17 04:00:00+00:00,-0.0032947799694712935,0.0
2021-05-18 00:00:00+00:00,-0.005981617115263976,-0.008653178805343876
2021-05-18 04:00:00+00:00,-0.0025862363833559555,0.0
2021-05-19 00:00:00+00:00,-0.0018541842782502766,-0.0026251520945412073
2021-05-19 04:00:00+00:00,0.000517218372779909,0.0
2021-05-20 00:00:00+00:00,0.00760204423923658,0.01070043334283163
2021-05-20 04:00:00+00:00,0.004263548406686985,0.0
2021-05-21 00:00:00+00:00,-0.00044186713983762843,-0.0008190574405648629
2021-05-21 04:00:00+00:00,-0.00103917385861067,0.0
2021-05-24 00:00:00+00:00,0.004069737243797283,0.010142739068924298
2021-05-24 04:00:00+00:00,0.003551474062438222,0.0
2021-05-25 00:00:00+00:00,0.0017309690624980516,-0.0022212011216960594
2021-05-25 04:00:00+00:00,0.0005224779218674518,0.0
2021-05-26 00:00:00+00:00,-0.00014827758173054055,0.0019825152766158862
2021-05-26 04:00:00+00:00,-0.00014109581925713483,0.0
2021-05-27 00:00:00+00:00,-0.0020366733842724764,0.0005250336778818892
2021-05-27 04:00:00+00:00,-0.0014935162736410127,0.0
2021-05-28 00:00:00+00:00,0.0009702027955609287,0.0017871204467076569
2021-05-28 04:00:00+00:00,0.00012544414609026115,0.0
2021-06-01 00:00:00+00:00,-0.0013328831012379416,-0.0008813587464455251
2021-06-01 04:00:00+00:00,-0.0013933267132159222,0.0
2021-06-02 00:00:00+00:00,0.002308656975187291,0.0015713279733659059
2021-06-02 04:00:00+00:00,4.841507984818745e-05,0.0
2021-06-03 00:00:00+00:00,-0.003271070903038569,-0.0037182116515399534
2021-06-03 04:00:00+00:00,-0.0011582326068189724,0.0
2021-06-04 00:00:00+00:00,0.007935472568840527,0.009104314220982736
2021-06-04 04:00:00+00:00,0.003330880577301737,0.0
2021-06-07 00:00:00+00:00,-0.0007494679759969169,-0.0009707158651371899
2021-06-07 04:00:00+00:00,0.0017598176787123434,0.0
2021-06-08 00:00:00+00:00,-0.0006772152638177953,0.00021323246019035758
2021-06-08 04:00:00+00:00,-0.0013446521758775922,0.0
2021-06-09 00:00:00+00:00,-0.0005952803690156093,-0.0014931192461589578
2021-06-09 04:00:00+00:00,0.001106565277138269,0.0
2021-06-10 00:00:00+00:00,0.0034223398374694913,0.0046376242586433185
2021-06-10 04:00:00+00:00,0.003923701813092449,0.0
2021-06-11 00:00:00+00:00,-0.00025038041836232875,0.0016512659137538103
2021-06-11 04:00:00+00:00,0.0006929969704785042,0.0
2021-06-14 00:00:00+00:00,0.0006895307260494369,0.0022364324116915107
2021-06-14 04:00:00+00:00,0.0021211146847061975,0.0
2021-06-15 00:00:00+00:00,-0.0013038018960539013,-0.0018358635325022383
2021-06-15 04:00:00+00:00,-0.0016212498073916403,0.0
2021-06-16 00:00:00+00:00,-0.005860862154600938,-0.005598996014287242
2021-06-16 04:00:00+00:00,-0.0010433407708358732,0.0
2021-06-17 00:00:00+00:00,-0.003465810804948512,-0.0003316937582886155
2021-06-17 04:00:00+00:00,0.003729584204602363,0.0
2021-06-18 00:00:00+00:00,-0.009594599783446102,-0.013582322605844372
2021-06-18 04:00:00+00:00,-0.0015514281998238004,0.0
2021-06-21 00:00:00+00:00,0.010008150253674901,0.014214422362162306
2021-06-21 04:00:00+00:00,0.003366072590495912,0.0
2021-06-22 00:00:00+00:00,0.002190843101792979,0.005331982705418982
2021-06-22 04:00:00+00:00,0.004229478449840229,0.0
2021-06-23 00:00:00+00:00,-0.0013581203596361134,-0.0012060678141036744
2021-06-23 04:00:00+00:00,-0.0003506391077840697,0.0
2021-06-24 00:00:00+00:00,0.0031626831946570426,0.005898495592559821
2021-06-24 04:00:00+00:00,0.002070217031522233,0.0
2021-06-25 00:00:00+00:00,0.0026371982274304762,0.0035457357258125593
2021-06-25 04:00:00+00:00,-0.002436095939590051,0.0
2021-06-28 00:00:00+00:00,0.0015194045678795542,0.0020136117787109583
2021-06-28 04:00:00+00:00,0.005376866203775048,0.0
2021-06-29 00:00:00+00:00,-0.0007715476826264231,0.0005381016172619185
2021-06-29 04:00:00+00:00,0.0038484582006036677,0.0
2021-06-30 00:00:00+00:00,0.00033624202200185265,0.0008415133921548914
2021-06-30 04:00:00+00:00,-0.0007149294350580638,0.0
2021-07-01 00:00:00+00:00,0.0037285682323146543,0.0055209353977812075
2021-07-01 04:00:00+00:00,0.0010007357939450568,0.0
2021-07-02 00:00:00+00:00,0.004265566660729048,0.007614761592776459
2021-07-02 04:00:00+00:00,0.008543641360415343,0.0
2021-07-06 00:00:00+00:00,-0.0007206576380668259,-0.001823254864579443
2021-07-06 04:00:00+00:00,1.409868119517134e-05,0.0
2021-07-07 00:00:00+00:00,0.002355289608715098,0.003527846390193797
2021-07-07 04:00:00+00:00,0.003157524041337289,0.0
2021-07-08 00:00:00+00:00,-0.0034845344625363955,-0.00818133853894289
2021-07-08 04:00:00+00:00,-0.005082138263288909,0.0
2021-07-09 00:00:00+00:00,0.004482316890967693,0.01061832226517338
2021-07-09 04:00:00+00:00,0.0011202303773658955,0.0
2021-07-12 00:00:00+00:00,0.0015531984644117764,0.0035754932372818933
2021-07-12 04:00:00+00:00,-0.0012711371114196362,0.0
2021-07-13 00:00:00+00:00,-0.0015532193891019265,-0.003414869090578626
2021-07-13 04:00:00+00:00,0.007366108944659774,0.0
2021-07-14 00:00:00+00:00,0.0007615316727429277,0.0014911406648946736
2021-07-14 04:00:00+00:00,0.0031689098623161513,0.0
2021-07-15 00:00:00+00:00,-0.001264607679801295,-0.003421381247774767
2021-07-15 04:00:00+00:00,-0.0029586128086444394,0.0
2021-07-16 00:00:00+00:00,-0.003155291347979421,-0.007874466588127356
2021-07-16 04:00:00+00:00,-0.0006381914736633439,0.0
2021-07-19 00:00:00+00:00,-0.006500782946461299,-0.014878044354957558
2021-07-19 04:00:00+00:00,-0.007644931009211003,0.0
2021-07-20 00:00:00+00:00,0.006047167189587751,0.014228606767508683
2021-07-20 04:00:00+00:00,0.004784020353636211,0.0
2021-07-21 00:00:00+00:00,0.0032180779413213583,0.008063744930540528
2021-07-21 04:00:00+00:00,0.004113276114398771,0.0
2021-07-22 00:00:00+00:00,0.0009035725634629706,0.002091949440951306
2021-07-22 04:00:00+00:00,0.006667577205422036,0.0
2021-07-23 00:00:00+00:00,0.0061491701648657094,0.010235296844482145
2021-07-23 04:00:00+00:00,0.004894116267093652,0.0
2021-07-26 00:00:00+00:00,0.0014730001748630218,0.0024519579954671573
2021-07-26 04:00:00+00:00,-0.0008553244209282817,0.0
2021-07-27 00:00:00+00:00,-0.002743943517284932,-0.00456815553164697
2021-07-27 04:00:00+00:00,-0.0034812383707070837,0.0
2021-07-28 00:00:00+00:00,-0.0002464322746880737,-0.0004100996151096075
2021-07-28 04:00:00+00:00,-0.00044605566361806767,0.0
2021-07-29 00:00:00+00:00,0.0024866540805207177,0.004139073834871831
2021-07-29 04:00:00+00:00,0.0003903281358532678,0.0
2021-07-30 00:00:00+00:00,-0.002924836924142478,-0.004868300217557958
2021-07-30 04:00:00+00:00,-0.002221463030819808,0.0
2021-08-02 00:00:00+00:00,-0.0012615273143435424,-0.0021003928087844365
2021-08-02 04:00:00+00:00,-0.00012603353151752574,0.0
2021-08-03 00:00:00+00:00,0.004868058533326983,0.008102636306818928
2021-08-03 04:00:00+00:00,0.003210340401354979,0.0
2021-08-04 00:00:00+00:00,-0.002962567330219366,-0.00493120643229066
2021-08-04 04:00:00+00:00,-0.0008489658862515539,0.0
2021-08-05 00:00:00+00:00,0.0037927130004401614,0.006312991452978372
2021-08-05 04:00:00+00:00,0.004171461607228559,0.0
2021-08-06 00:00:00+00:00,-0.0004089770664931351,0.0016510600891020096
2021-08-06 04:00:00+00:00,-0.0002658696661229108,0.0
2021-08-09 00:00:00+00:00,-0.0005657439322901922,-0.0008137660101628333
2021-08-09 04:00:00+00:00,-0.0018234813397269493,0.0
2021-08-10 00:00:00+00:00,0.000247374238074405,0.001243072392682693
2021-08-10 04:00:00+00:00,-0.003165084578583897,0.0
2021-08-11 00:00:00+00:00,0.0012745750878441339,0.002481957809151262
2021-08-11 04:00:00+00:00,0.0008872688089982943,0.0
2021-08-12 00:00:00+00:00,0.001144128801774183,0.0029924237654214655
2021-08-12 04:00:00+00:00,0.005324203054091237,0.0
2021-08-13 00:00:00+00:00,0.001953933927694968,0.0018182028644839923
2021-08-13 04:00:00+00:00,0.004882414220905094,0.0
2021-08-16 00:00:00+00:00,0.001307002403147184,0.0023518289960093148
2021-08-16 04:00:00+00:00,0.003237754849952805,0.0
2021-08-17 00:00:00+00:00,-0.002672956904668066,-0.006576976029564784
2021-08-17 04:00:00+00:00,-0.002615019139770662,0.0
2021-08-18 00:00:00+00:00,-0.004418938795408213,-0.011005056858541641
2021-08-18 04:00:00+00:00,-0.0037614035467477503,0.0
2021-08-19 00:00:00+00:00,0.0012225305867862785,0.0015470434443029585
2021-08-19 04:00:00+00:00,0.00960462416480005,0.0
2021-08-20 00:00:00+00:00,0.0036637323948625162,0.007925470857556398
2021-08-20 04:00:00+00:00,0.01013998996685813,0.0
2021-08-23 00:00:00+00:00,-0.0006295412563507852,0.008757995405840652
2021-08-23 04:00:00+00:00,0.00150255616197663,0.0
2021-08-24 00:00:00+00:00,-0.0020516429563858622,0.001586257328813174
2021-08-24 04:00:00+00:00,-0.002447977683112545,0.0
2021-08-25 00:00:00+00:00,-0.0005603778659687031,0.0020961988934167365
2021-08-25 04:00:00+00:00,-0.001682404649722859,0.0
2021-08-26 00:00:00+00:00,-0.0011746721762784997,-0.005920742020396183
2021-08-26 04:00:00+00:00,-0.004089758318801758,0.0
2021-08-27 00:00:00+00:00,0.002779607423910102,0.00890123837504019
2021-08-27 04:00:00+00:00,0.001565191348784225,0.0
2021-08-30 00:00:00+00:00,0.0015329617563118727,0.004387937776453484
2021-08-30 04:00:00+00:00,0.007982226596713871,0.0
2021-08-31 00:00:00+00:00,-0.0015674670777512526,-0.0014827568476654788
2021-08-31 04:00:00+00:00,-0.002974876526768723,0.0
2021-09-01 00:00:00+00:00,0.0026491382288044672,0.0005314002665559312
2021-09-01 04:00:00+00:00,0.0004504635722336471,0.0
2021-09-02 00:00:00+00:00,0.0028707177678168085,0.003071835181954932
2021-09-02 04:00:00+00:00,4.6409255208778124e-05,0.0
2021-09-03 00:00:00+00:00,-0.002930472515797895,-0.00024284210823731286
2021-09-03 04:00:00+00:00,0.00046949922139630294,0.0
2021-09-07 00:00:00+00:00,-0.004466784269882091,-0.00358188149773111
2021-09-07 04:00:00+00:00,0.00032944611889170524,0.0
2021-09-08 00:00:00+00:00,0.0026088103835390994,-0.0012190265222121678
2021-09-08 04:00:00+00:00,-0.0006862812606689113,0.0
2021-09-09 00:00:00+00:00,0.0010506773842182448,-0.0042891844664297565
2021-09-09 04:00:00+00:00,-0.002788610791733279,0.0
2021-09-10 00:00:00+00:00,-0.006212518489464033,-0.007915848629622961
2021-09-10 04:00:00+00:00,-0.0035720176679535746,0.0
2021-09-13 00:00:00+00:00,0.0023357881419726985,0.0025559862458369048
2021-09-13 04:00:00+00:00,0.0012824194582682223,0.0
2021-09-14 00:00:00+00:00,0.0008015938578017719,-0.005411267273814767
2021-09-14 04:00:00+00:00,0.0015218721159286457,0.0
2021-09-15 00:00:00+00:00,0.0020704744260863863,0.008318025132975327
2021-09-15 04:00:00+00:00,0.004320593525313733,0.0
2021-09-16 00:00:00+00:00,-0.0023819505975669784,-0.0015865763365433294
2021-09-16 04:00:00+00:00,0.0001938709630929666,0.0
2021-09-17 00:00:00+00:00,-0.005990778030562769,-0.00978889177785538
2021-09-17 04:00:00+00:00,-0.005432712993930678,0.0
2021-09-20 00:00:00+00:00,-0.0032064775473318067,-0.0168146470558025
2021-09-20 04:00:00+00:00,-0.005897132393432737,0.0
2021-09-21 00:00:00+00:00,-0.0007716208138198,-0.0009451477370882261
2021-09-21 04:00:00+00:00,0.0004792068196372949,0.0
2021-09-22 00:00:00+00:00,0.003435570503175797,0.009707620255241257
2021-09-22 04:00:00+00:00,0.0031834531949058815,0.0
2021-09-23 00:00:00+00:00,-0.006466079756415579,0.012076797326362151
2021-09-23 04:00:00+00:00,0.0009292706824305161,0.0
2021-09-24 00:00:00+00:00,-0.002958155360697784,0.0016458471158053195
2021-09-24 04:00:00+00:00,-0.00010446275778390964,0.0
2021-09-27 00:00:00+00:00,-0.0028388862222119755,-0.002865189688181526
2021-09-27 04:00:00+00:00,-0.003793220064724024,0.0
2021-09-28 00:00:00+00:00,-0.011948439020508928,-0.020357386828021212
2021-09-28 04:00:00+00:00,-0.008091043838825758,0.0
2021-09-29 00:00:00+00:00,0.0017951894983065883,0.0016817148321665854
2021-09-29 04:00:00+00:00,0.0006183914971473034,0.0
2021-09-30 00:00:00+00:00,-0.0014156897699792075,-0.01229773569828344
2021-09-30 04:00:00+00:00,-0.001823003497724347,0.0
2021-10-01 00:00:00+00:00,0.0054622270088296,0.011814125944628452
2021-10-01 04:00:00+00:00,0.005133554830581739,0.0
2021-10-04 00:00:00+00:00,-0.0015246628994601823,-0.012979874335035061
2021-10-04 04:00:00+00:00,-0.005112432471285878,0.0
2021-10-05 00:00:00+00:00,-0.0015899091430615743,0.01035119098424586
2021-10-05 04:00:00+00:00,0.004388823146419734,0.0
2021-10-06 00:00:00+00:00,0.00506915717162029,0.004147451255117313
2021-10-06 04:00:00+00:00,0.0026677091246187167,0.0
2021-10-07 00:00:00+00:00,-0.0023914684295454364,0.00860868911557872
2021-10-07 04:00:00+00:00,0.0019287858459750575,0.0
2021-10-08 00:00:00+00:00,-0.002767111962383242,-0.0018256300243830053
2021-10-08 04:00:00+00:00,-0.0003629146934685178,0.0
2021-10-11 00:00:00+00:00,-0.004617993936394187,-0.00726594493054531
2021-10-11 04:00:00+00:00,-0.0003415495684815308,0.0
2021-10-12 00:00:00+00:00,0.0046388428549126465,-0.002464746156144137
2021-10-12 04:00:00+00:00,-0.0017807080468273716,0.0
2021-10-13 00:00:00+00:00,0.008212079963606969,0.003591365259729031
2021-10-13 04:00:00+00:00,0.0008597415237779579,0.0
2021-10-14 00:00:00+00:00,0.006321036760941678,0.016680609695924515
2021-10-14 04:00:00+00:00,0.0052985374811479425,0.0
2021-10-15 00:00:00+00:00,-0.0036576737744254805,0.007587078334811764
2021-10-15 04:00:00+00:00,0.0015854973682086259,0.0
2021-10-18 00:00:00+00:00,-0.0009920474487119936,0.0029560338456429552
2021-10-18 04:00:00+00:00,0.0027960944686688588,0.0
2021-10-19 00:00:00+00:00,0.001987680884673549,0.007685203154137335
2021-10-19 04:00:00+00:00,0.002366841508359236,0.0
2021-10-20 00:00:00+00:00,0.004300768634303603,0.00392015055437356
2021-10-20 04:00:00+00:00,-0.0009220844351355184,0.0
2021-10-21 00:00:00+00:00,0.0009921871726829312,0.0026048507292080075
2021-10-21 04:00:00+00:00,0.003823678918883152,0.0
2021-10-22 00:00:00+00:00,0.0014478334556271507,-0.0010368534489827953
2021-10-22 04:00:00+00:00,-0.0018428582288505288,0.0
2021-10-25 00:00:00+00:00,0.0022285538339707656,0.005348538232435455
2021-10-25 04:00:00+00:00,-0.001176847538810828,0.0
2021-10-26 00:00:00+00:00,0.0017847002465665115,0.0008994058142053825
2021-10-26 04:00:00+00:00,0.0022772899357474583,0.0
2021-10-27 00:00:00+00:00,0.0009748237709862954,-0.004439736306142236
2021-10-27 04:00:00+00:00,0.01451125163715267,0.0
2021-10-28 00:00:00+00:00,0.003891346956403813,0.009602479123642128
2021-10-28 04:00:00+00:00,0.001400894453877481,0.0
2021-10-29 00:00:00+00:00,0.0013490388209622677,0.0020271464953357716
2021-10-29 04:00:00+00:00,0.007718523289812772,0.0
2021-11-01 00:00:00+00:00,-0.0003674426173770714,0.0017187867748696304
2021-11-01 04:00:00+00:00,-0.0024241374875642353,0.0
2021-11-02 00:00:00+00:00,0.002596399275389088,0.004034798753086375
2021-11-02 04:00:00+00:00,0.004031006987458687,0.0
2021-11-03 00:00:00+00:00,0.0009661429194801332,0.006086768957882032
2021-11-03 04:00:00+00:00,0.0009647981772700054,0.0
2021-11-04 00:00:00+00:00,0.0033382261893709123,0.0047014912076433855
2021-11-04 04:00:00+00:00,0.0030880457724972734,0.0
2021-11-05 00:00:00+00:00,0.003528176196729184,0.0034636455005369123
2021-11-05 04:00:00+00:00,-0.0003801258012789673,0.0
2021-11-08 00:00:00+00:00,4.065030076822651e-05,0.0008531661114901932
2021-11-08 05:00:00+00:00,0.001033686594602115,0.0
2021-11-09 00:00:00+00:00,0.0006830725149072658,-0.0033107045053560567
2021-11-09 05:00:00+00:00,-0.0012797470267433078,0.0
2021-11-10 00:00:00+00:00,-0.005805083298064652,-0.008077482951703848
2021-11-10 05:00:00+00:00,-0.0074308907020682255,0.0
2021-11-11 00:00:00+00:00,-9.969503226850177e-05,0.00032355093591167924
2021-11-11 05:00:00+00:00,0.002151760319903254,0.0
2021-11-12 00:00:00+00:00,0.0021818937545249363,0.0075184535585407445
2021-11-12 05:00:00+00:00,0.006108217641236527,0.0
2021-11-15 00:00:00+00:00,-0.0017573786763985745,0.0003423572654086226
2021-11-15 05:00:00+00:00,-0.0008482070594610287,0.0
2021-11-16 00:00:00+00:00,0.0011099169179785424,0.003949956382527662
2021-11-16 05:00:00+00:00,0.004698644801932551,0.0
2021-11-17 00:00:00+00:00,0.0002619161342823208,-0.0024320979688013202
2021-11-17 05:00:00+00:00,0.0008339201335393479,0.0
2021-11-18 00:00:00+00:00,0.0018403462441300322,0.0033906703218502476
2021-11-18 05:00:00+00:00,0.006815859971273364,0.0
2021-11-19 00:00:00+00:00,0.0011398786075124574,-0.0017898349972804957
2021-11-19 05:00:00+00:00,0.004772486843805136,0.0
2021-11-22 00:00:00+00:00,-0.0018042888391214301,-0.0028193138015585517
2021-11-22 05:00:00+00:00,-0.0037591470218959282,0.0
2021-11-23 00:00:00+00:00,-0.0013922764995186695,0.0013252529361695237
2021-11-23 05:00:00+00:00,-0.002413338937222538,0.0
2021-11-24 00:00:00+00:00,0.0026233746454901647,0.002666214669452084
2021-11-24 05:00:00+00:00,0.0007700837811991709,0.0
2021-11-26 00:00:00+00:00,-0.0033353064645105395,-0.022555733658786933
2021-11-26 05:00:00+00:00,-0.015384101741738487,0.0
2021-11-29 00:00:00+00:00,0.002792266573361287,0.012192119741795232
2021-11-29 05:00:00+00:00,0.012207419971949234,0.0
2021-11-30 00:00:00+00:00,-0.004563151471200439,-0.019649329071595743
2021-11-30 05:00:00+00:00,-0.003390204196325482,0.0
2021-12-01 00:00:00+00:00,-0.0018946397691373684,-0.011169418222632734
2021-12-01 05:00:00+00:00,-0.0011360659902398223,0.0
2021-12-02 00:00:00+00:00,0.004554490598525981,0.015200355625692103
2021-12-02 05:00:00+00:00,-0.0016669619601879836,0.0
2021-12-03 00:00:00+00:00,-0.00016884734223220326,-0.008739593387553733
2021-12-03 05:00:00+00:00,-0.010350298451281454,0.0
2021-12-06 00:00:00+00:00,0.0028234505726408335,0.011773727703541449
2021-12-06 05:00:00+00:00,0.002168828616253524,0.0
2021-12-07 00:00:00+00:00,0.0060054356447285,0.020473808073844732
2021-12-07 05:00:00+00:00,0.004235534441292524,0.0
2021-12-08 00:00:00+00:00,-0.0021831080987409967,0.0026446720725704217
2021-12-08 05:00:00+00:00,0.0016217377951133589,0.0
2021-12-09 00:00:00+00:00,-0.002666823935116068,-0.006774680499799899
2021-12-09 05:00:00+00:00,-0.0005823489544192861,0.0
2021-12-10 00:00:00+00:00,0.00403564536311575,0.009369530094150699
2021-12-10 05:00:00+00:00,0.0038213208350653107,0.0
2021-12-13 00:00:00+00:00,0.0031954351588948625,-0.008897908009123016
2021-12-13 05:00:00+00:00,-0.0021025848457776027,0.0
2021-12-14 00:00:00+00:00,-0.0057472750433104815,-0.006903740989726381
2021-12-14 05:00:00+00:00,-0.002763040092728342,0.0
2021-12-15 00:00:00+00:00,0.006434789827886995,0.015504285431110102
2021-12-15 05:00:00+00:00,0.003267713951993534,0.0
2021-12-16 00:00:00+00:00,0.002185396635617245,-0.008857601220423299
2021-12-16 05:00:00+00:00,-0.0048175578895184885,0.0
2021-12-17 00:00:00+00:00,-0.0042347613337577,-0.010700102957456149
2021-12-17 05:00:00+00:00,-0.0006905676353506429,0.0
2021-12-20 00:00:00+00:00,-0.004747959818683122,-0.010690388059747999
2021-12-20 05:00:00+00:00,-0.00047346521293966564,0.0
2021-12-21 00:00:00+00:00,0.0032847989076436658,0.017603261353512534
2021-12-21 05:00:00+00:00,0.0010098968276969604,0.0
2021-12-22 00:00:00+00:00,0.007367108054143255,0.009949120214094756
2021-12-22 05:00:00+00:00,0.0008045689259146773,0.0
2021-12-23 00:00:00+00:00,0.0003758703930552063,0.0062027220648720426
2021-12-23 05:00:00+00:00,0.0001955307909767277,0.0
2021-12-27 00:00:00+00:00,0.00552200091965846,0.014053034012864129
2021-12-27 05:00:00+00:00,0.0011378503930360138,0.0
2021-12-28 00:00:00+00:00,-0.0015578840624346335,-0.0008174042148147154
2021-12-28 05:00:00+00:00,-0.0002505610390394284,0.0
2021-12-29 00:00:00+00:00,-0.0016272187856735435,0.0012782562179435501
2021-12-29 05:00:00+00:00,5.112979783519867e-05,0.0
2021-12-30 00:00:00+00:00,0.00413276701539642,-0.0027683709360700783
2021-12-30 05:00:00+00:00,-0.0003484866991688106,0.0
2021-12-31 00:00:00+00:00,0.0026100514223147864,-0.0025234057178733942
2021-12-31 05:00:00+00:00,-0.0002667757202660377,0.0
2022-01-03 00:00:00+00:00,-0.011183172693029644,0.0057732850327984
2022-01-03 05:00:00+00:00,0.0007386623855483773,0.0
2022-01-04 00:00:00+00:00,0.0011802992098540101,-0.0003350317990698076
2022-01-04 05:00:00+00:00,-0.0007140409112217536,0.0
2022-01-05 00:00:00+00:00,-0.007212911765511282,-0.019388846895547745
2022-01-05 05:00:00+00:00,-0.0020193757805794825,0.0
2022-01-06 00:00:00+00:00,-0.005348869569641846,-0.0009398365453506899
2022-01-06 05:00:00+00:00,-0.0008506165318944165,0.0
2022-01-07 00:00:00+00:00,8.349262294087565e-05,-0.003961306809793326
2022-01-07 05:00:00+00:00,5.100580214566737e-05,0.0
2022-01-10 00:00:00+00:00,0.0003770714622460795,-0.001245404309024561
2022-01-10 05:00:00+00:00,2.2700256482511105e-05,0.0
2022-01-11 00:00:00+00:00,0.006663686282058099,0.009067228523072172
2022-01-11 05:00:00+00:00,0.0007021801287708962,0.0
2022-01-12 00:00:00+00:00,0.0012502502287729663,0.002699932960430794
2022-01-12 05:00:00+00:00,0.0003578775851001205,0.0
2022-01-13 00:00:00+00:00,-0.002342163778651366,-0.013874392627628131
2022-01-13 05:00:00+00:00,-0.001820503658296314,0.0
2022-01-14 00:00:00+00:00,-0.004859036315470067,0.00040905559799758615
2022-01-14 05:00:00+00:00,0.0006343505756118516,0.0
2022-01-18 00:00:00+00:00,-0.009597241358540263,-0.01786847812114083
2022-01-18 05:00:00+00:00,-0.001352825094081073,0.0
2022-01-19 00:00:00+00:00,0.004757102511010854,-0.01043797166808888
2022-01-19 05:00:00+00:00,-0.0007690361121668423,0.0
2022-01-20 00:00:00+00:00,-0.002328630305611961,-0.011129601148074843
2022-01-20 05:00:00+00:00,-0.00045315146691023834,0.0
2022-01-21 00:00:00+00:00,-0.003789736275772631,-0.019825911338739535
2022-01-21 05:00:00+00:00,-0.0008000625142750291,0.0
2022-01-24 00:00:00+00:00,-0.00034870609893767625,0.00423782474605422
2022-01-24 05:00:00+00:00,-0.00013294100884929838,0.0
2022-01-25 00:00:00+00:00,-0.00475820653549122,-0.012284280971430665
2022-01-25 05:00:00+00:00,-0.0009276216539595752,0.0
2022-01-26 00:00:00+00:00,-0.009936289545673351,-0.0025119178685089755
2022-01-26 05:00:00+00:00,0.0005651869525266109,0.0
2022-01-27 00:00:00+00:00,-0.0004217487289680138,-0.004950146981146537
2022-01-27 05:00:00+00:00,0.00012310671254268463,0.0
2022-01-28 00:00:00+00:00,0.006952235962732171,0.02453212406460535
2022-01-28 05:00:00+00:00,0.0027435705214816294,0.0
2022-01-31 00:00:00+00:00,0.008249887483930204,0.017850716617079963
2022-01-31 05:00:00+00:00,0.0010115594380669753,0.0
2022-02-01 00:00:00+00:00,-0.0008760780385292037,0.006734216986969105
2022-02-01 05:00:00+00:00,-0.00018001529344775972,0.0
2022-02-02 00:00:00+00:00,0.006602168346230376,0.009667294711816272
2022-02-02 05:00:00+00:00,0.0005393326313988941,0.0
2022-02-03 00:00:00+00:00,-0.008624363341206061,-0.023785779156883555
2022-02-03 05:00:00+00:00,-0.001366983006620178,0.0
2022-02-04 00:00:00+00:00,-0.003251521369758475,0.0046912194442796035
2022-02-04 05:00:00+00:00,0.00031824788991005766,0.0
2022-02-07 00:00:00+00:00,0.001841073408054486,-0.003214426292439152
2022-02-07 05:00:00+00:00,-0.0005011854850472388,0.0
2022-02-08 00:00:00+00:00,0.0012606018311633487,0.008194078247467913
2022-02-08 05:00:00+00:00,0.0007731647299779689,0.0
2022-02-09 00:00:00+00:00,0.005362050443649903,0.014530031234911178
2022-02-09 05:00:00+00:00,0.0007305945526191389,0.0
2022-02-10 00:00:00+00:00,-0.012755155167099231,-0.01812882795268695
2022-02-10 05:00:00+00:00,-0.0013201745241950545,0.0
2022-02-11 00:00:00+00:00,0.006051666483192852,-0.019915870710464634
2022-02-11 05:00:00+00:00,-0.001128076409226212,0.0
2022-02-14 00:00:00+00:00,-0.00312712222434695,-0.0032747333683332347
2022-02-14 05:00:00+00:00,3.5101523266850275e-05,0.0
2022-02-15 00:00:00+00:00,-0.003392492803950121,0.015998400349310535
2022-02-15 05:00:00+00:00,0.0010484691989384304,0.0
2022-02-16 00:00:00+00:00,0.005584550527715351,0.0011201290479548548
2022-02-16 05:00:00+00:00,-6.491061557384053e-05,0.0
2022-02-17 00:00:00+00:00,0.0020435850012942352,-0.02159294556226887
2022-02-17 05:00:00+00:00,-0.0012780266754475272,0.0
2022-02-18 00:00:00+00:00,0.0006865720697690849,-0.00649596310221434
2022-02-18 05:00:00+00:00,-0.0004888571779166307,0.0
2022-02-22 00:00:00+00:00,-0.0012746298178071198,-0.010789651001932106
2022-02-22 05:00:00+00:00,-0.0005701517870503091,0.0
2022-02-23 00:00:00+00:00,-0.007744869018181486,-0.017897833253347206
2022-02-23 05:00:00+00:00,-0.001347546001509815,0.0
2022-02-24 00:00:00+00:00,0.002195211770255715,0.014936917540835898
2022-02-24 05:00:00+00:00,0.00153305448337143,0.0
2022-02-25 00:00:00+00:00,0.007565175774732865,0.02182415115938209
2022-02-25 05:00:00+00:00,0.0005864455681069453,0.0
2022-02-28 00:00:00+00:00,0.008831747269379787,-0.0025618613604826896
2022-02-28 05:00:00+00:00,0.00015240393318607118,0.0
2022-03-01 00:00:00+00:00,0.004679563717281887,-0.0153474850887831
2022-03-01 05:00:00+00:00,-0.0006266001450378665,0.0
2022-03-02 00:00:00+00:00,-0.0062905439245962685,0.018229081302708817
2022-03-02 05:00:00+00:00,0.0009907058610042555,0.0
2022-03-03 00:00:00+00:00,0.005380059613406755,-0.004990850342724292
2022-03-03 05:00:00+00:00,-0.00035510867799998225,0.0
2022-03-04 00:00:00+00:00,0.010384900356869797,-0.008157747534695824
2022-03-04 05:00:00+00:00,-0.0009983163670405893,0.0
2022-03-07 00:00:00+00:00,-0.001901156458487156,-0.02992248690897194
2022-03-07 05:00:00+00:00,-0.001531305247652155,0.0
2022-03-08 00:00:00+00:00,0.005194365773948684,-0.007610688961818282
2022-03-08 05:00:00+00:00,-0.0007019119861323596,0.0
2022-03-09 00:00:00+00:00,-0.007687911112155397,0.026457693086190014
2022-03-09 05:00:00+00:00,0.0023338721930295974,0.0
2022-03-10 00:00:00+00:00,-0.0021770217359431366,-0.004525716357502744
2022-03-10 05:00:00+00:00,-0.001297520529142155,0.0
2022-03-11 00:00:00+00:00,-0.0056907635862443314,-0.012796521827890112
2022-03-11 05:00:00+00:00,-0.0013748786994394254,0.0
2022-03-14 00:00:00+00:00,-0.012616692429327832,-0.007335267705385241
2022-03-14 04:00:00+00:00,-0.0013371334854447255,0.0
2022-03-15 00:00:00+00:00,-0.0010157083143595277,0.02175216158230587
2022-03-15 04:00:00+00:00,0.0019817832955147767,0.0
2022-03-16 00:00:00+00:00,0.0098128559096514,0.021932114590233687
2022-03-16 04:00:00+00:00,0.0016657079008718114,0.0
2022-03-17 00:00:00+00:00,0.003999446932913847,0.012433098742579028
2022-03-17 04:00:00+00:00,0.0003128315842875948,0.0
2022-03-18 00:00:00+00:00,0.0009228041149695231,0.010893424913832142
2022-03-18 04:00:00+00:00,0.0011939281559151947,0.0
2022-03-21 00:00:00+00:00,-0.0011068785253354114,-0.0002924942325244075
2022-03-21 04:00:00+00:00,0.00023673616269093053,0.0
2022-03-22 00:00:00+00:00,-0.0023057948562025805,0.01163340455767897
2022-03-22 04:00:00+00:00,0.002227611192471719,0.0
2022-03-23 00:00:00+00:00,0.0076563214473242,-0.012962138636064203
2022-03-23 04:00:00+00:00,0.0008872605576342791,0.0
2022-03-24 00:00:00+00:00,0.0048635552939395406,0.014961821494375813
2022-03-24 04:00:00+00:00,0.0024264196790636204,0.0
2022-03-25 00:00:00+00:00,-0.00127027439680563,0.004871842610735575
2022-03-25 04:00:00+00:00,0.0004032912931537588,0.0
2022-03-28 00:00:00+00:00,-0.002293304283940192,0.007087799262699027
2022-03-28 04:00:00+00:00,0.0005436172348806743,0.0
2022-03-29 00:00:00+00:00,0.005297841084863648,0.012294907117516986
2022-03-29 04:00:00+00:00,0.0020508786920384776,0.0
2022-03-30 00:00:00+00:00,0.004902283146396378,-0.006193939566918795
2022-03-30 04:00:00+00:00,-0.0007219371581493713,0.0
2022-03-31 00:00:00+00:00,-0.001944489322849582,-0.015510944034721594
2022-03-31 04:00:00+00:00,-0.001940685280965592,0.0
2022-04-01 00:00:00+00:00,0.001422483450967252,0.002830178861761628
2022-04-01 04:00:00+00:00,-0.00018607232420220468,0.0
2022-04-04 00:00:00+00:00,0.00017034268783858142,0.0085301020359817
2022-04-04 04:00:00+00:00,0.0025338136353266327,0.0
2022-04-05 00:00:00+00:00,-0.008105907704476036,-0.012711882011607981
2022-04-05 04:00:00+00:00,-0.0020692698810348318,0.0
2022-04-06 00:00:00+00:00,0.004496745403610806,-0.010049611960902767
2022-04-06 04:00:00+00:00,-0.011107640756612015,0.0
2022-04-07 00:00:00+00:00,0.0001232317427025116,0.005026357627518281
2022-04-07 04:00:00+00:00,0.0013715431241888097,0.0
2022-04-08 00:00:00+00:00,0.0013125388190971827,-0.002677656372715843
2022-04-08 04:00:00+00:00,-0.006092994811811759,0.0
2022-04-11 00:00:00+00:00,-0.004699201335810978,-0.017239826846599044
2022-04-11 04:00:00+00:00,-0.014109008090709493,0.0
2022-04-12 00:00:00+00:00,0.0017892009452611746,-0.0037123014170210235
2022-04-12 04:00:00+00:00,0.0029526616025142664,0.0
2022-04-13 00:00:00+00:00,0.0011668156477047257,0.011388526919856463
2022-04-13 04:00:00+00:00,0.008201188117751935,0.0
2022-04-14 00:00:00+00:00,-0.0018880857838879308,-0.012529968749421212
2022-04-14 04:00:00+00:00,-0.014359765928148286,0.0
2022-04-18 00:00:00+00:00,-0.0010590953944588865,0.000411174914222306
2022-04-18 04:00:00+00:00,-0.00021262408437440754,0.0
2022-04-19 00:00:00+00:00,0.0005733481942363373,0.016013626040217784
2022-04-19 04:00:00+00:00,0.007093121543289117,0.0
2022-04-20 00:00:00+00:00,0.0032971156110958126,-0.0007416788212953226
2022-04-20 04:00:00+00:00,4.5278029128961446e-05,0.0
2022-04-21 00:00:00+00:00,-0.006329540475186472,-0.015066643404168948
2022-04-21 04:00:00+00:00,-0.0002397611118639834,0.0
2022-04-22 00:00:00+00:00,-0.013628730297842236,-0.027822500305683253
2022-04-22 04:00:00+00:00,-0.0010670849880728716,0.0
2022-04-25 00:00:00+00:00,-0.00460707011679734,0.0057807847544448935
2022-04-25 04:00:00+00:00,0.0003208104280732517,0.0
2022-04-26 00:00:00+00:00,-0.005087833356118503,-0.029388462686482795
2022-04-26 04:00:00+00:00,-0.0014576161290648841,0.0
2022-04-27 00:00:00+00:00,-0.005858321829174688,0.002807889834978469
2022-04-27 04:00:00+00:00,0.000120784497970852,0.0
2022-04-28 00:00:00+00:00,0.009269295485077256,0.024945483647478624
2022-04-28 04:00:00+00:00,0.001612303371885526,0.0
2022-04-29 00:00:00+00:00,-0.016537992574507852,-0.03765556697304114
2022-04-29 04:00:00+00:00,-0.0014483561541020933,0.0
2022-05-02 00:00:00+00:00,-0.011270108523835077,0.006001403306850562
2022-05-02 04:00:00+00:00,0.00015844671510315778,0.0
2022-05-03 00:00:00+00:00,0.004017681610833224,0.004573493692826463
2022-05-03 04:00:00+00:00,0.0002971650622286569,0.0
2022-05-04 00:00:00+00:00,0.014999389566255662,0.029998551005566733
2022-05-04 04:00:00+00:00,0.001497547571882083,0.0
2022-05-05 00:00:00+00:00,-0.01615192495275042,-0.03618985437341224
2022-05-05 04:00:00+00:00,-0.0021493707536068946,0.0
2022-05-06 00:00:00+00:00,-0.0017421832556117616,-0.005987066927177392
2022-05-06 04:00:00+00:00,0.00011448885260674709,0.0
2022-05-09 00:00:00+00:00,-0.009955456959442341,-0.03254099772623811
2022-05-09 04:00:00+00:00,-0.0018329968920995296,0.0
2022-05-10 00:00:00+00:00,-0.003526695075902303,0.0023080020976119007
2022-05-10 04:00:00+00:00,0.0008737679388153137,0.0
2022-05-11 00:00:00+00:00,0.006360640676212903,-0.01601380766782671
2022-05-11 04:00:00+00:00,-0.002645205872547188,0.0
2022-05-12 00:00:00+00:00,-0.008566452771645592,-0.0010444014070597517
2022-05-12 04:00:00+00:00,-0.0013821719501328207,0.0
2022-05-13 00:00:00+00:00,-0.0004313572762732116,0.0236265475986218
2022-05-13 04:00:00+00:00,0.001584311437648254,0.0
2022-05-16 00:00:00+00:00,0.003465726360573457,-0.004065947310794323
2022-05-16 04:00:00+00:00,-0.00045385634687265477,0.0
2022-05-17 00:00:00+00:00,6.376574302508495e-05,0.020361769651395013
2022-05-17 04:00:00+00:00,0.0012879339580829817,0.0
2022-05-18 00:00:00+00:00,-0.003242911381910274,-0.04114660954105827
2022-05-18 04:00:00+00:00,-0.0029793572545128537,0.0
2022-05-19 00:00:00+00:00,0.004773732318474113,-0.0061432853828878795
2022-05-19 04:00:00+00:00,-0.0011234063115623583,0.0
2022-05-20 00:00:00+00:00,0.003310863692280508,0.00043635120763439126
2022-05-20 04:00:00+00:00,6.282351852469011e-05,0.0
2022-05-23 00:00:00+00:00,0.005351340055346059,0.018537097932409183
2022-05-23 04:00:00+00:00,0.0036368053556449045,0.0
2022-05-24 00:00:00+00:00,0.009974809226840329,-0.0076628789786466825
2022-05-24 04:00:00+00:00,-0.001484439791489247,0.0
2022-05-25 00:00:00+00:00,-0.0005091434032272011,0.00879592767959532
2022-05-25 04:00:00+00:00,0.0003774980719326448,0.0
2022-05-26 00:00:00+00:00,0.0022797636333920144,0.019784379522071505
2022-05-26 04:00:00+00:00,0.0019711937744697266,0.0
2022-05-27 00:00:00+00:00,0.008375181709655587,0.024252844037010644
2022-05-27 04:00:00+00:00,0.0035655660990402305,0.0
2022-05-31 00:00:00+00:00,-0.011103199014752919,-0.0056268374993754125
2022-05-31 04:00:00+00:00,-0.0005150677637394964,0.0
2022-06-01 00:00:00+00:00,0.00040172237431819116,-0.008121594009550585
2022-06-01 04:00:00+00:00,-8.14733361230872e-06,0.0
2022-06-02 00:00:00+00:00,0.00871787605533144,0.01886445684889004
2022-06-02 04:00:00+00:00,0.0013954637403565634,0.0
2022-06-03 00:00:00+00:00,-0.007385886764892268,-0.01654755926793221
2022-06-03 04:00:00+00:00,-0.003240968783307708,0.0
2022-06-06 00:00:00+00:00,-0.0022750772857848814,0.0030401267030375064
2022-06-06 04:00:00+00:00,0.00024466402163412983,0.0
2022-06-07 00:00:00+00:00,0.006606112969732018,0.009546390743617437
2022-06-07 04:00:00+00:00,0.0019435408944024016,0.0
2022-06-08 00:00:00+00:00,-0.009761815398981086,-0.010931664284243456
2022-06-08 04:00:00+00:00,-0.0006952195785190764,0.0
2022-06-09 00:00:00+00:00,-0.011899122656194435,-0.024070229179195633
2022-06-09 04:00:00+00:00,-0.00379279110515696,0.0
2022-06-10 00:00:00+00:00,-0.0041665395036714105,-0.02942421684930782
2022-06-10 04:00:00+00:00,-0.004901988170696702,0.0
2022-06-13 00:00:00+00:00,-0.0328753440348275,-0.03870782345866581
2022-06-13 04:00:00+00:00,-0.004791942339122083,0.0
2022-06-14 00:00:00+00:00,-0.013032751791919416,-0.0030178686364309656
2022-06-14 04:00:00+00:00,0.0008799745645468952,0.0
2022-06-15 00:00:00+00:00,0.010197290719634851,0.014155769923534177
2022-06-15 04:00:00+00:00,0.0027013756671240728,0.0
2022-06-16 00:00:00+00:00,-0.0072280413356168435,-0.033656239747070625
2022-06-16 04:00:00+00:00,-0.004338386974178671,0.0
2022-06-17 00:00:00+00:00,-0.004520409958174355,0.0021535666258114174
2022-06-17 04:00:00+00:00,0.0013415044402988038,0.0
2022-06-21 00:00:00+00:00,0.0063442601672950485,0.02486175941216684
2022-06-21 04:00:00+00:00,0.003546320734609633,0.0
2022-06-22 00:00:00+00:00,0.008322552755187453,-0.0018146394917041182
2022-06-22 04:00:00+00:00,-0.0002592352580781188,0.0
2022-06-23 00:00:00+00:00,0.0044035643223955204,0.009754861166749727
2022-06-23 04:00:00+00:00,0.0021495926985548837,0.0
2022-06-24 00:00:00+00:00,0.002336083754253983,0.03129906838312448
2022-06-24 04:00:00+00:00,0.003082410264569589,0.0
2022-06-27 00:00:00+00:00,-1.5481061828465006e-05,-0.003827169232240343
2022-06-27 04:00:00+00:00,-0.0008297149700917074,0.0
2022-06-28 00:00:00+00:00,-0.001480788306279699,-0.02064446065139506
2022-06-28 04:00:00+00:00,-0.0030888494161426627,0.0
2022-06-29 00:00:00+00:00,0.0022907828315110535,-0.0008147104836760401
2022-06-29 04:00:00+00:00,0.0013865524742185551,0.0
2022-06-30 00:00:00+00:00,0.0010479947555896655,-0.008157335317005535
2022-06-30 04:00:00+00:00,-0.0013751885051388928,0.0
2022-07-01 00:00:00+00:00,0.007487571396807412,0.010520857458108426
2022-07-01 04:00:00+00:00,0.0011301004739960902,0.0
2022-07-05 00:00:00+00:00,-0.017306557967695875,0.0018867870747941537
2022-07-05 04:00:00+00:00,0.0013265918819242125,0.0
2022-07-06 00:00:00+00:00,-0.0076096546264780435,0.0033716961648338813
2022-07-06 04:00:00+00:00,0.0011732546480886837,0.0
2022-07-07 00:00:00+00:00,-0.001024977830787083,0.014866032299247918
2022-07-07 04:00:00+00:00,0.0010770092242270864,0.0
2022-07-08 00:00:00+00:00,-0.0033426468449330145,-0.0008228602239052213
2022-07-08 04:00:00+00:00,1.7653225571001007e-05,0.0
2022-07-11 00:00:00+00:00,0.0013760314811862766,-0.011489271484488538
2022-07-11 04:00:00+00:00,-0.0009314663046126498,0.0
2022-07-12 00:00:00+00:00,-0.002309141979742826,-0.008888412364886722
2022-07-12 04:00:00+00:00,-0.0015859743528620174,0.0
2022-07-13 00:00:00+00:00,0.002500968903488169,-0.005265612436796609
2022-07-13 04:00:00+00:00,-0.00023276680640690252,0.0
2022-07-14 00:00:00+00:00,-0.006865081394437833,-0.00243136790185089
2022-07-14 04:00:00+00:00,0.000811350227381,0.0
2022-07-15 00:00:00+00:00,0.004818012711569369,0.0189248474895217
2022-07-15 04:00:00+00:00,0.0007673989998298262,0.0
2022-07-18 00:00:00+00:00,-0.006388459978918643,-0.008291210428576157
2022-07-18 04:00:00+00:00,-0.0010112533580914364,0.0
2022-07-19 00:00:00+00:00,0.005796919995922673,0.02666080261797989
2022-07-19 04:00:00+00:00,0.0016332288930305144,0.0
2022-07-20 00:00:00+00:00,-0.0033904865726811974,0.006352838856496245
2022-07-20 04:00:00+00:00,0.0008329114643874598,0.0
2022-07-21 00:00:00+00:00,0.010999910317738953,0.010131526455769351
2022-07-21 04:00:00+00:00,0.0008458627318589807,0.0
2022-07-22 00:00:00+00:00,0.005431829883506699,-0.009321132743678623
2022-07-22 04:00:00+00:00,-0.001027276475950052,0.0
2022-07-25 00:00:00+00:00,-0.0007350029222786634,0.001213955729292801
2022-07-25 04:00:00+00:00,-0.00047171044451036685,0.0
2022-07-26 00:00:00+00:00,-0.0013935023687160592,-0.011901494083790825
2022-07-26 04:00:00+00:00,-0.0015305369824912141,0.0
2022-07-27 00:00:00+00:00,0.006894650534589559,0.02563499397708081
2022-07-27 04:00:00+00:00,0.003966680243713951,0.0
2022-07-28 00:00:00+00:00,0.014474344147529506,0.012464366823773785
2022-07-28 04:00:00+00:00,0.0014444883137658998,0.0
2022-07-29 00:00:00+00:00,0.004552112521856427,0.014473611236655333
2022-07-29 04:00:00+00:00,0.0015653019144548006,0.0
2022-08-01 00:00:00+00:00,0.007115806031174581,-0.002965761117528854
2022-08-01 04:00:00+00:00,-0.000626580813532639,0.0
2022-08-02 00:00:00+00:00,-0.00864272918701058,-0.006619006614934338
2022-08-02 04:00:00+00:00,-0.0007917091034338835,0.0
2022-08-03 00:00:00+00:00,0.008622490459206027,0.015538017601840749
2022-08-03 04:00:00+00:00,0.0022719502483285804,0.0
2022-08-04 00:00:00+00:00,0.0053187915002335705,-0.0006758675287986033
2022-08-04 04:00:00+00:00,0.00015178159753583475,0.0
2022-08-05 00:00:00+00:00,-0.01031444159106758,-0.0016915925619653451
2022-08-05 04:00:00+00:00,-0.00016092068228411237,0.0
2022-08-08 00:00:00+00:00,0.0014990229598434998,-0.00116168054825056
2022-08-08 04:00:00+00:00,-3.27091471936218e-06,0.0
2022-08-09 00:00:00+00:00,0.011067382323870974,-0.003978756391471267
2022-08-09 04:00:00+00:00,2.3684494579486483e-06,0.0
2022-08-10 00:00:00+00:00,0.004369850211638969,0.020786324451730648
2022-08-10 04:00:00+00:00,9.820434746307907e-06,0.0
2022-08-11 00:00:00+00:00,-0.00015026966229028042,0.0
2022-08-11 04:00:00+00:00,-2.7887810996450575e-06,0.0
2022-08-12 00:00:00+00:00,0.016140542999331504,0.01678740250073703
2022-08-12 04:00:00+00:00,7.120632611174485e-06,0.0
2022-08-15 00:00:00+00:00,0.008259452253266844,0.004112151634980115
2022-08-15 04:00:00+00:00,2.2202819139572147e-06,0.0
2022-08-16 00:00:00+00:00,0.002830704316650781,0.001956821580741821
2022-08-16 04:00:00+00:00,-9.296459160298638e-07,0.0
2022-08-17 00:00:00+00:00,-0.0016930541972118621,-0.007123076978806391
2022-08-17 04:00:00+00:00,-2.6686707389925266e-07,0.0
2022-08-18 00:00:00+00:00,0.0037229240833610336,0.0029019348745562995
2022-08-18 04:00:00+00:00,-1.4800077921081224e-06,0.0
2022-08-19 00:00:00+00:00,-0.0005428250277041004,-0.013528966663567038
2022-08-19 04:00:00+00:00,-5.719724552304308e-06,0.0
2022-08-22 00:00:00+00:00,-0.013716571551970968,-0.021042409369164038
2022-08-22 04:00:00+00:00,-0.0002667667094805902,0.0
2022-08-23 00:00:00+00:00,-0.005951131148903343,-0.0024221504852694263
2022-08-23 04:00:00+00:00,-2.325920290170744e-05,0.0
2022-08-24 00:00:00+00:00,0.0031092929823676257,0.0031960538501034615
2022-08-24 04:00:00+00:00,2.0521592791629923e-05,0.0
2022-08-25 00:00:00+00:00,0.006061231087997943,0.014018755573168278
2022-08-25 04:00:00+00:00,0.00016960198416523666,0.0
2022-08-26 00:00:00+00:00,-0.015288420157106228,-0.03443514682284403
2022-08-26 04:00:00+00:00,-0.0004400014390000695,0.0
2022-08-29 00:00:00+00:00,0.0029985709289213737,-0.006634101685415372
2022-08-29 04:00:00+00:00,-0.00015783713977089936,0.0
2022-08-30 00:00:00+00:00,-0.014555887570733752,-0.011038594982098303
2022-08-30 04:00:00+00:00,-0.00017660176114765456,0.0
2022-08-31 00:00:00+00:00,-0.006494632314757622,-0.00763820696336741
2022-08-31 04:00:00+00:00,-0.000122423409844057,0.0
2022-09-01 00:00:00+00:00,0.014127042833126558,0.00313307217616961
2022-09-01 04:00:00+00:00,5.3765307982022756e-05,0.0
2022-09-02 00:00:00+00:00,-0.010675867952179676,-0.010600542687852519
2022-09-02 04:00:00+00:00,-0.0001569176071038723,0.0
2022-09-06 00:00:00+00:00,0.002514582516607021,-0.0037801562792401525
2022-09-06 04:00:00+00:00,-9.445018590975561e-05,0.0
2022-09-07 00:00:00+00:00,0.03080806782065174,0.01780528845540683
2022-09-07 04:00:00+00:00,6.621349896959909e-09,0.0
2022-09-08 00:00:00+00:00,-0.00077816888032657,0.006515258685315488
2022-09-08 04:00:00+00:00,-1.0880051246641539e-09,0.0
2022-09-09 00:00:00+00:00,0.004014524365462352,0.015415664674981028
2022-09-09 04:00:00+00:00,9.159102053504782e-09,0.0
2022-09-12 00:00:00+00:00,0.00951765660585852,0.010690259312701905
2022-09-12 04:00:00+00:00,8.269775688051191e-09,0.0
2022-09-13 00:00:00+00:00,-0.026986617113888656,-0.0444560802336716
2022-09-13 04:00:00+00:00,-2.5033368428738956e-08,0.0
2022-09-14 00:00:00+00:00,0.008120303469814807,0.003808663890646808
2022-09-14 04:00:00+00:00,1.7647653182625765e-09,0.0
2022-09-15 00:00:00+00:00,-0.025230835483538952,-0.011418399347583557
2022-09-15 04:00:00+00:00,-1.0530415506489808e-08,0.0
2022-09-16 00:00:00+00:00,-0.003752526189934509,-0.0076582442667885945
2022-09-16 04:00:00+00:00,-2.468140251524299e-09,0.0
2022-09-19 00:00:00+00:00,0.013308183610300214,0.007725225674958136
2022-09-19 04:00:00+00:00,3.70560189775368e-09,0.0
2022-09-20 00:00:00+00:00,-0.014647498151648558,-0.011545024544522824
2022-09-20 04:00:00+00:00,1.6480285261491661e-10,0.0
2022-09-21 00:00:00+00:00,-0.013767252340856797,-0.017597773413742576
2022-09-21 04:00:00+00:00,-0.002793363594820744,0.0
2022-09-22 00:00:00+00:00,-0.008364701978792667,-0.008435225428647627
2022-09-22 04:00:00+00:00,0.0007559584611563587,0.0
2022-09-23 00:00:00+00:00,-0.008262206305855316,-0.016896769437135483
2022-09-23 04:00:00+00:00,-0.0023240824668455656,0.0
2022-09-26 00:00:00+00:00,-0.01289233517495587,-0.009941788796548322
2022-09-26 04:00:00+00:00,-0.0001404984381529158,0.0
2022-09-27 00:00:00+00:00,-0.00855781341600906,-0.0025563040613401674
2022-09-27 04:00:00+00:00,-0.00023906898375896914,0.0
2022-09-28 00:00:00+00:00,0.018679378238066962,0.019485421795129347
2022-09-28 04:00:00+00:00,0.0018404168853966211,0.0
2022-09-29 00:00:00+00:00,-0.009776203724953816,-0.02111027108022547
2022-09-29 04:00:00+00:00,-0.004259748886907342,0.0
2022-09-30 00:00:00+00:00,-0.008085856947046608,-0.015584279036706167
2022-09-30 04:00:00+00:00,-0.0038976336329037955,0.0
2022-10-03 00:00:00+00:00,0.018748413366080994,0.02605889477601787
2022-10-03 04:00:00+00:00,0.005584783060829696,0.0
2022-10-04 00:00:00+00:00,0.010920283966327592,0.030516033329680437
2022-10-04 04:00:00+00:00,0.005366091352080538,0.0
2022-10-05 00:00:00+00:00,-0.007229269504892924,-0.002330841026501338
2022-10-05 04:00:00+00:00,0.00025830696154960093,0.0
2022-10-06 00:00:00+00:00,-0.007208719249588945,-0.010369414005196748
2022-10-06 04:00:00+00:00,-0.0015935462787225326,0.0
2022-10-07 00:00:00+00:00,-0.012454570692833095,-0.028290394037294005
2022-10-07 04:00:00+00:00,-0.008645851822121168,0.0
2022-10-10 00:00:00+00:00,-0.009521536282593945,-0.007664685057807175
2022-10-10 04:00:00+00:00,-0.0026549812249085022,0.0
2022-10-11 00:00:00+00:00,-0.0008560997577486663,-0.006353133413078077
2022-10-11 04:00:00+00:00,-0.002705962835268282,0.0
2022-10-12 00:00:00+00:00,-0.0015869227304677038,-0.0033037925580560144
2022-10-12 04:00:00+00:00,-4.243643208683495e-05,0.0
2022-10-13 00:00:00+00:00,0.0022473505159834096,0.026048894144145407
2022-10-13 04:00:00+00:00,0.006454095519353268,0.0
2022-10-14 00:00:00+00:00,-0.010999285782416608,-0.02305245431365625
2022-10-14 04:00:00+00:00,-0.0048447103825677825,0.0
2022-10-17 00:00:00+00:00,0.005815079627865126,0.025372221291732607
2022-10-17 04:00:00+00:00,0.006434103078222821,0.0
2022-10-18 00:00:00+00:00,0.005094265870353911,0.01168113974318971
2022-10-18 04:00:00+00:00,0.0010055807864737826,0.0
2022-10-19 00:00:00+00:00,-0.011304825333093817,-0.007111778883079431
2022-10-19 04:00:00+00:00,-0.001057160514251934,0.0
2022-10-20 00:00:00+00:00,-0.009112681362311888,-0.008420596097518244
2022-10-20 04:00:00+00:00,-0.00037339723593751863,0.0
2022-10-21 00:00:00+00:00,0.0065018881451060755,0.0240110343852511
2022-10-21 04:00:00+00:00,0.004007368147982487,0.0
2022-10-24 00:00:00+00:00,-0.0011877200064233542,0.012162170963200875
2022-10-24 04:00:00+00:00,0.0027169500356655353,0.0
2022-10-25 00:00:00+00:00,0.011955096360592006,0.015842356043452018
2022-10-25 04:00:00+00:00,0.002576557510262689,0.0
2022-10-26 00:00:00+00:00,0.005197106915051118,-0.007562656588613144
2022-10-26 04:00:00+00:00,-0.007346519469977498,0.0
2022-10-27 00:00:00+00:00,0.0023016799968555977,-0.0053542840602712
2022-10-27 04:00:00+00:00,-0.00400829790999579,0.0
2022-10-28 00:00:00+00:00,-0.0003541981868467104,0.02351213335409523
2022-10-28 04:00:00+00:00,0.00890229851119064,0.0
2022-10-31 00:00:00+00:00,-0.006677498075590878,-0.0072495033147900925
2022-10-31 04:00:00+00:00,-0.002434356324375043,0.0
2022-11-01 00:00:00+00:00,0.006142256900522986,-0.0043854145761948096
2022-11-01 04:00:00+00:00,-0.00270290614264123,0.0
2022-11-02 00:00:00+00:00,-0.007526432857248167,-0.02541655068850124
2022-11-02 04:00:00+00:00,-0.005738729460581397,0.0
2022-11-03 00:00:00+00:00,-0.003523424123815458,-0.010350164595143823
2022-11-03 04:00:00+00:00,-0.00554238569357878,0.0
2022-11-04 00:00:00+00:00,0.009314130861917815,0.01429050778162564
2022-11-04 04:00:00+00:00,0.0016927749524146929,0.0
2022-11-07 00:00:00+00:00,-0.00464558511219983,0.009520091357032402
2022-11-07 05:00:00+00:00,0.0019476793858739063,0.0
2022-11-08 00:00:00+00:00,0.01278613332504383,0.005380838038143652
2022-11-08 05:00:00+00:00,0.0005874722059288984,0.0
2022-11-09 00:00:00+00:00,-0.004472956143500899,-0.02081711138337217
2022-11-09 05:00:00+00:00,-0.003841870794456073,0.0
2022-11-10 00:00:00+00:00,0.03244878583811566,0.05349715801063332
2022-11-10 05:00:00+00:00,0.011424121294514006,0.0
2022-11-11 00:00:00+00:00,0.001741041422679816,0.009631930880622528
2022-11-11 05:00:00+00:00,0.0025100923954899687,0.0
2022-11-14 00:00:00+00:00,-0.0020408109044408526,-0.008543024697213998
2022-11-14 05:00:00+00:00,-0.0020635953259694104,0.0
2022-11-15 00:00:00+00:00,0.007667464212508023,0.008492844109111764
2022-11-15 05:00:00+00:00,0.001061348828490643,0.0
2022-11-16 00:00:00+00:00,0.004656664309951034,-0.007658009101493938
2022-11-16 05:00:00+00:00,-0.0005800058013716321,0.0
2022-11-17 00:00:00+00:00,-0.007550613348877629,-0.0030643941225598917
2022-11-17 05:00:00+00:00,0.0010403747303676654,0.0
2022-11-18 00:00:00+00:00,-0.0019089082045134907,0.004530022362501075
2022-11-18 05:00:00+00:00,7.614837539787362e-05,0.0
2022-11-21 00:00:00+00:00,-0.000774913636317486,-0.00364264563762019
2022-11-21 05:00:00+00:00,-0.0012189223456807498,0.0
2022-11-22 00:00:00+00:00,0.00688889768393118,0.013367361009847286
2022-11-22 05:00:00+00:00,0.0022876990812650106,0.0
2022-11-23 00:00:00+00:00,0.008599461512845828,0.006281802630779538
2022-11-23 05:00:00+00:00,0.00147715337058069,0.0
2022-11-25 00:00:00+00:00,-0.00015713314983835196,-0.00022399466437865085
2022-11-25 05:00:00+00:00,-0.0014532419309146337,0.0
2022-11-28 00:00:00+00:00,-0.005021527142465605,-0.016085450022659743
2022-11-28 05:00:00+00:00,-0.004290210241282582,0.0
2022-11-29 00:00:00+00:00,-0.002539356339934179,-0.0017191000866470629
2022-11-29 05:00:00+00:00,-0.00213392747292459,0.0
2022-11-30 00:00:00+00:00,0.012739454444572692,0.031014538207494346
2022-11-30 05:00:00+00:00,0.009485363633853511,0.0
2022-12-01 00:00:00+00:00,0.014222224963695478,-0.000736030394147936
2022-12-01 05:00:00+00:00,-4.448932327700205e-05,0.0
2022-12-02 00:00:00+00:00,0.0016895645915750493,-0.0011542437791517229
2022-12-02 05:00:00+00:00,-0.00010983700787033063,0.0
2022-12-05 00:00:00+00:00,-0.012506541282926317,-0.01815317773112083
2022-12-05 05:00:00+00:00,-0.0025166842568738117,0.0
2022-12-06 00:00:00+00:00,0.0008531406395672328,-0.014519723967052789
2022-12-06 05:00:00+00:00,-0.018592997123733582,0.0
2022-12-07 00:00:00+00:00,0.0026678749552922227,-0.0017025533978157422
2022-12-07 05:00:00+00:00,-0.009765989271877978,0.0
2022-12-08 00:00:00+00:00,0.0004512837185323005,0.007803380411573682
2022-12-08 05:00:00+00:00,0.008819004597889122,0.0
2022-12-09 00:00:00+00:00,-0.0024415593619268455,-0.00749825409242656
2022-12-09 05:00:00+00:00,-0.002672566608026317,0.0
2022-12-12 00:00:00+00:00,0.0008864562837849668,0.014314229130925954
2022-12-12 05:00:00+00:00,0.012299036893091338,0.0
2022-12-13 00:00:00+00:00,0.003013569334762145,0.0075414918300228135
2022-12-13 05:00:00+00:00,0.005303037124740498,0.0
2022-12-14 00:00:00+00:00,-0.00024195511411510346,-0.006414138060263143
2022-12-14 05:00:00+00:00,-0.010856223540131184,0.0
2022-12-15 00:00:00+00:00,-0.0029708955323857742,-0.024765929839626815
2022-12-15 05:00:00+00:00,-0.0345177057064037,0.0
2022-12-16 00:00:00+00:00,-0.0012364858928226798,-0.011876326277663383
2022-12-16 05:00:00+00:00,-0.010825631474616043,0.0
2022-12-19 00:00:00+00:00,-0.002291060924786689,-0.008515909559267613
2022-12-19 05:00:00+00:00,-0.011765858228579416,0.0
2022-12-20 00:00:00+00:00,0.0002118427871538588,0.0013673849522011555
2022-12-20 05:00:00+00:00,2.0227022582937676e-06,0.0
2022-12-21 00:00:00+00:00,0.013793151153497381,0.014842093678370187
2022-12-21 05:00:00+00:00,1.1156362695828201e-05,0.0
2022-12-22 00:00:00+00:00,-0.00610980698962938,-0.014369174544981959
2022-12-22 05:00:00+00:00,-1.7166232747651337e-05,0.0
2022-12-23 00:00:00+00:00,0.010163545460376672,0.005735923821426231
2022-12-23 05:00:00+00:00,5.397840674074635e-08,0.0
2022-12-27 00:00:00+00:00,0.0061529271937554135,-0.003951356105375908
2022-12-27 05:00:00+00:00,-7.021749533634699e-06,0.0
2022-12-28 00:00:00+00:00,-0.009562306091160894,-0.012505766482622808
2022-12-28 05:00:00+00:00,-1.3211944780485802e-05,0.0
2022-12-29 00:00:00+00:00,0.007194687051551407,0.01784019234874679
2022-12-29 05:00:00+00:00,1.8851780024913048e-05,0.0
2022-12-30 00:00:00+00:00,-0.009573634389552683,-0.0026372984248911957
2022-12-30 05:00:00+00:00,-1.1982728887421935e-06,0.0
2023-01-03 00:00:00+00:00,2.512108500259417e-05,-0.004218892181961487
2023-01-03 05:00:00+00:00,-1.1643958226109557e-05,0.0
2023-01-04 00:00:00+00:00,0.00903487680702353,0.007690426295519434
2023-01-04 05:00:00+00:00,-1.4376720705642639e-05,0.0
2023-01-05 00:00:00+00:00,-0.021828045542999094,-0.011479058796026445
2023-01-05 05:00:00+00:00,-1.4855256073550106e-05,0.0
2023-01-06 00:00:00+00:00,0.01852914932840762,0.022673323106622022
2023-01-06 05:00:00+00:00,1.0084777211196946e-05,0.0
2023-01-09 00:00:00+00:00,0.0022437747649354514,-0.0005670767664572046
2023-01-09 05:00:00+00:00,2.2325254408233696e-06,0.0
2023-01-10 00:00:00+00:00,0.0036554273365786,0.006988316556868866
2023-01-10 05:00:00+00:00,2.0444080026826292e-06,0.0
2023-01-11 00:00:00+00:00,-0.0006705568857454918,0.012568557838605658
2023-01-11 05:00:00+00:00,8.839636829007118e-06,0.0
2023-01-12 00:00:00+00:00,0.011496480279759181,0.003634229852123369
2023-01-12 05:00:00+00:00,1.3685138332500907e-06,0.0
2023-01-13 00:00:00+00:00,0.011907048888075544,0.003871813534078047
2023-01-13 05:00:00+00:00,2.7772484664164566e-06,0.0
2023-01-17 00:00:00+00:00,-0.0065617162279274065,-0.001833543018430392
2023-01-17 05:00:00+00:00,2.6743460147064033e-06,0.0
2023-01-18 00:00:00+00:00,-0.0028659860526068105,-0.01591405025291636
2023-01-18 05:00:00+00:00,-3.7673604938926375e-06,0.0
2023-01-19 00:00:00+00:00,0.01571238150984957,-0.0073062290212776325
2023-01-19 05:00:00+00:00,-2.0637176392193383e-06,0.0
2023-01-20 00:00:00+00:00,-0.0033397141739076675,0.01845759538283221
2023-01-20 05:00:00+00:00,9.09740815259135e-06,0.0
2023-01-23 00:00:00+00:00,0.0018924004576284983,0.011927328646164623
2023-01-23 05:00:00+00:00,7.879527375938884e-07,0.0
2023-01-24 00:00:00+00:00,0.0036124831581453433,-0.0010740079324115075
2023-01-24 05:00:00+00:00,2.398260987497241e-07,0.0
2023-01-25 00:00:00+00:00,0.004592473709479514,0.0003746779907034158
2023-01-25 05:00:00+00:00,-2.2092206249312057e-07,0.0
2023-01-26 00:00:00+00:00,-0.009094828121589028,0.010930391029701527
2023-01-26 05:00:00+00:00,8.713655730659201e-07,0.0
2023-01-27 00:00:00+00:00,-0.0013938264561808615,0.0022949356824489677
2023-01-27 05:00:00+00:00,3.8241121670110787e-07,0.0
2023-01-30 00:00:00+00:00,-0.0025703733026425984,-0.012626086221014738
2023-01-30 05:00:00+00:00,-8.998172466914071e-07,0.0
2023-01-31 00:00:00+00:00,0.0036302404725224733,0.01459629898038962
2023-01-31 05:00:00+00:00,5.68262330243002e-07,0.0
2023-02-01 00:00:00+00:00,0.012517240558837463,0.010571629500166095
2023-02-01 05:00:00+00:00,5.214647244152261e-07,0.0
2023-02-02 00:00:00+00:00,-0.020966008523636927,0.014452067760423954
2023-02-02 05:00:00+00:00,1.7070885841954175e-06,0.0
2023-02-03 00:00:00+00:00,-0.025272070070670165,-0.010685892057874275
2023-02-03 05:00:00+00:00,2.9017895403656227e-07,0.0
2023-02-06 00:00:00+00:00,0.002072341868511949,-0.0061301540092126355
2023-02-06 05:00:00+00:00,-5.907706962376973e-07,0.0
2023-02-07 00:00:00+00:00,0.000918719130267463,0.012993864453546283
2023-02-07 05:00:00+00:00,5.175900862801316e-06,0.0
2023-02-08 00:00:00+00:00,0.002465109574915813,-0.01099510863771875
2023-02-08 05:00:00+00:00,-2.5517402227948583e-06,0.0
2023-02-09 00:00:00+00:00,-0.00794342216882329,-0.008706705287150618
2023-02-09 05:00:00+00:00,-1.6733135813264196e-06,0.0
2023-02-10 00:00:00+00:00,0.001902179458420653,0.0023310101954920935
2023-02-10 05:00:00+00:00,1.9622654835573282e-07,0.0
2023-02-13 00:00:00+00:00,-0.0050801298063935015,0.011670368518088654
2023-02-13 05:00:00+00:00,4.44729705396048e-06,0.0
2023-02-14 00:00:00+00:00,0.0007517166752148286,-0.00046020835104647323
2023-02-14 05:00:00+00:00,-3.5674327529696035e-07,0.0
2023-02-15 00:00:00+00:00,-0.010009037280189988,0.0032420202828864343
2023-02-15 05:00:00+00:00,1.3040859154384609e-06,0.0
2023-02-16 00:00:00+00:00,-0.0008264369275436133,-0.013864463438190004
2023-02-16 05:00:00+00:00,-3.127426828164316e-06,0.0
2023-02-17 00:00:00+00:00,0.002983040054609504,-0.002501355607554212
2023-02-17 05:00:00+00:00,-2.0160058958020955e-06,0.0
2023-02-21 00:00:00+00:00,-0.0037523028542157505,-0.020264868330453174
2023-02-21 05:00:00+00:00,-4.933410435679851e-06,0.0
2023-02-22 00:00:00+00:00,-0.005635621504103433,-0.001378901892493427
2023-02-22 05:00:00+00:00,1.1484651176786776e-07,0.0
2023-02-23 00:00:00+00:00,-0.0005278533285738381,0.005305052651169375
2023-02-23 05:00:00+00:00,9.644474511227297e-07,0.0
2023-02-24 00:00:00+00:00,-0.007220642444342778,-0.01073963158268266
2023-02-24 05:00:00+00:00,-3.0679421725658036e-06,0.0
2023-02-27 00:00:00+00:00,0.003910766698272226,0.0033999316657095475
2023-02-27 05:00:00+00:00,1.1017312032991724e-06,0.0
2023-02-28 00:00:00+00:00,0.004541910591042551,-0.003702889585073276
2023-02-28 05:00:00+00:00,-5.268364340769426e-07,0.0
2023-03-01 00:00:00+00:00,0.005747656906395892,-0.0038432342313136753
2023-03-01 05:00:00+00:00,-2.2070033697722387e-06,0.0
2023-03-02 00:00:00+00:00,-0.0005848272311598272,0.0077472530941048974
2023-03-02 05:00:00+00:00,1.362144253343941e-06,0.0
2023-03-03 00:00:00+00:00,0.010668560847694958,0.015910561556306994
2023-03-03 05:00:00+00:00,4.658229190614001e-06,0.0
2023-03-06 00:00:00+00:00,-0.005054840740368845,0.0006925312977812259
2023-03-06 05:00:00+00:00,2.360291370339023e-06,0.0
2023-03-07 00:00:00+00:00,-0.017626412708365763,-0.015447463603704149
2023-03-07 05:00:00+00:00,-2.140692302373214e-06,0.0
2023-03-08 00:00:00+00:00,-0.0004731741036214899,0.0016307933652849047
2023-03-08 05:00:00+00:00,8.61205410442225e-07,0.0
2023-03-09 00:00:00+00:00,0.009799335451609742,-0.018622073792578714
2023-03-09 05:00:00+00:00,-4.21273409907885e-07,0.0
2023-03-10 00:00:00+00:00,0.02133190474919795,-0.014534503451830036
2023-03-10 05:00:00+00:00,-4.895487800169162e-07,0.0
2023-03-13 00:00:00+00:00,0.022686288462329538,-0.0014264408124500343
2023-03-13 04:00:00+00:00,5.329998302609306e-07,0.0
2023-03-14 00:00:00+00:00,-0.00580729061368526,0.01639494706900801
2023-03-14 04:00:00+00:00,6.07383777286338e-07,0.0
2023-03-15 00:00:00+00:00,0.007773880560403414,-0.006273954219607466
2023-03-15 04:00:00+00:00,2.3984357843571276e-07,0.0
2023-03-16 00:00:00+00:00,0.0020179845654477615,0.017392797287459478
2023-03-16 04:00:00+00:00,8.478255812242298e-07,0.0
2023-03-17 00:00:00+00:00,0.028700801605495187,-0.01176132172632154
2023-03-17 04:00:00+00:00,-1.7842485481775553e-08,0.0
2023-03-20 00:00:00+00:00,0.0003807056549756972,0.009569607029224044
2023-03-20 04:00:00+00:00,1.1542490391035555e-07,0.0
2023-03-21 00:00:00+00:00,-0.01905353442530114,0.013045113352113415
2023-03-21 04:00:00+00:00,3.4647816046528966e-07,0.0
2023-03-22 00:00:00+00:00,0.01687502044954918,-0.017193582446550042
2023-03-22 04:00:00+00:00,-2.776585318115403e-07,0.0
2023-03-23 00:00:00+00:00,0.012458478999048282,0.0026998291934669564
2023-03-23 04:00:00+00:00,0.004882315861264924,0.0
2023-03-24 00:00:00+00:00,-0.008427660391237445,0.0065405374459922986
2023-03-24 04:00:00+00:00,0.00260649693250064,0.0
2023-03-27 00:00:00+00:00,-0.006938172485500548,0.0018681191016728896
2023-03-27 04:00:00+00:00,-0.003761593898130549,0.0
2023-03-28 00:00:00+00:00,0.0060823518728520655,-0.00224699079115772
2023-03-28 04:00:00+00:00,-0.0010423717607126776,0.0
2023-03-29 00:00:00+00:00,-0.003665661501769065,0.014430025220431903
2023-03-29 04:00:00+00:00,0.004750606652882849,0.0
2023-03-30 00:00:00+00:00,0.006738679611601512,0.0058382771390097414
2023-03-30 04:00:00+00:00,0.0031351559131988435,0.0
2023-03-31 00:00:00+00:00,-0.0038556168018329833,0.013996305584144964
2023-03-31 04:00:00+00:00,0.003712878192409762,0.0
2023-04-03 00:00:00+00:00,0.005372653304757648,0.0038032609197939118
2023-04-03 04:00:00+00:00,-0.000929449467279687,0.0
2023-04-04 00:00:00+00:00,0.013772417828479513,-0.0055635503196623595
2023-04-04 04:00:00+00:00,-4.357049057121185e-05,0.0
2023-04-05 00:00:00+00:00,-0.0006043367126984725,-0.002621815827734449
2023-04-05 04:00:00+00:00,-0.002484637202872955,0.0
2023-04-06 00:00:00+00:00,-0.005333032786194244,0.003893360808443472
2023-04-06 04:00:00+00:00,0.006302988256953105,0.0
2023-04-10 00:00:00+00:00,-0.0048541688956297785,0.0010258172876932918
2023-04-10 04:00:00+00:00,-0.0026832766570107336,0.0
2023-04-11 00:00:00+00:00,0.004201673033186903,0.0002685054960169535
2023-04-11 04:00:00+00:00,-0.004785602896701269,0.0
2023-04-12 00:00:00+00:00,0.0029335555498615686,-0.004084155151903921
2023-04-12 04:00:00+00:00,7.1843898695706e-05,0.0
2023-04-13 00:00:00+00:00,0.00988276794745871,0.013195262260981682
2023-04-13 04:00:00+00:00,0.006735794489442221,0.0
2023-04-14 00:00:00+00:00,-0.012040282342824305,-0.002445870836177205
2023-04-14 04:00:00+00:00,-0.002507664595719921,0.0
2023-04-17 00:00:00+00:00,-0.002698761797052324,0.003581800105209134
2023-04-17 04:00:00+00:00,0.0016928211459276126,0.0
2023-04-18 00:00:00+00:00,0.0026188258480482614,0.0006521994815844913
2023-04-18 04:00:00+00:00,0.00033239789940217845,0.0
2023-04-19 00:00:00+00:00,-0.003191663978391171,-0.00016913842340328622
2023-04-19 04:00:00+00:00,0.0006109499987202806,0.0
2023-04-20 00:00:00+00:00,0.002205612859795932,-0.005471971344573472
2023-04-20 04:00:00+00:00,-0.0019548224139746577,0.0
2023-04-21 00:00:00+00:00,-0.006538090381078275,0.0007767719790457523
2023-04-21 04:00:00+00:00,-0.0010159237556991534,0.0
2023-04-24 00:00:00+00:00,0.002091040329753895,0.0010424740444468172
2023-04-24 04:00:00+00:00,-0.0031328722274857686,0.0
2023-04-25 00:00:00+00:00,0.0026493389921812974,-0.016001264812094514
2023-04-25 04:00:00+00:00,-0.005898155433492802,0.0
2023-04-26 00:00:00+00:00,-0.00378045235746351,-0.004244567190059756
2023-04-26 04:00:00+00:00,0.016187968237829593,0.0
2023-04-27 00:00:00+00:00,0.0008937678038177895,0.01971261431062895
2023-04-27 04:00:00+00:00,0.009131746330875368,0.0
2023-04-28 00:00:00+00:00,0.0005484198454427546,0.008498767977732342
2023-04-28 04:00:00+00:00,0.002330027033738492,0.0
2023-05-01 00:00:00+00:00,-0.003012651586009024,-0.0010102984343401808
2023-05-01 04:00:00+00:00,-0.0013193059339425954,0.0
2023-05-02 00:00:00+00:00,0.012112707377096937,-0.011302720091547156
2023-05-02 04:00:00+00:00,-0.0005201255300506737,0.0
2023-05-03 00:00:00+00:00,0.005268470682377292,-0.0068876930656770145
2023-05-03 04:00:00+00:00,-0.0011915834617324261,0.0
2023-05-04 00:00:00+00:00,0.00431251852930247,-0.007107971995248419
2023-05-04 04:00:00+00:00,0.00011500954775207396,0.0
2023-05-05 00:00:00+00:00,-0.009602783383151852,0.01834313330060585
2023-05-05 04:00:00+00:00,0.0069398969210334935,0.0
2023-05-08 00:00:00+00:00,0.0008202385110293956,0.0002665405762113746
2023-05-08 04:00:00+00:00,-0.0015218722999969345,0.0
2023-05-09 00:00:00+00:00,0.0033311702635832764,-0.004395023782547176
2023-05-09 04:00:00+00:00,-0.0023672237281534116,0.0
2023-05-10 00:00:00+00:00,-0.00025916206670321273,0.004661416728272028
2023-05-10 04:00:00+00:00,0.005285969780959312,0.0
2023-05-11 00:00:00+00:00,-0.004847545563596324,-0.0017453708106102595
2023-05-11 04:00:00+00:00,-0.0016131762675415545,0.0
2023-05-12 00:00:00+00:00,-0.0010686274422120334,-0.0013112606873345624
2023-05-12 04:00:00+00:00,-0.0014731357212875134,0.0
2023-05-15 00:00:00+00:00,0.0015321257012055345,0.0034441038530711996
2023-05-15 04:00:00+00:00,8.153247943889591e-05,0.0
2023-05-16 00:00:00+00:00,-0.007531723880092434,-0.006704897041630184
2023-05-16 04:00:00+00:00,0.0017948195653091747,0.0
2023-05-17 00:00:00+00:00,-0.0005487204039725646,0.012065820945457629
2023-05-17 04:00:00+00:00,0.0026792620691177605,0.0
2023-05-18 00:00:00+00:00,-0.006001027206075637,0.009587123651485896
2023-05-18 04:00:00+00:00,0.004925649546778632,0.0
2023-05-19 00:00:00+00:00,0.005160067702611927,-0.0014562920266753434
2023-05-19 04:00:00+00:00,-7.193747209624672e-05,0.0
2023-05-22 00:00:00+00:00,-0.0012218260392067829,0.00040614803071366675
2023-05-22 04:00:00+00:00,0.0015921298554574328,0.0
2023-05-23 00:00:00+00:00,-0.0005911080315664934,-0.011286403881411075
2023-05-23 04:00:00+00:00,-0.015417179819058217,0.0
2023-05-24 00:00:00+00:00,-0.0006804667331211165,-0.007271029438713491
2023-05-24 04:00:00+00:00,-0.0014125944041685217,0.0
2023-05-25 00:00:00+00:00,0.000799101374791456,0.008622508220522341
2023-05-25 04:00:00+00:00,0.020735357959306477,0.0
2023-05-26 00:00:00+00:00,0.0012005012513227353,0.012867553929289023
2023-05-26 04:00:00+00:00,0.01607768401825254,0.0
2023-05-30 00:00:00+00:00,3.74279972805608e-05,0.00038085922043493045
2023-05-30 04:00:00+00:00,0.0022043147048105543,0.0
2023-05-31 00:00:00+00:00,-0.0005151925880633433,-0.0055605860542823115
2023-05-31 04:00:00+00:00,-0.00416531060343882,0.0
2023-06-01 00:00:00+00:00,0.0008818054305697414,0.009456146286977581
2023-06-01 04:00:00+00:00,0.012886103235411124,0.0
2023-06-02 00:00:00+00:00,0.001334679733573905,0.014357679553357263
2023-06-02 04:00:00+00:00,0.006057783014639062,0.0
2023-06-05 00:00:00+00:00,-0.0001771324372783914,-0.0019182659141350508
2023-06-05 04:00:00+00:00,-0.00253404253638595,0.0
2023-06-06 00:00:00+00:00,0.00020351027797772779,0.0021750622712697694
2023-06-06 04:00:00+00:00,-0.00408597780847769,0.0
2023-06-07 00:00:00+00:00,-0.00032450276333171165,-0.0034635410581640735
2023-06-07 04:00:00+00:00,-0.018201398137400526,0.0
2023-06-08 00:00:00+00:00,0.0005748914002565182,0.006030242577344052
2023-06-08 04:00:00+00:00,0.009300393436813045,0.0
2023-06-09 00:00:00+00:00,0.00016969150270700346,0.0017926762662889217
2023-06-09 04:00:00+00:00,0.0031693693047486517,0.0
2023-06-12 00:00:00+00:00,0.0008580020396464243,0.00903105313850467
2023-06-12 04:00:00+00:00,0.013967287680158336,0.0
2023-06-13 00:00:00+00:00,0.0006231411183532389,0.0065713907641151426
2023-06-13 04:00:00+00:00,0.002406943879629625,0.0
2023-06-14 00:00:00+00:00,0.00011352723193405967,0.0011900147883282964
2023-06-14 04:00:00+00:00,0.005840762588874636,0.0
2023-06-15 00:00:00+00:00,0.001172341073981922,0.012321507218704019
2023-06-15 04:00:00+00:00,0.019804844355828223,0.0
2023-06-16 00:00:00+00:00,-0.0003242116374711141,-0.003411996881247874
2023-06-16 04:00:00+00:00,-0.0105211190439786,0.0
2023-06-20 00:00:00+00:00,-0.0004953105461057179,-0.005201761403420478
2023-06-20 04:00:00+00:00,-0.005834145291496006,0.0
2023-06-21 00:00:00+00:00,-0.00048758423987383396,-0.005137023396273051
2023-06-21 04:00:00+00:00,-0.008836761691503837,0.0
2023-06-22 00:00:00+00:00,0.00034039329848307336,0.003603254655970089
2023-06-22 04:00:00+00:00,0.015731919112654553,0.0
2023-06-23 00:00:00+00:00,-0.0007209867409908468,-0.00758852922084032
2023-06-23 04:00:00+00:00,-0.005316543613985051,0.0
2023-06-26 00:00:00+00:00,-0.0007199368094372683,-0.004094187795472001
2023-06-26 04:00:00+00:00,-0.010014390897039718,0.0
2023-06-27 00:00:00+00:00,0.0019199678992028253,0.010903391010062578
2023-06-27 04:00:00+00:00,0.013288452053452877,0.0
2023-06-28 00:00:00+00:00,8.750215252128819e-05,0.000504407072393331
2023-06-28 04:00:00+00:00,0.004396618231807764,0.0
2023-06-29 00:00:00+00:00,0.0006908908877325308,0.003933708403760831
2023-06-29 04:00:00+00:00,0.00013857502087947962,0.0
2023-06-30 00:00:00+00:00,0.002070075177304575,0.011731515691614163
2023-06-30 04:00:00+00:00,0.016697024849331964,0.0
2023-07-03 00:00:00+00:00,0.00020287045786673805,0.0011498836748838894
2023-07-03 04:00:00+00:00,-0.0063397948774591515,0.0
2023-07-05 00:00:00+00:00,-0.00026258963211628664,-0.0014882947174229815
2023-07-05 04:00:00+00:00,-0.002810436378535592,0.0
2023-07-06 00:00:00+00:00,-0.001388151983975746,-0.007861455431912088
2023-07-06 04:00:00+00:00,0.004203656585386066,0.0
2023-07-07 00:00:00+00:00,-0.0004456652979254885,-0.002527840713635609
2023-07-07 04:00:00+00:00,-0.006798083711028148,0.0
2023-07-10 00:00:00+00:00,0.00044515536021345745,0.0025278407136356913
2023-07-10 04:00:00+00:00,-0.010654088959120333,0.0
2023-07-11 00:00:00+00:00,0.001298451115540165,0.006348367662364242
2023-07-11 04:00:00+00:00,-0.0011566023155287776,0.0
2023-07-12 00:00:00+00:00,0.0016396847843019233,0.008013756038039194
2023-07-12 04:00:00+00:00,0.008298087406550077,0.0
2023-07-13 00:00:00+00:00,0.0016163951939722468,0.007905399789246162
2023-07-13 04:00:00+00:00,0.005962414802516988,0.0
2023-07-14 00:00:00+00:00,-0.00012787851949288946,-0.0006228713884364133
2023-07-14 04:00:00+00:00,0.002158084556424576,0.0
2023-07-17 00:00:00+00:00,0.0007080548365655747,0.003466221809031695
2023-07-17 04:00:00+00:00,0.01005706167738467,0.0
2023-07-18 00:00:00+00:00,0.001513587577805565,0.007403035313686472
2023-07-18 04:00:00+00:00,0.00814462134606439,0.0
2023-07-19 00:00:00+00:00,0.0004548631816997754,0.002221147319092157
2023-07-19 04:00:00+00:00,0.0011811011389095765,0.0
2023-07-20 00:00:00+00:00,-0.001360568637914813,-0.006656486240033566
2023-07-20 04:00:00+00:00,-0.011095159348868682,0.0
2023-07-21 00:00:00+00:00,4.4652864822033877e-07,0.0
2023-07-21 04:00:00+00:00,-0.005554825604663329,0.0
2023-07-24 00:00:00+00:00,0.0009105647698176914,0.004457400010875116
2023-07-24 04:00:00+00:00,0.003276639988624499,0.0
2023-07-25 00:00:00+00:00,0.0005575390020367824,0.002726413780013926
2023-07-25 04:00:00+00:00,0.004275730765136464,0.0
2023-07-26 00:00:00+00:00,5.863581926724352e-05,0.00015364774192785216
2023-07-26 04:00:00+00:00,-0.002915611348088853,0.0
2023-07-27 00:00:00+00:00,-0.003039850233812809,-0.006652079047563537
2023-07-27 04:00:00+00:00,-0.005794476552493603,0.0
2023-07-28 00:00:00+00:00,0.003639267174303547,0.009742637093033038
2023-07-28 04:00:00+00:00,0.009166414958070046,0.0
2023-07-31 00:00:00+00:00,0.0007359488990927438,0.0019022651268821012
2023-07-31 04:00:00+00:00,0.0005084919858429348,0.0
2023-08-01 00:00:00+00:00,-0.001441860725000141,-0.002865628122443618
2023-08-01 04:00:00+00:00,-0.0018115219271884044,0.0
2023-08-02 00:00:00+00:00,-0.005324448399585758,-0.014008442738665923
2023-08-02 04:00:00+00:00,-0.010668765775457379,0.0
2023-08-03 00:00:00+00:00,-0.0017508775926395278,-0.002870025367452359
2023-08-03 04:00:00+00:00,-0.0037214586048816556,0.0
2023-08-04 00:00:00+00:00,-0.0020551380549432923,-0.004532823179021413
2023-08-04 04:00:00+00:00,-0.02223055815567568,0.0
2023-08-07 00:00:00+00:00,0.00329785121819546,0.008690387645636791
2023-08-07 04:00:00+00:00,-0.007095942124744034,0.0
2023-08-08 00:00:00+00:00,-0.0015223507730653082,-0.004358011805365388
2023-08-08 04:00:00+00:00,0.0008266226963187702,0.0
2023-08-09 00:00:00+00:00,-0.0006943311449676142,-0.006707737011163843
2023-08-09 04:00:00+00:00,-0.0021584621793665935,0.0
2023-08-10 00:00:00+00:00,-0.004315276557649534,0.0003589641727776563
2023-08-10 04:00:00+00:00,8.14179157140247e-05,0.0
2023-08-11 00:00:00+00:00,0.0003996614680043211,-0.0005833557184422816
2023-08-11 04:00:00+00:00,-0.0005578720708113623,0.0
2023-08-14 00:00:00+00:00,-0.001760757319339697,0.00550480747681146
2023-08-14 04:00:00+00:00,0.0019587917771569157,0.0
2023-08-15 00:00:00+00:00,-0.006762244687057155,-0.011717302061044167
2023-08-15 04:00:00+00:00,-0.0019042492425473548,0.0
2023-08-16 00:00:00+00:00,-0.00341829501360241,-0.007365126840118336
2023-08-16 04:00:00+00:00,-0.0007858444559620657,0.0
2023-08-17 00:00:00+00:00,-0.0028921043314709786,-0.007649051867436956
2023-08-17 04:00:00+00:00,-0.0027042469786644485,0.0
2023-08-18 00:00:00+00:00,0.0018164663008161468,0.00048124094517968606
2023-08-18 04:00:00+00:00,0.00018137538070151887,0.0
2023-08-21 00:00:00+00:00,-0.0023445569786964453,0.006485196019772766
2023-08-21 04:00:00+00:00,0.0025297412785713655,0.0
2023-08-22 00:00:00+00:00,0.002115156149334017,-0.0027124753253830822
2023-08-22 04:00:00+00:00,0.0010400743906031932,0.0
2023-08-23 00:00:00+00:00,0.010108878821675618,0.011076336905928588
2023-08-23 04:00:00+00:00,0.006775561059634245,0.0
2023-08-24 00:00:00+00:00,-0.008502597466546889,-0.013956072323721718
2023-08-24 04:00:00+00:00,-0.009304823653209187,0.0
2023-08-25 00:00:00+00:00,0.004280006686446997,0.0070251570808142275
2023-08-25 04:00:00+00:00,0.004202101251336636,0.0
2023-08-28 00:00:00+00:00,0.003851175317546242,0.006321277881409029
2023-08-28 04:00:00+00:00,0.00198717848316877,0.0
2023-08-29 00:00:00+00:00,0.008743433243230441,0.01435137754551154
2023-08-29 04:00:00+00:00,0.006855224739702705,0.0
2023-08-30 00:00:00+00:00,0.002504083247386441,0.004110175414256916
2023-08-30 04:00:00+00:00,0.003479472875499218,0.0
2023-08-31 00:00:00+00:00,-0.000892202720206209,-0.0014644519655809484
2023-08-31 04:00:00+00:00,-0.000494531143116253,0.0
2023-09-01 00:00:00+00:00,0.0011353659757695107,0.001863577610517775
2023-09-01 04:00:00+00:00,0.002036744716295418,0.0
2023-09-05 00:00:00+00:00,-0.002638826151346065,-0.004331340845422869
2023-09-05 04:00:00+00:00,0.003478807571211749,0.0
2023-09-06 00:00:00+00:00,-0.004109424599292964,-0.006745165496496652
2023-09-06 04:00:00+00:00,-0.006632023716214026,0.0
2023-09-07 00:00:00+00:00,-0.0018733921334830865,-0.0030749658211390563
2023-09-07 04:00:00+00:00,-0.007020085154573372,0.0
2023-09-08 00:00:00+00:00,0.0028181584106222925,0.0015050355059787611
2023-09-08 04:00:00+00:00,0.0016114520171071755,0.0
2023-09-11 00:00:00+00:00,0.0006923353870478484,0.006555075852567666
2023-09-11 04:00:00+00:00,0.0017062343274486316,0.0
2023-09-12 00:00:00+00:00,-0.0006056831031800038,-0.0055006928237309365
2023-09-12 04:00:00+00:00,-0.0034793758809082576,0.0
2023-09-13 00:00:00+00:00,0.0018579777620966497,0.0011653415615963903
2023-09-13 04:00:00+00:00,6.048117309803225e-05,0.0
2023-09-14 00:00:00+00:00,0.002679639489947498,0.008585383654144315
2023-09-14 04:00:00+00:00,0.0016196209237721404,0.0
2023-09-15 00:00:00+00:00,-0.0025680911586271104,-0.012121465480230026
2023-09-15 04:00:00+00:00,-0.0028580957788132385,0.0
2023-09-18 00:00:00+00:00,0.0025727775354777126,0.0005862052898732146
2023-09-18 04:00:00+00:00,0.001318813149288897,0.0
2023-09-19 00:00:00+00:00,-0.003212560160134194,-0.002075848211625637
2023-09-19 04:00:00+00:00,0.0004889565416633482,0.0
2023-09-20 00:00:00+00:00,-0.0004622659629695113,-0.00923591051813846
2023-09-20 04:00:00+00:00,-0.00433844002634493,0.0
2023-09-21 00:00:00+00:00,-0.012081153991882997,-0.016666435314924365
2023-09-21 04:00:00+00:00,-0.0012566097995891797,0.0
2023-09-22 00:00:00+00:00,0.0017786084096881082,-0.0022512298634481598
2023-09-22 04:00:00+00:00,-0.0017298254868403455,0.0
2023-09-25 00:00:00+00:00,-0.001292624439848485,0.004196485423995678
2023-09-25 04:00:00+00:00,0.0007674624924849307,0.0
2023-09-26 00:00:00+00:00,-0.008944181364090559,-0.014800159238589707
2023-09-26 04:00:00+00:00,-0.005394956850965659,0.0
2023-09-27 00:00:00+00:00,-0.002983012282692367,0.00039885644973277034
2023-09-27 04:00:00+00:00,8.808272411720008e-05,0.0
2023-09-28 00:00:00+00:00,0.0010821529947190297,0.005780816356496658
2023-09-28 04:00:00+00:00,0.000747056668369906,0.0
2023-09-29 00:00:00+00:00,-0.002571850498893864,-0.002429886510738691
2023-09-29 04:00:00+00:00,0.0018110244245796434,0.0
2023-10-02 00:00:00+00:00,-0.005118244975474657,-0.0003977423217053844
2023-10-02 04:00:00+00:00,0.00541957146660723,0.0
2023-10-03 00:00:00+00:00,-0.007598523332527807,-0.013476422947078964
2023-10-03 04:00:00+00:00,-0.006950649657655194,0.0
2023-10-04 00:00:00+00:00,0.004224760806096476,0.007255685042109248
2023-10-04 04:00:00+00:00,0.0047243559966681815,0.0
2023-10-05 00:00:00+00:00,-0.0011076995573070457,-0.0003770103317975422
2023-10-05 04:00:00+00:00,0.0006551499346733867,0.0
2023-10-06 00:00:00+00:00,0.005233747198505599,0.011802883879299314
2023-10-06 04:00:00+00:00,0.0067706875120331035,0.0
2023-10-09 00:00:00+00:00,0.010512315566733738,0.006381719501202674
2023-10-09 04:00:00+00:00,0.002353883890899071,0.0
2023-10-10 00:00:00+00:00,0.002655434358656719,0.005191355671116181
2023-10-10 04:00:00+00:00,-0.001124467744227619,0.0
2023-10-11 00:00:00+00:00,0.008659629050675837,0.004087913669621721
2023-10-11 04:00:00+00:00,0.0029377754691357017,0.0
2023-10-12 00:00:00+00:00,-0.009265758640070988,-0.006115057071219645
2023-10-12 04:00:00+00:00,0.00014205314799524405,0.0
2023-10-13 00:00:00+00:00,0.010684688956338053,-0.004993492065975316
2023-10-13 04:00:00+00:00,-0.0030185378791436532,0.0
2023-10-16 00:00:00+00:00,-0.0004322897390514678,0.010466723138975871
2023-10-16 04:00:00+00:00,0.002126777559985984,0.0
2023-10-17 00:00:00+00:00,-0.0021077402375041044,-4.594278079487002e-05
2023-10-17 04:00:00+00:00,-0.0015048567003713232,0.0
2023-10-18 00:00:00+00:00,-0.0023619385475746714,-0.01341458325302288
2023-10-18 04:00:00+00:00,-0.0019287300152556219,0.0
2023-10-19 00:00:00+00:00,-0.004442558158652984,-0.008825323633713094
2023-10-19 04:00:00+00:00,0.00024364124189842214,0.0
2023-10-20 00:00:00+00:00,-0.002213802916573788,-0.01236423478744386
2023-10-20 04:00:00+00:00,-0.004206065387726062,0.0
2023-10-23 00:00:00+00:00,-0.00032090444365529794,-0.0017345166395562918
2023-10-23 04:00:00+00:00,0.0012871038745392795,0.0
2023-10-24 00:00:00+00:00,0.008023657883671667,0.0075109123999403315
2023-10-24 04:00:00+00:00,0.0008915706770650231,0.0
2023-10-25 00:00:00+00:00,-0.004282644984033775,-0.014456135948817698
2023-10-25 04:00:00+00:00,0.0025792037350960985,0.0
2023-10-26 00:00:00+00:00,0.00270139820443381,-0.012046904747822594
2023-10-26 04:00:00+00:00,-0.009078793876433183,0.0
2023-10-27 00:00:00+00:00,-0.0025242909569339386,-0.004543056010262713
2023-10-27 04:00:00+00:00,0.0019572502982069936,0.0
2023-10-30 00:00:00+00:00,0.001248865635003166,0.011884767782048033
2023-10-30 04:00:00+00:00,0.005004628168543575,0.0
2023-10-31 00:00:00+00:00,0.0005327381110559711,0.006260650103932432
2023-10-31 04:00:00+00:00,0.0007380699008025723,0.0
2023-11-01 00:00:00+00:00,0.0067870009488471186,0.010608460770109412
2023-11-01 04:00:00+00:00,0.005995243742724313,0.0
2023-11-02 00:00:00+00:00,0.010893939469052875,0.018982966106334747
2023-11-02 04:00:00+00:00,0.003784560459346535,0.0
2023-11-03 00:00:00+00:00,0.004374910746383954,0.009081967731502544
2023-11-03 04:00:00+00:00,0.001166791345779432,0.0
2023-11-06 00:00:00+00:00,-0.003430908506879713,0.0022978944837249455
2023-11-06 05:00:00+00:00,0.0035533929720149623,0.0
2023-11-07 00:00:00+00:00,-0.0007515595171418347,0.002841948865583729
2023-11-07 05:00:00+00:00,0.0024054634489087704,0.0
2023-11-08 00:00:00+00:00,-0.0036541251727716197,0.0007321525402455081
2023-11-08 05:00:00+00:00,0.0012330424185990631,0.0
2023-11-09 00:00:00+00:00,-0.0026665123538035223,-0.007829319413546343
2023-11-09 05:00:00+00:00,-0.0008736499125052273,0.0
2023-11-10 00:00:00+00:00,-0.0006045638812183967,0.015484444902724647
2023-11-10 05:00:00+00:00,0.0044454507156409286,0.0
2023-11-13 00:00:00+00:00,0.0011323911354013511,-0.0009537277397309032
2023-11-13 05:00:00+00:00,-0.001570857808236817,0.0
2023-11-14 00:00:00+00:00,0.01285296019718091,0.019214991197386833
2023-11-14 05:00:00+00:00,0.0022642128531020905,0.0
2023-11-15 00:00:00+00:00,-0.0019381974272894259,0.0021148522656376447
2023-11-15 05:00:00+00:00,0.0003359529354702408,0.0
2023-11-16 00:00:00+00:00,0.006520750348922926,0.0012223029494354525
2023-11-16 05:00:00+00:00,0.002432701122729272,0.0
2023-11-17 00:00:00+00:00,0.0007730643320550058,0.0012429605915231338
2023-11-17 05:00:00+00:00,-0.0015105866755052934,0.0
2023-11-20 00:00:00+00:00,0.0011627266187138497,0.007668136570970697
2023-11-20 05:00:00+00:00,0.002711131660294911,0.0
2023-11-21 00:00:00+00:00,0.004395552686548185,-0.0021817557893869764
2023-11-21 05:00:00+00:00,-0.0020276649114705143,0.0
2023-11-22 00:00:00+00:00,0.0006055327991193537,0.0038533567050515983
2023-11-22 05:00:00+00:00,0.0021137564835072157,0.0
2023-11-24 00:00:00+00:00,-3.745909329839212e-05,0.0006152690599220414
2023-11-24 05:00:00+00:00,-0.0007989149964186551,0.0
2023-11-27 00:00:00+00:00,0.004935861905250278,-0.0018025889886205692
2023-11-27 05:00:00+00:00,0.000353033861023989,0.0
2023-11-28 00:00:00+00:00,0.004961420813462466,0.0009895311459074648
2023-11-28 05:00:00+00:00,0.0018065990584741594,0.0
2023-11-29 00:00:00+00:00,0.0013005865110929452,-0.0007036197211700946
2023-11-29 05:00:00+00:00,-0.0019197404928615732,0.0
2023-11-30 00:00:00+00:00,-0.002093973301420793,0.003929739944327716
2023-11-30 05:00:00+00:00,0.0003017346570505356,0.0
2023-12-01 00:00:00+00:00,0.011130863086887616,0.005898463147572276
2023-12-01 05:00:00+00:00,-0.0010267219407227982,0.0
2023-12-04 00:00:00+00:00,-0.00860234141234839,-0.005263327761062117
2023-12-04 05:00:00+00:00,-0.002903149407855103,0.0
2023-12-05 00:00:00+00:00,0.0014543403536127239,-0.00019699667799414047
2023-12-05 05:00:00+00:00,0.003188377144890492,0.0
2023-12-06 00:00:00+00:00,0.004958307452868453,-0.0040379974219412855
2023-12-06 05:00:00+00:00,-0.0019347083557504563,0.0
2023-12-07 00:00:00+00:00,0.0056853155612315775,0.007601379906494827
2023-12-07 05:00:00+00:00,0.0006602504316924713,0.0
2023-12-08 00:00:00+00:00,0.0010985833391446195,0.004290055103688823
2023-12-08 05:00:00+00:00,0.0006385594846018191,0.0
2023-12-11 00:00:00+00:00,0.00144400279451294,0.0038819622375864888
2023-12-11 05:00:00+00:00,-0.0008639701009425455,0.0
2023-12-12 00:00:00+00:00,0.0032198612672616925,0.004556866273816803
2023-12-12 05:00:00+00:00,0.0006431349500088811,0.0
2023-12-13 00:00:00+00:00,0.0145874350881557,0.01369588087034035
2023-12-13 05:00:00+00:00,0.0007569157569625435,0.0
2023-12-14 00:00:00+00:00,0.003233703379278545,0.0032042117145710367
2023-12-14 05:00:00+00:00,-0.0007435969078040732,0.0
2023-12-15 00:00:00+00:00,-0.0029596407898826037,-0.0016478963030128317
2023-12-15 05:00:00+00:00,0.0003198415432345566,0.0
2023-12-18 00:00:00+00:00,0.004584748648388685,0.005609375008481543
2023-12-18 05:00:00+00:00,-0.00021464939267914473,0.0
2023-12-19 00:00:00+00:00,0.005659024056399077,0.006062522284257109
2023-12-19 05:00:00+00:00,0.00030055899230931174,0.0
2023-12-20 00:00:00+00:00,-0.011497555128687635,-0.013954285594628336
2023-12-20 05:00:00+00:00,-0.0007353968856096749,0.0
2023-12-21 00:00:00+00:00,0.007893028423265025,0.009437372026173781
2023-12-21 05:00:00+00:00,0.0012955308010629133,0.0
2023-12-22 00:00:00+00:00,0.0015340180689191302,0.002007674219698902
2023-12-22 05:00:00+00:00,-0.0003227255779744369,0.0
2023-12-26 00:00:00+00:00,0.003776215436628803,0.004213508025459458
2023-12-26 05:00:00+00:00,-0.00038203492374597973,0.0
2023-12-27 00:00:00+00:00,0.00326445863898601,0.0018064437217018149
2023-12-27 05:00:00+00:00,-0.00020649033064318095,0.0
2023-12-28 00:00:00+00:00,-0.001869347253269418,0.0003776787199776049
2023-12-28 05:00:00+00:00,0.0009085386419499268,0.0
2023-12-29 00:00:00+00:00,-0.0020287522377997044,-0.0028991009959804023
2023-12-29 05:00:00+00:00,-0.00044036382807860204,0.0
2024-01-02 00:00:00+00:00,-0.0018504263684626723,-0.005612125266053369
2024-01-02 05:00:00+00:00,-0.007871010398373342,0.0
2024-01-03 00:00:00+00:00,-0.0038777075316150803,-0.008200178287370068
2024-01-03 05:00:00+00:00,-0.001241358785421606,0.0
2024-01-04 00:00:00+00:00,-0.0020135652326603412,-0.0032263911921243007
2024-01-04 05:00:00+00:00,-0.003182249798630251,0.0
2024-01-05 00:00:00+00:00,-0.00027730456315670424,0.0013687190691553759
2024-01-05 05:00:00+00:00,-0.0006869174807299381,0.0
2024-01-08 00:00:00+00:00,0.0024734258937309,0.014175097744044643
2024-01-08 05:00:00+00:00,0.006887087450125758,0.0
2024-01-09 00:00:00+00:00,-0.0007977830915070361,-0.0015182989557542487
2024-01-09 05:00:00+00:00,0.0011182667483431435,0.0
2024-01-10 00:00:00+00:00,0.002049527711219922,0.005639531519745209
2024-01-10 05:00:00+00:00,0.007020382510102327,0.0
2024-01-11 00:00:00+00:00,-0.00043106445029541195,-0.00044067173681883463
2024-01-11 05:00:00+00:00,0.001849220691222819,0.0
2024-01-12 00:00:00+00:00,0.002032381260849636,0.000692490716915253
2024-01-12 05:00:00+00:00,0.003789476036082536,0.0
2024-01-16 00:00:00+00:00,-0.003409213810919727,-0.0036780741094674333
2024-01-16 05:00:00+00:00,0.0017634604903518016,0.0
2024-01-17 00:00:00+00:00,-0.004566928604440295,-0.005574052612098275
2024-01-17 05:00:00+00:00,-0.0007827595157249044,0.0
2024-01-18 00:00:00+00:00,0.004898929898851636,0.00885337310838063
2024-01-18 05:00:00+00:00,0.0042854907695473975,0.0
2024-01-19 00:00:00+00:00,0.005793118696611661,0.012389016569952838
2024-01-19 05:00:00+00:00,0.004620807415289025,0.0
2024-01-22 00:00:00+00:00,0.0001671466620258487,0.0021123861355478207
2024-01-22 05:00:00+00:00,-0.0020723980818585248,0.0
2024-01-23 00:00:00+00:00,0.0019354006430055944,0.002912147012424259
2024-01-23 05:00:00+00:00,0.0022924327504658805,0.0
2024-01-24 00:00:00+00:00,-0.0012164128482843755,0.00109249781833661
2024-01-24 05:00:00+00:00,0.006066799320889366,0.0
2024-01-25 00:00:00+00:00,0.0017998572499923699,0.00542415245285573
2024-01-25 05:00:00+00:00,0.003800736924938179,0.0
2024-01-26 00:00:00+00:00,-0.000417855020431625,-0.0012711547562256047
2024-01-26 05:00:00+00:00,-0.0015454618952003493,0.0
2024-01-29 00:00:00+00:00,0.002634380855072363,0.007888147780954462
2024-01-29 05:00:00+00:00,0.009454036807360884,0.0
2024-01-30 00:00:00+00:00,-0.00022827928276007912,-0.0007737128066156267
2024-01-30 05:00:00+00:00,-0.0018375366195531597,0.0
2024-01-31 00:00:00+00:00,-0.00529131459243575,-0.01645191752819102
2024-01-31 05:00:00+00:00,-0.018149080367277404,0.0
2024-02-01 00:00:00+00:00,0.00432525008128785,0.013003311803854108
2024-02-01 05:00:00+00:00,0.010281439729765635,0.0
2024-02-02 00:00:00+00:00,0.003221857184697211,0.010472171507918659
2024-02-02 05:00:00+00:00,0.012128091407289368,0.0
2024-02-05 00:00:00+00:00,-0.0012527710807071026,-0.0036476971470924
2024-02-05 05:00:00+00:00,-0.009057999798641957,0.0
2024-02-06 00:00:00+00:00,0.0010064153664368935,0.0028990649005153656
2024-02-06 05:00:00+00:00,-0.00026078705620406675,0.0
2024-02-07 00:00:00+00:00,0.0026620291403129017,0.008305815130771898
2024-02-07 05:00:00+00:00,0.013877716279505275,0.0
2024-02-08 00:00:00+00:00,-0.0009705028273232475,0.0004414524616947873
2024-02-08 05:00:00+00:00,-0.0010853393230736016,0.0
2024-02-09 00:00:00+00:00,0.00038075455136776337,0.005762898280215156
2024-02-09 05:00:00+00:00,0.003491704452587483,0.0
2024-02-12 00:00:00+00:00,-0.00013084095494445686,-0.0004390400190746607
2024-02-12 05:00:00+00:00,-0.0039595370490671,0.0
2024-02-13 00:00:00+00:00,-0.009201364909259576,-0.013868756357424508
2024-02-13 05:00:00+00:00,-0.0059977309168495665,0.0
2024-02-14 00:00:00+00:00,0.0027085342539838854,0.009046560223315913
2024-02-14 05:00:00+00:00,0.0007584275175387923,0.0
2024-02-15 00:00:00+00:00,0.004619147060093903,0.006876005571849264
2024-02-15 05:00:00+00:00,-0.0015622410081666145,0.0
2024-02-16 00:00:00+00:00,-0.0008004649944950905,-0.004992377997378393
2024-02-16 05:00:00+00:00,-0.0027107340422866917,0.0
2024-02-20 00:00:00+00:00,0.00028931366481114193,-0.005520538135310381
2024-02-20 05:00:00+00:00,-0.0013452712548581679,0.0
2024-02-21 00:00:00+00:00,0.00024491726531353746,0.0009053425072407279
2024-02-21 05:00:00+00:00,0.0005382157419092193,0.0
2024-02-22 00:00:00+00:00,0.005059253607802612,0.020484283666827904
2024-02-22 05:00:00+00:00,0.006232170071385377,0.0
2024-02-23 00:00:00+00:00,0.0031096432250661216,0.0006894101652319018
2024-02-23 05:00:00+00:00,-0.0018676026679204608,0.0
2024-02-26 00:00:00+00:00,-0.0014630263038467217,-0.003669214990725318
2024-02-26 05:00:00+00:00,-0.004006620166172893,0.0
2024-02-27 00:00:00+00:00,0.0006479233065853357,0.0018559693731306259
2024-02-27 05:00:00+00:00,-8.310439843825617e-05,0.0
2024-02-28 00:00:00+00:00,-0.00041659961234125737,-0.0013224993705138175
2024-02-28 05:00:00+00:00,0.00034187442418145937,0.0
2024-02-29 00:00:00+00:00,0.0015537036910289069,0.0035885431297870054
2024-02-29 05:00:00+00:00,0.008428355335760689,0.0
2024-03-01 00:00:00+00:00,0.0042676271443354155,0.00934451434290533
2024-03-01 05:00:00+00:00,0.0026215392387919224,0.0
2024-03-04 00:00:00+00:00,0.0002709130446354127,-0.0010730372801461613
2024-03-04 05:00:00+00:00,-0.0008261458136943537,0.0
2024-03-05 00:00:00+00:00,-0.003492932813088909,-0.010044500466661513
2024-03-05 05:00:00+00:00,-0.017564276191315387,0.0
2024-03-06 00:00:00+00:00,0.0022279815855795596,0.005054431798341742
2024-03-06 05:00:00+00:00,-0.000815993144390669,0.0
2024-03-07 00:00:00+00:00,0.003920239123362839,0.009877427648346282
2024-03-07 05:00:00+00:00,0.010164088650181055,0.0
2024-03-08 00:00:00+00:00,-0.0018931905191293234,-0.006020214283468772
2024-03-08 05:00:00+00:00,-0.0041849028959413314,0.0
2024-03-11 00:00:00+00:00,0.0002729072609823712,-0.0008602095320873136
2024-03-11 04:00:00+00:00,-0.0017871738281668742,0.0
2024-03-12 00:00:00+00:00,-8.08507303531029e-06,0.010699979224978314
2024-03-12 04:00:00+00:00,0.011211091951752893,0.0
2024-03-13 00:00:00+00:00,0.001168754155632782,-0.0015687028203792248
2024-03-13 04:00:00+00:00,-0.00018891107030317452,0.0
2024-03-14 00:00:00+00:00,-0.0022220215853924847,-0.001978753081546536
2024-03-14 04:00:00+00:00,0.010289187276485097,0.0
2024-03-15 00:00:00+00:00,-0.002689889344478311,-0.006890285826602653
2024-03-15 04:00:00+00:00,-0.008930739302551829,0.0
2024-03-18 00:00:00+00:00,0.0020596816246629163,0.005925516946776002
2024-03-18 04:00:00+00:00,0.0009238156502969666,0.0
2024-03-19 00:00:00+00:00,0.0015892205566117935,0.005541870987510738
2024-03-19 04:00:00+00:00,0.004168897197892592,0.0
2024-03-20 00:00:00+00:00,0.0054044728371429205,0.009206599128574309
2024-03-20 04:00:00+00:00,0.0038580010358956617,0.0
2024-03-21 00:00:00+00:00,0.0007340854737401147,0.0032993038273882802
2024-03-21 04:00:00+00:00,0.0041245841734399305,0.0
2024-03-22 00:00:00+00:00,-0.0020784817672380887,-0.0018977402586761213
2024-03-22 04:00:00+00:00,-0.000625398138843038,0.0
2024-03-25 00:00:00+00:00,-0.00010785249347558128,-0.002766407250489033
2024-03-25 04:00:00+00:00,-0.00679727792701889,0.0
2024-03-26 00:00:00+00:00,-0.00016836731347407785,-0.001848812759614376
2024-03-26 04:00:00+00:00,-0.0014105295924990767,0.0
2024-03-27 00:00:00+00:00,0.004560145218053591,0.008368850567487622
2024-03-27 04:00:00+00:00,-0.00025672605796387283,0.0
2024-03-28 00:00:00+00:00,0.0019458020834153674,-0.000191179566585642
2024-03-28 04:00:00+00:00,-0.0008299939914034357,0.0
2024-04-01 00:00:00+00:00,-4.566206691116812e-05,-0.001741367988611168
2024-04-01 04:00:00+00:00,0.0044837019204717,0.0
2024-04-02 00:00:00+00:00,8.636199460013483e-05,-0.006378318118330893
2024-04-02 04:00:00+00:00,-0.003642143278630052,0.0
2024-04-03 00:00:00+00:00,0.001514530747269328,0.0010977735278893748
2024-04-03 04:00:00+00:00,-0.0011575992352446324,0.0
2024-04-04 00:00:00+00:00,-0.004109477331765786,-0.012281134907114447
2024-04-04 04:00:00+00:00,-0.00301786389484633,0.0
2024-04-05 00:00:00+00:00,0.0049072739983231604,0.010392614453094275
2024-04-05 04:00:00+00:00,0.008917720878102598,0.0
2024-04-08 00:00:00+00:00,0.0012154722053047662,0.0005592679753194925
2024-04-08 04:00:00+00:00,-0.0010769968381479664,0.0
2024-04-09 00:00:00+00:00,0.0017116260702503764,0.0011561389327097323
2024-04-09 04:00:00+00:00,0.0019553599753935227,0.0
2024-04-10 00:00:00+00:00,-0.008325332446064027,-0.010063649416771603
2024-04-10 04:00:00+00:00,-0.001594226105956754,0.0
2024-04-11 00:00:00+00:00,0.008683466674554172,0.007518593723336229
2024-04-11 04:00:00+00:00,0.0024605666319167468,0.0
2024-04-12 00:00:00+00:00,-0.009991524851975173,-0.013899213388915605
2024-04-12 04:00:00+00:00,-0.0031819372357464086,0.0
2024-04-15 00:00:00+00:00,0.0005588868009209837,-0.012607292579112106
2024-04-15 04:00:00+00:00,-0.004433466063288824,0.0
2024-04-16 00:00:00+00:00,-0.0015432724403768709,-0.0018254526768428996
2024-04-16 04:00:00+00:00,0.0005088627536916436,0.0
2024-04-17 00:00:00+00:00,-0.0025085089628057544,-0.005935800943006604
2024-04-17 04:00:00+00:00,-0.0014868214090386928,0.0
2024-04-18 00:00:00+00:00,0.0008993265293190571,-0.0020598476385352087
2024-04-18 04:00:00+00:00,-0.004159796482559045,0.0
2024-04-19 00:00:00+00:00,-0.0006612429390607558,-0.008766630907148017
2024-04-19 04:00:00+00:00,-0.0028747298893608032,0.0
2024-04-22 00:00:00+00:00,-0.003878708836509652,0.00916697459906401
2024-04-22 04:00:00+00:00,0.0010313335876966244,0.0
2024-04-23 00:00:00+00:00,0.003882226429945167,0.011796748373881385
2024-04-23 04:00:00+00:00,0.003666280351400246,0.0
2024-04-24 00:00:00+00:00,-0.00018841559387025705,-0.00047484544210870246
2024-04-24 04:00:00+00:00,0.0009338864507485513,0.0
2024-04-25 00:00:00+00:00,0.0005143107332063863,-0.0038060977241899754
2024-04-25 04:00:00+00:00,-0.0063470437809164705,0.0
2024-04-26 00:00:00+00:00,0.003945221263368692,0.009429368306899394
2024-04-26 04:00:00+00:00,0.00462702345115463,0.0
2024-04-29 00:00:00+00:00,0.0015150236743883946,0.0035351581468320644
2024-04-29 04:00:00+00:00,-0.0025765159504944897,0.0
2024-04-30 00:00:00+00:00,-0.012526631666247425,-0.01596809782201701
2024-04-30 04:00:00+00:00,-0.008355215627474218,0.0
2024-05-01 00:00:00+00:00,0.002172075560918392,-0.003252347324268455
2024-05-01 04:00:00+00:00,0.0036614730723361012,0.0
2024-05-02 00:00:00+00:00,0.002920116998234587,0.009309942702263554
2024-05-02 04:00:00+00:00,0.001872410976352413,0.0
2024-05-03 00:00:00+00:00,0.004918040614646922,0.012319171442962728
2024-05-03 04:00:00+00:00,0.005611900037333842,0.0
2024-05-06 00:00:00+00:00,0.007401559608610485,0.010273820224752877
2024-05-06 04:00:00+00:00,0.0042936670397490115,0.0
2024-05-07 00:00:00+00:00,-0.00032705624391666133,0.0011027758488948024
2024-05-07 04:00:00+00:00,-0.002612536931757246,0.0
2024-05-08 00:00:00+00:00,-0.00025260323723079025,9.663020114840045e-05
2024-05-08 04:00:00+00:00,0.0007491616432856701,0.0
2024-05-09 00:00:00+00:00,0.006897237219301947,0.0057453713953024
2024-05-09 04:00:00+00:00,0.0023814545583433684,0.0
2024-05-10 00:00:00+00:00,0.0004574714347175167,0.00128742238034019
2024-05-10 04:00:00+00:00,-0.00017687189892298834,0.0
2024-05-13 00:00:00+00:00,-0.0014307231191118953,0.0001341271837144752
2024-05-13 04:00:00+00:00,0.002504365645387871,0.0
2024-05-14 00:00:00+00:00,0.0035494110536071558,0.004577593706361723
2024-05-14 04:00:00+00:00,0.002165642351087511,0.0
2024-05-15 00:00:00+00:00,0.008914172074538805,0.01230703804891862
2024-05-15 04:00:00+00:00,0.004912169285857134,0.0
2024-05-16 00:00:00+00:00,-0.001731999545701675,-0.00205947404304411
2024-05-16 04:00:00+00:00,-0.0007199150065806468,0.0
2024-05-17 00:00:00+00:00,0.001978648160715279,0.001436341954848257
2024-05-17 04:00:00+00:00,-0.00028272465907356107,0.0
2024-05-20 00:00:00+00:00,9.157539418845362e-05,0.0011515423275526068
2024-05-20 04:00:00+00:00,0.003045836647639692,0.0
2024-05-21 00:00:00+00:00,0.002514003369034609,0.002449439198546473
2024-05-21 04:00:00+00:00,0.0025822264071680033,0.0
2024-05-22 00:00:00+00:00,-0.005350738617121728,-0.0028833481033105086
2024-05-22 04:00:00+00:00,-0.0006870674859098366,0.0
2024-05-23 00:00:00+00:00,-0.008503950817281985,-0.00733107351154018
2024-05-23 04:00:00+00:00,-0.0013608342681268413,0.0
2024-05-24 00:00:00+00:00,0.0049543491399952596,0.006594597628208351
2024-05-24 04:00:00+00:00,0.001222176133234762,0.0
2024-05-28 00:00:00+00:00,0.0025724144188834295,0.0006986999579951777
2024-05-28 04:00:00+00:00,6.164675667226239e-05,0.0
2024-05-29 00:00:00+00:00,-0.007934172987094288,-0.007027079435096304
2024-05-29 04:00:00+00:00,-0.0004435825565694852,0.0
2024-05-30 00:00:00+00:00,0.0016191243037460901,-0.0066560489259306676
2024-05-30 04:00:00+00:00,-0.00569717865654508,0.0
2024-05-31 00:00:00+00:00,0.005990834719737718,0.00906703579848228
2024-05-31 04:00:00+00:00,0.00018378883451089306,0.0
2024-06-03 00:00:00+00:00,-0.0004292519505346313,0.0008148550106539194
2024-06-03 04:00:00+00:00,-0.0006441234451463623,0.0
2024-06-04 00:00:00+00:00,-0.0019611591395187434,0.0011173808172134313
2024-06-04 04:00:00+00:00,0.0010190455473962005,0.0
2024-06-05 00:00:00+00:00,0.005420983183745943,0.011815172013788629
2024-06-05 04:00:00+00:00,0.0031334236238843745,0.0
2024-06-06 00:00:00+00:00,-0.000812920528878987,-1.8891729516198846e-05
2024-06-06 04:00:00+00:00,0.00019925206433049045,0.0
2024-06-07 00:00:00+00:00,-0.012154710459209229,-0.0012163521022915123
2024-06-07 04:00:00+00:00,-0.00026179225708461044,0.0
2024-06-10 00:00:00+00:00,0.004856920057868691,0.0030850205587010693
2024-06-10 04:00:00+00:00,0.0017864434795332933,0.0
2024-06-11 00:00:00+00:00,0.0005973463581790263,0.0024052839227669026
2024-06-11 04:00:00+00:00,0.0038879147009660744,0.0
2024-06-12 00:00:00+00:00,0.00265976310676151,0.008179578546675037
2024-06-12 04:00:00+00:00,0.004915572738928748,0.0
2024-06-13 00:00:00+00:00,-1.1101320261298236e-05,0.0020115525756747247
2024-06-13 04:00:00+00:00,0.00037330216822439107,0.0
2024-06-14 00:00:00+00:00,0.002269680459796157,0.0006080880724618412
2024-06-14 04:00:00+00:00,0.0003549330379652003,0.0
2024-06-17 00:00:00+00:00,6.56233513514435e-05,0.007927409275244882
2024-06-17 04:00:00+00:00,0.00334322754532231,0.0
2024-06-18 00:00:00+00:00,0.0019378948875966783,0.002537515169430962
2024-06-18 04:00:00+00:00,-0.0012462702689120192,0.0
2024-06-20 00:00:00+00:00,0.002492993697635358,-0.0027203318599642646
2024-06-20 04:00:00+00:00,-0.000741878681600811,0.0
2024-06-21 00:00:00+00:00,-0.004292690841925435,-0.0013414877010538282
2024-06-21 04:00:00+00:00,0.0018800344163447391,0.0
2024-06-24 00:00:00+00:00,0.0017400390308843759,-0.0032559715139938547
2024-06-24 04:00:00+00:00,-0.0010137592730182158,0.0
2024-06-25 00:00:00+00:00,-0.000982521321769756,0.003843614282450837
2024-06-25 04:00:00+00:00,0.0019465732389050729,0.0
2024-06-26 00:00:00+00:00,-0.004292733829569165,0.0012471682408116101
2024-06-26 04:00:00+00:00,0.0035068489127955396,0.0
2024-06-27 00:00:00+00:00,0.003120286169088843,0.001575317637580552
2024-06-27 04:00:00+00:00,0.0008750896571428194,0.0
2024-06-28 00:00:00+00:00,-0.005480530924276758,-0.00394295693810304
2024-06-28 04:00:00+00:00,-0.004785280693469623,0.0
2024-07-01 00:00:00+00:00,-0.0030358934152516504,0.002055993031439781
2024-07-01 04:00:00+00:00,0.008150580164204682,0.0
2024-07-02 00:00:00+00:00,0.0032575211699733386,0.006707328782939835
2024-07-02 04:00:00+00:00,0.003438854928646134,0.0
2024-07-03 00:00:00+00:00,0.005743401496488106,0.004452549156506612
2024-07-03 04:00:00+00:00,0.0014504651696393665,0.0
2024-07-05 00:00:00+00:00,0.00489060508807574,0.005749756321043602
2024-07-05 04:00:00+00:00,0.005816063805562429,0.0
2024-07-08 00:00:00+00:00,-0.001429845799269292,0.0011536056547597755
2024-07-08 04:00:00+00:00,0.0005138045503950889,0.0
2024-07-09 00:00:00+00:00,0.0002762859800212997,0.0009718210168827353
2024-07-09 04:00:00+00:00,-0.0019210334825658579,0.0
2024-07-10 00:00:00+00:00,0.004461702095443784,0.009846665046971233
2024-07-10 04:00:00+00:00,0.005368604603008527,0.0
2024-07-11 00:00:00+00:00,0.004542151852693667,-0.008660102895753388
2024-07-11 04:00:00+00:00,-0.007060222404244303,0.0
2024-07-12 00:00:00+00:00,0.0031484566679900075,0.006287866864174986
2024-07-12 04:00:00+00:00,0.0012299706887578588,0.0
2024-07-15 00:00:00+00:00,-0.00373843402182443,0.0027462915499184156
2024-07-15 04:00:00+00:00,0.0022502705874529257,0.0
2024-07-16 00:00:00+00:00,0.007954962545226842,0.00591268585186646
2024-07-16 04:00:00+00:00,-0.0013736631234772378,0.0
2024-07-17 00:00:00+00:00,-0.004366606272051682,-0.014120279196063913
2024-07-17 04:00:00+00:00,-0.005433156788266872,0.0
2024-07-18 00:00:00+00:00,-0.004332647633988285,-0.007714654264835158
2024-07-18 04:00:00+00:00,-0.0037885804943050888,0.0
2024-07-19 00:00:00+00:00,-0.005495916891088188,-0.006662657252014257
2024-07-19 04:00:00+00:00,-0.0011364446160089662,0.0
2024-07-22 00:00:00+00:00,0.003434954852170826,0.01025713435995283
2024-07-22 04:00:00+00:00,0.0019596058824964276,0.0
2024-07-23 00:00:00+00:00,-0.0008652208732497661,-0.0015699630773447451
2024-07-23 04:00:00+00:00,0.0012930320539156492,0.0
2024-07-24 00:00:00+00:00,-0.006673559530649633,-0.022923224819985443
2024-07-24 04:00:00+00:00,-0.009640773182084783,0.0
2024-07-25 00:00:00+00:00,-0.003941263990457332,-0.00522406203758237
2024-07-25 04:00:00+00:00,-0.004936440865664273,0.0
2024-07-26 00:00:00+00:00,0.0065709916117001515,0.011137545509249756
2024-07-26 04:00:00+00:00,0.003083753949262311,0.0
2024-07-29 00:00:00+00:00,0.001552967322119089,0.0005876041935416669
2024-07-29 04:00:00+00:00,0.0007808231600087356,0.0
2024-07-30 00:00:00+00:00,0.0022701911917851056,-0.005079347169750232
2024-07-30 04:00:00+00:00,-0.0011019073413926492,0.0
2024-07-31 00:00:00+00:00,0.009566580651134308,0.016123998047020565
2024-07-31 04:00:00+00:00,0.0005369146024228994,0.0
2024-08-01 00:00:00+00:00,0.0014900321687192012,-0.014262270626144762
2024-08-01 04:00:00+00:00,-0.0031846307551207393,0.0
2024-08-02 00:00:00+00:00,0.0020624227130111874,-0.018793885828242395
2024-08-02 04:00:00+00:00,-0.0024259129579234495,0.0
2024-08-05 00:00:00+00:00,-0.010684377537818288,-0.029556258640509564
2024-08-05 04:00:00+00:00,-0.013433889453651048,0.0
2024-08-06 00:00:00+00:00,-0.002231173430159224,0.009177400216396249
2024-08-06 04:00:00+00:00,0.000331596859216376,0.0
2024-08-07 00:00:00+00:00,-0.0015321742565886655,-0.0067065603172159465
2024-08-07 04:00:00+00:00,0.0014766530206667015,0.0
2024-08-08 00:00:00+00:00,0.005528271466822417,0.02285440073365798
2024-08-08 04:00:00+00:00,0.004411817221095742,0.0
2024-08-09 00:00:00+00:00,0.0035093498620506892,0.004399761008575385
2024-08-09 04:00:00+00:00,0.0034327285878995345,0.0
2024-08-12 00:00:00+00:00,0.003703207185195123,0.0005252882823773748
2024-08-12 04:00:00+00:00,0.0013909119453751756,0.0
2024-08-13 00:00:00+00:00,0.004834487934634818,0.016311855607340702
2024-08-13 04:00:00+00:00,0.005516627272363118,0.0
2024-08-14 00:00:00+00:00,0.00029147058540664373,0.003149877522318969
2024-08-14 04:00:00+00:00,0.0014644108709656856,0.0
2024-08-15 00:00:00+00:00,0.001937294298232848,0.01699495970118479
2024-08-15 04:00:00+00:00,0.003997878546073683,0.0
2024-08-16 00:00:00+00:00,0.005233289348094624,0.0022394316753279802
2024-08-16 04:00:00+00:00,-0.00014982998429601598,0.0
2024-08-19 00:00:00+00:00,0.0033477406188437073,0.009516033010638626
2024-08-19 04:00:00+00:00,0.001126883762280334,0.0
2024-08-20 00:00:00+00:00,0.0013701651312661707,-0.0016274510802483976
2024-08-20 04:00:00+00:00,0.001717219570450592,0.0
2024-08-21 00:00:00+00:00,0.0016979781506897764,0.0034305350967892222
2024-08-21 04:00:00+00:00,-0.00033569257349003927,0.0
2024-08-22 00:00:00+00:00,-0.0052636354479355255,-0.00787922563051846
2024-08-22 04:00:00+00:00,-0.0047017517315935,0.0
2024-08-23 00:00:00+00:00,0.005285508951337189,0.010569146697145936
2024-08-23 04:00:00+00:00,0.002147333296961367,0.0
2024-08-26 00:00:00+00:00,0.0030669542363183184,-0.0023866567162195255
2024-08-26 04:00:00+00:00,0.00031420700560347715,0.0
2024-08-27 00:00:00+00:00,-0.001740910777334526,0.0013721851734347333
2024-08-27 04:00:00+00:00,0.0007834692597080876,0.0
2024-08-28 00:00:00+00:00,-0.002964927038476665,-0.005822181676201505
2024-08-28 04:00:00+00:00,-0.001421613601914877,0.0
2024-08-29 00:00:00+00:00,0.0036234807674715873,8.949703341114452e-05
2024-08-29 04:00:00+00:00,0.003034608143143383,0.0
2024-08-30 00:00:00+00:00,0.0012952830295837475,0.009500648630832867
2024-08-30 04:00:00+00:00,-0.0007224763260190131,0.0
2024-09-03 00:00:00+00:00,-0.0041954721535390265,-0.02079354556083776
2024-09-03 04:00:00+00:00,-0.00578643035989265,0.0
2024-09-04 00:00:00+00:00,0.002959634970349976,-0.002048915717016368
2024-09-04 04:00:00+00:00,-0.001815958980171134,0.0
2024-09-05 00:00:00+00:00,0.0016129167268498002,-0.0024351460321275706
2024-09-05 04:00:00+00:00,0.0014483604781209817,0.0
2024-09-06 00:00:00+00:00,-0.007657437788180797,-0.016973583709086974
2024-09-06 04:00:00+00:00,-0.001476889363453699,0.0
2024-09-09 00:00:00+00:00,0.006137282361904927,0.011134088474565916
2024-09-09 04:00:00+00:00,8.549226264311776e-05,0.0
2024-09-10 00:00:00+00:00,0.00249155361935935,0.004346406348205064
2024-09-10 04:00:00+00:00,-0.0016409786300473142,0.0
2024-09-11 00:00:00+00:00,0.0009899349194477972,0.010206600133194934
2024-09-11 04:00:00+00:00,0.005224735887341915,0.0
2024-09-12 00:00:00+00:00,0.004454568352219414,0.008388157276367606
2024-09-12 04:00:00+00:00,0.00022543138357983546,0.0
2024-09-13 00:00:00+00:00,0.006526699585379526,0.005209040377065485
2024-09-13 04:00:00+00:00,-0.000548342383478555,0.0
2024-09-16 00:00:00+00:00,0.0024146111672363217,0.0014756606020214418
2024-09-16 04:00:00+00:00,-0.012767863843144227,0.0
2024-09-17 00:00:00+00:00,-0.0013374944995116385,0.000408587496868235
2024-09-17 04:00:00+00:00,0.0009852455261053872,0.0
2024-09-18 00:00:00+00:00,-0.004035862078138728,-0.0029701170400663716
2024-09-18 04:00:00+00:00,0.008080271716158736,0.0
2024-09-19 00:00:00+00:00,0.0018118103996519822,0.016920328049693123
2024-09-19 04:00:00+00:00,0.016500274493124804,0.0
2024-09-20 00:00:00+00:00,0.010622819718879805,-0.0017301041435423634
2024-09-20 04:00:00+00:00,-0.0013302016721232865,0.0
2024-09-23 00:00:00+00:00,0.0035566581037769066,0.0024957713474872893
2024-09-23 04:00:00+00:00,-0.003450105090820447,0.0
2024-09-24 00:00:00+00:00,0.0006495563704011654,0.002857175987110122
2024-09-24 04:00:00+00:00,0.001370952273866964,0.0
2024-09-25 00:00:00+00:00,0.0011343979889941358,-0.002207955330790088
2024-09-25 04:00:00+00:00,-0.001567605134068956,0.0
2024-09-26 00:00:00+00:00,-0.0006228012921810206,0.003956871887441299
2024-09-26 04:00:00+00:00,0.0018626417813039121,0.0
2024-09-27 00:00:00+00:00,0.0009781337481566676,-0.0014513631827173794
2024-09-27 04:00:00+00:00,0.000363069463400254,0.0
2024-09-30 00:00:00+00:00,-0.0004094811571772204,0.003999257851016601
2024-09-30 04:00:00+00:00,0.008449524828110603,0.0
2024-10-01 00:00:00+00:00,0.004582082352473949,-0.00899880713599165
2024-10-01 04:00:00+00:00,-0.011207856629987321,0.0
2024-10-02 00:00:00+00:00,0.00021289464332323695,0.00042204174046170894
2024-10-02 04:00:00+00:00,0.000848602839176519,0.0
2024-10-03 00:00:00+00:00,-0.00040850245822901657,-0.0018297716190580138
2024-10-03 04:00:00+00:00,-0.0018359729234596605,0.0
2024-10-04 00:00:00+00:00,-0.0004926408309103333,0.009046139243210833
2024-10-04 04:00:00+00:00,0.0018427712442739361,0.0
2024-10-07 00:00:00+00:00,-0.008572037154191855,-0.009081603418804821
2024-10-07 04:00:00+00:00,-0.008619900495925427,0.0
2024-10-08 00:00:00+00:00,-0.001152086062827895,0.00941320140680441
2024-10-08 04:00:00+00:00,0.006897224370609442,0.0
2024-10-09 00:00:00+00:00,-0.0028101934993782106,0.0069026359897792055
2024-10-09 04:00:00+00:00,0.007301412488198941,0.0
2024-10-10 00:00:00+00:00,-0.0003360109928582755,-0.0017516588661130083
2024-10-10 04:00:00+00:00,-0.0009619553572829442,0.0
2024-10-11 00:00:00+00:00,0.004846265381034524,0.005970339186059775
2024-10-11 04:00:00+00:00,-0.002876892262792317,0.0
2024-10-14 00:00:00+00:00,0.004860916657412692,0.008145043700927702
2024-10-14 04:00:00+00:00,0.007206660937478034,0.0
2024-10-15 00:00:00+00:00,0.0011002450865089703,-0.007800122217381221
2024-10-15 04:00:00+00:00,0.004833214634161758,0.0
2024-10-16 00:00:00+00:00,0.007636764832253218,0.004337209861329735
2024-10-16 04:00:00+00:00,-0.0039205097627447415,0.0
2024-10-17 00:00:00+00:00,-0.0022745503561264462,8.565249892688658e-05
2024-10-17 04:00:00+00:00,0.0007033649954094614,0.0
2024-10-18 00:00:00+00:00,0.0035865624804944088,0.003839263853757729
2024-10-18 04:00:00+00:00,0.005379446686602444,0.0
2024-10-21 00:00:00+00:00,-0.0015114687576621797,-0.0016435335696167444
2024-10-21 04:00:00+00:00,0.0027678009534950077,0.0
2024-10-22 00:00:00+00:00,2.854343409684464e-05,-0.000531273100721333
2024-10-22 04:00:00+00:00,-0.0011539118134731503,0.0
2024-10-23 00:00:00+00:00,0.0007962672001251623,-0.009179395509116874
2024-10-23 04:00:00+00:00,-0.0074645699261756725,0.0
2024-10-24 00:00:00+00:00,0.00018094308878860107,0.0021602901522930168
2024-10-24 04:00:00+00:00,-0.00028121890354378625,0.0
2024-10-25 00:00:00+00:00,-0.0037291911897015632,-0.0003453500860307643
2024-10-25 04:00:00+00:00,0.0012417482277831148,0.0
2024-10-28 00:00:00+00:00,0.002703649657630878,0.0030866911152263167
2024-10-28 04:00:00+00:00,0.002923854840634069,0.0
2024-10-29 00:00:00+00:00,-0.003403809945506149,0.0016169437877313257
2024-10-29 04:00:00+00:00,0.0003947915797539016,0.0
2024-10-30 00:00:00+00:00,-9.101264587225218e-05,-0.0030297780102674695
2024-10-30 04:00:00+00:00,-0.0052571922976732315,0.0
2024-10-31 00:00:00+00:00,-0.003956786624521688,-0.01979766206892241
2024-10-31 04:00:00+00:00,-0.00627523521311317,0.0
2024-11-01 00:00:00+00:00,-0.006226777621702347,0.0042114069729401885
2024-11-01 04:00:00+00:00,-0.0045649087957314516,0.0
2024-11-04 00:00:00+00:00,-0.003375824156708197,-0.0021562228164585034
2024-11-04 05:00:00+00:00,-0.0013814795980834575,0.0
2024-11-05 00:00:00+00:00,0.006721169491894883,0.012019418467132724
2024-11-05 05:00:00+00:00,0.00220767376823847,0.0
2024-11-06 00:00:00+00:00,-0.0046435942434863275,0.024561534377595274
2024-11-06 05:00:00+00:00,-0.0011173907226266608,0.0
2024-11-07 00:00:00+00:00,0.006481004464699935,0.007702228673557362
2024-11-07 05:00:00+00:00,0.005109845144101611,0.0
2024-11-08 00:00:00+00:00,0.005343157133005988,0.004322344777961277
2024-11-08 05:00:00+00:00,-0.0013134217108464919,0.0
2024-11-11 00:00:00+00:00,-0.0037817813717652532,0.0009523667767504468
2024-11-11 05:00:00+00:00,-0.003540160741727137,0.0
2024-11-12 00:00:00+00:00,-0.006645948708244322,-0.0031111000319601215
2024-11-12 05:00:00+00:00,0.002002186888188929,0.0
2024-11-13 00:00:00+00:00,-0.003527711106305605,0.00048557415582575156
2024-11-13 05:00:00+00:00,0.0014252090381474554,0.0
2024-11-14 00:00:00+00:00,-0.0010232461366783186,-0.006450905323302074
2024-11-14 05:00:00+00:00,0.002623121518667356,0.0
2024-11-15 00:00:00+00:00,-0.0007936692505148162,-0.012891230745269723
2024-11-15 05:00:00+00:00,-0.006771858270483163,0.0
2024-11-18 00:00:00+00:00,0.0052546451076907474,0.004088957688755643
2024-11-18 05:00:00+00:00,0.002215480918682956,0.0
2024-11-19 00:00:00+00:00,0.003998822359010066,0.0036488696140839624
2024-11-19 05:00:00+00:00,0.0009800800857211467,0.0
2024-11-20 00:00:00+00:00,0.0003382644751122927,0.00033865866621090234
2024-11-20 05:00:00+00:00,-0.0004750981532202789,0.0
2024-11-21 00:00:00+00:00,0.004844915948820681,0.005354051657822193
2024-11-21 05:00:00+00:00,-0.001036601045864131,0.0
2024-11-22 00:00:00+00:00,0.001704284800173306,0.003094706584785029
2024-11-22 05:00:00+00:00,0.0025426964662898116,0.0
2024-11-25 00:00:00+00:00,0.0012388039838609826,0.0033862252766415396
2024-11-25 05:00:00+00:00,0.0026426035635070946,0.0
2024-11-26 00:00:00+00:00,0.003106050656917215,0.005207881046778811
2024-11-26 05:00:00+00:00,0.005031830539100453,0.0
2024-11-27 00:00:00+00:00,0.0010643127445367085,-0.003034659447963949
2024-11-27 05:00:00+00:00,-0.0020518947121549707,0.0
2024-11-29 00:00:00+00:00,0.0044012878351480066,0.006192898904619411
2024-11-29 05:00:00+00:00,0.0016948036095944994,0.0
2024-12-02 00:00:00+00:00,-0.004084519333598115,0.0017907087061851583
2024-12-02 05:00:00+00:00,0.004357353740127154,0.0
2024-12-03 00:00:00+00:00,-0.0026525293532855283,0.0004637462435798956
2024-12-03 05:00:00+00:00,0.0019692649240457107,0.0
2024-12-04 00:00:00+00:00,0.0035698883329305384,0.006190317284595953
2024-12-04 05:00:00+00:00,0.002620700633656376,0.0
2024-12-05 00:00:00+00:00,-0.000526712892950707,-0.001646960376887129
2024-12-05 05:00:00+00:00,0.0019992129152931757,0.0
2024-12-06 00:00:00+00:00,-0.0013589446756226157,0.0018937859399091753
2024-12-06 05:00:00+00:00,0.00023719205366815458,0.0
2024-12-09 00:00:00+00:00,-0.0019799137421354154,-0.00516297408766687
2024-12-09 05:00:00+00:00,0.004950742952104689,0.0
2024-12-10 00:00:00+00:00,0.0004052918048620955,-0.0031138967219160475
2024-12-10 05:00:00+00:00,0.001012021877276543,0.0
2024-12-11 00:00:00+00:00,0.002045704731359307,0.007700951696429787
2024-12-11 05:00:00+00:00,-0.0010889722408211919,0.0
2024-12-12 00:00:00+00:00,-0.004676227821619758,-0.005165853569023226
2024-12-12 05:00:00+00:00,0.0018150538430641266,0.0
2024-12-13 00:00:00+00:00,-0.0027577032354988763,-0.00019871575140985269
2024-12-13 05:00:00+00:00,2.1755792590001264e-05,0.0
2024-12-16 00:00:00+00:00,-0.0001998396213516813,0.00426095364790914
2024-12-16 05:00:00+00:00,0.0038133292596616917,0.0
2024-12-17 00:00:00+00:00,-0.002515546676797599,-0.004128472092849399
2024-12-17 05:00:00+00:00,0.003105034399184295,0.0
2024-12-18 00:00:00+00:00,-0.016022250475515705,-0.030256761023051384
2024-12-18 05:00:00+00:00,-0.007811337234696921,0.0
2024-12-19 00:00:00+00:00,0.0007682495191737779,-0.0003071615056291644
2024-12-19 05:00:00+00:00,0.0020512011319681472,0.0
2024-12-20 00:00:00+00:00,0.008282400461732512,0.011939495834997458
2024-12-20 05:00:00+00:00,0.005513257955421144,0.0
2024-12-23 00:00:00+00:00,0.0007522823376251661,0.00597045114423605
2024-12-23 05:00:00+00:00,-3.654533409091804e-05,0.0
2024-12-24 00:00:00+00:00,0.004149600933463041,0.011053691908019905
2024-12-24 05:00:00+00:00,0.0030742614951284005,0.0
2024-12-26 00:00:00+00:00,0.0004623302875778837,6.654565219045065e-05
2024-12-26 05:00:00+00:00,2.7915628589232253e-05,0.0
2024-12-27 00:00:00+00:00,-0.005129860679652776,-0.010582289585138158
2024-12-27 05:00:00+00:00,-0.004598828275102929,0.0
2024-12-30 00:00:00+00:00,-0.001715479959125806,-0.011477275779991011
2024-12-30 05:00:00+00:00,-0.003967624761944893,0.0
2024-12-31 00:00:00+00:00,-0.0010361985208604246,-0.0036447495197072218
2024-12-31 05:00:00+00:00,-0.0022276083891997257,0.0
2025-01-02 00:00:00+00:00,0.0033157013868446426,-0.0024598021363956926
2025-01-02 05:00:00+00:00,-0.004888409657976269,0.0
2025-01-03 00:00:00+00:00,0.002349913807746032,0.012425800850679245
2025-01-03 05:00:00+00:00,0.0014533961179898555,0.0
2025-01-06 00:00:00+00:00,-0.001898267721985036,0.005744095465350352
2025-01-06 05:00:00+00:00,0.0025907301505543145,0.0
2025-01-07 00:00:00+00:00,-0.0040475287828524945,-0.011368408960579725
2025-01-07 05:00:00+00:00,-0.0036275935912791087,0.0
2025-01-08 00:00:00+00:00,0.001247788330417158,0.0014597755356007861
2025-01-08 05:00:00+00:00,0.0010855666372752643,0.0
2025-01-10 00:00:00+00:00,-0.0021378664659549877,-0.015385236352138875
2025-01-10 05:00:00+00:00,-0.0068687612560573335,0.0
2025-01-13 00:00:00+00:00,-0.0040074630790570935,0.0015493785018352317
2025-01-13 05:00:00+00:00,-0.0029272256359831454,0.0
2025-01-14 00:00:00+00:00,0.0035119566582162134,0.0013750597154496876
2025-01-14 05:00:00+00:00,-0.00134838818337386,0.0
2025-01-15 00:00:00+00:00,0.009241849656680758,0.018026511732779214
2025-01-15 05:00:00+00:00,0.005485390391723256,0.0
2025-01-16 00:00:00+00:00,0.004407764521732202,-0.0019248920793684195
2025-01-16 05:00:00+00:00,-0.01160942136632401,0.0
2025-01-17 00:00:00+00:00,0.0013997148927478824,0.009989681181189931
2025-01-17 05:00:00+00:00,0.002113382479326808,0.0
2025-01-21 00:00:00+00:00,0.009200204177358845,0.009111918423817167
2025-01-21 05:00:00+00:00,-0.009131332151504676,0.0
2025-01-22 00:00:00+00:00,0.0007889358465845652,0.005605673620286085
2025-01-22 05:00:00+00:00,0.0015008807858114305,0.0
2025-01-23 00:00:00+00:00,0.001673259725301142,0.005443283732291646
2025-01-23 05:00:00+00:00,-0.000213870586112504,0.0
2025-01-24 00:00:00+00:00,0.002232333680417169,-0.002923597616085166
2025-01-24 05:00:00+00:00,-0.0011098852142638726,0.0
2025-01-27 00:00:00+00:00,-0.010076865972891026,-0.014246336711021825
2025-01-27 05:00:00+00:00,0.0008665078261360535,0.0
2025-01-28 00:00:00+00:00,0.0004610366349238654,0.008555626334692382
2025-01-28 05:00:00+00:00,0.009071940761694246,0.0
2025-01-29 00:00:00+00:00,-0.0015087955611780444,-0.004493046910410411
2025-01-29 05:00:00+00:00,-0.0010453812525710502,0.0
2025-01-30 00:00:00+00:00,0.007561876177299864,0.005352782797788953
2025-01-30 05:00:00+00:00,-0.010617079608175418,0.0
2025-01-31 00:00:00+00:00,-0.003057590262157323,-0.005336057458185774
2025-01-31 05:00:00+00:00,-0.0008615151377983936,0.0
2025-02-03 00:00:00+00:00,0.0021110130912057076,-0.006752433259537586
2025-02-03 05:00:00+00:00,-0.006063953004134591,0.0
2025-02-04 00:00:00+00:00,0.0019038411792458528,0.006685940684363367
2025-02-04 05:00:00+00:00,0.003278432212456872,0.0
2025-02-05 00:00:00+00:00,0.006770452832891407,0.004046342593468234
2025-02-05 05:00:00+00:00,0.000149234045162291,0.0
2025-02-06 00:00:00+00:00,-3.385599291118961e-05,0.0034696265774842804
2025-02-06 05:00:00+00:00,0.0013472607273107076,0.0
2025-02-07 00:00:00+00:00,-0.0031476579036577206,-0.009195654087118874
2025-02-07 05:00:00+00:00,-0.00542592934260831,0.0
2025-02-10 00:00:00+00:00,0.005051558571285038,0.006768139251877109
2025-02-10 05:00:00+00:00,0.0010645169840373526,0.0
2025-02-11 00:00:00+00:00,-0.0009195413229414639,0.0007603155277539484
2025-02-11 05:00:00+00:00,0.0026185881537637706,0.0
2025-02-12 00:00:00+00:00,-0.0036028379076893137,-0.0032266926273924984
2025-02-12 05:00:00+00:00,0.0016323416483096766,0.0
2025-02-13 00:00:00+00:00,0.00738605588783603,0.01050213026844927
2025-02-13 05:00:00+00:00,0.0030712233181923055,0.0
2025-02-14 00:00:00+00:00,-0.002131914910345199,-4.9019493664778774e-05
2025-02-14 05:00:00+00:00,0.000997216500591599,0.0
2025-02-18 00:00:00+00:00,0.002425166854327661,0.0029314714930283514
2025-02-18 05:00:00+00:00,0.00032005783865418636,0.0
2025-02-19 00:00:00+00:00,0.001718699017405879,0.0023521231006388443
2025-02-19 05:00:00+00:00,0.001860689852458507,0.0
2025-02-20 00:00:00+00:00,0.00011189764347111185,-0.004168995176016067
2025-02-20 05:00:00+00:00,0.0012165756157358177,0.0
2025-02-21 00:00:00+00:00,-0.0006342033956562462,-0.017252102913743284
2025-02-21 05:00:00+00:00,-0.0026890516380752025,0.0
2025-02-24 00:00:00+00:00,-0.00019843315356828464,-0.004560719594200538
2025-02-24 05:00:00+00:00,-0.0005332017600332631,0.0
2025-02-25 00:00:00+00:00,-0.0003840211359231344,-0.0049855644927516455
2025-02-25 05:00:00+00:00,-0.0020414383239049758,0.0
2025-02-26 00:00:00+00:00,0.0023336914336087532,0.0005044957995732776
2025-02-26 05:00:00+00:00,-0.007164051571256793,0.0
2025-02-27 00:00:00+00:00,-0.012611194142257079,-0.01609063595948659
2025-02-27 05:00:00+00:00,-0.003348475367107624,0.0
2025-02-28 00:00:00+00:00,0.002075369882331167,0.015485231236470342
2025-02-28 05:00:00+00:00,0.004952744210896528,0.0
2025-03-03 00:00:00+00:00,0.0032208164603658653,-0.017675358474498845
2025-03-03 05:00:00+00:00,-0.004150037971256954,0.0
2025-03-04 00:00:00+00:00,-0.0007398887008814112,-0.011907532471571593
2025-03-04 05:00:00+00:00,-0.0023158943932041023,0.0
2025-03-05 00:00:00+00:00,0.001304065654718166,0.010690519760134817
2025-03-05 05:00:00+00:00,-0.0002105422459176564,0.0
2025-03-06 00:00:00+00:00,-0.00825734399600674,-0.01791059862828571
2025-03-06 05:00:00+00:00,-0.0004549208954875586,0.0
2025-03-07 00:00:00+00:00,0.00406436608423192,0.005589152734225563
2025-03-07 05:00:00+00:00,0.004120758623382542,0.0
2025-03-10 00:00:00+00:00,-0.0059428065121929375,-0.02699653976534258
2025-03-10 04:00:00+00:00,-0.01298719933360185,0.0
2025-03-11 00:00:00+00:00,0.002215366566887083,-0.008347755096454338
2025-03-11 04:00:00+00:00,-0.007741957776653517,0.0
2025-03-12 00:00:00+00:00,0.0021245388996799365,0.0052926211206377385
2025-03-12 04:00:00+00:00,-0.004608345472538499,0.0
2025-03-13 00:00:00+00:00,0.0036581036668378417,-0.01342022363801497
2025-03-13 04:00:00+00:00,-0.005280342802657893,0.0
2025-03-14 00:00:00+00:00,0.005548790855757099,0.02044535159946333
2025-03-14 04:00:00+00:00,0.004986420282638521,0.0
2025-03-17 00:00:00+00:00,0.004238502334048787,0.007681700136869067
2025-03-17 04:00:00+00:00,0.0003151633737329105,0.0
2025-03-18 00:00:00+00:00,-0.0005247059595085243,-0.01086724234730748
2025-03-18 04:00:00+00:00,-0.002239557853223428,0.0
2025-03-19 00:00:00+00:00,0.0044780340906846175,0.010831964254672713
2025-03-19 04:00:00+00:00,0.0026437022204838724,0.0
2025-03-20 00:00:00+00:00,0.00010645731271600534,-0.0028958458058046628
2025-03-20 04:00:00+00:00,-0.0008991329166125814,0.0
2025-03-21 00:00:00+00:00,-0.004024406894662433,0.00032973172692432585
2025-03-21 04:00:00+00:00,0.0035143124649817887,0.0
2025-03-24 00:00:00+00:00,-0.00037915057537798834,0.01775010758432836
2025-03-24 04:00:00+00:00,0.001817647923975232,0.0
2025-03-25 00:00:00+00:00,-0.0015075388462711926,0.002400884897864291
2025-03-25 04:00:00+00:00,0.0021639698587250173,0.0
2025-03-26 00:00:00+00:00,-0.002630891729019425,-0.012009968551490058
2025-03-26 04:00:00+00:00,-0.0026571301659421,0.0
2025-03-27 00:00:00+00:00,0.0014026911458021292,-0.0026591977060852912
2025-03-27 04:00:00+00:00,1.224425195033988e-06,0.0
2025-03-28 00:00:00+00:00,0.007380286412311599,-0.02034391095830413
2025-03-28 04:00:00+00:00,-5.9463870682297785e-06,0.0
2025-03-31 00:00:00+00:00,0.014255318136177178,0.0066903406390715955
2025-03-31 04:00:00+00:00,1.0122383431158285e-06,0.0
2025-04-01 00:00:00+00:00,-0.00197575168444799,0.0028204990358717294
2025-04-01 04:00:00+00:00,2.362365692484723e-06,0.0
2025-04-02 00:00:00+00:00,0.0020495904206760947,0.006308379542093901
2025-04-02 04:00:00+00:00,3.052289746973905e-07,0.0
2025-04-03 00:00:00+00:00,-0.00606002953470266,-0.050536455856479895
2025-04-03 04:00:00+00:00,-1.238065900288272e-05,0.0
2025-04-04 00:00:00+00:00,-0.023668269192014754,-0.060326622837697116
2025-04-04 04:00:00+00:00,-1.1494541411082706e-05,0.0
2025-04-07 00:00:00+00:00,-0.021713414014870758,-0.0017827430773802928
2025-04-07 04:00:00+00:00,-4.388431824823173e-06,0.0
2025-04-08 00:00:00+00:00,0.00541710704687721,-0.015786797244108686
2025-04-08 04:00:00+00:00,-6.1730085882177275e-06,0.0
2025-04-09 00:00:00+00:00,0.03631935653294611,0.09986289771268594
2025-04-09 04:00:00+00:00,2.4618948548479363e-05,0.0
2025-04-10 00:00:00+00:00,0.024096485101648916,-0.04480822473463276
2025-04-10 04:00:00+00:00,-6.888546416651085e-06,0.0
2025-04-11 00:00:00+00:00,0.009677660964540319,0.017685503639698768
2025-04-11 04:00:00+00:00,0.006258134815443521,0.0
2025-04-14 00:00:00+00:00,0.004965044353868506,0.009654777411100705
2025-04-14 04:00:00+00:00,0.0016091071567035094,0.0
2025-04-15 00:00:00+00:00,0.0016124283331253096,-0.0028047622235626134
2025-04-15 04:00:00+00:00,-0.0009934487665768362,0.0
2025-04-16 00:00:00+00:00,0.003810104782977372,-0.022478839501036355
2025-04-16 04:00:00+00:00,-0.00917015292463941,0.0
2025-04-17 00:00:00+00:00,-0.0010243828595285112,0.0014257714243309462
2025-04-17 04:00:00+00:00,-0.0004205198791077951,0.0
2025-04-21 00:00:00+00:00,-0.0051232430466339254,-0.024090468647093854
2025-04-21 04:00:00+00:00,-0.00536438278673438,0.0
2025-04-22 00:00:00+00:00,0.0063572551821651545,0.025684941666585557
2025-04-22 04:00:00+00:00,0.006148856449203311,0.0
2025-04-23 00:00:00+00:00,-0.00019786933979000054,0.015376596083813428
2025-04-23 04:00:00+00:00,0.005218479561749584,0.0
2025-04-24 00:00:00+00:00,0.00836269955708789,0.020830598146899453
2025-04-24 04:00:00+00:00,0.006811268733589115,0.0
2025-04-25 00:00:00+00:00,-0.0002476929618321302,0.007199204541297805
2025-04-25 04:00:00+00:00,0.0021814121111768145,0.0
2025-04-28 00:00:00+00:00,0.0057122065839936235,0.0003813089787453269
2025-04-28 04:00:00+00:00,4.6141086044026246e-17,0.0
2025-04-29 00:00:00+00:00,-0.009786658970403287,0.006279637739794686
2025-04-29 04:00:00+00:00,7.694041600323799e-15,0.0
2025-04-30 00:00:00+00:00,-0.007510353244019165,0.000396763908639902
2025-04-30 04:00:00+00:00,4.648295178390902e-15,0.0
2025-05-01 00:00:00+00:00,-0.020991066503669106,0.007061827158511094
2025-05-01 04:00:00+00:00,6.033103486959692e-14,0.0
2025-05-02 00:00:00+00:00,0.0017466735903826868,0.014735173539347108
2025-05-02 04:00:00+00:00,4.863298883404792e-15,0.0
2025-05-05 00:00:00+00:00,0.029430400577486686,-0.005750823759932585
2025-05-05 04:00:00+00:00,-9.742179037554681e-15,0.0
2025-05-06 00:00:00+00:00,0.02763851574758971,-0.008393518361273923
2025-05-06 04:00:00+00:00,-5.959207157925832e-15,0.0
2025-05-07 00:00:00+00:00,-0.015106592963030348,0.004196733512662467
2025-05-07 04:00:00+00:00,-4.002801225195988e-15,0.0
2025-05-08 00:00:00+00:00,-0.01989078892808514,0.00694363107591742
2025-05-08 04:00:00+00:00,1.1117399122803991e-14,0.0
2025-05-09 00:00:00+00:00,0.007228485693500229,-0.0012749442508005677
2025-05-09 04:00:00+00:00,2.894784305161814e-15,0.0
2025-05-12 00:00:00+00:00,-0.02859555174080954,0.03251307025338344
2025-05-12 04:00:00+00:00,4.083156332554585e-14,0.0
2025-05-13 00:00:00+00:00,0.004104260516462069,0.006582196721572549
2025-05-13 04:00:00+00:00,-9.157162721564968e-06,0.0
2025-05-14 00:00:00+00:00,-0.020533405782915844,0.0012772248112518918
2025-05-14 04:00:00+00:00,0.0002888087931101497,0.0
2025-05-15 00:00:00+00:00,0.015294947545426197,0.004872456494125475
2025-05-15 04:00:00+00:00,7.725119949884634e-05,0.0
2025-05-16 00:00:00+00:00,-0.01174382116264617,0.006314055398808537
2025-05-16 04:00:00+00:00,8.613555606449362e-05,0.0
2025-05-19 00:00:00+00:00,0.012359690951147612,0.0010932419800796223
2025-05-19 04:00:00+00:00,0.0003453752617202435,0.0
2025-05-20 00:00:00+00:00,0.017818475078675195,-0.003367847285640899
2025-05-20 04:00:00+00:00,-5.233091733933593e-05,0.0
2025-05-21 00:00:00+00:00,0.007099581900437834,-0.01699439088910493
2025-05-21 04:00:00+00:00,-0.0004215715889517099,0.0
2025-05-22 00:00:00+00:00,-0.00859586399067826,0.00039465627266151393
2025-05-22 04:00:00+00:00,0.00017302000847747373,0.0
2025-05-23 00:00:00+00:00,0.020926952404334044,-0.006849281976691387
2025-05-23 04:00:00+00:00,-0.0003545285557245916,0.0
2025-05-27 00:00:00+00:00,-0.01650843618374326,0.020577531507012605
2025-05-27 04:00:00+00:00,0.0007911064910003083,0.0
2025-05-28 00:00:00+00:00,-0.0021908219367410818,-0.005802288733407657
2025-05-28 04:00:00+00:00,-0.0016869573373190247,0.0
2025-05-29 00:00:00+00:00,0.004533565315957592,0.00393965072399396
2025-05-29 04:00:00+00:00,0.0006701722476529221,0.0
2025-05-30 00:00:00+00:00,-0.005064211988100597,-0.0011191668387278639
2025-05-30 04:00:00+00:00,0.0008501457336667909,0.0
2025-06-02 00:00:00+00:00,0.02013347903095474,0.005617317860131145
2025-06-02 04:00:00+00:00,0.0008118579273794298,0.0
2025-06-03 00:00:00+00:00,-0.006826552587964167,0.005686233797355931
2025-06-03 04:00:00+00:00,0.0005028203493682134,0.0
2025-06-04 00:00:00+00:00,0.004928101060117892,-0.0002683684423497955
2025-06-04 04:00:00+00:00,0.0004515998439576407,0.0
2025-06-05 00:00:00+00:00,-0.003885398747421128,-0.004844649592741838
2025-06-05 04:00:00+00:00,0.001902163037093135,0.0
2025-06-06 00:00:00+00:00,-0.0103659919091047,0.010216673057181165
2025-06-06 04:00:00+00:00,0.00133864383442761,0.0
2025-06-09 00:00:00+00:00,0.0036127699789526976,0.0009008884235446322
2025-06-09 04:00:00+00:00,0.0011687083348361992,0.0
2025-06-10 00:00:00+00:00,0.0002252248919353845,0.005653712790524381
2025-06-10 04:00:00+00:00,-0.0009018987927050554,0.0
2025-06-11 00:00:00+00:00,0.004142516522989572,-0.0028561846858484994
2025-06-11 04:00:00+00:00,0.0008379431240316033,0.0
2025-06-12 00:00:00+00:00,0.011674056471686393,0.003966480007630847
2025-06-12 04:00:00+00:00,0.000712708531142509,0.0
2025-06-13 00:00:00+00:00,0.012309403537224773,-0.011243071461252661
2025-06-13 04:00:00+00:00,-0.0004447737636873209,0.0
2025-06-16 00:00:00+00:00,-0.013582610217821051,0.00946929613352325
2025-06-16 04:00:00+00:00,0.0004753550703041901,0.0
2025-06-17 00:00:00+00:00,0.00048522884134941314,-0.008581871441050588
2025-06-17 04:00:00+00:00,-0.00012469126732205893,0.0
2025-06-18 00:00:00+00:00,-0.005107222446544278,-0.00015064898104980205
2025-06-18 04:00:00+00:00,0.00024908967522425436,0.0
2025-06-20 00:00:00+00:00,-0.00039637040189728043,-0.002351290779598664
2025-06-20 04:00:00+00:00,-0.00032176828392119764,0.0
2025-06-23 00:00:00+00:00,0.002892567394355601,0.009828971097108652
2025-06-23 04:00:00+00:00,0.0009685721726011081,0.0
2025-06-24 00:00:00+00:00,-0.014984688458543617,0.010986617591926153
2025-06-24 04:00:00+00:00,0.00045685093971955924,0.0
2025-06-25 00:00:00+00:00,0.0028681784113633577,0.0005601989757992349
2025-06-25 04:00:00+00:00,0.0002385648669960809,0.0
2025-06-26 00:00:00+00:00,-0.0010475698733776778,0.0077933579784365695
2025-06-26 04:00:00+00:00,0.0005678759245463285,0.0
2025-06-27 00:00:00+00:00,-0.01729774433351998,0.004956042284317412
2025-06-27 04:00:00+00:00,-0.0007336030451135124,0.0
2025-06-30 00:00:00+00:00,0.008492556065412393,0.004769768128973852
2025-06-30 04:00:00+00:00,0.0007142003521286505,0.0
2025-07-01 00:00:00+00:00,0.006313211161874868,-0.00032364497055568
2025-07-01 04:00:00+00:00,-0.0026144297348237528,0.0
2025-07-02 00:00:00+00:00,0.0031178485488814033,0.004523108356608195
2025-07-02 04:00:00+00:00,-0.0004712610732413542,0.0
2025-07-03 00:00:00+00:00,-0.004238066212856726,0.007850493332774558
2025-07-03 04:00:00+00:00,0.0037784365175688663,0.0
2025-07-07 00:00:00+00:00,0.0005570851112504122,-0.007480044354768176
2025-07-07 04:00:00+00:00,-0.0005424082050727622,0.0
2025-07-08 00:00:00+00:00,-0.007887421517175412,-0.0005477591008009269
2025-07-08 04:00:00+00:00,-0.0005339127926308341,0.0
2025-07-09 00:00:00+00:00,0.0037668583199308636,0.005978713525982097
2025-07-09 04:00:00+00:00,0.003324888415408312,0.0
2025-07-10 00:00:00+00:00,0.002067960941791681,0.002816233535900975
2025-07-10 04:00:00+00:00,-0.0009748582394385869,0.0
2025-07-11 00:00:00+00:00,0.006288502261022902,-0.003521459087483901
2025-07-11 04:00:00+00:00,0.0008837838125613726,0.0
2025-07-14 00:00:00+00:00,-0.0022516236741779065,0.001906318968075333
2025-07-14 04:00:00+00:00,-0.00014388953153150473,0.0
2025-07-15 00:00:00+00:00,-0.0034659943513882237,-0.004282474576033581
2025-07-15 04:00:00+00:00,0.0018553537125258522,0.0
2025-07-16 00:00:00+00:00,0.002738698818558539,0.003337685676673967
2025-07-16 04:00:00+00:00,-0.00013219148813363216,0.0
2025-07-17 00:00:00+00:00,-0.0006407618174871393,0.006100992736924632
2025-07-17 04:00:00+00:00,0.0039952321833760926,0.0
2025-07-18 00:00:00+00:00,0.003520953583198795,-0.0007326412728856199
2025-07-18 04:00:00+00:00,-0.0010795210244300556,0.0
2025-07-21 00:00:00+00:00,0.008614988917899354,0.0018943993182298758
2025-07-21 04:00:00+00:00,6.542361158028641e-06,0.0
2025-07-22 00:00:00+00:00,0.00663472112169207,0.0001431116257501564
2025-07-22 04:00:00+00:00,-0.0031536891782213594,0.0
2025-07-23 00:00:00+00:00,-0.007675872192854162,0.008471422627178921
2025-07-23 04:00:00+00:00,0.00039667190955958376,0.0
2025-07-24 00:00:00+00:00,-0.003467257858040404,0.00033106400119798415
2025-07-24 04:00:00+00:00,0.003293937160193921,0.0
2025-07-25 00:00:00+00:00,-0.0046642451504605,0.004215461085308543
2025-07-25 04:00:00+00:00,0.001846434279990772,0.0
2025-07-28 00:00:00+00:00,-0.0048614889584252625,-0.0002511222460095388
2025-07-28 04:00:00+00:00,-0.0007882370875364218,0.0
2025-07-29 00:00:00+00:00,0.002936168478383422,-0.0026410811507953306
2025-07-29 04:00:00+00:00,3.454572151867275e-05,0.0
2025-07-30 00:00:00+00:00,-0.006085659491645376,-0.0012601734456689595
2025-07-30 04:00:00+00:00,0.000330384205070253,0.0
2025-07-31 00:00:00+00:00,0.0032986011557370764,-0.0037583191572022816
2025-07-31 04:00:00+00:00,0.009792198509861476,0.0
2025-08-01 00:00:00+00:00,0.0064891928265706465,-0.016526212041245922
2025-08-01 04:00:00+00:00,-0.004491343748350118,0.0
2025-08-04 00:00:00+00:00,0.007839273724376152,0.015085523744947264
2025-08-04 04:00:00+00:00,0.005503868736890898,0.0
2025-08-05 00:00:00+00:00,-0.0023928883945602184,-0.005082863982803577
2025-08-05 04:00:00+00:00,-0.003753353572079287,0.0
2025-08-06 00:00:00+00:00,-0.0015586652734201447,0.007630452932776817
2025-08-06 04:00:00+00:00,-0.0013502791190305628,0.0
2025-08-07 00:00:00+00:00,0.005476297614372183,-0.0008379248720111037
2025-08-07 04:00:00+00:00,-0.0019831895206561504,0.0
2025-08-08 00:00:00+00:00,0.0001477954124031993,0.00776725769658214
2025-08-08 04:00:00+00:00,0.0005820479816957564,0.0
2025-08-11 00:00:00+00:00,-0.006955487497947323,-0.0019794101966930156
2025-08-11 04:00:00+00:00,-0.00013084463686541422,0.0
2025-08-12 00:00:00+00:00,0.0018783982933403024,0.010589711784880412
2025-08-12 04:00:00+00:00,0.0035953848937263356,0.0
2025-08-13 00:00:00+00:00,0.001539056427797259,0.003417338847114407
2025-08-13 04:00:00+00:00,-0.007286926915192898,0.0
2025-08-14 00:00:00+00:00,-0.0030556712617881617,9.299349247388215e-05
2025-08-14 04:00:00+00:00,0.0016090112184545357,0.0
2025-08-15 00:00:00+00:00,-0.0007805291083725103,-0.002344035342162163
2025-08-15 04:00:00+00:00,-0.0019570672393856856,0.0
2025-08-18 00:00:00+00:00,-0.0013871726176882787,-0.0002175393804947665
2025-08-18 04:00:00+00:00,-0.0026144912217079385,0.0
2025-08-19 00:00:00+00:00,0.000489621065856895,-0.005440009910012842
2025-08-19 04:00:00+00:00,-0.006305631211111225,0.0
2025-08-20 00:00:00+00:00,0.0022574375205706163,-0.0026605789014711155
2025-08-20 04:00:00+00:00,-0.0035230396657232156,0.0
2025-08-21 00:00:00+00:00,-0.0027880759482593214,-0.004019834952737739
2025-08-21 04:00:00+00:00,-0.0005690037212380189,0.0
2025-08-22 00:00:00+00:00,0.005161570157732806,0.015240063286831808
2025-08-22 04:00:00+00:00,0.002611310771321396,0.0
2025-08-25 00:00:00+00:00,-0.0036322006995699015,-0.004410774204539882
2025-08-25 04:00:00+00:00,-0.0025937645479263767,0.0
2025-08-26 00:00:00+00:00,0.002568226050548901,0.004178261264727741
2025-08-26 04:00:00+00:00,-0.0019487660602169863,0.0
2025-08-27 00:00:00+00:00,0.0007347351392769493,0.002275900290250719
2025-08-27 04:00:00+00:00,0.0039574302570727,0.0
2025-08-28 00:00:00+00:00,0.0013608366138166412,0.0035351445501909024
2025-08-28 04:00:00+00:00,0.0024235724499052083,0.0
2025-08-29 00:00:00+00:00,0.0009418450185802664,-0.005981563318844179
2025-08-29 04:00:00+00:00,-0.002465469417371714,0.0
2025-09-02 00:00:00+00:00,0.004315992891318507,-0.007437784394773553
2025-09-02 04:00:00+00:00,-0.0013180011849471891,0.0
2025-09-03 00:00:00+00:00,0.002548457768139399,0.005404834795112946
2025-09-03 04:00:00+00:00,0.00019335598465041612,0.0
2025-09-04 00:00:00+00:00,6.228786100605124e-05,0.008322753728046323
2025-09-04 04:00:00+00:00,0.002196180965227001,0.0
2025-09-05 00:00:00+00:00,0.002485973936858295,-0.00290050077776432
2025-09-05 04:00:00+00:00,-0.010984679073252223,0.0
2025-09-08 00:00:00+00:00,0.0018128343053495902,0.0024536672441945796
2025-09-08 04:00:00+00:00,0.0027366978471696827,0.0
2025-09-09 00:00:00+00:00,0.000824039347330263,0.0023091052707458
2025-09-09 04:00:00+00:00,0.00017896623891806572,0.0
2025-09-10 00:00:00+00:00,0.003957816913183041,0.0028866449516346563
2025-09-10 04:00:00+00:00,0.0016668411224100479,0.0
2025-09-11 00:00:00+00:00,0.0017863126566648683,0.008275973687327689
2025-09-11 04:00:00+00:00,0.0005428853847431796,0.0
2025-09-12 00:00:00+00:00,0.0009332815331578021,-0.00033478437995555023
2025-09-12 04:00:00+00:00,0.005914784901055286,0.0
2025-09-15 00:00:00+00:00,0.004286510824129459,0.005309896321251464
2025-09-15 04:00:00+00:00,0.003604180246086415,0.0
2025-09-16 00:00:00+00:00,-0.0022071418027169104,-0.001377799744597147
2025-09-16 04:00:00+00:00,-0.0034981272072013157,0.0
2025-09-17 00:00:00+00:00,-0.0019753865977489423,-0.001243172160278322
2025-09-17 04:00:00+00:00,0.0007042715656566574,0.0
2025-09-18 00:00:00+00:00,-8.585250019028443e-06,0.004661502441776573
2025-09-18 04:00:00+00:00,-0.0010937834493048011,0.0
2025-09-19 00:00:00+00:00,0.004646083733165087,0.0049406929611880614
2025-09-19 04:00:00+00:00,0.006683094216291197,0.0
2025-09-22 00:00:00+00:00,0.006596815607457801,0.004719879284541738
2025-09-22 04:00:00+00:00,-0.0005299336971404272,0.0
2025-09-23 00:00:00+00:00,0.0004886118196656044,-0.005458390459715589
2025-09-23 04:00:00+00:00,-0.0033005456989655913,0.0
2025-09-24 00:00:00+00:00,-0.0022414016610585352,-0.0031867166788192448
2025-09-24 04:00:00+00:00,0.0002460077962306243,0.0
2025-09-25 00:00:00+00:00,-0.0014288883941028178,-0.0046241076930603996
2025-09-25 04:00:00+00:00,-0.00121035794593295,0.0
2025-09-26 00:00:00+00:00,0.004973032862775112,0.0057127269825062305
2025-09-26 04:00:00+00:00,0.001719181394501875,0.0
2025-09-29 00:00:00+00:00,0.0053127217577107946,0.0028064476894812005
2025-09-29 04:00:00+00:00,0.0011967303302438826,0.0
2025-09-30 00:00:00+00:00,0.003544934842756965,0.003759768927893871
2025-09-30 04:00:00+00:00,0.0016567204624790893,0.0
2025-10-01 00:00:00+00:00,0.002432849693162671,0.003401777095946418
2025-10-01 04:00:00+00:00,0.0010807054257037994,0.0
2025-10-02 00:00:00+00:00,-0.0006678616182991473,0.0011511173226373928
2025-10-02 04:00:00+00:00,-0.0013850828623321472,0.0
2025-10-03 00:00:00+00:00,0.003100969647656266,-1.4818724464876765e-05
2025-10-03 04:00:00+00:00,0.0010312948452862274,0.0
2025-10-06 00:00:00+00:00,0.006789981081241144,0.0035798341068348258
2025-10-06 04:00:00+00:00,0.004883617163078119,0.0
2025-10-07 00:00:00+00:00,0.000495243798495572,-0.0037144018347419444
2025-10-07 04:00:00+00:00,-0.002208609507042436,0.0
2025-10-08 00:00:00+00:00,0.006728764782549098,0.005945387426084363
2025-10-08 04:00:00+00:00,0.0008781986756811134,0.0
2025-10-09 00:00:00+00:00,-0.005880363535480562,-0.0029012347560901795
2025-10-09 04:00:00+00:00,-0.0023527500796457533,0.0
2025-10-10 00:00:00+00:00,-0.006940921043316558,-0.027399789997988915
2025-10-10 04:00:00+00:00,-0.008136665860683788,0.0
2025-10-13 00:00:00+00:00,0.010795749991321654,0.015227562737463052
2025-10-13 04:00:00+00:00,0.0023742904958750323,0.0
2025-10-14 00:00:00+00:00,0.0020588521492537525,-0.001222398043836981
2025-10-14 04:00:00+00:00,-0.00020180379688808055,0.0
2025-10-15 00:00:00+00:00,0.006410486306110146,0.004429715406320601
2025-10-15 04:00:00+00:00,0.00046889144913446777,0.0
2025-10-16 00:00:00+00:00,0.0011369438856947633,-0.006833505875304711
2025-10-16 04:00:00+00:00,-0.0015602810796509982,0.0
2025-10-17 00:00:00+00:00,-0.002320339990119657,0.005660265291766351
2025-10-17 04:00:00+00:00,0.0026386574219259408,0.0
2025-10-20 00:00:00+00:00,0.01062923121464238,0.01034672261457371
2025-10-20 04:00:00+00:00,0.004898585428007986,0.0
2025-10-21 00:00:00+00:00,-0.01446033973681151,-1.4955189601561524e-05
2025-10-21 04:00:00+00:00,0.0006038543576069537,0.0
2025-10-22 00:00:00+00:00,-0.0019902003784523824,-0.005212443466226336
2025-10-22 04:00:00+00:00,9.42192186250009e-06,0.0
2025-10-23 00:00:00+00:00,0.0026473301518780633,0.005912453034594508
2025-10-23 04:00:00+00:00,0.000382027493238367,0.0
2025-10-24 00:00:00+00:00,0.003402693100640732,0.008139332824426273
2025-10-24 04:00:00+00:00,0.002557235854222885,0.0
2025-10-27 00:00:00+00:00,-0.0013857420436853536,0.011728617925521323
2025-10-27 04:00:00+00:00,0.006254842348496818,0.0
2025-10-28 00:00:00+00:00,-0.003090439967963128,0.002652480390799007
2025-10-28 04:00:00+00:00,0.0033934775401278034,0.0
2025-10-29 00:00:00+00:00,-0.002300834644197813,0.00048021073542194704
2025-10-29 04:00:00+00:00,0.0002731912982838322,0.0
2025-10-30 00:00:00+00:00,-0.00027824627422404463,-0.011059039567433416
2025-10-30 04:00:00+00:00,-0.0038845183856884022,0.0
2025-10-31 00:00:00+00:00,-0.002015112498784603,0.0032748926031152723
2025-10-31 04:00:00+00:00,-0.003173138998714593,0.0
2025-11-03 00:00:00+00:00,0.0002871820161062622,0.0018749327948009238
2025-11-03 05:00:00+00:00,-0.00106692898338504,0.0
2025-11-04 00:00:00+00:00,-0.0051610786667519604,-0.011924409215691439
2025-11-04 05:00:00+00:00,-0.00026048769385731405,0.0
2025-11-05 00:00:00+00:00,0.0007044213616533336,0.0034594792291670327
2025-11-05 05:00:00+00:00,-0.002278056397831386,0.0
2025-11-06 00:00:00+00:00,-0.0012391707204107755,-0.010787357135266056
2025-11-06 05:00:00+00:00,-0.003567661990059893,0.0
2025-11-07 00:00:00+00:00,0.0031290467983765597,0.0009840815731577298
2025-11-07 05:00:00+00:00,-0.0008989973677991381,0.0
2025-11-10 00:00:00+00:00,0.006983352534405364,0.015483862123532437
2025-11-10 05:00:00+00:00,0.003807871708855694,0.0
2025-11-11 00:00:00+00:00,0.0019898995007791025,0.0022865871486387524
2025-11-11 05:00:00+00:00,0.004298518594317736,0.0
2025-11-12 00:00:00+00:00,0.0054014004003679625,0.0005562521295209495
2025-11-12 05:00:00+00:00,-0.000548358466062617,0.0
2025-11-13 00:00:00+00:00,-0.008280278770170273,-0.01673328636427289
2025-11-13 05:00:00+00:00,-0.002149072738888109,0.0
2025-11-14 00:00:00+00:00,-0.005737916972200253,-0.0001636093911431959
2025-11-14 05:00:00+00:00,0.0012596427402556177,0.0
2025-11-17 00:00:00+00:00,-0.0035821973999847464,-0.009360146600224117
2025-11-17 05:00:00+00:00,-0.0037772165614193905,0.0
2025-11-18 00:00:00+00:00,-2.3148570115797632e-06,-0.008432944988599554
2025-11-18 05:00:00+00:00,-0.003233880239869631,0.0
2025-11-19 00:00:00+00:00,-0.00029134845230417445,0.0038557148069217236
2025-11-19 05:00:00+00:00,-0.0008817034953296546,0.0
2025-11-20 00:00:00+00:00,-0.0034675698364906586,-0.015359661459324747
2025-11-20 05:00:00+00:00,-0.0033847898173771937,0.0
2025-11-21 00:00:00+00:00,0.001786897884366915,0.00991191898261605
2025-11-21 05:00:00+00:00,0.0017904012249331277,0.0
2025-11-24 00:00:00+00:00,0.009592259204129115,0.014611281240599336
2025-11-24 05:00:00+00:00,0.003252408996508835,0.0
2025-11-25 00:00:00+00:00,0.0011752977246880978,0.009361952883328898
2025-11-25 05:00:00+00:00,0.0016710769026994886,0.0
2025-11-26 00:00:00+00:00,0.005408759433961838,0.00687982426960381
2025-11-26 05:00:00+00:00,0.0032452959497576346,0.0
2025-11-28 00:00:00+00:00,0.0032926278017756166,0.005443557655063362
2025-11-28 05:00:00+00:00,0.0029687822217246205,0.0
2025-12-01 00:00:00+00:00,-0.006088931023773152,-0.0045758859064223886
2025-12-01 05:00:00+00:00,0.0008001240680144046,0.0
2025-12-02 00:00:00+00:00,-0.001847555309760939,0.001850490753330355
2025-12-02 05:00:00+00:00,0.002929165238436212,0.0
2025-12-03 00:00:00+00:00,0.0003766705331589476,0.0034567863924179596
2025-12-03 05:00:00+00:00,-0.005357176326390553,0.0
2025-12-04 00:00:00+00:00,-0.001031591917187921,0.000730856697116592
2025-12-04 05:00:00+00:00,-0.0010071720208681273,0.0
2025-12-05 00:00:00+00:00,-0.0023305933792459005,0.0018976599322906048
2025-12-05 05:00:00+00:00,-0.00037502532716640353,0.0
2025-12-08 00:00:00+00:00,-0.003753198825479272,-0.0030087410774240343
2025-12-08 05:00:00+00:00,0.0020969452687232145,0.0
2025-12-09 00:00:00+00:00,0.0009692912193065734,-0.0008634949792658863
2025-12-09 05:00:00+00:00,-0.00010048103593567347,0.0
2025-12-10 00:00:00+00:00,0.0023782079789842043,0.006610321903688149
2025-12-10 05:00:00+00:00,-0.0035604754318386226,0.0
2025-12-11 00:00:00+00:00,0.002803090182573069,0.0023242286648015318
2025-12-11 05:00:00+00:00,0.0010542606344172074,0.0
2025-12-12 00:00:00+00:00,-0.00398939220441942,-0.010810218055957286
2025-12-12 05:00:00+00:00,-0.0013864109032458007,0.0
2025-12-15 00:00:00+00:00,0.0016069542312079704,-0.0015119558434006672
2025-12-15 05:00:00+00:00,-0.00388723761930244,0.0
2025-12-16 00:00:00+00:00,-0.000276881666460144,-0.002736059397467843
2025-12-16 05:00:00+00:00,0.0008251544988012519,0.0
2025-12-17 00:00:00+00:00,-0.002417579077027809,-0.011064575515952102
2025-12-17 05:00:00+00:00,-0.0019079422951686156,0.0
2025-12-18 00:00:00+00:00,0.003841507466086568,0.007522912100961887
2025-12-18 05:00:00+00:00,0.00269919614110096,0.0
2025-12-19 00:00:00+00:00,-0.0011794960429897926,0.009022638461698701
2025-12-19 05:00:00+00:00,0.0015777608831844914,0.0
2025-12-22 00:00:00+00:00,0.004195144225110628,0.006210548734107755
2025-12-23 00:00:00+00:00,0.0033673683829730677,0.004560071413091677
2025-12-24 00:00:00+00:00,0.002055810361752715,0.003511449061324125
2025-12-26 00:00:00+00:00,0.0006554336062914304,-0.00010140918548689622
2025-12-29 00:00:00+00:00,-0.0049932997353900705,-0.0035700131092760113
2025-12-30 00:00:00+00:00,-0.00014148163639709122,-0.0012218930418649832
2025-12-31 00:00:00+00:00,-0.0047582481319960275,-0.0074365385229543625
