date,AAPL,MSFT,GOOGL,TSLA
2011-07-27 04:00:00+00:00,0.8240454198269883,0.0865757722462326,0.03620220552813455,0.053176602398644565
2011-07-28 04:00:00+00:00,0.8240454198269883,0.0865757722462326,0.03620220552813455,0.053176602398644565
2011-07-29 04:00:00+00:00,0.8240454198269883,0.0865757722462326,0.03620220552813455,0.053176602398644565
2011-08-01 04:00:00+00:00,0.8240454198269883,0.0865757722462326,0.03620220552813455,0.053176602398644565
2011-08-02 04:00:00+00:00,0.8240454198269883,0.0865757722462326,0.03620220552813455,0.053176602398644565
2011-08-03 04:00:00+00:00,0.8240454198269883,0.0865757722462326,0.03620220552813455,0.053176602398644565
2011-08-04 04:00:00+00:00,0.8240454198269883,0.0865757722462326,0.03620220552813455,0.053176602398644565
2011-08-05 04:00:00+00:00,0.8240454198269883,0.0865757722462326,0.03620220552813455,0.053176602398644565
2011-08-08 04:00:00+00:00,0.8240454198269883,0.0865757722462326,0.03620220552813455,0.053176602398644565
2011-08-09 04:00:00+00:00,0.8240454198269883,0.0865757722462326,0.03620220552813455,0.053176602398644565
2011-08-10 04:00:00+00:00,0.8240454198269883,0.0865757722462326,0.03620220552813455,0.053176602398644565
2011-08-11 04:00:00+00:00,0.8240454198269883,0.0865757722462326,0.03620220552813455,0.053176602398644565
2011-08-12 04:00:00+00:00,0.8240454198269883,0.0865757722462326,0.03620220552813455,0.053176602398644565
2011-08-15 04:00:00+00:00,0.8240454198269883,0.0865757722462326,0.03620220552813455,0.053176602398644565
2011-08-16 04:00:00+00:00,0.8240454198269883,0.0865757722462326,0.03620220552813455,0.053176602398644565
2011-08-17 04:00:00+00:00,0.8240454198269883,0.0865757722462326,0.03620220552813455,0.053176602398644565
2011-08-18 04:00:00+00:00,0.8240454198269883,0.0865757722462326,0.03620220552813455,0.053176602398644565
2011-08-19 04:00:00+00:00,0.8240454198269883,0.0865757722462326,0.03620220552813455,0.053176602398644565
2011-08-22 04:00:00+00:00,0.8240454198269883,0.0865757722462326,0.03620220552813455,0.053176602398644565
2011-08-23 04:00:00+00:00,0.8240454198269883,0.0865757722462326,0.03620220552813455,0.053176602398644565
2011-08-24 04:00:00+00:00,0.8240454198269883,0.0865757722462326,0.03620220552813455,0.053176602398644565
2011-08-25 04:00:00+00:00,0.24182,0.57282,0.18536,5.975490051795655e-39
2011-08-26 04:00:00+00:00,0.24182,0.57282,0.18536,5.975490051795655e-39
2011-08-29 04:00:00+00:00,0.24182,0.57282,0.18536,5.975490051795655e-39
2011-08-30 04:00:00+00:00,0.24182,0.57282,0.18536,5.975490051795655e-39
2011-08-31 04:00:00+00:00,0.24182,0.57282,0.18536,5.975490051795655e-39
2011-09-01 04:00:00+00:00,0.24182,0.57282,0.18536,5.975490051795655e-39
2011-09-02 04:00:00+00:00,0.24182,0.57282,0.18536,5.975490051795655e-39
2011-09-06 04:00:00+00:00,0.24182,0.57282,0.18536,5.975490051795655e-39
2011-09-07 04:00:00+00:00,0.24182,0.57282,0.18536,5.975490051795655e-39
2011-09-08 04:00:00+00:00,0.24182,0.57282,0.18536,5.975490051795655e-39
2011-09-09 04:00:00+00:00,0.24182,0.57282,0.18536,5.975490051795655e-39
2011-09-12 04:00:00+00:00,0.24182,0.57282,0.18536,5.975490051795655e-39
2011-09-13 04:00:00+00:00,0.24182,0.57282,0.18536,5.975490051795655e-39
2011-09-14 04:00:00+00:00,0.24182,0.57282,0.18536,5.975490051795655e-39
2011-09-15 04:00:00+00:00,0.24182,0.57282,0.18536,5.975490051795655e-39
2011-09-16 04:00:00+00:00,0.24182,0.57282,0.18536,5.975490051795655e-39
2011-09-19 04:00:00+00:00,0.24182,0.57282,0.18536,5.975490051795655e-39
2011-09-20 04:00:00+00:00,0.24182,0.57282,0.18536,5.975490051795655e-39
2011-09-21 04:00:00+00:00,0.24182,0.57282,0.18536,5.975490051795655e-39
2011-09-22 04:00:00+00:00,0.24182,0.57282,0.18536,5.975490051795655e-39
2011-09-23 04:00:00+00:00,0.24182,0.57282,0.18536,5.975490051795655e-39
2011-09-26 04:00:00+00:00,0.9500955217165311,6.660967644499301e-05,2.5039078243594284e-05,0.04981282952878028
2011-09-27 04:00:00+00:00,0.9500955217165311,6.660967644499301e-05,2.5039078243594284e-05,0.04981282952878028
2011-09-28 04:00:00+00:00,0.9500955217165311,6.660967644499301e-05,2.5039078243594284e-05,0.04981282952878028
2011-09-29 04:00:00+00:00,0.9500955217165311,6.660967644499301e-05,2.5039078243594284e-05,0.04981282952878028
2011-09-30 04:00:00+00:00,0.9500955217165311,6.660967644499301e-05,2.5039078243594284e-05,0.04981282952878028
2011-10-03 04:00:00+00:00,0.9500955217165311,6.660967644499301e-05,2.5039078243594284e-05,0.04981282952878028
2011-10-04 04:00:00+00:00,0.9500955217165311,6.660967644499301e-05,2.5039078243594284e-05,0.04981282952878028
2011-10-05 04:00:00+00:00,0.9500955217165311,6.660967644499301e-05,2.5039078243594284e-05,0.04981282952878028
2011-10-06 04:00:00+00:00,0.9500955217165311,6.660967644499301e-05,2.5039078243594284e-05,0.04981282952878028
2011-10-07 04:00:00+00:00,0.9500955217165311,6.660967644499301e-05,2.5039078243594284e-05,0.04981282952878028
2011-10-10 04:00:00+00:00,0.9500955217165311,6.660967644499301e-05,2.5039078243594284e-05,0.04981282952878028
2011-10-11 04:00:00+00:00,0.9500955217165311,6.660967644499301e-05,2.5039078243594284e-05,0.04981282952878028
2011-10-12 04:00:00+00:00,0.9500955217165311,6.660967644499301e-05,2.5039078243594284e-05,0.04981282952878028
2011-10-13 04:00:00+00:00,0.9500955217165311,6.660967644499301e-05,2.5039078243594284e-05,0.04981282952878028
2011-10-14 04:00:00+00:00,0.9500955217165311,6.660967644499301e-05,2.5039078243594284e-05,0.04981282952878028
2011-10-17 04:00:00+00:00,0.9500955217165311,6.660967644499301e-05,2.5039078243594284e-05,0.04981282952878028
2011-10-18 04:00:00+00:00,0.9500955217165311,6.660967644499301e-05,2.5039078243594284e-05,0.04981282952878028
2011-10-19 04:00:00+00:00,0.9500955217165311,6.660967644499301e-05,2.5039078243594284e-05,0.04981282952878028
2011-10-20 04:00:00+00:00,0.9500955217165311,6.660967644499301e-05,2.5039078243594284e-05,0.04981282952878028
2011-10-21 04:00:00+00:00,0.9500955217165311,6.660967644499301e-05,2.5039078243594284e-05,0.04981282952878028
2011-10-24 04:00:00+00:00,0.9500955217165311,6.660967644499301e-05,2.5039078243594284e-05,0.04981282952878028
2011-10-25 04:00:00+00:00,0.19022631997156406,0.6542681144867748,0.15517111147298965,0.00033445406867154234
2011-10-26 04:00:00+00:00,0.19022631997156406,0.6542681144867748,0.15517111147298965,0.00033445406867154234
2011-10-27 04:00:00+00:00,0.19022631997156406,0.6542681144867748,0.15517111147298965,0.00033445406867154234
2011-10-28 04:00:00+00:00,0.19022631997156406,0.6542681144867748,0.15517111147298965,0.00033445406867154234
2011-10-31 04:00:00+00:00,0.19022631997156406,0.6542681144867748,0.15517111147298965,0.00033445406867154234
2011-11-01 04:00:00+00:00,0.19022631997156406,0.6542681144867748,0.15517111147298965,0.00033445406867154234
2011-11-02 04:00:00+00:00,0.19022631997156406,0.6542681144867748,0.15517111147298965,0.00033445406867154234
2011-11-03 04:00:00+00:00,0.19022631997156406,0.6542681144867748,0.15517111147298965,0.00033445406867154234
2011-11-04 04:00:00+00:00,0.19022631997156406,0.6542681144867748,0.15517111147298965,0.00033445406867154234
2011-11-07 05:00:00+00:00,0.19022631997156406,0.6542681144867748,0.15517111147298965,0.00033445406867154234
2011-11-08 05:00:00+00:00,0.19022631997156406,0.6542681144867748,0.15517111147298965,0.00033445406867154234
2011-11-09 05:00:00+00:00,0.19022631997156406,0.6542681144867748,0.15517111147298965,0.00033445406867154234
2011-11-10 05:00:00+00:00,0.19022631997156406,0.6542681144867748,0.15517111147298965,0.00033445406867154234
2011-11-11 05:00:00+00:00,0.19022631997156406,0.6542681144867748,0.15517111147298965,0.00033445406867154234
2011-11-14 05:00:00+00:00,0.19022631997156406,0.6542681144867748,0.15517111147298965,0.00033445406867154234
2011-11-15 05:00:00+00:00,0.19022631997156406,0.6542681144867748,0.15517111147298965,0.00033445406867154234
2011-11-16 05:00:00+00:00,0.19022631997156406,0.6542681144867748,0.15517111147298965,0.00033445406867154234
2011-11-17 05:00:00+00:00,0.19022631997156406,0.6542681144867748,0.15517111147298965,0.00033445406867154234
2011-11-18 05:00:00+00:00,0.19022631997156406,0.6542681144867748,0.15517111147298965,0.00033445406867154234
2011-11-21 05:00:00+00:00,0.19022631997156406,0.6542681144867748,0.15517111147298965,0.00033445406867154234
2011-11-22 05:00:00+00:00,0.19022631997156406,0.6542681144867748,0.15517111147298965,0.00033445406867154234
2011-11-23 05:00:00+00:00,0.3297597398098167,0.5229509688461429,0.14728929134404042,0.0
2011-11-25 05:00:00+00:00,0.3297597398098167,0.5229509688461429,0.14728929134404042,0.0
2011-11-28 05:00:00+00:00,0.3297597398098167,0.5229509688461429,0.14728929134404042,0.0
2011-11-29 05:00:00+00:00,0.3297597398098167,0.5229509688461429,0.14728929134404042,0.0
2011-11-30 05:00:00+00:00,0.3297597398098167,0.5229509688461429,0.14728929134404042,0.0
2011-12-01 05:00:00+00:00,0.3297597398098167,0.5229509688461429,0.14728929134404042,0.0
2011-12-02 05:00:00+00:00,0.3297597398098167,0.5229509688461429,0.14728929134404042,0.0
2011-12-05 05:00:00+00:00,0.3297597398098167,0.5229509688461429,0.14728929134404042,0.0
2011-12-06 05:00:00+00:00,0.3297597398098167,0.5229509688461429,0.14728929134404042,0.0
2011-12-07 05:00:00+00:00,0.3297597398098167,0.5229509688461429,0.14728929134404042,0.0
2011-12-08 05:00:00+00:00,0.3297597398098167,0.5229509688461429,0.14728929134404042,0.0
2011-12-09 05:00:00+00:00,0.3297597398098167,0.5229509688461429,0.14728929134404042,0.0
2011-12-12 05:00:00+00:00,0.3297597398098167,0.5229509688461429,0.14728929134404042,0.0
2011-12-13 05:00:00+00:00,0.3297597398098167,0.5229509688461429,0.14728929134404042,0.0
2011-12-14 05:00:00+00:00,0.3297597398098167,0.5229509688461429,0.14728929134404042,0.0
2011-12-15 05:00:00+00:00,0.3297597398098167,0.5229509688461429,0.14728929134404042,0.0
2011-12-16 05:00:00+00:00,0.3297597398098167,0.5229509688461429,0.14728929134404042,0.0
2011-12-19 05:00:00+00:00,0.3297597398098167,0.5229509688461429,0.14728929134404042,0.0
2011-12-20 05:00:00+00:00,0.3297597398098167,0.5229509688461429,0.14728929134404042,0.0
2011-12-21 05:00:00+00:00,0.3297597398098167,0.5229509688461429,0.14728929134404042,0.0
2011-12-22 05:00:00+00:00,0.3297597398098167,0.5229509688461429,0.14728929134404042,0.0
2011-12-23 05:00:00+00:00,0.4728457840376187,0.34370343878656273,0.1834507771758187,0.0
2011-12-27 05:00:00+00:00,0.4728457840376187,0.34370343878656273,0.1834507771758187,0.0
2011-12-28 05:00:00+00:00,0.4728457840376187,0.34370343878656273,0.1834507771758187,0.0
2011-12-29 05:00:00+00:00,0.4728457840376187,0.34370343878656273,0.1834507771758187,0.0
2011-12-30 05:00:00+00:00,0.4728457840376187,0.34370343878656273,0.1834507771758187,0.0
2012-01-03 05:00:00+00:00,0.4728457840376187,0.34370343878656273,0.1834507771758187,0.0
2012-01-04 05:00:00+00:00,0.4728457840376187,0.34370343878656273,0.1834507771758187,0.0
2012-01-05 05:00:00+00:00,0.4728457840376187,0.34370343878656273,0.1834507771758187,0.0
2012-01-06 05:00:00+00:00,0.4728457840376187,0.34370343878656273,0.1834507771758187,0.0
2012-01-09 05:00:00+00:00,0.4728457840376187,0.34370343878656273,0.1834507771758187,0.0
2012-01-10 05:00:00+00:00,0.4728457840376187,0.34370343878656273,0.1834507771758187,0.0
2012-01-11 05:00:00+00:00,0.4728457840376187,0.34370343878656273,0.1834507771758187,0.0
2012-01-12 05:00:00+00:00,0.4728457840376187,0.34370343878656273,0.1834507771758187,0.0
2012-01-13 05:00:00+00:00,0.4728457840376187,0.34370343878656273,0.1834507771758187,0.0
2012-01-17 05:00:00+00:00,0.4728457840376187,0.34370343878656273,0.1834507771758187,0.0
2012-01-18 05:00:00+00:00,0.4728457840376187,0.34370343878656273,0.1834507771758187,0.0
2012-01-19 05:00:00+00:00,0.4728457840376187,0.34370343878656273,0.1834507771758187,0.0
2012-01-20 05:00:00+00:00,0.4728457840376187,0.34370343878656273,0.1834507771758187,0.0
2012-01-23 05:00:00+00:00,0.4728457840376187,0.34370343878656273,0.1834507771758187,0.0
2012-01-24 05:00:00+00:00,0.4728457840376187,0.34370343878656273,0.1834507771758187,0.0
2012-01-25 05:00:00+00:00,0.4728457840376187,0.34370343878656273,0.1834507771758187,0.0
2012-01-26 05:00:00+00:00,0.2207702427248924,0.395495326332011,0.3177899979134659,0.06594443302963067
2012-01-27 05:00:00+00:00,0.2207702427248924,0.395495326332011,0.3177899979134659,0.06594443302963067
2012-01-30 05:00:00+00:00,0.2207702427248924,0.395495326332011,0.3177899979134659,0.06594443302963067
2012-01-31 05:00:00+00:00,0.2207702427248924,0.395495326332011,0.3177899979134659,0.06594443302963067
2012-02-01 05:00:00+00:00,0.2207702427248924,0.395495326332011,0.3177899979134659,0.06594443302963067
2012-02-02 05:00:00+00:00,0.2207702427248924,0.395495326332011,0.3177899979134659,0.06594443302963067
2012-02-03 05:00:00+00:00,0.2207702427248924,0.395495326332011,0.3177899979134659,0.06594443302963067
2012-02-06 05:00:00+00:00,0.2207702427248924,0.395495326332011,0.3177899979134659,0.06594443302963067
2012-02-07 05:00:00+00:00,0.2207702427248924,0.395495326332011,0.3177899979134659,0.06594443302963067
2012-02-08 05:00:00+00:00,0.2207702427248924,0.395495326332011,0.3177899979134659,0.06594443302963067
2012-02-09 05:00:00+00:00,0.2207702427248924,0.395495326332011,0.3177899979134659,0.06594443302963067
2012-02-10 05:00:00+00:00,0.2207702427248924,0.395495326332011,0.3177899979134659,0.06594443302963067
2012-02-13 05:00:00+00:00,0.2207702427248924,0.395495326332011,0.3177899979134659,0.06594443302963067
2012-02-14 05:00:00+00:00,0.2207702427248924,0.395495326332011,0.3177899979134659,0.06594443302963067
2012-02-15 05:00:00+00:00,0.2207702427248924,0.395495326332011,0.3177899979134659,0.06594443302963067
2012-02-16 05:00:00+00:00,0.2207702427248924,0.395495326332011,0.3177899979134659,0.06594443302963067
2012-02-17 05:00:00+00:00,0.2207702427248924,0.395495326332011,0.3177899979134659,0.06594443302963067
2012-02-21 05:00:00+00:00,0.2207702427248924,0.395495326332011,0.3177899979134659,0.06594443302963067
2012-02-22 05:00:00+00:00,0.2207702427248924,0.395495326332011,0.3177899979134659,0.06594443302963067
2012-02-23 05:00:00+00:00,0.2207702427248924,0.395495326332011,0.3177899979134659,0.06594443302963067
2012-02-24 05:00:00+00:00,0.2207702427248924,0.395495326332011,0.3177899979134659,0.06594443302963067
2012-02-27 05:00:00+00:00,0.8006399610347111,0.11478003086032809,1.5936608188003347e-08,0.08457999216835257
2012-02-28 05:00:00+00:00,0.8006399610347111,0.11478003086032809,1.5936608188003347e-08,0.08457999216835257
2012-02-29 05:00:00+00:00,0.8006399610347111,0.11478003086032809,1.5936608188003347e-08,0.08457999216835257
2012-03-01 05:00:00+00:00,0.8006399610347111,0.11478003086032809,1.5936608188003347e-08,0.08457999216835257
2012-03-02 05:00:00+00:00,0.8006399610347111,0.11478003086032809,1.5936608188003347e-08,0.08457999216835257
2012-03-05 05:00:00+00:00,0.8006399610347111,0.11478003086032809,1.5936608188003347e-08,0.08457999216835257
2012-03-06 05:00:00+00:00,0.8006399610347111,0.11478003086032809,1.5936608188003347e-08,0.08457999216835257
2012-03-07 05:00:00+00:00,0.8006399610347111,0.11478003086032809,1.5936608188003347e-08,0.08457999216835257
2012-03-08 05:00:00+00:00,0.8006399610347111,0.11478003086032809,1.5936608188003347e-08,0.08457999216835257
2012-03-09 05:00:00+00:00,0.8006399610347111,0.11478003086032809,1.5936608188003347e-08,0.08457999216835257
2012-03-12 04:00:00+00:00,0.8006399610347111,0.11478003086032809,1.5936608188003347e-08,0.08457999216835257
2012-03-13 04:00:00+00:00,0.8006399610347111,0.11478003086032809,1.5936608188003347e-08,0.08457999216835257
2012-03-14 04:00:00+00:00,0.8006399610347111,0.11478003086032809,1.5936608188003347e-08,0.08457999216835257
2012-03-15 04:00:00+00:00,0.8006399610347111,0.11478003086032809,1.5936608188003347e-08,0.08457999216835257
2012-03-16 04:00:00+00:00,0.8006399610347111,0.11478003086032809,1.5936608188003347e-08,0.08457999216835257
2012-03-19 04:00:00+00:00,0.8006399610347111,0.11478003086032809,1.5936608188003347e-08,0.08457999216835257
2012-03-20 04:00:00+00:00,0.8006399610347111,0.11478003086032809,1.5936608188003347e-08,0.08457999216835257
2012-03-21 04:00:00+00:00,0.8006399610347111,0.11478003086032809,1.5936608188003347e-08,0.08457999216835257
2012-03-22 04:00:00+00:00,0.8006399610347111,0.11478003086032809,1.5936608188003347e-08,0.08457999216835257
2012-03-23 04:00:00+00:00,0.8006399610347111,0.11478003086032809,1.5936608188003347e-08,0.08457999216835257
2012-03-26 04:00:00+00:00,0.8006399610347111,0.11478003086032809,1.5936608188003347e-08,0.08457999216835257
2012-03-27 04:00:00+00:00,0.34906408199381667,0.48633548376799235,0.15255375776107485,0.012046676477116106
2012-03-28 04:00:00+00:00,0.34906408199381667,0.48633548376799235,0.15255375776107485,0.012046676477116106
2012-03-29 04:00:00+00:00,0.34906408199381667,0.48633548376799235,0.15255375776107485,0.012046676477116106
2012-03-30 04:00:00+00:00,0.34906408199381667,0.48633548376799235,0.15255375776107485,0.012046676477116106
2012-04-02 04:00:00+00:00,0.34906408199381667,0.48633548376799235,0.15255375776107485,0.012046676477116106
2012-04-03 04:00:00+00:00,0.34906408199381667,0.48633548376799235,0.15255375776107485,0.012046676477116106
2012-04-04 04:00:00+00:00,0.34906408199381667,0.48633548376799235,0.15255375776107485,0.012046676477116106
2012-04-05 04:00:00+00:00,0.34906408199381667,0.48633548376799235,0.15255375776107485,0.012046676477116106
2012-04-09 04:00:00+00:00,0.34906408199381667,0.48633548376799235,0.15255375776107485,0.012046676477116106
2012-04-10 04:00:00+00:00,0.34906408199381667,0.48633548376799235,0.15255375776107485,0.012046676477116106
2012-04-11 04:00:00+00:00,0.34906408199381667,0.48633548376799235,0.15255375776107485,0.012046676477116106
2012-04-12 04:00:00+00:00,0.34906408199381667,0.48633548376799235,0.15255375776107485,0.012046676477116106
2012-04-13 04:00:00+00:00,0.34906408199381667,0.48633548376799235,0.15255375776107485,0.012046676477116106
2012-04-16 04:00:00+00:00,0.34906408199381667,0.48633548376799235,0.15255375776107485,0.012046676477116106
2012-04-17 04:00:00+00:00,0.34906408199381667,0.48633548376799235,0.15255375776107485,0.012046676477116106
2012-04-18 04:00:00+00:00,0.34906408199381667,0.48633548376799235,0.15255375776107485,0.012046676477116106
2012-04-19 04:00:00+00:00,0.34906408199381667,0.48633548376799235,0.15255375776107485,0.012046676477116106
2012-04-20 04:00:00+00:00,0.34906408199381667,0.48633548376799235,0.15255375776107485,0.012046676477116106
2012-04-23 04:00:00+00:00,0.34906408199381667,0.48633548376799235,0.15255375776107485,0.012046676477116106
2012-04-24 04:00:00+00:00,0.34906408199381667,0.48633548376799235,0.15255375776107485,0.012046676477116106
2012-04-25 04:00:00+00:00,0.34906408199381667,0.48633548376799235,0.15255375776107485,0.012046676477116106
2012-04-26 04:00:00+00:00,0.6542680932364283,0.2474487006127169,0.09633195415290653,0.001951251997948318
2012-04-27 04:00:00+00:00,0.6542680932364283,0.2474487006127169,0.09633195415290653,0.001951251997948318
2012-04-30 04:00:00+00:00,0.6542680932364283,0.2474487006127169,0.09633195415290653,0.001951251997948318
2012-05-01 04:00:00+00:00,0.6542680932364283,0.2474487006127169,0.09633195415290653,0.001951251997948318
2012-05-02 04:00:00+00:00,0.6542680932364283,0.2474487006127169,0.09633195415290653,0.001951251997948318
2012-05-03 04:00:00+00:00,0.6542680932364283,0.2474487006127169,0.09633195415290653,0.001951251997948318
2012-05-04 04:00:00+00:00,0.6542680932364283,0.2474487006127169,0.09633195415290653,0.001951251997948318
2012-05-07 04:00:00+00:00,0.6542680932364283,0.2474487006127169,0.09633195415290653,0.001951251997948318
2012-05-08 04:00:00+00:00,0.6542680932364283,0.2474487006127169,0.09633195415290653,0.001951251997948318
2012-05-09 04:00:00+00:00,0.6542680932364283,0.2474487006127169,0.09633195415290653,0.001951251997948318
2012-05-10 04:00:00+00:00,0.6542680932364283,0.2474487006127169,0.09633195415290653,0.001951251997948318
2012-05-11 04:00:00+00:00,0.6542680932364283,0.2474487006127169,0.09633195415290653,0.001951251997948318
2012-05-14 04:00:00+00:00,0.6542680932364283,0.2474487006127169,0.09633195415290653,0.001951251997948318
2012-05-15 04:00:00+00:00,0.6542680932364283,0.2474487006127169,0.09633195415290653,0.001951251997948318
2012-05-16 04:00:00+00:00,0.6542680932364283,0.2474487006127169,0.09633195415290653,0.001951251997948318
2012-05-17 04:00:00+00:00,0.6542680932364283,0.2474487006127169,0.09633195415290653,0.001951251997948318
2012-05-18 04:00:00+00:00,0.6542680932364283,0.2474487006127169,0.09633195415290653,0.001951251997948318
2012-05-21 04:00:00+00:00,0.6542680932364283,0.2474487006127169,0.09633195415290653,0.001951251997948318
2012-05-22 04:00:00+00:00,0.6542680932364283,0.2474487006127169,0.09633195415290653,0.001951251997948318
2012-05-23 04:00:00+00:00,0.6542680932364283,0.2474487006127169,0.09633195415290653,0.001951251997948318
2012-05-24 04:00:00+00:00,0.6542680932364283,0.2474487006127169,0.09633195415290653,0.001951251997948318
2012-05-25 04:00:00+00:00,0.924523772506615,0.07546794065311091,8.28684027400671e-06,0.0
2012-05-29 04:00:00+00:00,0.924523772506615,0.07546794065311091,8.28684027400671e-06,0.0
2012-05-30 04:00:00+00:00,0.924523772506615,0.07546794065311091,8.28684027400671e-06,0.0
2012-05-31 04:00:00+00:00,0.924523772506615,0.07546794065311091,8.28684027400671e-06,0.0
2012-06-01 04:00:00+00:00,0.924523772506615,0.07546794065311091,8.28684027400671e-06,0.0
2012-06-04 04:00:00+00:00,0.924523772506615,0.07546794065311091,8.28684027400671e-06,0.0
2012-06-05 04:00:00+00:00,0.924523772506615,0.07546794065311091,8.28684027400671e-06,0.0
2012-06-06 04:00:00+00:00,0.924523772506615,0.07546794065311091,8.28684027400671e-06,0.0
2012-06-07 04:00:00+00:00,0.924523772506615,0.07546794065311091,8.28684027400671e-06,0.0
2012-06-08 04:00:00+00:00,0.924523772506615,0.07546794065311091,8.28684027400671e-06,0.0
2012-06-11 04:00:00+00:00,0.924523772506615,0.07546794065311091,8.28684027400671e-06,0.0
2012-06-12 04:00:00+00:00,0.924523772506615,0.07546794065311091,8.28684027400671e-06,0.0
2012-06-13 04:00:00+00:00,0.924523772506615,0.07546794065311091,8.28684027400671e-06,0.0
2012-06-14 04:00:00+00:00,0.924523772506615,0.07546794065311091,8.28684027400671e-06,0.0
2012-06-15 04:00:00+00:00,0.924523772506615,0.07546794065311091,8.28684027400671e-06,0.0
2012-06-18 04:00:00+00:00,0.924523772506615,0.07546794065311091,8.28684027400671e-06,0.0
2012-06-19 04:00:00+00:00,0.924523772506615,0.07546794065311091,8.28684027400671e-06,0.0
2012-06-20 04:00:00+00:00,0.924523772506615,0.07546794065311091,8.28684027400671e-06,0.0
2012-06-21 04:00:00+00:00,0.924523772506615,0.07546794065311091,8.28684027400671e-06,0.0
2012-06-22 04:00:00+00:00,0.924523772506615,0.07546794065311091,8.28684027400671e-06,0.0
2012-06-25 04:00:00+00:00,0.924523772506615,0.07546794065311091,8.28684027400671e-06,0.0
2012-06-26 04:00:00+00:00,0.9669991614233345,0.03284538072920466,0.0001554578474608409,0.0
2012-06-27 04:00:00+00:00,0.9669991614233345,0.03284538072920466,0.0001554578474608409,0.0
2012-06-28 04:00:00+00:00,0.9669991614233345,0.03284538072920466,0.0001554578474608409,0.0
2012-06-29 04:00:00+00:00,0.9669991614233345,0.03284538072920466,0.0001554578474608409,0.0
2012-07-02 04:00:00+00:00,0.9669991614233345,0.03284538072920466,0.0001554578474608409,0.0
2012-07-03 04:00:00+00:00,0.9669991614233345,0.03284538072920466,0.0001554578474608409,0.0
2012-07-05 04:00:00+00:00,0.9669991614233345,0.03284538072920466,0.0001554578474608409,0.0
2012-07-06 04:00:00+00:00,0.9669991614233345,0.03284538072920466,0.0001554578474608409,0.0
2012-07-09 04:00:00+00:00,0.9669991614233345,0.03284538072920466,0.0001554578474608409,0.0
2012-07-10 04:00:00+00:00,0.9669991614233345,0.03284538072920466,0.0001554578474608409,0.0
2012-07-11 04:00:00+00:00,0.9669991614233345,0.03284538072920466,0.0001554578474608409,0.0
2012-07-12 04:00:00+00:00,0.9669991614233345,0.03284538072920466,0.0001554578474608409,0.0
2012-07-13 04:00:00+00:00,0.9669991614233345,0.03284538072920466,0.0001554578474608409,0.0
2012-07-16 04:00:00+00:00,0.9669991614233345,0.03284538072920466,0.0001554578474608409,0.0
2012-07-17 04:00:00+00:00,0.9669991614233345,0.03284538072920466,0.0001554578474608409,0.0
2012-07-18 04:00:00+00:00,0.9669991614233345,0.03284538072920466,0.0001554578474608409,0.0
2012-07-19 04:00:00+00:00,0.9669991614233345,0.03284538072920466,0.0001554578474608409,0.0
2012-07-20 04:00:00+00:00,0.9669991614233345,0.03284538072920466,0.0001554578474608409,0.0
2012-07-23 04:00:00+00:00,0.9669991614233345,0.03284538072920466,0.0001554578474608409,0.0
2012-07-24 04:00:00+00:00,0.9669991614233345,0.03284538072920466,0.0001554578474608409,0.0
2012-07-25 04:00:00+00:00,0.9669991614233345,0.03284538072920466,0.0001554578474608409,0.0
2012-07-26 04:00:00+00:00,0.2310785858808514,0.4779606989416792,0.29096071517746946,0.0
2012-07-27 04:00:00+00:00,0.2310785858808514,0.4779606989416792,0.29096071517746946,0.0
2012-07-30 04:00:00+00:00,0.2310785858808514,0.4779606989416792,0.29096071517746946,0.0
2012-07-31 04:00:00+00:00,0.2310785858808514,0.4779606989416792,0.29096071517746946,0.0
2012-08-01 04:00:00+00:00,0.2310785858808514,0.4779606989416792,0.29096071517746946,0.0
2012-08-02 04:00:00+00:00,0.2310785858808514,0.4779606989416792,0.29096071517746946,0.0
2012-08-03 04:00:00+00:00,0.2310785858808514,0.4779606989416792,0.29096071517746946,0.0
2012-08-06 04:00:00+00:00,0.2310785858808514,0.4779606989416792,0.29096071517746946,0.0
2012-08-07 04:00:00+00:00,0.2310785858808514,0.4779606989416792,0.29096071517746946,0.0
2012-08-08 04:00:00+00:00,0.2310785858808514,0.4779606989416792,0.29096071517746946,0.0
2012-08-09 04:00:00+00:00,0.2310785858808514,0.4779606989416792,0.29096071517746946,0.0
2012-08-10 04:00:00+00:00,0.2310785858808514,0.4779606989416792,0.29096071517746946,0.0
2012-08-13 04:00:00+00:00,0.2310785858808514,0.4779606989416792,0.29096071517746946,0.0
2012-08-14 04:00:00+00:00,0.2310785858808514,0.4779606989416792,0.29096071517746946,0.0
2012-08-15 04:00:00+00:00,0.2310785858808514,0.4779606989416792,0.29096071517746946,0.0
2012-08-16 04:00:00+00:00,0.2310785858808514,0.4779606989416792,0.29096071517746946,0.0
2012-08-17 04:00:00+00:00,0.2310785858808514,0.4779606989416792,0.29096071517746946,0.0
2012-08-20 04:00:00+00:00,0.2310785858808514,0.4779606989416792,0.29096071517746946,0.0
2012-08-21 04:00:00+00:00,0.2310785858808514,0.4779606989416792,0.29096071517746946,0.0
2012-08-22 04:00:00+00:00,0.2310785858808514,0.4779606989416792,0.29096071517746946,0.0
2012-08-23 04:00:00+00:00,0.2310785858808514,0.4779606989416792,0.29096071517746946,0.0
2012-08-24 04:00:00+00:00,0.999999999999844,4.476135018194327e-14,1.1117151643702528e-13,0.0
2012-08-27 04:00:00+00:00,0.999999999999844,4.476135018194327e-14,1.1117151643702528e-13,0.0
2012-08-28 04:00:00+00:00,0.999999999999844,4.476135018194327e-14,1.1117151643702528e-13,0.0
2012-08-29 04:00:00+00:00,0.999999999999844,4.476135018194327e-14,1.1117151643702528e-13,0.0
2012-08-30 04:00:00+00:00,0.999999999999844,4.476135018194327e-14,1.1117151643702528e-13,0.0
2012-08-31 04:00:00+00:00,0.999999999999844,4.476135018194327e-14,1.1117151643702528e-13,0.0
2012-09-04 04:00:00+00:00,0.999999999999844,4.476135018194327e-14,1.1117151643702528e-13,0.0
2012-09-05 04:00:00+00:00,0.999999999999844,4.476135018194327e-14,1.1117151643702528e-13,0.0
2012-09-06 04:00:00+00:00,0.999999999999844,4.476135018194327e-14,1.1117151643702528e-13,0.0
2012-09-07 04:00:00+00:00,0.999999999999844,4.476135018194327e-14,1.1117151643702528e-13,0.0
2012-09-10 04:00:00+00:00,0.999999999999844,4.476135018194327e-14,1.1117151643702528e-13,0.0
2012-09-11 04:00:00+00:00,0.999999999999844,4.476135018194327e-14,1.1117151643702528e-13,0.0
2012-09-12 04:00:00+00:00,0.999999999999844,4.476135018194327e-14,1.1117151643702528e-13,0.0
2012-09-13 04:00:00+00:00,0.999999999999844,4.476135018194327e-14,1.1117151643702528e-13,0.0
2012-09-14 04:00:00+00:00,0.999999999999844,4.476135018194327e-14,1.1117151643702528e-13,0.0
2012-09-17 04:00:00+00:00,0.999999999999844,4.476135018194327e-14,1.1117151643702528e-13,0.0
2012-09-18 04:00:00+00:00,0.999999999999844,4.476135018194327e-14,1.1117151643702528e-13,0.0
2012-09-19 04:00:00+00:00,0.999999999999844,4.476135018194327e-14,1.1117151643702528e-13,0.0
2012-09-20 04:00:00+00:00,0.999999999999844,4.476135018194327e-14,1.1117151643702528e-13,0.0
2012-09-21 04:00:00+00:00,0.999999999999844,4.476135018194327e-14,1.1117151643702528e-13,0.0
2012-09-24 04:00:00+00:00,0.999999999999844,4.476135018194327e-14,1.1117151643702528e-13,0.0
2012-09-25 04:00:00+00:00,0.6935715145400084,0.06377026519510909,0.2426580108894445,2.0937543801056947e-07
2012-09-26 04:00:00+00:00,0.6935715145400084,0.06377026519510909,0.2426580108894445,2.0937543801056947e-07
2012-09-27 04:00:00+00:00,0.6935715145400084,0.06377026519510909,0.2426580108894445,2.0937543801056947e-07
2012-09-28 04:00:00+00:00,0.6935715145400084,0.06377026519510909,0.2426580108894445,2.0937543801056947e-07
2012-10-01 04:00:00+00:00,0.6935715145400084,0.06377026519510909,0.2426580108894445,2.0937543801056947e-07
2012-10-02 04:00:00+00:00,0.6935715145400084,0.06377026519510909,0.2426580108894445,2.0937543801056947e-07
2012-10-03 04:00:00+00:00,0.6935715145400084,0.06377026519510909,0.2426580108894445,2.0937543801056947e-07
2012-10-04 04:00:00+00:00,0.6935715145400084,0.06377026519510909,0.2426580108894445,2.0937543801056947e-07
2012-10-05 04:00:00+00:00,0.6935715145400084,0.06377026519510909,0.2426580108894445,2.0937543801056947e-07
2012-10-08 04:00:00+00:00,0.6935715145400084,0.06377026519510909,0.2426580108894445,2.0937543801056947e-07
2012-10-09 04:00:00+00:00,0.6935715145400084,0.06377026519510909,0.2426580108894445,2.0937543801056947e-07
2012-10-10 04:00:00+00:00,0.6935715145400084,0.06377026519510909,0.2426580108894445,2.0937543801056947e-07
2012-10-11 04:00:00+00:00,0.6935715145400084,0.06377026519510909,0.2426580108894445,2.0937543801056947e-07
2012-10-12 04:00:00+00:00,0.6935715145400084,0.06377026519510909,0.2426580108894445,2.0937543801056947e-07
2012-10-15 04:00:00+00:00,0.6935715145400084,0.06377026519510909,0.2426580108894445,2.0937543801056947e-07
2012-10-16 04:00:00+00:00,0.6935715145400084,0.06377026519510909,0.2426580108894445,2.0937543801056947e-07
2012-10-17 04:00:00+00:00,0.6935715145400084,0.06377026519510909,0.2426580108894445,2.0937543801056947e-07
2012-10-18 04:00:00+00:00,0.6935715145400084,0.06377026519510909,0.2426580108894445,2.0937543801056947e-07
2012-10-19 04:00:00+00:00,0.6935715145400084,0.06377026519510909,0.2426580108894445,2.0937543801056947e-07
2012-10-22 04:00:00+00:00,0.6935715145400084,0.06377026519510909,0.2426580108894445,2.0937543801056947e-07
2012-10-23 04:00:00+00:00,0.6935715145400084,0.06377026519510909,0.2426580108894445,2.0937543801056947e-07
2012-10-24 04:00:00+00:00,0.8550858880252394,0.06223185585866381,0.05913632012275645,0.023545935993340268
2012-10-25 04:00:00+00:00,0.8550858880252394,0.06223185585866381,0.05913632012275645,0.023545935993340268
2012-10-26 04:00:00+00:00,0.8550858880252394,0.06223185585866381,0.05913632012275645,0.023545935993340268
2012-10-31 04:00:00+00:00,0.8550858880252394,0.06223185585866381,0.05913632012275645,0.023545935993340268
2012-11-01 04:00:00+00:00,0.8550858880252394,0.06223185585866381,0.05913632012275645,0.023545935993340268
2012-11-02 04:00:00+00:00,0.8550858880252394,0.06223185585866381,0.05913632012275645,0.023545935993340268
2012-11-05 05:00:00+00:00,0.8550858880252394,0.06223185585866381,0.05913632012275645,0.023545935993340268
2012-11-06 05:00:00+00:00,0.8550858880252394,0.06223185585866381,0.05913632012275645,0.023545935993340268
2012-11-07 05:00:00+00:00,0.8550858880252394,0.06223185585866381,0.05913632012275645,0.023545935993340268
2012-11-08 05:00:00+00:00,0.8550858880252394,0.06223185585866381,0.05913632012275645,0.023545935993340268
2012-11-09 05:00:00+00:00,0.8550858880252394,0.06223185585866381,0.05913632012275645,0.023545935993340268
2012-11-12 05:00:00+00:00,0.8550858880252394,0.06223185585866381,0.05913632012275645,0.023545935993340268
2012-11-13 05:00:00+00:00,0.8550858880252394,0.06223185585866381,0.05913632012275645,0.023545935993340268
2012-11-14 05:00:00+00:00,0.8550858880252394,0.06223185585866381,0.05913632012275645,0.023545935993340268
2012-11-15 05:00:00+00:00,0.8550858880252394,0.06223185585866381,0.05913632012275645,0.023545935993340268
2012-11-16 05:00:00+00:00,0.8550858880252394,0.06223185585866381,0.05913632012275645,0.023545935993340268
2012-11-19 05:00:00+00:00,0.8550858880252394,0.06223185585866381,0.05913632012275645,0.023545935993340268
2012-11-20 05:00:00+00:00,0.8550858880252394,0.06223185585866381,0.05913632012275645,0.023545935993340268
2012-11-21 05:00:00+00:00,0.8550858880252394,0.06223185585866381,0.05913632012275645,0.023545935993340268
2012-11-23 05:00:00+00:00,0.8550858880252394,0.06223185585866381,0.05913632012275645,0.023545935993340268
2012-11-26 05:00:00+00:00,0.8550858880252394,0.06223185585866381,0.05913632012275645,0.023545935993340268
2012-11-27 05:00:00+00:00,0.8004441823135576,0.1152737311715041,0.05598277663692865,0.02829930987800963
2012-11-28 05:00:00+00:00,0.8004441823135576,0.1152737311715041,0.05598277663692865,0.02829930987800963
2012-11-29 05:00:00+00:00,0.8004441823135576,0.1152737311715041,0.05598277663692865,0.02829930987800963
2012-11-30 05:00:00+00:00,0.8004441823135576,0.1152737311715041,0.05598277663692865,0.02829930987800963
2012-12-03 05:00:00+00:00,0.8004441823135576,0.1152737311715041,0.05598277663692865,0.02829930987800963
2012-12-04 05:00:00+00:00,0.8004441823135576,0.1152737311715041,0.05598277663692865,0.02829930987800963
2012-12-05 05:00:00+00:00,0.8004441823135576,0.1152737311715041,0.05598277663692865,0.02829930987800963
2012-12-06 05:00:00+00:00,0.8004441823135576,0.1152737311715041,0.05598277663692865,0.02829930987800963
2012-12-07 05:00:00+00:00,0.8004441823135576,0.1152737311715041,0.05598277663692865,0.02829930987800963
2012-12-10 05:00:00+00:00,0.8004441823135576,0.1152737311715041,0.05598277663692865,0.02829930987800963
2012-12-11 05:00:00+00:00,0.8004441823135576,0.1152737311715041,0.05598277663692865,0.02829930987800963
2012-12-12 05:00:00+00:00,0.8004441823135576,0.1152737311715041,0.05598277663692865,0.02829930987800963
2012-12-13 05:00:00+00:00,0.8004441823135576,0.1152737311715041,0.05598277663692865,0.02829930987800963
2012-12-14 05:00:00+00:00,0.8004441823135576,0.1152737311715041,0.05598277663692865,0.02829930987800963
2012-12-17 05:00:00+00:00,0.8004441823135576,0.1152737311715041,0.05598277663692865,0.02829930987800963
2012-12-18 05:00:00+00:00,0.8004441823135576,0.1152737311715041,0.05598277663692865,0.02829930987800963
2012-12-19 05:00:00+00:00,0.8004441823135576,0.1152737311715041,0.05598277663692865,0.02829930987800963
2012-12-20 05:00:00+00:00,0.8004441823135576,0.1152737311715041,0.05598277663692865,0.02829930987800963
2012-12-21 05:00:00+00:00,0.8004441823135576,0.1152737311715041,0.05598277663692865,0.02829930987800963
2012-12-24 05:00:00+00:00,0.8004441823135576,0.1152737311715041,0.05598277663692865,0.02829930987800963
2012-12-26 05:00:00+00:00,0.8004441823135576,0.1152737311715041,0.05598277663692865,0.02829930987800963
2012-12-27 05:00:00+00:00,0.6282291953571468,0.0025588382416171667,0.2297346805345754,0.13947728586666056
2012-12-28 05:00:00+00:00,0.6282291953571468,0.0025588382416171667,0.2297346805345754,0.13947728586666056
2012-12-31 05:00:00+00:00,0.6282291953571468,0.0025588382416171667,0.2297346805345754,0.13947728586666056
2013-01-02 05:00:00+00:00,0.6282291953571468,0.0025588382416171667,0.2297346805345754,0.13947728586666056
2013-01-03 05:00:00+00:00,0.6282291953571468,0.0025588382416171667,0.2297346805345754,0.13947728586666056
2013-01-04 05:00:00+00:00,0.6282291953571468,0.0025588382416171667,0.2297346805345754,0.13947728586666056
2013-01-07 05:00:00+00:00,0.6282291953571468,0.0025588382416171667,0.2297346805345754,0.13947728586666056
2013-01-08 05:00:00+00:00,0.6282291953571468,0.0025588382416171667,0.2297346805345754,0.13947728586666056
2013-01-09 05:00:00+00:00,0.6282291953571468,0.0025588382416171667,0.2297346805345754,0.13947728586666056
2013-01-10 05:00:00+00:00,0.6282291953571468,0.0025588382416171667,0.2297346805345754,0.13947728586666056
2013-01-11 05:00:00+00:00,0.6282291953571468,0.0025588382416171667,0.2297346805345754,0.13947728586666056
2013-01-14 05:00:00+00:00,0.6282291953571468,0.0025588382416171667,0.2297346805345754,0.13947728586666056
2013-01-15 05:00:00+00:00,0.6282291953571468,0.0025588382416171667,0.2297346805345754,0.13947728586666056
2013-01-16 05:00:00+00:00,0.6282291953571468,0.0025588382416171667,0.2297346805345754,0.13947728586666056
2013-01-17 05:00:00+00:00,0.6282291953571468,0.0025588382416171667,0.2297346805345754,0.13947728586666056
2013-01-18 05:00:00+00:00,0.6282291953571468,0.0025588382416171667,0.2297346805345754,0.13947728586666056
2013-01-22 05:00:00+00:00,0.6282291953571468,0.0025588382416171667,0.2297346805345754,0.13947728586666056
2013-01-23 05:00:00+00:00,0.6282291953571468,0.0025588382416171667,0.2297346805345754,0.13947728586666056
2013-01-24 05:00:00+00:00,0.6282291953571468,0.0025588382416171667,0.2297346805345754,0.13947728586666056
2013-01-25 05:00:00+00:00,0.6282291953571468,0.0025588382416171667,0.2297346805345754,0.13947728586666056
2013-01-28 05:00:00+00:00,0.6282291953571468,0.0025588382416171667,0.2297346805345754,0.13947728586666056
2013-01-29 05:00:00+00:00,0.011190538307318722,0.05843093510539636,0.6713982138481243,0.25898031273916067
2013-01-30 05:00:00+00:00,0.011190538307318722,0.05843093510539636,0.6713982138481243,0.25898031273916067
2013-01-31 05:00:00+00:00,0.011190538307318722,0.05843093510539636,0.6713982138481243,0.25898031273916067
2013-02-01 05:00:00+00:00,0.011190538307318722,0.05843093510539636,0.6713982138481243,0.25898031273916067
2013-02-04 05:00:00+00:00,0.011190538307318722,0.05843093510539636,0.6713982138481243,0.25898031273916067
2013-02-05 05:00:00+00:00,0.011190538307318722,0.05843093510539636,0.6713982138481243,0.25898031273916067
2013-02-06 05:00:00+00:00,0.011190538307318722,0.05843093510539636,0.6713982138481243,0.25898031273916067
2013-02-07 05:00:00+00:00,0.011190538307318722,0.05843093510539636,0.6713982138481243,0.25898031273916067
2013-02-08 05:00:00+00:00,0.011190538307318722,0.05843093510539636,0.6713982138481243,0.25898031273916067
2013-02-11 05:00:00+00:00,0.011190538307318722,0.05843093510539636,0.6713982138481243,0.25898031273916067
2013-02-12 05:00:00+00:00,0.011190538307318722,0.05843093510539636,0.6713982138481243,0.25898031273916067
2013-02-13 05:00:00+00:00,0.011190538307318722,0.05843093510539636,0.6713982138481243,0.25898031273916067
2013-02-14 05:00:00+00:00,0.011190538307318722,0.05843093510539636,0.6713982138481243,0.25898031273916067
2013-02-15 05:00:00+00:00,0.011190538307318722,0.05843093510539636,0.6713982138481243,0.25898031273916067
2013-02-19 05:00:00+00:00,0.011190538307318722,0.05843093510539636,0.6713982138481243,0.25898031273916067
2013-02-20 05:00:00+00:00,0.011190538307318722,0.05843093510539636,0.6713982138481243,0.25898031273916067
2013-02-21 05:00:00+00:00,0.011190538307318722,0.05843093510539636,0.6713982138481243,0.25898031273916067
2013-02-22 05:00:00+00:00,0.011190538307318722,0.05843093510539636,0.6713982138481243,0.25898031273916067
2013-02-25 05:00:00+00:00,0.011190538307318722,0.05843093510539636,0.6713982138481243,0.25898031273916067
2013-02-26 05:00:00+00:00,0.011190538307318722,0.05843093510539636,0.6713982138481243,0.25898031273916067
2013-02-27 05:00:00+00:00,0.011190538307318722,0.05843093510539636,0.6713982138481243,0.25898031273916067
2013-02-28 05:00:00+00:00,0.06834564979654621,0.09686005042105367,0.7966905632149015,0.03810373656749865
2013-03-01 05:00:00+00:00,0.06834564979654621,0.09686005042105367,0.7966905632149015,0.03810373656749865
2013-03-04 05:00:00+00:00,0.06834564979654621,0.09686005042105367,0.7966905632149015,0.03810373656749865
2013-03-05 05:00:00+00:00,0.06834564979654621,0.09686005042105367,0.7966905632149015,0.03810373656749865
2013-03-06 05:00:00+00:00,0.06834564979654621,0.09686005042105367,0.7966905632149015,0.03810373656749865
2013-03-07 05:00:00+00:00,0.06834564979654621,0.09686005042105367,0.7966905632149015,0.03810373656749865
2013-03-08 05:00:00+00:00,0.06834564979654621,0.09686005042105367,0.7966905632149015,0.03810373656749865
2013-03-11 04:00:00+00:00,0.06834564979654621,0.09686005042105367,0.7966905632149015,0.03810373656749865
2013-03-12 04:00:00+00:00,0.06834564979654621,0.09686005042105367,0.7966905632149015,0.03810373656749865
2013-03-13 04:00:00+00:00,0.06834564979654621,0.09686005042105367,0.7966905632149015,0.03810373656749865
2013-03-14 04:00:00+00:00,0.06834564979654621,0.09686005042105367,0.7966905632149015,0.03810373656749865
2013-03-15 04:00:00+00:00,0.06834564979654621,0.09686005042105367,0.7966905632149015,0.03810373656749865
2013-03-18 04:00:00+00:00,0.06834564979654621,0.09686005042105367,0.7966905632149015,0.03810373656749865
2013-03-19 04:00:00+00:00,0.06834564979654621,0.09686005042105367,0.7966905632149015,0.03810373656749865
2013-03-20 04:00:00+00:00,0.06834564979654621,0.09686005042105367,0.7966905632149015,0.03810373656749865
2013-03-21 04:00:00+00:00,0.06834564979654621,0.09686005042105367,0.7966905632149015,0.03810373656749865
2013-03-22 04:00:00+00:00,0.06834564979654621,0.09686005042105367,0.7966905632149015,0.03810373656749865
2013-03-25 04:00:00+00:00,0.06834564979654621,0.09686005042105367,0.7966905632149015,0.03810373656749865
2013-03-26 04:00:00+00:00,0.06834564979654621,0.09686005042105367,0.7966905632149015,0.03810373656749865
2013-03-27 04:00:00+00:00,0.06834564979654621,0.09686005042105367,0.7966905632149015,0.03810373656749865
2013-03-28 04:00:00+00:00,0.06834564979654621,0.09686005042105367,0.7966905632149015,0.03810373656749865
2013-04-01 04:00:00+00:00,1.611597277722493e-08,6.355455931159124e-08,0.9999999044801615,1.5849306561005436e-08
2013-04-02 04:00:00+00:00,1.611597277722493e-08,6.355455931159124e-08,0.9999999044801615,1.5849306561005436e-08
2013-04-03 04:00:00+00:00,1.611597277722493e-08,6.355455931159124e-08,0.9999999044801615,1.5849306561005436e-08
2013-04-04 04:00:00+00:00,1.611597277722493e-08,6.355455931159124e-08,0.9999999044801615,1.5849306561005436e-08
2013-04-05 04:00:00+00:00,1.611597277722493e-08,6.355455931159124e-08,0.9999999044801615,1.5849306561005436e-08
2013-04-08 04:00:00+00:00,1.611597277722493e-08,6.355455931159124e-08,0.9999999044801615,1.5849306561005436e-08
2013-04-09 04:00:00+00:00,1.611597277722493e-08,6.355455931159124e-08,0.9999999044801615,1.5849306561005436e-08
2013-04-10 04:00:00+00:00,1.611597277722493e-08,6.355455931159124e-08,0.9999999044801615,1.5849306561005436e-08
2013-04-11 04:00:00+00:00,1.611597277722493e-08,6.355455931159124e-08,0.9999999044801615,1.5849306561005436e-08
2013-04-12 04:00:00+00:00,1.611597277722493e-08,6.355455931159124e-08,0.9999999044801615,1.5849306561005436e-08
2013-04-15 04:00:00+00:00,1.611597277722493e-08,6.355455931159124e-08,0.9999999044801615,1.5849306561005436e-08
2013-04-16 04:00:00+00:00,1.611597277722493e-08,6.355455931159124e-08,0.9999999044801615,1.5849306561005436e-08
2013-04-17 04:00:00+00:00,1.611597277722493e-08,6.355455931159124e-08,0.9999999044801615,1.5849306561005436e-08
2013-04-18 04:00:00+00:00,1.611597277722493e-08,6.355455931159124e-08,0.9999999044801615,1.5849306561005436e-08
2013-04-19 04:00:00+00:00,1.611597277722493e-08,6.355455931159124e-08,0.9999999044801615,1.5849306561005436e-08
2013-04-22 04:00:00+00:00,1.611597277722493e-08,6.355455931159124e-08,0.9999999044801615,1.5849306561005436e-08
2013-04-23 04:00:00+00:00,1.611597277722493e-08,6.355455931159124e-08,0.9999999044801615,1.5849306561005436e-08
2013-04-24 04:00:00+00:00,1.611597277722493e-08,6.355455931159124e-08,0.9999999044801615,1.5849306561005436e-08
2013-04-25 04:00:00+00:00,1.611597277722493e-08,6.355455931159124e-08,0.9999999044801615,1.5849306561005436e-08
2013-04-26 04:00:00+00:00,1.611597277722493e-08,6.355455931159124e-08,0.9999999044801615,1.5849306561005436e-08
2013-04-29 04:00:00+00:00,1.611597277722493e-08,6.355455931159124e-08,0.9999999044801615,1.5849306561005436e-08
2013-04-30 04:00:00+00:00,0.249978886807078,0.249978886807078,0.2500215287005587,0.2500206976852853
2013-05-01 04:00:00+00:00,0.249978886807078,0.249978886807078,0.2500215287005587,0.2500206976852853
2013-05-02 04:00:00+00:00,0.249978886807078,0.249978886807078,0.2500215287005587,0.2500206976852853
2013-05-03 04:00:00+00:00,0.249978886807078,0.249978886807078,0.2500215287005587,0.2500206976852853
2013-05-06 04:00:00+00:00,0.249978886807078,0.249978886807078,0.2500215287005587,0.2500206976852853
2013-05-07 04:00:00+00:00,0.249978886807078,0.249978886807078,0.2500215287005587,0.2500206976852853
2013-05-08 04:00:00+00:00,0.249978886807078,0.249978886807078,0.2500215287005587,0.2500206976852853
2013-05-09 04:00:00+00:00,0.249978886807078,0.249978886807078,0.2500215287005587,0.2500206976852853
2013-05-10 04:00:00+00:00,0.249978886807078,0.249978886807078,0.2500215287005587,0.2500206976852853
2013-05-13 04:00:00+00:00,0.249978886807078,0.249978886807078,0.2500215287005587,0.2500206976852853
2013-05-14 04:00:00+00:00,0.249978886807078,0.249978886807078,0.2500215287005587,0.2500206976852853
2013-05-15 04:00:00+00:00,0.249978886807078,0.249978886807078,0.2500215287005587,0.2500206976852853
2013-05-16 04:00:00+00:00,0.249978886807078,0.249978886807078,0.2500215287005587,0.2500206976852853
2013-05-17 04:00:00+00:00,0.249978886807078,0.249978886807078,0.2500215287005587,0.2500206976852853
2013-05-20 04:00:00+00:00,0.249978886807078,0.249978886807078,0.2500215287005587,0.2500206976852853
2013-05-21 04:00:00+00:00,0.249978886807078,0.249978886807078,0.2500215287005587,0.2500206976852853
2013-05-22 04:00:00+00:00,0.249978886807078,0.249978886807078,0.2500215287005587,0.2500206976852853
2013-05-23 04:00:00+00:00,0.249978886807078,0.249978886807078,0.2500215287005587,0.2500206976852853
2013-05-24 04:00:00+00:00,0.249978886807078,0.249978886807078,0.2500215287005587,0.2500206976852853
2013-05-28 04:00:00+00:00,0.249978886807078,0.249978886807078,0.2500215287005587,0.2500206976852853
2013-05-29 04:00:00+00:00,0.249978886807078,0.249978886807078,0.2500215287005587,0.2500206976852853
2013-05-30 04:00:00+00:00,1.540863510987034e-08,0.019500012102625648,0.30942000306393536,0.6710799694248039
2013-05-31 04:00:00+00:00,1.540863510987034e-08,0.019500012102625648,0.30942000306393536,0.6710799694248039
2013-06-03 04:00:00+00:00,1.540863510987034e-08,0.019500012102625648,0.30942000306393536,0.6710799694248039
2013-06-04 04:00:00+00:00,1.540863510987034e-08,0.019500012102625648,0.30942000306393536,0.6710799694248039
2013-06-05 04:00:00+00:00,1.540863510987034e-08,0.019500012102625648,0.30942000306393536,0.6710799694248039
2013-06-06 04:00:00+00:00,1.540863510987034e-08,0.019500012102625648,0.30942000306393536,0.6710799694248039
2013-06-07 04:00:00+00:00,1.540863510987034e-08,0.019500012102625648,0.30942000306393536,0.6710799694248039
2013-06-10 04:00:00+00:00,1.540863510987034e-08,0.019500012102625648,0.30942000306393536,0.6710799694248039
2013-06-11 04:00:00+00:00,1.540863510987034e-08,0.019500012102625648,0.30942000306393536,0.6710799694248039
2013-06-12 04:00:00+00:00,1.540863510987034e-08,0.019500012102625648,0.30942000306393536,0.6710799694248039
2013-06-13 04:00:00+00:00,1.540863510987034e-08,0.019500012102625648,0.30942000306393536,0.6710799694248039
2013-06-14 04:00:00+00:00,1.540863510987034e-08,0.019500012102625648,0.30942000306393536,0.6710799694248039
2013-06-17 04:00:00+00:00,1.540863510987034e-08,0.019500012102625648,0.30942000306393536,0.6710799694248039
2013-06-18 04:00:00+00:00,1.540863510987034e-08,0.019500012102625648,0.30942000306393536,0.6710799694248039
2013-06-19 04:00:00+00:00,1.540863510987034e-08,0.019500012102625648,0.30942000306393536,0.6710799694248039
2013-06-20 04:00:00+00:00,1.540863510987034e-08,0.019500012102625648,0.30942000306393536,0.6710799694248039
2013-06-21 04:00:00+00:00,1.540863510987034e-08,0.019500012102625648,0.30942000306393536,0.6710799694248039
2013-06-24 04:00:00+00:00,1.540863510987034e-08,0.019500012102625648,0.30942000306393536,0.6710799694248039
2013-06-25 04:00:00+00:00,1.540863510987034e-08,0.019500012102625648,0.30942000306393536,0.6710799694248039
2013-06-26 04:00:00+00:00,1.540863510987034e-08,0.019500012102625648,0.30942000306393536,0.6710799694248039
2013-06-27 04:00:00+00:00,1.540863510987034e-08,0.019500012102625648,0.30942000306393536,0.6710799694248039
2013-06-28 04:00:00+00:00,0.037675236484672726,0.027777935664136156,0.4106527095979293,0.5238941182532618
2013-07-01 04:00:00+00:00,0.037675236484672726,0.027777935664136156,0.4106527095979293,0.5238941182532618
2013-07-02 04:00:00+00:00,0.037675236484672726,0.027777935664136156,0.4106527095979293,0.5238941182532618
2013-07-03 04:00:00+00:00,0.037675236484672726,0.027777935664136156,0.4106527095979293,0.5238941182532618
2013-07-05 04:00:00+00:00,0.037675236484672726,0.027777935664136156,0.4106527095979293,0.5238941182532618
2013-07-08 04:00:00+00:00,0.037675236484672726,0.027777935664136156,0.4106527095979293,0.5238941182532618
2013-07-09 04:00:00+00:00,0.037675236484672726,0.027777935664136156,0.4106527095979293,0.5238941182532618
2013-07-10 04:00:00+00:00,0.037675236484672726,0.027777935664136156,0.4106527095979293,0.5238941182532618
2013-07-11 04:00:00+00:00,0.037675236484672726,0.027777935664136156,0.4106527095979293,0.5238941182532618
2013-07-12 04:00:00+00:00,0.037675236484672726,0.027777935664136156,0.4106527095979293,0.5238941182532618
2013-07-15 04:00:00+00:00,0.037675236484672726,0.027777935664136156,0.4106527095979293,0.5238941182532618
2013-07-16 04:00:00+00:00,0.037675236484672726,0.027777935664136156,0.4106527095979293,0.5238941182532618
2013-07-17 04:00:00+00:00,0.037675236484672726,0.027777935664136156,0.4106527095979293,0.5238941182532618
2013-07-18 04:00:00+00:00,0.037675236484672726,0.027777935664136156,0.4106527095979293,0.5238941182532618
2013-07-19 04:00:00+00:00,0.037675236484672726,0.027777935664136156,0.4106527095979293,0.5238941182532618
2013-07-22 04:00:00+00:00,0.037675236484672726,0.027777935664136156,0.4106527095979293,0.5238941182532618
2013-07-23 04:00:00+00:00,0.037675236484672726,0.027777935664136156,0.4106527095979293,0.5238941182532618
2013-07-24 04:00:00+00:00,0.037675236484672726,0.027777935664136156,0.4106527095979293,0.5238941182532618
2013-07-25 04:00:00+00:00,0.037675236484672726,0.027777935664136156,0.4106527095979293,0.5238941182532618
2013-07-26 04:00:00+00:00,0.037675236484672726,0.027777935664136156,0.4106527095979293,0.5238941182532618
2013-07-29 04:00:00+00:00,0.037675236484672726,0.027777935664136156,0.4106527095979293,0.5238941182532618
2013-07-30 04:00:00+00:00,0.2927247717657697,0.2610380615052562,0.25536974383481975,0.1908674228941543
2013-07-31 04:00:00+00:00,0.2927247717657697,0.2610380615052562,0.25536974383481975,0.1908674228941543
2013-08-01 04:00:00+00:00,0.2927247717657697,0.2610380615052562,0.25536974383481975,0.1908674228941543
2013-08-02 04:00:00+00:00,0.2927247717657697,0.2610380615052562,0.25536974383481975,0.1908674228941543
2013-08-05 04:00:00+00:00,0.2927247717657697,0.2610380615052562,0.25536974383481975,0.1908674228941543
2013-08-06 04:00:00+00:00,0.2927247717657697,0.2610380615052562,0.25536974383481975,0.1908674228941543
2013-08-07 04:00:00+00:00,0.2927247717657697,0.2610380615052562,0.25536974383481975,0.1908674228941543
2013-08-08 04:00:00+00:00,0.2927247717657697,0.2610380615052562,0.25536974383481975,0.1908674228941543
2013-08-09 04:00:00+00:00,0.2927247717657697,0.2610380615052562,0.25536974383481975,0.1908674228941543
2013-08-12 04:00:00+00:00,0.2927247717657697,0.2610380615052562,0.25536974383481975,0.1908674228941543
2013-08-13 04:00:00+00:00,0.2927247717657697,0.2610380615052562,0.25536974383481975,0.1908674228941543
2013-08-14 04:00:00+00:00,0.2927247717657697,0.2610380615052562,0.25536974383481975,0.1908674228941543
2013-08-15 04:00:00+00:00,0.2927247717657697,0.2610380615052562,0.25536974383481975,0.1908674228941543
2013-08-16 04:00:00+00:00,0.2927247717657697,0.2610380615052562,0.25536974383481975,0.1908674228941543
2013-08-19 04:00:00+00:00,0.2927247717657697,0.2610380615052562,0.25536974383481975,0.1908674228941543
2013-08-20 04:00:00+00:00,0.2927247717657697,0.2610380615052562,0.25536974383481975,0.1908674228941543
2013-08-21 04:00:00+00:00,0.2927247717657697,0.2610380615052562,0.25536974383481975,0.1908674228941543
2013-08-22 04:00:00+00:00,0.2927247717657697,0.2610380615052562,0.25536974383481975,0.1908674228941543
2013-08-23 04:00:00+00:00,0.2927247717657697,0.2610380615052562,0.25536974383481975,0.1908674228941543
2013-08-26 04:00:00+00:00,0.2927247717657697,0.2610380615052562,0.25536974383481975,0.1908674228941543
2013-08-27 04:00:00+00:00,0.2927247717657697,0.2610380615052562,0.25536974383481975,0.1908674228941543
2013-08-28 04:00:00+00:00,0.004789925022734972,0.015687662470316853,0.03022084546256137,0.9493015670443867
2013-08-29 04:00:00+00:00,0.004789925022734972,0.015687662470316853,0.03022084546256137,0.9493015670443867
2013-08-30 04:00:00+00:00,0.004789925022734972,0.015687662470316853,0.03022084546256137,0.9493015670443867
2013-09-03 04:00:00+00:00,0.004789925022734972,0.015687662470316853,0.03022084546256137,0.9493015670443867
2013-09-04 04:00:00+00:00,0.004789925022734972,0.015687662470316853,0.03022084546256137,0.9493015670443867
2013-09-05 04:00:00+00:00,0.004789925022734972,0.015687662470316853,0.03022084546256137,0.9493015670443867
2013-09-06 04:00:00+00:00,0.004789925022734972,0.015687662470316853,0.03022084546256137,0.9493015670443867
2013-09-09 04:00:00+00:00,0.004789925022734972,0.015687662470316853,0.03022084546256137,0.9493015670443867
2013-09-10 04:00:00+00:00,0.004789925022734972,0.015687662470316853,0.03022084546256137,0.9493015670443867
2013-09-11 04:00:00+00:00,0.004789925022734972,0.015687662470316853,0.03022084546256137,0.9493015670443867
2013-09-12 04:00:00+00:00,0.004789925022734972,0.015687662470316853,0.03022084546256137,0.9493015670443867
2013-09-13 04:00:00+00:00,0.004789925022734972,0.015687662470316853,0.03022084546256137,0.9493015670443867
2013-09-16 04:00:00+00:00,0.004789925022734972,0.015687662470316853,0.03022084546256137,0.9493015670443867
2013-09-17 04:00:00+00:00,0.004789925022734972,0.015687662470316853,0.03022084546256137,0.9493015670443867
2013-09-18 04:00:00+00:00,0.004789925022734972,0.015687662470316853,0.03022084546256137,0.9493015670443867
2013-09-19 04:00:00+00:00,0.004789925022734972,0.015687662470316853,0.03022084546256137,0.9493015670443867
2013-09-20 04:00:00+00:00,0.004789925022734972,0.015687662470316853,0.03022084546256137,0.9493015670443867
2013-09-23 04:00:00+00:00,0.004789925022734972,0.015687662470316853,0.03022084546256137,0.9493015670443867
2013-09-24 04:00:00+00:00,0.004789925022734972,0.015687662470316853,0.03022084546256137,0.9493015670443867
2013-09-25 04:00:00+00:00,0.004789925022734972,0.015687662470316853,0.03022084546256137,0.9493015670443867
2013-09-26 04:00:00+00:00,0.004789925022734972,0.015687662470316853,0.03022084546256137,0.9493015670443867
2013-09-27 04:00:00+00:00,0.009763571919540175,0.010094031276816918,0.01087774568435847,0.9692646511192844
2013-09-30 04:00:00+00:00,0.009763571919540175,0.010094031276816918,0.01087774568435847,0.9692646511192844
2013-10-01 04:00:00+00:00,0.009763571919540175,0.010094031276816918,0.01087774568435847,0.9692646511192844
2013-10-02 04:00:00+00:00,0.009763571919540175,0.010094031276816918,0.01087774568435847,0.9692646511192844
2013-10-03 04:00:00+00:00,0.009763571919540175,0.010094031276816918,0.01087774568435847,0.9692646511192844
2013-10-04 04:00:00+00:00,0.009763571919540175,0.010094031276816918,0.01087774568435847,0.9692646511192844
2013-10-07 04:00:00+00:00,0.009763571919540175,0.010094031276816918,0.01087774568435847,0.9692646511192844
2013-10-08 04:00:00+00:00,0.009763571919540175,0.010094031276816918,0.01087774568435847,0.9692646511192844
2013-10-09 04:00:00+00:00,0.009763571919540175,0.010094031276816918,0.01087774568435847,0.9692646511192844
2013-10-10 04:00:00+00:00,0.009763571919540175,0.010094031276816918,0.01087774568435847,0.9692646511192844
2013-10-11 04:00:00+00:00,0.009763571919540175,0.010094031276816918,0.01087774568435847,0.9692646511192844
2013-10-14 04:00:00+00:00,0.009763571919540175,0.010094031276816918,0.01087774568435847,0.9692646511192844
2013-10-15 04:00:00+00:00,0.009763571919540175,0.010094031276816918,0.01087774568435847,0.9692646511192844
2013-10-16 04:00:00+00:00,0.009763571919540175,0.010094031276816918,0.01087774568435847,0.9692646511192844
2013-10-17 04:00:00+00:00,0.009763571919540175,0.010094031276816918,0.01087774568435847,0.9692646511192844
2013-10-18 04:00:00+00:00,0.009763571919540175,0.010094031276816918,0.01087774568435847,0.9692646511192844
2013-10-21 04:00:00+00:00,0.009763571919540175,0.010094031276816918,0.01087774568435847,0.9692646511192844
2013-10-22 04:00:00+00:00,0.009763571919540175,0.010094031276816918,0.01087774568435847,0.9692646511192844
2013-10-23 04:00:00+00:00,0.009763571919540175,0.010094031276816918,0.01087774568435847,0.9692646511192844
2013-10-24 04:00:00+00:00,0.009763571919540175,0.010094031276816918,0.01087774568435847,0.9692646511192844
2013-10-25 04:00:00+00:00,0.009763571919540175,0.010094031276816918,0.01087774568435847,0.9692646511192844
2013-10-28 04:00:00+00:00,1.2376596041716921e-06,0.05131102229049998,0.19958030723675443,0.7491074328131415
2013-10-29 04:00:00+00:00,1.2376596041716921e-06,0.05131102229049998,0.19958030723675443,0.7491074328131415
2013-10-30 04:00:00+00:00,1.2376596041716921e-06,0.05131102229049998,0.19958030723675443,0.7491074328131415
2013-10-31 04:00:00+00:00,1.2376596041716921e-06,0.05131102229049998,0.19958030723675443,0.7491074328131415
2013-11-01 04:00:00+00:00,1.2376596041716921e-06,0.05131102229049998,0.19958030723675443,0.7491074328131415
2013-11-04 05:00:00+00:00,1.2376596041716921e-06,0.05131102229049998,0.19958030723675443,0.7491074328131415
2013-11-05 05:00:00+00:00,1.2376596041716921e-06,0.05131102229049998,0.19958030723675443,0.7491074328131415
2013-11-06 05:00:00+00:00,1.2376596041716921e-06,0.05131102229049998,0.19958030723675443,0.7491074328131415
2013-11-07 05:00:00+00:00,1.2376596041716921e-06,0.05131102229049998,0.19958030723675443,0.7491074328131415
2013-11-08 05:00:00+00:00,1.2376596041716921e-06,0.05131102229049998,0.19958030723675443,0.7491074328131415
2013-11-11 05:00:00+00:00,1.2376596041716921e-06,0.05131102229049998,0.19958030723675443,0.7491074328131415
2013-11-12 05:00:00+00:00,1.2376596041716921e-06,0.05131102229049998,0.19958030723675443,0.7491074328131415
2013-11-13 05:00:00+00:00,1.2376596041716921e-06,0.05131102229049998,0.19958030723675443,0.7491074328131415
2013-11-14 05:00:00+00:00,1.2376596041716921e-06,0.05131102229049998,0.19958030723675443,0.7491074328131415
2013-11-15 05:00:00+00:00,1.2376596041716921e-06,0.05131102229049998,0.19958030723675443,0.7491074328131415
2013-11-18 05:00:00+00:00,1.2376596041716921e-06,0.05131102229049998,0.19958030723675443,0.7491074328131415
2013-11-19 05:00:00+00:00,1.2376596041716921e-06,0.05131102229049998,0.19958030723675443,0.7491074328131415
2013-11-20 05:00:00+00:00,1.2376596041716921e-06,0.05131102229049998,0.19958030723675443,0.7491074328131415
2013-11-21 05:00:00+00:00,1.2376596041716921e-06,0.05131102229049998,0.19958030723675443,0.7491074328131415
2013-11-22 05:00:00+00:00,1.2376596041716921e-06,0.05131102229049998,0.19958030723675443,0.7491074328131415
2013-11-25 05:00:00+00:00,1.2376596041716921e-06,0.05131102229049998,0.19958030723675443,0.7491074328131415
2013-11-26 05:00:00+00:00,1.2616582216651296e-09,0.22459000011004618,0.3465499996972924,0.42885999893100324
2013-11-27 05:00:00+00:00,1.2616582216651296e-09,0.22459000011004618,0.3465499996972924,0.42885999893100324
2013-11-29 05:00:00+00:00,1.2616582216651296e-09,0.22459000011004618,0.3465499996972924,0.42885999893100324
2013-12-02 05:00:00+00:00,1.2616582216651296e-09,0.22459000011004618,0.3465499996972924,0.42885999893100324
2013-12-03 05:00:00+00:00,1.2616582216651296e-09,0.22459000011004618,0.3465499996972924,0.42885999893100324
2013-12-04 05:00:00+00:00,1.2616582216651296e-09,0.22459000011004618,0.3465499996972924,0.42885999893100324
2013-12-05 05:00:00+00:00,1.2616582216651296e-09,0.22459000011004618,0.3465499996972924,0.42885999893100324
2013-12-06 05:00:00+00:00,1.2616582216651296e-09,0.22459000011004618,0.3465499996972924,0.42885999893100324
2013-12-09 05:00:00+00:00,1.2616582216651296e-09,0.22459000011004618,0.3465499996972924,0.42885999893100324
2013-12-10 05:00:00+00:00,1.2616582216651296e-09,0.22459000011004618,0.3465499996972924,0.42885999893100324
2013-12-11 05:00:00+00:00,1.2616582216651296e-09,0.22459000011004618,0.3465499996972924,0.42885999893100324
2013-12-12 05:00:00+00:00,1.2616582216651296e-09,0.22459000011004618,0.3465499996972924,0.42885999893100324
2013-12-13 05:00:00+00:00,1.2616582216651296e-09,0.22459000011004618,0.3465499996972924,0.42885999893100324
2013-12-16 05:00:00+00:00,1.2616582216651296e-09,0.22459000011004618,0.3465499996972924,0.42885999893100324
2013-12-17 05:00:00+00:00,1.2616582216651296e-09,0.22459000011004618,0.3465499996972924,0.42885999893100324
2013-12-18 05:00:00+00:00,1.2616582216651296e-09,0.22459000011004618,0.3465499996972924,0.42885999893100324
2013-12-19 05:00:00+00:00,1.2616582216651296e-09,0.22459000011004618,0.3465499996972924,0.42885999893100324
2013-12-20 05:00:00+00:00,1.2616582216651296e-09,0.22459000011004618,0.3465499996972924,0.42885999893100324
2013-12-23 05:00:00+00:00,1.2616582216651296e-09,0.22459000011004618,0.3465499996972924,0.42885999893100324
2013-12-24 05:00:00+00:00,1.2616582216651296e-09,0.22459000011004618,0.3465499996972924,0.42885999893100324
2013-12-26 05:00:00+00:00,1.2616582216651296e-09,0.22459000011004618,0.3465499996972924,0.42885999893100324
2013-12-27 05:00:00+00:00,0.043378209030803624,0.18609753159164966,0.31074466482825014,0.45977959454929657
2013-12-30 05:00:00+00:00,0.043378209030803624,0.18609753159164966,0.31074466482825014,0.45977959454929657
2013-12-31 05:00:00+00:00,0.043378209030803624,0.18609753159164966,0.31074466482825014,0.45977959454929657
2014-01-02 05:00:00+00:00,0.043378209030803624,0.18609753159164966,0.31074466482825014,0.45977959454929657
2014-01-03 05:00:00+00:00,0.043378209030803624,0.18609753159164966,0.31074466482825014,0.45977959454929657
2014-01-06 05:00:00+00:00,0.043378209030803624,0.18609753159164966,0.31074466482825014,0.45977959454929657
2014-01-07 05:00:00+00:00,0.043378209030803624,0.18609753159164966,0.31074466482825014,0.45977959454929657
2014-01-08 05:00:00+00:00,0.043378209030803624,0.18609753159164966,0.31074466482825014,0.45977959454929657
2014-01-09 05:00:00+00:00,0.043378209030803624,0.18609753159164966,0.31074466482825014,0.45977959454929657
2014-01-10 05:00:00+00:00,0.043378209030803624,0.18609753159164966,0.31074466482825014,0.45977959454929657
2014-01-13 05:00:00+00:00,0.043378209030803624,0.18609753159164966,0.31074466482825014,0.45977959454929657
2014-01-14 05:00:00+00:00,0.043378209030803624,0.18609753159164966,0.31074466482825014,0.45977959454929657
2014-01-15 05:00:00+00:00,0.043378209030803624,0.18609753159164966,0.31074466482825014,0.45977959454929657
2014-01-16 05:00:00+00:00,0.043378209030803624,0.18609753159164966,0.31074466482825014,0.45977959454929657
2014-01-17 05:00:00+00:00,0.043378209030803624,0.18609753159164966,0.31074466482825014,0.45977959454929657
2014-01-21 05:00:00+00:00,0.043378209030803624,0.18609753159164966,0.31074466482825014,0.45977959454929657
2014-01-22 05:00:00+00:00,0.043378209030803624,0.18609753159164966,0.31074466482825014,0.45977959454929657
2014-01-23 05:00:00+00:00,0.043378209030803624,0.18609753159164966,0.31074466482825014,0.45977959454929657
2014-01-24 05:00:00+00:00,0.043378209030803624,0.18609753159164966,0.31074466482825014,0.45977959454929657
2014-01-27 05:00:00+00:00,0.043378209030803624,0.18609753159164966,0.31074466482825014,0.45977959454929657
2014-01-28 05:00:00+00:00,0.043378209030803624,0.18609753159164966,0.31074466482825014,0.45977959454929657
2014-01-29 05:00:00+00:00,0.0017244107764641946,0.08897751924446948,0.3623147977587499,0.5469832722203164
2014-01-30 05:00:00+00:00,0.0017244107764641946,0.08897751924446948,0.3623147977587499,0.5469832722203164
2014-01-31 05:00:00+00:00,0.0017244107764641946,0.08897751924446948,0.3623147977587499,0.5469832722203164
2014-02-03 05:00:00+00:00,0.0017244107764641946,0.08897751924446948,0.3623147977587499,0.5469832722203164
2014-02-04 05:00:00+00:00,0.0017244107764641946,0.08897751924446948,0.3623147977587499,0.5469832722203164
2014-02-05 05:00:00+00:00,0.0017244107764641946,0.08897751924446948,0.3623147977587499,0.5469832722203164
2014-02-06 05:00:00+00:00,0.0017244107764641946,0.08897751924446948,0.3623147977587499,0.5469832722203164
2014-02-07 05:00:00+00:00,0.0017244107764641946,0.08897751924446948,0.3623147977587499,0.5469832722203164
2014-02-10 05:00:00+00:00,0.0017244107764641946,0.08897751924446948,0.3623147977587499,0.5469832722203164
2014-02-11 05:00:00+00:00,0.0017244107764641946,0.08897751924446948,0.3623147977587499,0.5469832722203164
2014-02-12 05:00:00+00:00,0.0017244107764641946,0.08897751924446948,0.3623147977587499,0.5469832722203164
2014-02-13 05:00:00+00:00,0.0017244107764641946,0.08897751924446948,0.3623147977587499,0.5469832722203164
2014-02-14 05:00:00+00:00,0.0017244107764641946,0.08897751924446948,0.3623147977587499,0.5469832722203164
2014-02-18 05:00:00+00:00,0.0017244107764641946,0.08897751924446948,0.3623147977587499,0.5469832722203164
2014-02-19 05:00:00+00:00,0.0017244107764641946,0.08897751924446948,0.3623147977587499,0.5469832722203164
2014-02-20 05:00:00+00:00,0.0017244107764641946,0.08897751924446948,0.3623147977587499,0.5469832722203164
2014-02-21 05:00:00+00:00,0.0017244107764641946,0.08897751924446948,0.3623147977587499,0.5469832722203164
2014-02-24 05:00:00+00:00,0.0017244107764641946,0.08897751924446948,0.3623147977587499,0.5469832722203164
2014-02-25 05:00:00+00:00,0.0017244107764641946,0.08897751924446948,0.3623147977587499,0.5469832722203164
2014-02-26 05:00:00+00:00,0.0017244107764641946,0.08897751924446948,0.3623147977587499,0.5469832722203164
2014-02-27 05:00:00+00:00,0.0017244107764641946,0.08897751924446948,0.3623147977587499,0.5469832722203164
2014-02-28 05:00:00+00:00,0.01242541991057864,0.0022747559490607855,0.006952719638206723,0.9783471045021538
2014-03-03 05:00:00+00:00,0.01242541991057864,0.0022747559490607855,0.006952719638206723,0.9783471045021538
2014-03-04 05:00:00+00:00,0.01242541991057864,0.0022747559490607855,0.006952719638206723,0.9783471045021538
2014-03-05 05:00:00+00:00,0.01242541991057864,0.0022747559490607855,0.006952719638206723,0.9783471045021538
2014-03-06 05:00:00+00:00,0.01242541991057864,0.0022747559490607855,0.006952719638206723,0.9783471045021538
2014-03-07 05:00:00+00:00,0.01242541991057864,0.0022747559490607855,0.006952719638206723,0.9783471045021538
2014-03-10 04:00:00+00:00,0.01242541991057864,0.0022747559490607855,0.006952719638206723,0.9783471045021538
2014-03-11 04:00:00+00:00,0.01242541991057864,0.0022747559490607855,0.006952719638206723,0.9783471045021538
2014-03-12 04:00:00+00:00,0.01242541991057864,0.0022747559490607855,0.006952719638206723,0.9783471045021538
2014-03-13 04:00:00+00:00,0.01242541991057864,0.0022747559490607855,0.006952719638206723,0.9783471045021538
2014-03-14 04:00:00+00:00,0.01242541991057864,0.0022747559490607855,0.006952719638206723,0.9783471045021538
2014-03-17 04:00:00+00:00,0.01242541991057864,0.0022747559490607855,0.006952719638206723,0.9783471045021538
2014-03-18 04:00:00+00:00,0.01242541991057864,0.0022747559490607855,0.006952719638206723,0.9783471045021538
2014-03-19 04:00:00+00:00,0.01242541991057864,0.0022747559490607855,0.006952719638206723,0.9783471045021538
2014-03-20 04:00:00+00:00,0.01242541991057864,0.0022747559490607855,0.006952719638206723,0.9783471045021538
2014-03-21 04:00:00+00:00,0.01242541991057864,0.0022747559490607855,0.006952719638206723,0.9783471045021538
2014-03-24 04:00:00+00:00,0.01242541991057864,0.0022747559490607855,0.006952719638206723,0.9783471045021538
2014-03-25 04:00:00+00:00,0.01242541991057864,0.0022747559490607855,0.006952719638206723,0.9783471045021538
2014-03-26 04:00:00+00:00,0.01242541991057864,0.0022747559490607855,0.006952719638206723,0.9783471045021538
2014-03-27 04:00:00+00:00,0.01242541991057864,0.0022747559490607855,0.006952719638206723,0.9783471045021538
2014-03-28 04:00:00+00:00,0.01242541991057864,0.0022747559490607855,0.006952719638206723,0.9783471045021538
2014-03-31 04:00:00+00:00,0.02890986164431097,0.02803446015219765,0.028883271095360062,0.9141724071081314
2014-04-01 04:00:00+00:00,0.02890986164431097,0.02803446015219765,0.028883271095360062,0.9141724071081314
2014-04-02 04:00:00+00:00,0.02890986164431097,0.02803446015219765,0.028883271095360062,0.9141724071081314
2014-04-03 04:00:00+00:00,0.02890986164431097,0.02803446015219765,0.028883271095360062,0.9141724071081314
2014-04-04 04:00:00+00:00,0.02890986164431097,0.02803446015219765,0.028883271095360062,0.9141724071081314
2014-04-07 04:00:00+00:00,0.02890986164431097,0.02803446015219765,0.028883271095360062,0.9141724071081314
2014-04-08 04:00:00+00:00,0.02890986164431097,0.02803446015219765,0.028883271095360062,0.9141724071081314
2014-04-09 04:00:00+00:00,0.02890986164431097,0.02803446015219765,0.028883271095360062,0.9141724071081314
2014-04-10 04:00:00+00:00,0.02890986164431097,0.02803446015219765,0.028883271095360062,0.9141724071081314
2014-04-11 04:00:00+00:00,0.02890986164431097,0.02803446015219765,0.028883271095360062,0.9141724071081314
2014-04-14 04:00:00+00:00,0.02890986164431097,0.02803446015219765,0.028883271095360062,0.9141724071081314
2014-04-15 04:00:00+00:00,0.02890986164431097,0.02803446015219765,0.028883271095360062,0.9141724071081314
2014-04-16 04:00:00+00:00,0.02890986164431097,0.02803446015219765,0.028883271095360062,0.9141724071081314
2014-04-17 04:00:00+00:00,0.02890986164431097,0.02803446015219765,0.028883271095360062,0.9141724071081314
2014-04-21 04:00:00+00:00,0.02890986164431097,0.02803446015219765,0.028883271095360062,0.9141724071081314
2014-04-22 04:00:00+00:00,0.02890986164431097,0.02803446015219765,0.028883271095360062,0.9141724071081314
2014-04-23 04:00:00+00:00,0.02890986164431097,0.02803446015219765,0.028883271095360062,0.9141724071081314
2014-04-24 04:00:00+00:00,0.02890986164431097,0.02803446015219765,0.028883271095360062,0.9141724071081314
2014-04-25 04:00:00+00:00,0.02890986164431097,0.02803446015219765,0.028883271095360062,0.9141724071081314
2014-04-28 04:00:00+00:00,0.02890986164431097,0.02803446015219765,0.028883271095360062,0.9141724071081314
2014-04-29 04:00:00+00:00,0.02890986164431097,0.02803446015219765,0.028883271095360062,0.9141724071081314
2014-04-30 04:00:00+00:00,0.22488313845677266,0.14205004489542106,0.13685567904495238,0.496211137602854
2014-05-01 04:00:00+00:00,0.22488313845677266,0.14205004489542106,0.13685567904495238,0.496211137602854
2014-05-02 04:00:00+00:00,0.22488313845677266,0.14205004489542106,0.13685567904495238,0.496211137602854
2014-05-05 04:00:00+00:00,0.22488313845677266,0.14205004489542106,0.13685567904495238,0.496211137602854
2014-05-06 04:00:00+00:00,0.22488313845677266,0.14205004489542106,0.13685567904495238,0.496211137602854
2014-05-07 04:00:00+00:00,0.22488313845677266,0.14205004489542106,0.13685567904495238,0.496211137602854
2014-05-08 04:00:00+00:00,0.22488313845677266,0.14205004489542106,0.13685567904495238,0.496211137602854
2014-05-09 04:00:00+00:00,0.22488313845677266,0.14205004489542106,0.13685567904495238,0.496211137602854
2014-05-12 04:00:00+00:00,0.22488313845677266,0.14205004489542106,0.13685567904495238,0.496211137602854
2014-05-13 04:00:00+00:00,0.22488313845677266,0.14205004489542106,0.13685567904495238,0.496211137602854
2014-05-14 04:00:00+00:00,0.22488313845677266,0.14205004489542106,0.13685567904495238,0.496211137602854
2014-05-15 04:00:00+00:00,0.22488313845677266,0.14205004489542106,0.13685567904495238,0.496211137602854
2014-05-16 04:00:00+00:00,0.22488313845677266,0.14205004489542106,0.13685567904495238,0.496211137602854
2014-05-19 04:00:00+00:00,0.22488313845677266,0.14205004489542106,0.13685567904495238,0.496211137602854
2014-05-20 04:00:00+00:00,0.22488313845677266,0.14205004489542106,0.13685567904495238,0.496211137602854
2014-05-21 04:00:00+00:00,0.22488313845677266,0.14205004489542106,0.13685567904495238,0.496211137602854
2014-05-22 04:00:00+00:00,0.22488313845677266,0.14205004489542106,0.13685567904495238,0.496211137602854
2014-05-23 04:00:00+00:00,0.22488313845677266,0.14205004489542106,0.13685567904495238,0.496211137602854
2014-05-27 04:00:00+00:00,0.22488313845677266,0.14205004489542106,0.13685567904495238,0.496211137602854
2014-05-28 04:00:00+00:00,0.22488313845677266,0.14205004489542106,0.13685567904495238,0.496211137602854
2014-05-29 04:00:00+00:00,0.22488313845677266,0.14205004489542106,0.13685567904495238,0.496211137602854
2014-05-30 04:00:00+00:00,0.39442411307709124,0.12441692029836735,0.17013905922872954,0.3110199073958118
2014-06-02 04:00:00+00:00,0.39442411307709124,0.12441692029836735,0.17013905922872954,0.3110199073958118
2014-06-03 04:00:00+00:00,0.39442411307709124,0.12441692029836735,0.17013905922872954,0.3110199073958118
2014-06-04 04:00:00+00:00,0.39442411307709124,0.12441692029836735,0.17013905922872954,0.3110199073958118
2014-06-05 04:00:00+00:00,0.39442411307709124,0.12441692029836735,0.17013905922872954,0.3110199073958118
2014-06-06 04:00:00+00:00,0.39442411307709124,0.12441692029836735,0.17013905922872954,0.3110199073958118
2014-06-09 04:00:00+00:00,0.39442411307709124,0.12441692029836735,0.17013905922872954,0.3110199073958118
2014-06-10 04:00:00+00:00,0.39442411307709124,0.12441692029836735,0.17013905922872954,0.3110199073958118
2014-06-11 04:00:00+00:00,0.39442411307709124,0.12441692029836735,0.17013905922872954,0.3110199073958118
2014-06-12 04:00:00+00:00,0.39442411307709124,0.12441692029836735,0.17013905922872954,0.3110199073958118
2014-06-13 04:00:00+00:00,0.39442411307709124,0.12441692029836735,0.17013905922872954,0.3110199073958118
2014-06-16 04:00:00+00:00,0.39442411307709124,0.12441692029836735,0.17013905922872954,0.3110199073958118
2014-06-17 04:00:00+00:00,0.39442411307709124,0.12441692029836735,0.17013905922872954,0.3110199073958118
2014-06-18 04:00:00+00:00,0.39442411307709124,0.12441692029836735,0.17013905922872954,0.3110199073958118
2014-06-19 04:00:00+00:00,0.39442411307709124,0.12441692029836735,0.17013905922872954,0.3110199073958118
2014-06-20 04:00:00+00:00,0.39442411307709124,0.12441692029836735,0.17013905922872954,0.3110199073958118
2014-06-23 04:00:00+00:00,0.39442411307709124,0.12441692029836735,0.17013905922872954,0.3110199073958118
2014-06-24 04:00:00+00:00,0.39442411307709124,0.12441692029836735,0.17013905922872954,0.3110199073958118
2014-06-25 04:00:00+00:00,0.39442411307709124,0.12441692029836735,0.17013905922872954,0.3110199073958118
2014-06-26 04:00:00+00:00,0.39442411307709124,0.12441692029836735,0.17013905922872954,0.3110199073958118
2014-06-27 04:00:00+00:00,0.39442411307709124,0.12441692029836735,0.17013905922872954,0.3110199073958118
2014-06-30 04:00:00+00:00,0.40047000000000027,0.1325000000000582,0.15928000000005757,0.30774999999988395
2014-07-01 04:00:00+00:00,0.40047000000000027,0.1325000000000582,0.15928000000005757,0.30774999999988395
2014-07-02 04:00:00+00:00,0.40047000000000027,0.1325000000000582,0.15928000000005757,0.30774999999988395
2014-07-03 04:00:00+00:00,0.40047000000000027,0.1325000000000582,0.15928000000005757,0.30774999999988395
2014-07-07 04:00:00+00:00,0.40047000000000027,0.1325000000000582,0.15928000000005757,0.30774999999988395
2014-07-08 04:00:00+00:00,0.40047000000000027,0.1325000000000582,0.15928000000005757,0.30774999999988395
2014-07-09 04:00:00+00:00,0.40047000000000027,0.1325000000000582,0.15928000000005757,0.30774999999988395
2014-07-10 04:00:00+00:00,0.40047000000000027,0.1325000000000582,0.15928000000005757,0.30774999999988395
2014-07-11 04:00:00+00:00,0.40047000000000027,0.1325000000000582,0.15928000000005757,0.30774999999988395
2014-07-14 04:00:00+00:00,0.40047000000000027,0.1325000000000582,0.15928000000005757,0.30774999999988395
2014-07-15 04:00:00+00:00,0.40047000000000027,0.1325000000000582,0.15928000000005757,0.30774999999988395
2014-07-16 04:00:00+00:00,0.40047000000000027,0.1325000000000582,0.15928000000005757,0.30774999999988395
2014-07-17 04:00:00+00:00,0.40047000000000027,0.1325000000000582,0.15928000000005757,0.30774999999988395
2014-07-18 04:00:00+00:00,0.40047000000000027,0.1325000000000582,0.15928000000005757,0.30774999999988395
2014-07-21 04:00:00+00:00,0.40047000000000027,0.1325000000000582,0.15928000000005757,0.30774999999988395
2014-07-22 04:00:00+00:00,0.40047000000000027,0.1325000000000582,0.15928000000005757,0.30774999999988395
2014-07-23 04:00:00+00:00,0.40047000000000027,0.1325000000000582,0.15928000000005757,0.30774999999988395
2014-07-24 04:00:00+00:00,0.40047000000000027,0.1325000000000582,0.15928000000005757,0.30774999999988395
2014-07-25 04:00:00+00:00,0.40047000000000027,0.1325000000000582,0.15928000000005757,0.30774999999988395
2014-07-28 04:00:00+00:00,0.40047000000000027,0.1325000000000582,0.15928000000005757,0.30774999999988395
2014-07-29 04:00:00+00:00,0.40047000000000027,0.1325000000000582,0.15928000000005757,0.30774999999988395
2014-07-30 04:00:00+00:00,0.33252000000040205,0.2979599999996367,0.2479699999998928,0.12155000000006842
2014-07-31 04:00:00+00:00,0.33252000000040205,0.2979599999996367,0.2479699999998928,0.12155000000006842
2014-08-01 04:00:00+00:00,0.33252000000040205,0.2979599999996367,0.2479699999998928,0.12155000000006842
2014-08-04 04:00:00+00:00,0.33252000000040205,0.2979599999996367,0.2479699999998928,0.12155000000006842
2014-08-05 04:00:00+00:00,0.33252000000040205,0.2979599999996367,0.2479699999998928,0.12155000000006842
2014-08-06 04:00:00+00:00,0.33252000000040205,0.2979599999996367,0.2479699999998928,0.12155000000006842
2014-08-07 04:00:00+00:00,0.33252000000040205,0.2979599999996367,0.2479699999998928,0.12155000000006842
2014-08-08 04:00:00+00:00,0.33252000000040205,0.2979599999996367,0.2479699999998928,0.12155000000006842
2014-08-11 04:00:00+00:00,0.33252000000040205,0.2979599999996367,0.2479699999998928,0.12155000000006842
2014-08-12 04:00:00+00:00,0.33252000000040205,0.2979599999996367,0.2479699999998928,0.12155000000006842
2014-08-13 04:00:00+00:00,0.33252000000040205,0.2979599999996367,0.2479699999998928,0.12155000000006842
2014-08-14 04:00:00+00:00,0.33252000000040205,0.2979599999996367,0.2479699999998928,0.12155000000006842
2014-08-15 04:00:00+00:00,0.33252000000040205,0.2979599999996367,0.2479699999998928,0.12155000000006842
2014-08-18 04:00:00+00:00,0.33252000000040205,0.2979599999996367,0.2479699999998928,0.12155000000006842
2014-08-19 04:00:00+00:00,0.33252000000040205,0.2979599999996367,0.2479699999998928,0.12155000000006842
2014-08-20 04:00:00+00:00,0.33252000000040205,0.2979599999996367,0.2479699999998928,0.12155000000006842
2014-08-21 04:00:00+00:00,0.33252000000040205,0.2979599999996367,0.2479699999998928,0.12155000000006842
2014-08-22 04:00:00+00:00,0.33252000000040205,0.2979599999996367,0.2479699999998928,0.12155000000006842
2014-08-25 04:00:00+00:00,0.33252000000040205,0.2979599999996367,0.2479699999998928,0.12155000000006842
2014-08-26 04:00:00+00:00,0.33252000000040205,0.2979599999996367,0.2479699999998928,0.12155000000006842
2014-08-27 04:00:00+00:00,0.33252000000040205,0.2979599999996367,0.2479699999998928,0.12155000000006842
2014-08-28 04:00:00+00:00,0.3805674594069685,0.3626102032644047,0.19831050483026186,0.05851183249836496
2014-08-29 04:00:00+00:00,0.3805674594069685,0.3626102032644047,0.19831050483026186,0.05851183249836496
2014-09-02 04:00:00+00:00,0.3805674594069685,0.3626102032644047,0.19831050483026186,0.05851183249836496
2014-09-03 04:00:00+00:00,0.3805674594069685,0.3626102032644047,0.19831050483026186,0.05851183249836496
2014-09-04 04:00:00+00:00,0.3805674594069685,0.3626102032644047,0.19831050483026186,0.05851183249836496
2014-09-05 04:00:00+00:00,0.3805674594069685,0.3626102032644047,0.19831050483026186,0.05851183249836496
2014-09-08 04:00:00+00:00,0.3805674594069685,0.3626102032644047,0.19831050483026186,0.05851183249836496
2014-09-09 04:00:00+00:00,0.3805674594069685,0.3626102032644047,0.19831050483026186,0.05851183249836496
2014-09-10 04:00:00+00:00,0.3805674594069685,0.3626102032644047,0.19831050483026186,0.05851183249836496
2014-09-11 04:00:00+00:00,0.3805674594069685,0.3626102032644047,0.19831050483026186,0.05851183249836496
2014-09-12 04:00:00+00:00,0.3805674594069685,0.3626102032644047,0.19831050483026186,0.05851183249836496
2014-09-15 04:00:00+00:00,0.3805674594069685,0.3626102032644047,0.19831050483026186,0.05851183249836496
2014-09-16 04:00:00+00:00,0.3805674594069685,0.3626102032644047,0.19831050483026186,0.05851183249836496
2014-09-17 04:00:00+00:00,0.3805674594069685,0.3626102032644047,0.19831050483026186,0.05851183249836496
2014-09-18 04:00:00+00:00,0.3805674594069685,0.3626102032644047,0.19831050483026186,0.05851183249836496
2014-09-19 04:00:00+00:00,0.3805674594069685,0.3626102032644047,0.19831050483026186,0.05851183249836496
2014-09-22 04:00:00+00:00,0.3805674594069685,0.3626102032644047,0.19831050483026186,0.05851183249836496
2014-09-23 04:00:00+00:00,0.3805674594069685,0.3626102032644047,0.19831050483026186,0.05851183249836496
2014-09-24 04:00:00+00:00,0.3805674594069685,0.3626102032644047,0.19831050483026186,0.05851183249836496
2014-09-25 04:00:00+00:00,0.3805674594069685,0.3626102032644047,0.19831050483026186,0.05851183249836496
2014-09-26 04:00:00+00:00,0.3805674594069685,0.3626102032644047,0.19831050483026186,0.05851183249836496
2014-09-29 04:00:00+00:00,0.3557504412771403,0.4014610949682893,0.20587800579194168,0.03691045796262873
2014-09-30 04:00:00+00:00,0.3557504412771403,0.4014610949682893,0.20587800579194168,0.03691045796262873
2014-10-01 04:00:00+00:00,0.3557504412771403,0.4014610949682893,0.20587800579194168,0.03691045796262873
2014-10-02 04:00:00+00:00,0.3557504412771403,0.4014610949682893,0.20587800579194168,0.03691045796262873
2014-10-03 04:00:00+00:00,0.3557504412771403,0.4014610949682893,0.20587800579194168,0.03691045796262873
2014-10-06 04:00:00+00:00,0.3557504412771403,0.4014610949682893,0.20587800579194168,0.03691045796262873
2014-10-07 04:00:00+00:00,0.3557504412771403,0.4014610949682893,0.20587800579194168,0.03691045796262873
2014-10-08 04:00:00+00:00,0.3557504412771403,0.4014610949682893,0.20587800579194168,0.03691045796262873
2014-10-09 04:00:00+00:00,0.3557504412771403,0.4014610949682893,0.20587800579194168,0.03691045796262873
2014-10-10 04:00:00+00:00,0.3557504412771403,0.4014610949682893,0.20587800579194168,0.03691045796262873
2014-10-13 04:00:00+00:00,0.3557504412771403,0.4014610949682893,0.20587800579194168,0.03691045796262873
2014-10-14 04:00:00+00:00,0.3557504412771403,0.4014610949682893,0.20587800579194168,0.03691045796262873
2014-10-15 04:00:00+00:00,0.3557504412771403,0.4014610949682893,0.20587800579194168,0.03691045796262873
2014-10-16 04:00:00+00:00,0.3557504412771403,0.4014610949682893,0.20587800579194168,0.03691045796262873
2014-10-17 04:00:00+00:00,0.3557504412771403,0.4014610949682893,0.20587800579194168,0.03691045796262873
2014-10-20 04:00:00+00:00,0.3557504412771403,0.4014610949682893,0.20587800579194168,0.03691045796262873
2014-10-21 04:00:00+00:00,0.3557504412771403,0.4014610949682893,0.20587800579194168,0.03691045796262873
2014-10-22 04:00:00+00:00,0.3557504412771403,0.4014610949682893,0.20587800579194168,0.03691045796262873
2014-10-23 04:00:00+00:00,0.3557504412771403,0.4014610949682893,0.20587800579194168,0.03691045796262873
2014-10-24 04:00:00+00:00,0.3557504412771403,0.4014610949682893,0.20587800579194168,0.03691045796262873
2014-10-27 04:00:00+00:00,0.3557504412771403,0.4014610949682893,0.20587800579194168,0.03691045796262873
2014-10-28 04:00:00+00:00,0.23630585455185474,0.28666303951429,0.474577793774051,0.002453312159804251
2014-10-29 04:00:00+00:00,0.23630585455185474,0.28666303951429,0.474577793774051,0.002453312159804251
2014-10-30 04:00:00+00:00,0.23630585455185474,0.28666303951429,0.474577793774051,0.002453312159804251
2014-10-31 04:00:00+00:00,0.23630585455185474,0.28666303951429,0.474577793774051,0.002453312159804251
2014-11-03 05:00:00+00:00,0.23630585455185474,0.28666303951429,0.474577793774051,0.002453312159804251
2014-11-04 05:00:00+00:00,0.23630585455185474,0.28666303951429,0.474577793774051,0.002453312159804251
2014-11-05 05:00:00+00:00,0.23630585455185474,0.28666303951429,0.474577793774051,0.002453312159804251
2014-11-06 05:00:00+00:00,0.23630585455185474,0.28666303951429,0.474577793774051,0.002453312159804251
2014-11-07 05:00:00+00:00,0.23630585455185474,0.28666303951429,0.474577793774051,0.002453312159804251
2014-11-10 05:00:00+00:00,0.23630585455185474,0.28666303951429,0.474577793774051,0.002453312159804251
2014-11-11 05:00:00+00:00,0.23630585455185474,0.28666303951429,0.474577793774051,0.002453312159804251
2014-11-12 05:00:00+00:00,0.23630585455185474,0.28666303951429,0.474577793774051,0.002453312159804251
2014-11-13 05:00:00+00:00,0.23630585455185474,0.28666303951429,0.474577793774051,0.002453312159804251
2014-11-14 05:00:00+00:00,0.23630585455185474,0.28666303951429,0.474577793774051,0.002453312159804251
2014-11-17 05:00:00+00:00,0.23630585455185474,0.28666303951429,0.474577793774051,0.002453312159804251
2014-11-18 05:00:00+00:00,0.23630585455185474,0.28666303951429,0.474577793774051,0.002453312159804251
2014-11-19 05:00:00+00:00,0.23630585455185474,0.28666303951429,0.474577793774051,0.002453312159804251
2014-11-20 05:00:00+00:00,0.23630585455185474,0.28666303951429,0.474577793774051,0.002453312159804251
2014-11-21 05:00:00+00:00,0.23630585455185474,0.28666303951429,0.474577793774051,0.002453312159804251
2014-11-24 05:00:00+00:00,0.23630585455185474,0.28666303951429,0.474577793774051,0.002453312159804251
2014-11-25 05:00:00+00:00,0.23630585455185474,0.28666303951429,0.474577793774051,0.002453312159804251
2014-11-26 05:00:00+00:00,0.4687037709718183,0.23088019786705252,0.1392611091693408,0.16115492199178832
2014-11-28 05:00:00+00:00,0.4687037709718183,0.23088019786705252,0.1392611091693408,0.16115492199178832
2014-12-01 05:00:00+00:00,0.4687037709718183,0.23088019786705252,0.1392611091693408,0.16115492199178832
2014-12-02 05:00:00+00:00,0.4687037709718183,0.23088019786705252,0.1392611091693408,0.16115492199178832
2014-12-03 05:00:00+00:00,0.4687037709718183,0.23088019786705252,0.1392611091693408,0.16115492199178832
2014-12-04 05:00:00+00:00,0.4687037709718183,0.23088019786705252,0.1392611091693408,0.16115492199178832
2014-12-05 05:00:00+00:00,0.4687037709718183,0.23088019786705252,0.1392611091693408,0.16115492199178832
2014-12-08 05:00:00+00:00,0.4687037709718183,0.23088019786705252,0.1392611091693408,0.16115492199178832
2014-12-09 05:00:00+00:00,0.4687037709718183,0.23088019786705252,0.1392611091693408,0.16115492199178832
2014-12-10 05:00:00+00:00,0.4687037709718183,0.23088019786705252,0.1392611091693408,0.16115492199178832
2014-12-11 05:00:00+00:00,0.4687037709718183,0.23088019786705252,0.1392611091693408,0.16115492199178832
2014-12-12 05:00:00+00:00,0.4687037709718183,0.23088019786705252,0.1392611091693408,0.16115492199178832
2014-12-15 05:00:00+00:00,0.4687037709718183,0.23088019786705252,0.1392611091693408,0.16115492199178832
2014-12-16 05:00:00+00:00,0.4687037709718183,0.23088019786705252,0.1392611091693408,0.16115492199178832
2014-12-17 05:00:00+00:00,0.4687037709718183,0.23088019786705252,0.1392611091693408,0.16115492199178832
2014-12-18 05:00:00+00:00,0.4687037709718183,0.23088019786705252,0.1392611091693408,0.16115492199178832
2014-12-19 05:00:00+00:00,0.4687037709718183,0.23088019786705252,0.1392611091693408,0.16115492199178832
2014-12-22 05:00:00+00:00,0.4687037709718183,0.23088019786705252,0.1392611091693408,0.16115492199178832
2014-12-23 05:00:00+00:00,0.4687037709718183,0.23088019786705252,0.1392611091693408,0.16115492199178832
2014-12-24 05:00:00+00:00,0.4687037709718183,0.23088019786705252,0.1392611091693408,0.16115492199178832
2014-12-26 05:00:00+00:00,0.4687037709718183,0.23088019786705252,0.1392611091693408,0.16115492199178832
2014-12-29 05:00:00+00:00,0.38607707492555354,0.3708000343607527,0.15800120020467742,0.08512169050901643
2014-12-30 05:00:00+00:00,0.38607707492555354,0.3708000343607527,0.15800120020467742,0.08512169050901643
2014-12-31 05:00:00+00:00,0.38607707492555354,0.3708000343607527,0.15800120020467742,0.08512169050901643
2015-01-02 05:00:00+00:00,0.38607707492555354,0.3708000343607527,0.15800120020467742,0.08512169050901643
2015-01-05 05:00:00+00:00,0.38607707492555354,0.3708000343607527,0.15800120020467742,0.08512169050901643
2015-01-06 05:00:00+00:00,0.38607707492555354,0.3708000343607527,0.15800120020467742,0.08512169050901643
2015-01-07 05:00:00+00:00,0.38607707492555354,0.3708000343607527,0.15800120020467742,0.08512169050901643
2015-01-08 05:00:00+00:00,0.38607707492555354,0.3708000343607527,0.15800120020467742,0.08512169050901643
2015-01-09 05:00:00+00:00,0.38607707492555354,0.3708000343607527,0.15800120020467742,0.08512169050901643
2015-01-12 05:00:00+00:00,0.38607707492555354,0.3708000343607527,0.15800120020467742,0.08512169050901643
2015-01-13 05:00:00+00:00,0.38607707492555354,0.3708000343607527,0.15800120020467742,0.08512169050901643
2015-01-14 05:00:00+00:00,0.38607707492555354,0.3708000343607527,0.15800120020467742,0.08512169050901643
2015-01-15 05:00:00+00:00,0.38607707492555354,0.3708000343607527,0.15800120020467742,0.08512169050901643
2015-01-16 05:00:00+00:00,0.38607707492555354,0.3708000343607527,0.15800120020467742,0.08512169050901643
2015-01-20 05:00:00+00:00,0.38607707492555354,0.3708000343607527,0.15800120020467742,0.08512169050901643
2015-01-21 05:00:00+00:00,0.38607707492555354,0.3708000343607527,0.15800120020467742,0.08512169050901643
2015-01-22 05:00:00+00:00,0.38607707492555354,0.3708000343607527,0.15800120020467742,0.08512169050901643
2015-01-23 05:00:00+00:00,0.38607707492555354,0.3708000343607527,0.15800120020467742,0.08512169050901643
2015-01-26 05:00:00+00:00,0.38607707492555354,0.3708000343607527,0.15800120020467742,0.08512169050901643
2015-01-27 05:00:00+00:00,0.38607707492555354,0.3708000343607527,0.15800120020467742,0.08512169050901643
2015-01-28 05:00:00+00:00,0.38607707492555354,0.3708000343607527,0.15800120020467742,0.08512169050901643
2015-01-29 05:00:00+00:00,0.3680100000107474,0.24609000001393966,0.3858999999753129,0.0
2015-01-30 05:00:00+00:00,0.3680100000107474,0.24609000001393966,0.3858999999753129,0.0
2015-02-02 05:00:00+00:00,0.3680100000107474,0.24609000001393966,0.3858999999753129,0.0
2015-02-03 05:00:00+00:00,0.3680100000107474,0.24609000001393966,0.3858999999753129,0.0
2015-02-04 05:00:00+00:00,0.3680100000107474,0.24609000001393966,0.3858999999753129,0.0
2015-02-05 05:00:00+00:00,0.3680100000107474,0.24609000001393966,0.3858999999753129,0.0
2015-02-06 05:00:00+00:00,0.3680100000107474,0.24609000001393966,0.3858999999753129,0.0
2015-02-09 05:00:00+00:00,0.3680100000107474,0.24609000001393966,0.3858999999753129,0.0
2015-02-10 05:00:00+00:00,0.3680100000107474,0.24609000001393966,0.3858999999753129,0.0
2015-02-11 05:00:00+00:00,0.3680100000107474,0.24609000001393966,0.3858999999753129,0.0
2015-02-12 05:00:00+00:00,0.3680100000107474,0.24609000001393966,0.3858999999753129,0.0
2015-02-13 05:00:00+00:00,0.3680100000107474,0.24609000001393966,0.3858999999753129,0.0
2015-02-17 05:00:00+00:00,0.3680100000107474,0.24609000001393966,0.3858999999753129,0.0
2015-02-18 05:00:00+00:00,0.3680100000107474,0.24609000001393966,0.3858999999753129,0.0
2015-02-19 05:00:00+00:00,0.3680100000107474,0.24609000001393966,0.3858999999753129,0.0
2015-02-20 05:00:00+00:00,0.3680100000107474,0.24609000001393966,0.3858999999753129,0.0
2015-02-23 05:00:00+00:00,0.3680100000107474,0.24609000001393966,0.3858999999753129,0.0
2015-02-24 05:00:00+00:00,0.3680100000107474,0.24609000001393966,0.3858999999753129,0.0
2015-02-25 05:00:00+00:00,0.3680100000107474,0.24609000001393966,0.3858999999753129,0.0
2015-02-26 05:00:00+00:00,0.3680100000107474,0.24609000001393966,0.3858999999753129,0.0
2015-02-27 05:00:00+00:00,0.3680100000107474,0.24609000001393966,0.3858999999753129,0.0
2015-03-02 05:00:00+00:00,0.36258983840360015,0.31450776323852786,0.31136500402904604,0.011537394328825973
2015-03-03 05:00:00+00:00,0.36258983840360015,0.31450776323852786,0.31136500402904604,0.011537394328825973
2015-03-04 05:00:00+00:00,0.36258983840360015,0.31450776323852786,0.31136500402904604,0.011537394328825973
2015-03-05 05:00:00+00:00,0.36258983840360015,0.31450776323852786,0.31136500402904604,0.011537394328825973
2015-03-06 05:00:00+00:00,0.36258983840360015,0.31450776323852786,0.31136500402904604,0.011537394328825973
2015-03-09 04:00:00+00:00,0.36258983840360015,0.31450776323852786,0.31136500402904604,0.011537394328825973
2015-03-10 04:00:00+00:00,0.36258983840360015,0.31450776323852786,0.31136500402904604,0.011537394328825973
2015-03-11 04:00:00+00:00,0.36258983840360015,0.31450776323852786,0.31136500402904604,0.011537394328825973
2015-03-12 04:00:00+00:00,0.36258983840360015,0.31450776323852786,0.31136500402904604,0.011537394328825973
2015-03-13 04:00:00+00:00,0.36258983840360015,0.31450776323852786,0.31136500402904604,0.011537394328825973
2015-03-16 04:00:00+00:00,0.36258983840360015,0.31450776323852786,0.31136500402904604,0.011537394328825973
2015-03-17 04:00:00+00:00,0.36258983840360015,0.31450776323852786,0.31136500402904604,0.011537394328825973
2015-03-18 04:00:00+00:00,0.36258983840360015,0.31450776323852786,0.31136500402904604,0.011537394328825973
2015-03-19 04:00:00+00:00,0.36258983840360015,0.31450776323852786,0.31136500402904604,0.011537394328825973
2015-03-20 04:00:00+00:00,0.36258983840360015,0.31450776323852786,0.31136500402904604,0.011537394328825973
2015-03-23 04:00:00+00:00,0.36258983840360015,0.31450776323852786,0.31136500402904604,0.011537394328825973
2015-03-24 04:00:00+00:00,0.36258983840360015,0.31450776323852786,0.31136500402904604,0.011537394328825973
2015-03-25 04:00:00+00:00,0.36258983840360015,0.31450776323852786,0.31136500402904604,0.011537394328825973
2015-03-26 04:00:00+00:00,0.36258983840360015,0.31450776323852786,0.31136500402904604,0.011537394328825973
2015-03-27 04:00:00+00:00,0.36258983840360015,0.31450776323852786,0.31136500402904604,0.011537394328825973
2015-03-30 04:00:00+00:00,0.36258983840360015,0.31450776323852786,0.31136500402904604,0.011537394328825973
2015-03-31 04:00:00+00:00,0.9519100669055721,0.0473773737136796,0.000660965093166348,5.159428758197616e-05
2015-04-01 04:00:00+00:00,0.9519100669055721,0.0473773737136796,0.000660965093166348,5.159428758197616e-05
2015-04-02 04:00:00+00:00,0.9519100669055721,0.0473773737136796,0.000660965093166348,5.159428758197616e-05
2015-04-06 04:00:00+00:00,0.9519100669055721,0.0473773737136796,0.000660965093166348,5.159428758197616e-05
2015-04-07 04:00:00+00:00,0.9519100669055721,0.0473773737136796,0.000660965093166348,5.159428758197616e-05
2015-04-08 04:00:00+00:00,0.9519100669055721,0.0473773737136796,0.000660965093166348,5.159428758197616e-05
2015-04-09 04:00:00+00:00,0.9519100669055721,0.0473773737136796,0.000660965093166348,5.159428758197616e-05
2015-04-10 04:00:00+00:00,0.9519100669055721,0.0473773737136796,0.000660965093166348,5.159428758197616e-05
2015-04-13 04:00:00+00:00,0.9519100669055721,0.0473773737136796,0.000660965093166348,5.159428758197616e-05
2015-04-14 04:00:00+00:00,0.9519100669055721,0.0473773737136796,0.000660965093166348,5.159428758197616e-05
2015-04-15 04:00:00+00:00,0.9519100669055721,0.0473773737136796,0.000660965093166348,5.159428758197616e-05
2015-04-16 04:00:00+00:00,0.9519100669055721,0.0473773737136796,0.000660965093166348,5.159428758197616e-05
2015-04-17 04:00:00+00:00,0.9519100669055721,0.0473773737136796,0.000660965093166348,5.159428758197616e-05
2015-04-20 04:00:00+00:00,0.9519100669055721,0.0473773737136796,0.000660965093166348,5.159428758197616e-05
2015-04-21 04:00:00+00:00,0.9519100669055721,0.0473773737136796,0.000660965093166348,5.159428758197616e-05
2015-04-22 04:00:00+00:00,0.9519100669055721,0.0473773737136796,0.000660965093166348,5.159428758197616e-05
2015-04-23 04:00:00+00:00,0.9519100669055721,0.0473773737136796,0.000660965093166348,5.159428758197616e-05
2015-04-24 04:00:00+00:00,0.9519100669055721,0.0473773737136796,0.000660965093166348,5.159428758197616e-05
2015-04-27 04:00:00+00:00,0.9519100669055721,0.0473773737136796,0.000660965093166348,5.159428758197616e-05
2015-04-28 04:00:00+00:00,0.9519100669055721,0.0473773737136796,0.000660965093166348,5.159428758197616e-05
2015-04-29 04:00:00+00:00,0.9519100669055721,0.0473773737136796,0.000660965093166348,5.159428758197616e-05
2015-04-30 04:00:00+00:00,0.6450090552653193,0.343584431425987,3.8423058307465906e-05,0.01136809025038625
2015-05-01 04:00:00+00:00,0.6450090552653193,0.343584431425987,3.8423058307465906e-05,0.01136809025038625
2015-05-04 04:00:00+00:00,0.6450090552653193,0.343584431425987,3.8423058307465906e-05,0.01136809025038625
2015-05-05 04:00:00+00:00,0.6450090552653193,0.343584431425987,3.8423058307465906e-05,0.01136809025038625
2015-05-06 04:00:00+00:00,0.6450090552653193,0.343584431425987,3.8423058307465906e-05,0.01136809025038625
2015-05-07 04:00:00+00:00,0.6450090552653193,0.343584431425987,3.8423058307465906e-05,0.01136809025038625
2015-05-08 04:00:00+00:00,0.6450090552653193,0.343584431425987,3.8423058307465906e-05,0.01136809025038625
2015-05-11 04:00:00+00:00,0.6450090552653193,0.343584431425987,3.8423058307465906e-05,0.01136809025038625
2015-05-12 04:00:00+00:00,0.6450090552653193,0.343584431425987,3.8423058307465906e-05,0.01136809025038625
2015-05-13 04:00:00+00:00,0.6450090552653193,0.343584431425987,3.8423058307465906e-05,0.01136809025038625
2015-05-14 04:00:00+00:00,0.6450090552653193,0.343584431425987,3.8423058307465906e-05,0.01136809025038625
2015-05-15 04:00:00+00:00,0.6450090552653193,0.343584431425987,3.8423058307465906e-05,0.01136809025038625
2015-05-18 04:00:00+00:00,0.6450090552653193,0.343584431425987,3.8423058307465906e-05,0.01136809025038625
2015-05-19 04:00:00+00:00,0.6450090552653193,0.343584431425987,3.8423058307465906e-05,0.01136809025038625
2015-05-20 04:00:00+00:00,0.6450090552653193,0.343584431425987,3.8423058307465906e-05,0.01136809025038625
2015-05-21 04:00:00+00:00,0.6450090552653193,0.343584431425987,3.8423058307465906e-05,0.01136809025038625
2015-05-22 04:00:00+00:00,0.6450090552653193,0.343584431425987,3.8423058307465906e-05,0.01136809025038625
2015-05-26 04:00:00+00:00,0.6450090552653193,0.343584431425987,3.8423058307465906e-05,0.01136809025038625
2015-05-27 04:00:00+00:00,0.6450090552653193,0.343584431425987,3.8423058307465906e-05,0.01136809025038625
2015-05-28 04:00:00+00:00,0.6450090552653193,0.343584431425987,3.8423058307465906e-05,0.01136809025038625
2015-05-29 04:00:00+00:00,0.6450090552653193,0.343584431425987,3.8423058307465906e-05,0.01136809025038625
2015-06-01 04:00:00+00:00,0.4152979318708553,0.20869065965454645,0.35505026668688755,0.020961141787710812
2015-06-02 04:00:00+00:00,0.4152979318708553,0.20869065965454645,0.35505026668688755,0.020961141787710812
2015-06-03 04:00:00+00:00,0.4152979318708553,0.20869065965454645,0.35505026668688755,0.020961141787710812
2015-06-04 04:00:00+00:00,0.4152979318708553,0.20869065965454645,0.35505026668688755,0.020961141787710812
2015-06-05 04:00:00+00:00,0.4152979318708553,0.20869065965454645,0.35505026668688755,0.020961141787710812
2015-06-08 04:00:00+00:00,0.4152979318708553,0.20869065965454645,0.35505026668688755,0.020961141787710812
2015-06-09 04:00:00+00:00,0.4152979318708553,0.20869065965454645,0.35505026668688755,0.020961141787710812
2015-06-10 04:00:00+00:00,0.4152979318708553,0.20869065965454645,0.35505026668688755,0.020961141787710812
2015-06-11 04:00:00+00:00,0.4152979318708553,0.20869065965454645,0.35505026668688755,0.020961141787710812
2015-06-12 04:00:00+00:00,0.4152979318708553,0.20869065965454645,0.35505026668688755,0.020961141787710812
2015-06-15 04:00:00+00:00,0.4152979318708553,0.20869065965454645,0.35505026668688755,0.020961141787710812
2015-06-16 04:00:00+00:00,0.4152979318708553,0.20869065965454645,0.35505026668688755,0.020961141787710812
2015-06-17 04:00:00+00:00,0.4152979318708553,0.20869065965454645,0.35505026668688755,0.020961141787710812
2015-06-18 04:00:00+00:00,0.4152979318708553,0.20869065965454645,0.35505026668688755,0.020961141787710812
2015-06-19 04:00:00+00:00,0.4152979318708553,0.20869065965454645,0.35505026668688755,0.020961141787710812
2015-06-22 04:00:00+00:00,0.4152979318708553,0.20869065965454645,0.35505026668688755,0.020961141787710812
2015-06-23 04:00:00+00:00,0.4152979318708553,0.20869065965454645,0.35505026668688755,0.020961141787710812
2015-06-24 04:00:00+00:00,0.4152979318708553,0.20869065965454645,0.35505026668688755,0.020961141787710812
2015-06-25 04:00:00+00:00,0.4152979318708553,0.20869065965454645,0.35505026668688755,0.020961141787710812
2015-06-26 04:00:00+00:00,0.4152979318708553,0.20869065965454645,0.35505026668688755,0.020961141787710812
2015-06-29 04:00:00+00:00,0.4152979318708553,0.20869065965454645,0.35505026668688755,0.020961141787710812
2015-06-30 04:00:00+00:00,0.7108584114230644,0.14517858680027945,3.137467087884157e-05,0.1439316271057773
2015-07-01 04:00:00+00:00,0.7108584114230644,0.14517858680027945,3.137467087884157e-05,0.1439316271057773
2015-07-02 04:00:00+00:00,0.7108584114230644,0.14517858680027945,3.137467087884157e-05,0.1439316271057773
2015-07-06 04:00:00+00:00,0.7108584114230644,0.14517858680027945,3.137467087884157e-05,0.1439316271057773
2015-07-07 04:00:00+00:00,0.7108584114230644,0.14517858680027945,3.137467087884157e-05,0.1439316271057773
2015-07-08 04:00:00+00:00,0.7108584114230644,0.14517858680027945,3.137467087884157e-05,0.1439316271057773
2015-07-09 04:00:00+00:00,0.7108584114230644,0.14517858680027945,3.137467087884157e-05,0.1439316271057773
2015-07-10 04:00:00+00:00,0.7108584114230644,0.14517858680027945,3.137467087884157e-05,0.1439316271057773
2015-07-13 04:00:00+00:00,0.7108584114230644,0.14517858680027945,3.137467087884157e-05,0.1439316271057773
2015-07-14 04:00:00+00:00,0.7108584114230644,0.14517858680027945,3.137467087884157e-05,0.1439316271057773
2015-07-15 04:00:00+00:00,0.7108584114230644,0.14517858680027945,3.137467087884157e-05,0.1439316271057773
2015-07-16 04:00:00+00:00,0.7108584114230644,0.14517858680027945,3.137467087884157e-05,0.1439316271057773
2015-07-17 04:00:00+00:00,0.7108584114230644,0.14517858680027945,3.137467087884157e-05,0.1439316271057773
2015-07-20 04:00:00+00:00,0.7108584114230644,0.14517858680027945,3.137467087884157e-05,0.1439316271057773
2015-07-21 04:00:00+00:00,0.7108584114230644,0.14517858680027945,3.137467087884157e-05,0.1439316271057773
2015-07-22 04:00:00+00:00,0.7108584114230644,0.14517858680027945,3.137467087884157e-05,0.1439316271057773
2015-07-23 04:00:00+00:00,0.7108584114230644,0.14517858680027945,3.137467087884157e-05,0.1439316271057773
2015-07-24 04:00:00+00:00,0.7108584114230644,0.14517858680027945,3.137467087884157e-05,0.1439316271057773
2015-07-27 04:00:00+00:00,0.7108584114230644,0.14517858680027945,3.137467087884157e-05,0.1439316271057773
2015-07-28 04:00:00+00:00,0.7108584114230644,0.14517858680027945,3.137467087884157e-05,0.1439316271057773
2015-07-29 04:00:00+00:00,0.7108584114230644,0.14517858680027945,3.137467087884157e-05,0.1439316271057773
2015-07-30 04:00:00+00:00,0.27540750767120575,0.265083556323647,0.23949190389771363,0.22001703210743354
2015-07-31 04:00:00+00:00,0.27540750767120575,0.265083556323647,0.23949190389771363,0.22001703210743354
2015-08-03 04:00:00+00:00,0.27540750767120575,0.265083556323647,0.23949190389771363,0.22001703210743354
2015-08-04 04:00:00+00:00,0.27540750767120575,0.265083556323647,0.23949190389771363,0.22001703210743354
2015-08-05 04:00:00+00:00,0.27540750767120575,0.265083556323647,0.23949190389771363,0.22001703210743354
2015-08-06 04:00:00+00:00,0.27540750767120575,0.265083556323647,0.23949190389771363,0.22001703210743354
2015-08-07 04:00:00+00:00,0.27540750767120575,0.265083556323647,0.23949190389771363,0.22001703210743354
2015-08-10 04:00:00+00:00,0.27540750767120575,0.265083556323647,0.23949190389771363,0.22001703210743354
2015-08-11 04:00:00+00:00,0.27540750767120575,0.265083556323647,0.23949190389771363,0.22001703210743354
2015-08-12 04:00:00+00:00,0.27540750767120575,0.265083556323647,0.23949190389771363,0.22001703210743354
2015-08-13 04:00:00+00:00,0.27540750767120575,0.265083556323647,0.23949190389771363,0.22001703210743354
2015-08-14 04:00:00+00:00,0.27540750767120575,0.265083556323647,0.23949190389771363,0.22001703210743354
2015-08-17 04:00:00+00:00,0.27540750767120575,0.265083556323647,0.23949190389771363,0.22001703210743354
2015-08-18 04:00:00+00:00,0.27540750767120575,0.265083556323647,0.23949190389771363,0.22001703210743354
2015-08-19 04:00:00+00:00,0.27540750767120575,0.265083556323647,0.23949190389771363,0.22001703210743354
2015-08-20 04:00:00+00:00,0.27540750767120575,0.265083556323647,0.23949190389771363,0.22001703210743354
2015-08-21 04:00:00+00:00,0.27540750767120575,0.265083556323647,0.23949190389771363,0.22001703210743354
2015-08-24 04:00:00+00:00,0.27540750767120575,0.265083556323647,0.23949190389771363,0.22001703210743354
2015-08-25 04:00:00+00:00,0.27540750767120575,0.265083556323647,0.23949190389771363,0.22001703210743354
2015-08-26 04:00:00+00:00,0.27540750767120575,0.265083556323647,0.23949190389771363,0.22001703210743354
2015-08-27 04:00:00+00:00,0.27540750767120575,0.265083556323647,0.23949190389771363,0.22001703210743354
2015-08-28 04:00:00+00:00,0.41654999999999365,1.6027570381993427e-14,0.5834499999999794,1.0970211405947338e-14
2015-08-31 04:00:00+00:00,0.41654999999999365,1.6027570381993427e-14,0.5834499999999794,1.0970211405947338e-14
2015-09-01 04:00:00+00:00,0.41654999999999365,1.6027570381993427e-14,0.5834499999999794,1.0970211405947338e-14
2015-09-02 04:00:00+00:00,0.41654999999999365,1.6027570381993427e-14,0.5834499999999794,1.0970211405947338e-14
2015-09-03 04:00:00+00:00,0.41654999999999365,1.6027570381993427e-14,0.5834499999999794,1.0970211405947338e-14
2015-09-04 04:00:00+00:00,0.41654999999999365,1.6027570381993427e-14,0.5834499999999794,1.0970211405947338e-14
2015-09-08 04:00:00+00:00,0.41654999999999365,1.6027570381993427e-14,0.5834499999999794,1.0970211405947338e-14
2015-09-09 04:00:00+00:00,0.41654999999999365,1.6027570381993427e-14,0.5834499999999794,1.0970211405947338e-14
2015-09-10 04:00:00+00:00,0.41654999999999365,1.6027570381993427e-14,0.5834499999999794,1.0970211405947338e-14
2015-09-11 04:00:00+00:00,0.41654999999999365,1.6027570381993427e-14,0.5834499999999794,1.0970211405947338e-14
2015-09-14 04:00:00+00:00,0.41654999999999365,1.6027570381993427e-14,0.5834499999999794,1.0970211405947338e-14
2015-09-15 04:00:00+00:00,0.41654999999999365,1.6027570381993427e-14,0.5834499999999794,1.0970211405947338e-14
2015-09-16 04:00:00+00:00,0.41654999999999365,1.6027570381993427e-14,0.5834499999999794,1.0970211405947338e-14
2015-09-17 04:00:00+00:00,0.41654999999999365,1.6027570381993427e-14,0.5834499999999794,1.0970211405947338e-14
2015-09-18 04:00:00+00:00,0.41654999999999365,1.6027570381993427e-14,0.5834499999999794,1.0970211405947338e-14
2015-09-21 04:00:00+00:00,0.41654999999999365,1.6027570381993427e-14,0.5834499999999794,1.0970211405947338e-14
2015-09-22 04:00:00+00:00,0.41654999999999365,1.6027570381993427e-14,0.5834499999999794,1.0970211405947338e-14
2015-09-23 04:00:00+00:00,0.41654999999999365,1.6027570381993427e-14,0.5834499999999794,1.0970211405947338e-14
2015-09-24 04:00:00+00:00,0.41654999999999365,1.6027570381993427e-14,0.5834499999999794,1.0970211405947338e-14
2015-09-25 04:00:00+00:00,0.41654999999999365,1.6027570381993427e-14,0.5834499999999794,1.0970211405947338e-14
2015-09-28 04:00:00+00:00,0.41654999999999365,1.6027570381993427e-14,0.5834499999999794,1.0970211405947338e-14
2015-09-29 04:00:00+00:00,0.2662396611483449,0.3124788724623262,0.2497675740896132,0.1715138922997158
2015-09-30 04:00:00+00:00,0.2662396611483449,0.3124788724623262,0.2497675740896132,0.1715138922997158
2015-10-01 04:00:00+00:00,0.2662396611483449,0.3124788724623262,0.2497675740896132,0.1715138922997158
2015-10-02 04:00:00+00:00,0.2662396611483449,0.3124788724623262,0.2497675740896132,0.1715138922997158
2015-10-05 04:00:00+00:00,0.2662396611483449,0.3124788724623262,0.2497675740896132,0.1715138922997158
2015-10-06 04:00:00+00:00,0.2662396611483449,0.3124788724623262,0.2497675740896132,0.1715138922997158
2015-10-07 04:00:00+00:00,0.2662396611483449,0.3124788724623262,0.2497675740896132,0.1715138922997158
2015-10-08 04:00:00+00:00,0.2662396611483449,0.3124788724623262,0.2497675740896132,0.1715138922997158
2015-10-09 04:00:00+00:00,0.2662396611483449,0.3124788724623262,0.2497675740896132,0.1715138922997158
2015-10-12 04:00:00+00:00,0.2662396611483449,0.3124788724623262,0.2497675740896132,0.1715138922997158
2015-10-13 04:00:00+00:00,0.2662396611483449,0.3124788724623262,0.2497675740896132,0.1715138922997158
2015-10-14 04:00:00+00:00,0.2662396611483449,0.3124788724623262,0.2497675740896132,0.1715138922997158
2015-10-15 04:00:00+00:00,0.2662396611483449,0.3124788724623262,0.2497675740896132,0.1715138922997158
2015-10-16 04:00:00+00:00,0.2662396611483449,0.3124788724623262,0.2497675740896132,0.1715138922997158
2015-10-19 04:00:00+00:00,0.2662396611483449,0.3124788724623262,0.2497675740896132,0.1715138922997158
2015-10-20 04:00:00+00:00,0.2662396611483449,0.3124788724623262,0.2497675740896132,0.1715138922997158
2015-10-21 04:00:00+00:00,0.2662396611483449,0.3124788724623262,0.2497675740896132,0.1715138922997158
2015-10-22 04:00:00+00:00,0.2662396611483449,0.3124788724623262,0.2497675740896132,0.1715138922997158
2015-10-23 04:00:00+00:00,0.2662396611483449,0.3124788724623262,0.2497675740896132,0.1715138922997158
2015-10-26 04:00:00+00:00,0.2662396611483449,0.3124788724623262,0.2497675740896132,0.1715138922997158
2015-10-27 04:00:00+00:00,0.2662396611483449,0.3124788724623262,0.2497675740896132,0.1715138922997158
2015-10-28 04:00:00+00:00,0.24111065354460728,0.17299443422029284,0.41667445452706264,0.16922045770803731
2015-10-29 04:00:00+00:00,0.24111065354460728,0.17299443422029284,0.41667445452706264,0.16922045770803731
2015-10-30 04:00:00+00:00,0.24111065354460728,0.17299443422029284,0.41667445452706264,0.16922045770803731
2015-11-02 05:00:00+00:00,0.24111065354460728,0.17299443422029284,0.41667445452706264,0.16922045770803731
2015-11-03 05:00:00+00:00,0.24111065354460728,0.17299443422029284,0.41667445452706264,0.16922045770803731
2015-11-04 05:00:00+00:00,0.24111065354460728,0.17299443422029284,0.41667445452706264,0.16922045770803731
2015-11-05 05:00:00+00:00,0.24111065354460728,0.17299443422029284,0.41667445452706264,0.16922045770803731
2015-11-06 05:00:00+00:00,0.24111065354460728,0.17299443422029284,0.41667445452706264,0.16922045770803731
2015-11-09 05:00:00+00:00,0.24111065354460728,0.17299443422029284,0.41667445452706264,0.16922045770803731
2015-11-10 05:00:00+00:00,0.24111065354460728,0.17299443422029284,0.41667445452706264,0.16922045770803731
2015-11-11 05:00:00+00:00,0.24111065354460728,0.17299443422029284,0.41667445452706264,0.16922045770803731
2015-11-12 05:00:00+00:00,0.24111065354460728,0.17299443422029284,0.41667445452706264,0.16922045770803731
2015-11-13 05:00:00+00:00,0.24111065354460728,0.17299443422029284,0.41667445452706264,0.16922045770803731
2015-11-16 05:00:00+00:00,0.24111065354460728,0.17299443422029284,0.41667445452706264,0.16922045770803731
2015-11-17 05:00:00+00:00,0.24111065354460728,0.17299443422029284,0.41667445452706264,0.16922045770803731
2015-11-18 05:00:00+00:00,0.24111065354460728,0.17299443422029284,0.41667445452706264,0.16922045770803731
2015-11-19 05:00:00+00:00,0.24111065354460728,0.17299443422029284,0.41667445452706264,0.16922045770803731
2015-11-20 05:00:00+00:00,0.24111065354460728,0.17299443422029284,0.41667445452706264,0.16922045770803731
2015-11-23 05:00:00+00:00,0.24111065354460728,0.17299443422029284,0.41667445452706264,0.16922045770803731
2015-11-24 05:00:00+00:00,0.24111065354460728,0.17299443422029284,0.41667445452706264,0.16922045770803731
2015-11-25 05:00:00+00:00,0.24111065354460728,0.17299443422029284,0.41667445452706264,0.16922045770803731
2015-11-27 05:00:00+00:00,7.443041226364522e-07,0.04560059116197086,0.9543979600553676,7.044785389174813e-07
2015-11-30 05:00:00+00:00,7.443041226364522e-07,0.04560059116197086,0.9543979600553676,7.044785389174813e-07
2015-12-01 05:00:00+00:00,7.443041226364522e-07,0.04560059116197086,0.9543979600553676,7.044785389174813e-07
2015-12-02 05:00:00+00:00,7.443041226364522e-07,0.04560059116197086,0.9543979600553676,7.044785389174813e-07
2015-12-03 05:00:00+00:00,7.443041226364522e-07,0.04560059116197086,0.9543979600553676,7.044785389174813e-07
2015-12-04 05:00:00+00:00,7.443041226364522e-07,0.04560059116197086,0.9543979600553676,7.044785389174813e-07
2015-12-07 05:00:00+00:00,7.443041226364522e-07,0.04560059116197086,0.9543979600553676,7.044785389174813e-07
2015-12-08 05:00:00+00:00,7.443041226364522e-07,0.04560059116197086,0.9543979600553676,7.044785389174813e-07
2015-12-09 05:00:00+00:00,7.443041226364522e-07,0.04560059116197086,0.9543979600553676,7.044785389174813e-07
2015-12-10 05:00:00+00:00,7.443041226364522e-07,0.04560059116197086,0.9543979600553676,7.044785389174813e-07
2015-12-11 05:00:00+00:00,7.443041226364522e-07,0.04560059116197086,0.9543979600553676,7.044785389174813e-07
2015-12-14 05:00:00+00:00,7.443041226364522e-07,0.04560059116197086,0.9543979600553676,7.044785389174813e-07
2015-12-15 05:00:00+00:00,7.443041226364522e-07,0.04560059116197086,0.9543979600553676,7.044785389174813e-07
2015-12-16 05:00:00+00:00,7.443041226364522e-07,0.04560059116197086,0.9543979600553676,7.044785389174813e-07
2015-12-17 05:00:00+00:00,7.443041226364522e-07,0.04560059116197086,0.9543979600553676,7.044785389174813e-07
2015-12-18 05:00:00+00:00,7.443041226364522e-07,0.04560059116197086,0.9543979600553676,7.044785389174813e-07
2015-12-21 05:00:00+00:00,7.443041226364522e-07,0.04560059116197086,0.9543979600553676,7.044785389174813e-07
2015-12-22 05:00:00+00:00,7.443041226364522e-07,0.04560059116197086,0.9543979600553676,7.044785389174813e-07
2015-12-23 05:00:00+00:00,7.443041226364522e-07,0.04560059116197086,0.9543979600553676,7.044785389174813e-07
2015-12-24 05:00:00+00:00,7.443041226364522e-07,0.04560059116197086,0.9543979600553676,7.044785389174813e-07
2015-12-28 05:00:00+00:00,7.443041226364522e-07,0.04560059116197086,0.9543979600553676,7.044785389174813e-07
2015-12-29 05:00:00+00:00,1.877031372657878e-07,0.13296008122539651,0.8670395534117867,1.776596795176122e-07
2015-12-30 05:00:00+00:00,1.877031372657878e-07,0.13296008122539651,0.8670395534117867,1.776596795176122e-07
2015-12-31 05:00:00+00:00,1.877031372657878e-07,0.13296008122539651,0.8670395534117867,1.776596795176122e-07
2016-01-04 05:00:00+00:00,1.877031372657878e-07,0.13296008122539651,0.8670395534117867,1.776596795176122e-07
2016-01-05 05:00:00+00:00,1.877031372657878e-07,0.13296008122539651,0.8670395534117867,1.776596795176122e-07
2016-01-06 05:00:00+00:00,1.877031372657878e-07,0.13296008122539651,0.8670395534117867,1.776596795176122e-07
2016-01-07 05:00:00+00:00,1.877031372657878e-07,0.13296008122539651,0.8670395534117867,1.776596795176122e-07
2016-01-08 05:00:00+00:00,1.877031372657878e-07,0.13296008122539651,0.8670395534117867,1.776596795176122e-07
2016-01-11 05:00:00+00:00,1.877031372657878e-07,0.13296008122539651,0.8670395534117867,1.776596795176122e-07
2016-01-12 05:00:00+00:00,1.877031372657878e-07,0.13296008122539651,0.8670395534117867,1.776596795176122e-07
2016-01-13 05:00:00+00:00,1.877031372657878e-07,0.13296008122539651,0.8670395534117867,1.776596795176122e-07
2016-01-14 05:00:00+00:00,1.877031372657878e-07,0.13296008122539651,0.8670395534117867,1.776596795176122e-07
2016-01-15 05:00:00+00:00,1.877031372657878e-07,0.13296008122539651,0.8670395534117867,1.776596795176122e-07
2016-01-19 05:00:00+00:00,1.877031372657878e-07,0.13296008122539651,0.8670395534117867,1.776596795176122e-07
2016-01-20 05:00:00+00:00,1.877031372657878e-07,0.13296008122539651,0.8670395534117867,1.776596795176122e-07
2016-01-21 05:00:00+00:00,1.877031372657878e-07,0.13296008122539651,0.8670395534117867,1.776596795176122e-07
2016-01-22 05:00:00+00:00,1.877031372657878e-07,0.13296008122539651,0.8670395534117867,1.776596795176122e-07
2016-01-25 05:00:00+00:00,1.877031372657878e-07,0.13296008122539651,0.8670395534117867,1.776596795176122e-07
2016-01-26 05:00:00+00:00,1.877031372657878e-07,0.13296008122539651,0.8670395534117867,1.776596795176122e-07
2016-01-27 05:00:00+00:00,1.877031372657878e-07,0.13296008122539651,0.8670395534117867,1.776596795176122e-07
2016-01-28 05:00:00+00:00,1.877031372657878e-07,0.13296008122539651,0.8670395534117867,1.776596795176122e-07
2016-01-29 05:00:00+00:00,0.011257164495342543,0.2717385451599715,0.7063494645082501,0.010654825836435946
2016-02-01 05:00:00+00:00,0.011257164495342543,0.2717385451599715,0.7063494645082501,0.010654825836435946
2016-02-02 05:00:00+00:00,0.011257164495342543,0.2717385451599715,0.7063494645082501,0.010654825836435946
2016-02-03 05:00:00+00:00,0.011257164495342543,0.2717385451599715,0.7063494645082501,0.010654825836435946
2016-02-04 05:00:00+00:00,0.011257164495342543,0.2717385451599715,0.7063494645082501,0.010654825836435946
2016-02-05 05:00:00+00:00,0.011257164495342543,0.2717385451599715,0.7063494645082501,0.010654825836435946
2016-02-08 05:00:00+00:00,0.011257164495342543,0.2717385451599715,0.7063494645082501,0.010654825836435946
2016-02-09 05:00:00+00:00,0.011257164495342543,0.2717385451599715,0.7063494645082501,0.010654825836435946
2016-02-10 05:00:00+00:00,0.011257164495342543,0.2717385451599715,0.7063494645082501,0.010654825836435946
2016-02-11 05:00:00+00:00,0.011257164495342543,0.2717385451599715,0.7063494645082501,0.010654825836435946
2016-02-12 05:00:00+00:00,0.011257164495342543,0.2717385451599715,0.7063494645082501,0.010654825836435946
2016-02-16 05:00:00+00:00,0.011257164495342543,0.2717385451599715,0.7063494645082501,0.010654825836435946
2016-02-17 05:00:00+00:00,0.011257164495342543,0.2717385451599715,0.7063494645082501,0.010654825836435946
2016-02-18 05:00:00+00:00,0.011257164495342543,0.2717385451599715,0.7063494645082501,0.010654825836435946
2016-02-19 05:00:00+00:00,0.011257164495342543,0.2717385451599715,0.7063494645082501,0.010654825836435946
2016-02-22 05:00:00+00:00,0.011257164495342543,0.2717385451599715,0.7063494645082501,0.010654825836435946
2016-02-23 05:00:00+00:00,0.011257164495342543,0.2717385451599715,0.7063494645082501,0.010654825836435946
2016-02-24 05:00:00+00:00,0.011257164495342543,0.2717385451599715,0.7063494645082501,0.010654825836435946
2016-02-25 05:00:00+00:00,0.011257164495342543,0.2717385451599715,0.7063494645082501,0.010654825836435946
2016-02-26 05:00:00+00:00,0.011257164495342543,0.2717385451599715,0.7063494645082501,0.010654825836435946
2016-02-29 05:00:00+00:00,0.011257164495342543,0.2717385451599715,0.7063494645082501,0.010654825836435946
2016-03-01 05:00:00+00:00,0.2543358467825312,0.2038338442022342,0.24493188773539457,0.2968984212798401
2016-03-02 05:00:00+00:00,0.2543358467825312,0.2038338442022342,0.24493188773539457,0.2968984212798401
2016-03-03 05:00:00+00:00,0.2543358467825312,0.2038338442022342,0.24493188773539457,0.2968984212798401
2016-03-04 05:00:00+00:00,0.2543358467825312,0.2038338442022342,0.24493188773539457,0.2968984212798401
2016-03-07 05:00:00+00:00,0.2543358467825312,0.2038338442022342,0.24493188773539457,0.2968984212798401
2016-03-08 05:00:00+00:00,0.2543358467825312,0.2038338442022342,0.24493188773539457,0.2968984212798401
2016-03-09 05:00:00+00:00,0.2543358467825312,0.2038338442022342,0.24493188773539457,0.2968984212798401
2016-03-10 05:00:00+00:00,0.2543358467825312,0.2038338442022342,0.24493188773539457,0.2968984212798401
2016-03-11 05:00:00+00:00,0.2543358467825312,0.2038338442022342,0.24493188773539457,0.2968984212798401
2016-03-14 04:00:00+00:00,0.2543358467825312,0.2038338442022342,0.24493188773539457,0.2968984212798401
2016-03-15 04:00:00+00:00,0.2543358467825312,0.2038338442022342,0.24493188773539457,0.2968984212798401
2016-03-16 04:00:00+00:00,0.2543358467825312,0.2038338442022342,0.24493188773539457,0.2968984212798401
2016-03-17 04:00:00+00:00,0.2543358467825312,0.2038338442022342,0.24493188773539457,0.2968984212798401
2016-03-18 04:00:00+00:00,0.2543358467825312,0.2038338442022342,0.24493188773539457,0.2968984212798401
2016-03-21 04:00:00+00:00,0.2543358467825312,0.2038338442022342,0.24493188773539457,0.2968984212798401
2016-03-22 04:00:00+00:00,0.2543358467825312,0.2038338442022342,0.24493188773539457,0.2968984212798401
2016-03-23 04:00:00+00:00,0.2543358467825312,0.2038338442022342,0.24493188773539457,0.2968984212798401
2016-03-24 04:00:00+00:00,0.2543358467825312,0.2038338442022342,0.24493188773539457,0.2968984212798401
2016-03-28 04:00:00+00:00,0.2543358467825312,0.2038338442022342,0.24493188773539457,0.2968984212798401
2016-03-29 04:00:00+00:00,0.2543358467825312,0.2038338442022342,0.24493188773539457,0.2968984212798401
2016-03-30 04:00:00+00:00,0.2543358467825312,0.2038338442022342,0.24493188773539457,0.2968984212798401
2016-03-31 04:00:00+00:00,9.246876041242737e-05,0.4885547752646826,0.41937623119836376,0.09197652477654127
2016-04-01 04:00:00+00:00,9.246876041242737e-05,0.4885547752646826,0.41937623119836376,0.09197652477654127
2016-04-04 04:00:00+00:00,9.246876041242737e-05,0.4885547752646826,0.41937623119836376,0.09197652477654127
2016-04-05 04:00:00+00:00,9.246876041242737e-05,0.4885547752646826,0.41937623119836376,0.09197652477654127
2016-04-06 04:00:00+00:00,9.246876041242737e-05,0.4885547752646826,0.41937623119836376,0.09197652477654127
2016-04-07 04:00:00+00:00,9.246876041242737e-05,0.4885547752646826,0.41937623119836376,0.09197652477654127
2016-04-08 04:00:00+00:00,9.246876041242737e-05,0.4885547752646826,0.41937623119836376,0.09197652477654127
2016-04-11 04:00:00+00:00,9.246876041242737e-05,0.4885547752646826,0.41937623119836376,0.09197652477654127
2016-04-12 04:00:00+00:00,9.246876041242737e-05,0.4885547752646826,0.41937623119836376,0.09197652477654127
2016-04-13 04:00:00+00:00,9.246876041242737e-05,0.4885547752646826,0.41937623119836376,0.09197652477654127
2016-04-14 04:00:00+00:00,9.246876041242737e-05,0.4885547752646826,0.41937623119836376,0.09197652477654127
2016-04-15 04:00:00+00:00,9.246876041242737e-05,0.4885547752646826,0.41937623119836376,0.09197652477654127
2016-04-18 04:00:00+00:00,9.246876041242737e-05,0.4885547752646826,0.41937623119836376,0.09197652477654127
2016-04-19 04:00:00+00:00,9.246876041242737e-05,0.4885547752646826,0.41937623119836376,0.09197652477654127
2016-04-20 04:00:00+00:00,9.246876041242737e-05,0.4885547752646826,0.41937623119836376,0.09197652477654127
2016-04-21 04:00:00+00:00,9.246876041242737e-05,0.4885547752646826,0.41937623119836376,0.09197652477654127
2016-04-22 04:00:00+00:00,9.246876041242737e-05,0.4885547752646826,0.41937623119836376,0.09197652477654127
2016-04-25 04:00:00+00:00,9.246876041242737e-05,0.4885547752646826,0.41937623119836376,0.09197652477654127
2016-04-26 04:00:00+00:00,9.246876041242737e-05,0.4885547752646826,0.41937623119836376,0.09197652477654127
2016-04-27 04:00:00+00:00,9.246876041242737e-05,0.4885547752646826,0.41937623119836376,0.09197652477654127
2016-04-28 04:00:00+00:00,9.246876041242737e-05,0.4885547752646826,0.41937623119836376,0.09197652477654127
2016-04-29 04:00:00+00:00,0.011668058149193772,0.011557380711900616,0.8606961847179913,0.11607837642091441
2016-05-02 04:00:00+00:00,0.011668058149193772,0.011557380711900616,0.8606961847179913,0.11607837642091441
2016-05-03 04:00:00+00:00,0.011668058149193772,0.011557380711900616,0.8606961847179913,0.11607837642091441
2016-05-04 04:00:00+00:00,0.011668058149193772,0.011557380711900616,0.8606961847179913,0.11607837642091441
2016-05-05 04:00:00+00:00,0.011668058149193772,0.011557380711900616,0.8606961847179913,0.11607837642091441
2016-05-06 04:00:00+00:00,0.011668058149193772,0.011557380711900616,0.8606961847179913,0.11607837642091441
2016-05-09 04:00:00+00:00,0.011668058149193772,0.011557380711900616,0.8606961847179913,0.11607837642091441
2016-05-10 04:00:00+00:00,0.011668058149193772,0.011557380711900616,0.8606961847179913,0.11607837642091441
2016-05-11 04:00:00+00:00,0.011668058149193772,0.011557380711900616,0.8606961847179913,0.11607837642091441
2016-05-12 04:00:00+00:00,0.011668058149193772,0.011557380711900616,0.8606961847179913,0.11607837642091441
2016-05-13 04:00:00+00:00,0.011668058149193772,0.011557380711900616,0.8606961847179913,0.11607837642091441
2016-05-16 04:00:00+00:00,0.011668058149193772,0.011557380711900616,0.8606961847179913,0.11607837642091441
2016-05-17 04:00:00+00:00,0.011668058149193772,0.011557380711900616,0.8606961847179913,0.11607837642091441
2016-05-18 04:00:00+00:00,0.011668058149193772,0.011557380711900616,0.8606961847179913,0.11607837642091441
2016-05-19 04:00:00+00:00,0.011668058149193772,0.011557380711900616,0.8606961847179913,0.11607837642091441
2016-05-20 04:00:00+00:00,0.011668058149193772,0.011557380711900616,0.8606961847179913,0.11607837642091441
2016-05-23 04:00:00+00:00,0.011668058149193772,0.011557380711900616,0.8606961847179913,0.11607837642091441
2016-05-24 04:00:00+00:00,0.011668058149193772,0.011557380711900616,0.8606961847179913,0.11607837642091441
2016-05-25 04:00:00+00:00,0.011668058149193772,0.011557380711900616,0.8606961847179913,0.11607837642091441
2016-05-26 04:00:00+00:00,0.011668058149193772,0.011557380711900616,0.8606961847179913,0.11607837642091441
2016-05-27 04:00:00+00:00,0.011668058149193772,0.011557380711900616,0.8606961847179913,0.11607837642091441
2016-05-31 04:00:00+00:00,0.0002651785993724914,0.0002333115962091677,0.9992290025611419,0.00027250724327632905
2016-06-01 04:00:00+00:00,0.0002651785993724914,0.0002333115962091677,0.9992290025611419,0.00027250724327632905
2016-06-02 04:00:00+00:00,0.0002651785993724914,0.0002333115962091677,0.9992290025611419,0.00027250724327632905
2016-06-03 04:00:00+00:00,0.0002651785993724914,0.0002333115962091677,0.9992290025611419,0.00027250724327632905
2016-06-06 04:00:00+00:00,0.0002651785993724914,0.0002333115962091677,0.9992290025611419,0.00027250724327632905
2016-06-07 04:00:00+00:00,0.0002651785993724914,0.0002333115962091677,0.9992290025611419,0.00027250724327632905
2016-06-08 04:00:00+00:00,0.0002651785993724914,0.0002333115962091677,0.9992290025611419,0.00027250724327632905
2016-06-09 04:00:00+00:00,0.0002651785993724914,0.0002333115962091677,0.9992290025611419,0.00027250724327632905
2016-06-10 04:00:00+00:00,0.0002651785993724914,0.0002333115962091677,0.9992290025611419,0.00027250724327632905
2016-06-13 04:00:00+00:00,0.0002651785993724914,0.0002333115962091677,0.9992290025611419,0.00027250724327632905
2016-06-14 04:00:00+00:00,0.0002651785993724914,0.0002333115962091677,0.9992290025611419,0.00027250724327632905
2016-06-15 04:00:00+00:00,0.0002651785993724914,0.0002333115962091677,0.9992290025611419,0.00027250724327632905
2016-06-16 04:00:00+00:00,0.0002651785993724914,0.0002333115962091677,0.9992290025611419,0.00027250724327632905
2016-06-17 04:00:00+00:00,0.0002651785993724914,0.0002333115962091677,0.9992290025611419,0.00027250724327632905
2016-06-20 04:00:00+00:00,0.0002651785993724914,0.0002333115962091677,0.9992290025611419,0.00027250724327632905
2016-06-21 04:00:00+00:00,0.0002651785993724914,0.0002333115962091677,0.9992290025611419,0.00027250724327632905
2016-06-22 04:00:00+00:00,0.0002651785993724914,0.0002333115962091677,0.9992290025611419,0.00027250724327632905
2016-06-23 04:00:00+00:00,0.0002651785993724914,0.0002333115962091677,0.9992290025611419,0.00027250724327632905
2016-06-24 04:00:00+00:00,0.0002651785993724914,0.0002333115962091677,0.9992290025611419,0.00027250724327632905
2016-06-27 04:00:00+00:00,0.0002651785993724914,0.0002333115962091677,0.9992290025611419,0.00027250724327632905
2016-06-28 04:00:00+00:00,0.0002651785993724914,0.0002333115962091677,0.9992290025611419,0.00027250724327632905
2016-06-29 04:00:00+00:00,0.0025874900015104754,0.14034726930286545,0.8543905355195628,0.002674705176061347
2016-06-30 04:00:00+00:00,0.0025874900015104754,0.14034726930286545,0.8543905355195628,0.002674705176061347
2016-07-01 04:00:00+00:00,0.0025874900015104754,0.14034726930286545,0.8543905355195628,0.002674705176061347
2016-07-05 04:00:00+00:00,0.0025874900015104754,0.14034726930286545,0.8543905355195628,0.002674705176061347
2016-07-06 04:00:00+00:00,0.0025874900015104754,0.14034726930286545,0.8543905355195628,0.002674705176061347
2016-07-07 04:00:00+00:00,0.0025874900015104754,0.14034726930286545,0.8543905355195628,0.002674705176061347
2016-07-08 04:00:00+00:00,0.0025874900015104754,0.14034726930286545,0.8543905355195628,0.002674705176061347
2016-07-11 04:00:00+00:00,0.0025874900015104754,0.14034726930286545,0.8543905355195628,0.002674705176061347
2016-07-12 04:00:00+00:00,0.0025874900015104754,0.14034726930286545,0.8543905355195628,0.002674705176061347
2016-07-13 04:00:00+00:00,0.0025874900015104754,0.14034726930286545,0.8543905355195628,0.002674705176061347
2016-07-14 04:00:00+00:00,0.0025874900015104754,0.14034726930286545,0.8543905355195628,0.002674705176061347
2016-07-15 04:00:00+00:00,0.0025874900015104754,0.14034726930286545,0.8543905355195628,0.002674705176061347
2016-07-18 04:00:00+00:00,0.0025874900015104754,0.14034726930286545,0.8543905355195628,0.002674705176061347
2016-07-19 04:00:00+00:00,0.0025874900015104754,0.14034726930286545,0.8543905355195628,0.002674705176061347
2016-07-20 04:00:00+00:00,0.0025874900015104754,0.14034726930286545,0.8543905355195628,0.002674705176061347
2016-07-21 04:00:00+00:00,0.0025874900015104754,0.14034726930286545,0.8543905355195628,0.002674705176061347
2016-07-22 04:00:00+00:00,0.0025874900015104754,0.14034726930286545,0.8543905355195628,0.002674705176061347
2016-07-25 04:00:00+00:00,0.0025874900015104754,0.14034726930286545,0.8543905355195628,0.002674705176061347
2016-07-26 04:00:00+00:00,0.0025874900015104754,0.14034726930286545,0.8543905355195628,0.002674705176061347
2016-07-27 04:00:00+00:00,0.0025874900015104754,0.14034726930286545,0.8543905355195628,0.002674705176061347
2016-07-28 04:00:00+00:00,0.0025874900015104754,0.14034726930286545,0.8543905355195628,0.002674705176061347
2016-07-29 04:00:00+00:00,7.784459350497674e-05,0.9997209820541775,8.88149434997311e-05,0.00011235840881775725
2016-08-01 04:00:00+00:00,7.784459350497674e-05,0.9997209820541775,8.88149434997311e-05,0.00011235840881775725
2016-08-02 04:00:00+00:00,7.784459350497674e-05,0.9997209820541775,8.88149434997311e-05,0.00011235840881775725
2016-08-03 04:00:00+00:00,7.784459350497674e-05,0.9997209820541775,8.88149434997311e-05,0.00011235840881775725
2016-08-04 04:00:00+00:00,7.784459350497674e-05,0.9997209820541775,8.88149434997311e-05,0.00011235840881775725
2016-08-05 04:00:00+00:00,7.784459350497674e-05,0.9997209820541775,8.88149434997311e-05,0.00011235840881775725
2016-08-08 04:00:00+00:00,7.784459350497674e-05,0.9997209820541775,8.88149434997311e-05,0.00011235840881775725
2016-08-09 04:00:00+00:00,7.784459350497674e-05,0.9997209820541775,8.88149434997311e-05,0.00011235840881775725
2016-08-10 04:00:00+00:00,7.784459350497674e-05,0.9997209820541775,8.88149434997311e-05,0.00011235840881775725
2016-08-11 04:00:00+00:00,7.784459350497674e-05,0.9997209820541775,8.88149434997311e-05,0.00011235840881775725
2016-08-12 04:00:00+00:00,7.784459350497674e-05,0.9997209820541775,8.88149434997311e-05,0.00011235840881775725
2016-08-15 04:00:00+00:00,7.784459350497674e-05,0.9997209820541775,8.88149434997311e-05,0.00011235840881775725
2016-08-16 04:00:00+00:00,7.784459350497674e-05,0.9997209820541775,8.88149434997311e-05,0.00011235840881775725
2016-08-17 04:00:00+00:00,7.784459350497674e-05,0.9997209820541775,8.88149434997311e-05,0.00011235840881775725
2016-08-18 04:00:00+00:00,7.784459350497674e-05,0.9997209820541775,8.88149434997311e-05,0.00011235840881775725
2016-08-19 04:00:00+00:00,7.784459350497674e-05,0.9997209820541775,8.88149434997311e-05,0.00011235840881775725
2016-08-22 04:00:00+00:00,7.784459350497674e-05,0.9997209820541775,8.88149434997311e-05,0.00011235840881775725
2016-08-23 04:00:00+00:00,7.784459350497674e-05,0.9997209820541775,8.88149434997311e-05,0.00011235840881775725
2016-08-24 04:00:00+00:00,7.784459350497674e-05,0.9997209820541775,8.88149434997311e-05,0.00011235840881775725
2016-08-25 04:00:00+00:00,7.784459350497674e-05,0.9997209820541775,8.88149434997311e-05,0.00011235840881775725
2016-08-26 04:00:00+00:00,7.784459350497674e-05,0.9997209820541775,8.88149434997311e-05,0.00011235840881775725
2016-08-29 04:00:00+00:00,1.782273378953521e-05,0.7008439265322585,0.29911604553620963,2.220519774233164e-05
2016-08-30 04:00:00+00:00,1.782273378953521e-05,0.7008439265322585,0.29911604553620963,2.220519774233164e-05
2016-08-31 04:00:00+00:00,1.782273378953521e-05,0.7008439265322585,0.29911604553620963,2.220519774233164e-05
2016-09-01 04:00:00+00:00,1.782273378953521e-05,0.7008439265322585,0.29911604553620963,2.220519774233164e-05
2016-09-02 04:00:00+00:00,1.782273378953521e-05,0.7008439265322585,0.29911604553620963,2.220519774233164e-05
2016-09-06 04:00:00+00:00,1.782273378953521e-05,0.7008439265322585,0.29911604553620963,2.220519774233164e-05
2016-09-07 04:00:00+00:00,1.782273378953521e-05,0.7008439265322585,0.29911604553620963,2.220519774233164e-05
2016-09-08 04:00:00+00:00,1.782273378953521e-05,0.7008439265322585,0.29911604553620963,2.220519774233164e-05
2016-09-09 04:00:00+00:00,1.782273378953521e-05,0.7008439265322585,0.29911604553620963,2.220519774233164e-05
2016-09-12 04:00:00+00:00,1.782273378953521e-05,0.7008439265322585,0.29911604553620963,2.220519774233164e-05
2016-09-13 04:00:00+00:00,1.782273378953521e-05,0.7008439265322585,0.29911604553620963,2.220519774233164e-05
2016-09-14 04:00:00+00:00,1.782273378953521e-05,0.7008439265322585,0.29911604553620963,2.220519774233164e-05
2016-09-15 04:00:00+00:00,1.782273378953521e-05,0.7008439265322585,0.29911604553620963,2.220519774233164e-05
2016-09-16 04:00:00+00:00,1.782273378953521e-05,0.7008439265322585,0.29911604553620963,2.220519774233164e-05
2016-09-19 04:00:00+00:00,1.782273378953521e-05,0.7008439265322585,0.29911604553620963,2.220519774233164e-05
2016-09-20 04:00:00+00:00,1.782273378953521e-05,0.7008439265322585,0.29911604553620963,2.220519774233164e-05
2016-09-21 04:00:00+00:00,1.782273378953521e-05,0.7008439265322585,0.29911604553620963,2.220519774233164e-05
2016-09-22 04:00:00+00:00,1.782273378953521e-05,0.7008439265322585,0.29911604553620963,2.220519774233164e-05
2016-09-23 04:00:00+00:00,1.782273378953521e-05,0.7008439265322585,0.29911604553620963,2.220519774233164e-05
2016-09-26 04:00:00+00:00,1.782273378953521e-05,0.7008439265322585,0.29911604553620963,2.220519774233164e-05
2016-09-27 04:00:00+00:00,1.782273378953521e-05,0.7008439265322585,0.29911604553620963,2.220519774233164e-05
2016-09-28 04:00:00+00:00,0.15275276243156505,0.43024275203889745,0.3627011848881365,0.05430330064140104
2016-09-29 04:00:00+00:00,0.15275276243156505,0.43024275203889745,0.3627011848881365,0.05430330064140104
2016-09-30 04:00:00+00:00,0.15275276243156505,0.43024275203889745,0.3627011848881365,0.05430330064140104
2016-10-03 04:00:00+00:00,0.15275276243156505,0.43024275203889745,0.3627011848881365,0.05430330064140104
2016-10-04 04:00:00+00:00,0.15275276243156505,0.43024275203889745,0.3627011848881365,0.05430330064140104
2016-10-05 04:00:00+00:00,0.15275276243156505,0.43024275203889745,0.3627011848881365,0.05430330064140104
2016-10-06 04:00:00+00:00,0.15275276243156505,0.43024275203889745,0.3627011848881365,0.05430330064140104
2016-10-07 04:00:00+00:00,0.15275276243156505,0.43024275203889745,0.3627011848881365,0.05430330064140104
2016-10-10 04:00:00+00:00,0.15275276243156505,0.43024275203889745,0.3627011848881365,0.05430330064140104
2016-10-11 04:00:00+00:00,0.15275276243156505,0.43024275203889745,0.3627011848881365,0.05430330064140104
2016-10-12 04:00:00+00:00,0.15275276243156505,0.43024275203889745,0.3627011848881365,0.05430330064140104
2016-10-13 04:00:00+00:00,0.15275276243156505,0.43024275203889745,0.3627011848881365,0.05430330064140104
2016-10-14 04:00:00+00:00,0.15275276243156505,0.43024275203889745,0.3627011848881365,0.05430330064140104
2016-10-17 04:00:00+00:00,0.15275276243156505,0.43024275203889745,0.3627011848881365,0.05430330064140104
2016-10-18 04:00:00+00:00,0.15275276243156505,0.43024275203889745,0.3627011848881365,0.05430330064140104
2016-10-19 04:00:00+00:00,0.15275276243156505,0.43024275203889745,0.3627011848881365,0.05430330064140104
2016-10-20 04:00:00+00:00,0.15275276243156505,0.43024275203889745,0.3627011848881365,0.05430330064140104
2016-10-21 04:00:00+00:00,0.15275276243156505,0.43024275203889745,0.3627011848881365,0.05430330064140104
2016-10-24 04:00:00+00:00,0.15275276243156505,0.43024275203889745,0.3627011848881365,0.05430330064140104
2016-10-25 04:00:00+00:00,0.15275276243156505,0.43024275203889745,0.3627011848881365,0.05430330064140104
2016-10-26 04:00:00+00:00,0.15275276243156505,0.43024275203889745,0.3627011848881365,0.05430330064140104
2016-10-27 04:00:00+00:00,0.2450460126803741,0.2949492887567812,0.39917871392728904,0.060825984635555656
2016-10-28 04:00:00+00:00,0.2450460126803741,0.2949492887567812,0.39917871392728904,0.060825984635555656
2016-10-31 04:00:00+00:00,0.2450460126803741,0.2949492887567812,0.39917871392728904,0.060825984635555656
2016-11-01 04:00:00+00:00,0.2450460126803741,0.2949492887567812,0.39917871392728904,0.060825984635555656
2016-11-02 04:00:00+00:00,0.2450460126803741,0.2949492887567812,0.39917871392728904,0.060825984635555656
2016-11-03 04:00:00+00:00,0.2450460126803741,0.2949492887567812,0.39917871392728904,0.060825984635555656
2016-11-04 04:00:00+00:00,0.2450460126803741,0.2949492887567812,0.39917871392728904,0.060825984635555656
2016-11-07 05:00:00+00:00,0.2450460126803741,0.2949492887567812,0.39917871392728904,0.060825984635555656
2016-11-08 05:00:00+00:00,0.2450460126803741,0.2949492887567812,0.39917871392728904,0.060825984635555656
2016-11-09 05:00:00+00:00,0.2450460126803741,0.2949492887567812,0.39917871392728904,0.060825984635555656
2016-11-10 05:00:00+00:00,0.2450460126803741,0.2949492887567812,0.39917871392728904,0.060825984635555656
2016-11-11 05:00:00+00:00,0.2450460126803741,0.2949492887567812,0.39917871392728904,0.060825984635555656
2016-11-14 05:00:00+00:00,0.2450460126803741,0.2949492887567812,0.39917871392728904,0.060825984635555656
2016-11-15 05:00:00+00:00,0.2450460126803741,0.2949492887567812,0.39917871392728904,0.060825984635555656
2016-11-16 05:00:00+00:00,0.2450460126803741,0.2949492887567812,0.39917871392728904,0.060825984635555656
2016-11-17 05:00:00+00:00,0.2450460126803741,0.2949492887567812,0.39917871392728904,0.060825984635555656
2016-11-18 05:00:00+00:00,0.2450460126803741,0.2949492887567812,0.39917871392728904,0.060825984635555656
2016-11-21 05:00:00+00:00,0.2450460126803741,0.2949492887567812,0.39917871392728904,0.060825984635555656
2016-11-22 05:00:00+00:00,0.2450460126803741,0.2949492887567812,0.39917871392728904,0.060825984635555656
2016-11-23 05:00:00+00:00,0.2450460126803741,0.2949492887567812,0.39917871392728904,0.060825984635555656
2016-11-25 05:00:00+00:00,0.2450460126803741,0.2949492887567812,0.39917871392728904,0.060825984635555656
2016-11-28 05:00:00+00:00,0.24518630371077507,0.24313678398338726,0.37919080152019674,0.13248611078564101
2016-11-29 05:00:00+00:00,0.24518630371077507,0.24313678398338726,0.37919080152019674,0.13248611078564101
2016-11-30 05:00:00+00:00,0.24518630371077507,0.24313678398338726,0.37919080152019674,0.13248611078564101
2016-12-01 05:00:00+00:00,0.24518630371077507,0.24313678398338726,0.37919080152019674,0.13248611078564101
2016-12-02 05:00:00+00:00,0.24518630371077507,0.24313678398338726,0.37919080152019674,0.13248611078564101
2016-12-05 05:00:00+00:00,0.24518630371077507,0.24313678398338726,0.37919080152019674,0.13248611078564101
2016-12-06 05:00:00+00:00,0.24518630371077507,0.24313678398338726,0.37919080152019674,0.13248611078564101
2016-12-07 05:00:00+00:00,0.24518630371077507,0.24313678398338726,0.37919080152019674,0.13248611078564101
2016-12-08 05:00:00+00:00,0.24518630371077507,0.24313678398338726,0.37919080152019674,0.13248611078564101
2016-12-09 05:00:00+00:00,0.24518630371077507,0.24313678398338726,0.37919080152019674,0.13248611078564101
2016-12-12 05:00:00+00:00,0.24518630371077507,0.24313678398338726,0.37919080152019674,0.13248611078564101
2016-12-13 05:00:00+00:00,0.24518630371077507,0.24313678398338726,0.37919080152019674,0.13248611078564101
2016-12-14 05:00:00+00:00,0.24518630371077507,0.24313678398338726,0.37919080152019674,0.13248611078564101
2016-12-15 05:00:00+00:00,0.24518630371077507,0.24313678398338726,0.37919080152019674,0.13248611078564101
2016-12-16 05:00:00+00:00,0.24518630371077507,0.24313678398338726,0.37919080152019674,0.13248611078564101
2016-12-19 05:00:00+00:00,0.24518630371077507,0.24313678398338726,0.37919080152019674,0.13248611078564101
2016-12-20 05:00:00+00:00,0.24518630371077507,0.24313678398338726,0.37919080152019674,0.13248611078564101
2016-12-21 05:00:00+00:00,0.24518630371077507,0.24313678398338726,0.37919080152019674,0.13248611078564101
2016-12-22 05:00:00+00:00,0.24518630371077507,0.24313678398338726,0.37919080152019674,0.13248611078564101
2016-12-23 05:00:00+00:00,0.24518630371077507,0.24313678398338726,0.37919080152019674,0.13248611078564101
2016-12-27 05:00:00+00:00,0.24518630371077507,0.24313678398338726,0.37919080152019674,0.13248611078564101
2016-12-28 05:00:00+00:00,0.299393666510583,0.6993551483616488,0.0009178704487634152,0.0003333146790048104
2016-12-29 05:00:00+00:00,0.299393666510583,0.6993551483616488,0.0009178704487634152,0.0003333146790048104
2016-12-30 05:00:00+00:00,0.299393666510583,0.6993551483616488,0.0009178704487634152,0.0003333146790048104
2017-01-03 05:00:00+00:00,0.299393666510583,0.6993551483616488,0.0009178704487634152,0.0003333146790048104
2017-01-04 05:00:00+00:00,0.299393666510583,0.6993551483616488,0.0009178704487634152,0.0003333146790048104
2017-01-05 05:00:00+00:00,0.299393666510583,0.6993551483616488,0.0009178704487634152,0.0003333146790048104
2017-01-06 05:00:00+00:00,0.299393666510583,0.6993551483616488,0.0009178704487634152,0.0003333146790048104
2017-01-09 05:00:00+00:00,0.299393666510583,0.6993551483616488,0.0009178704487634152,0.0003333146790048104
2017-01-10 05:00:00+00:00,0.299393666510583,0.6993551483616488,0.0009178704487634152,0.0003333146790048104
2017-01-11 05:00:00+00:00,0.299393666510583,0.6993551483616488,0.0009178704487634152,0.0003333146790048104
2017-01-12 05:00:00+00:00,0.299393666510583,0.6993551483616488,0.0009178704487634152,0.0003333146790048104
2017-01-13 05:00:00+00:00,0.299393666510583,0.6993551483616488,0.0009178704487634152,0.0003333146790048104
2017-01-17 05:00:00+00:00,0.299393666510583,0.6993551483616488,0.0009178704487634152,0.0003333146790048104
2017-01-18 05:00:00+00:00,0.299393666510583,0.6993551483616488,0.0009178704487634152,0.0003333146790048104
2017-01-19 05:00:00+00:00,0.299393666510583,0.6993551483616488,0.0009178704487634152,0.0003333146790048104
2017-01-20 05:00:00+00:00,0.299393666510583,0.6993551483616488,0.0009178704487634152,0.0003333146790048104
2017-01-23 05:00:00+00:00,0.299393666510583,0.6993551483616488,0.0009178704487634152,0.0003333146790048104
2017-01-24 05:00:00+00:00,0.299393666510583,0.6993551483616488,0.0009178704487634152,0.0003333146790048104
2017-01-25 05:00:00+00:00,0.299393666510583,0.6993551483616488,0.0009178704487634152,0.0003333146790048104
2017-01-26 05:00:00+00:00,0.299393666510583,0.6993551483616488,0.0009178704487634152,0.0003333146790048104
2017-01-27 05:00:00+00:00,0.299393666510583,0.6993551483616488,0.0009178704487634152,0.0003333146790048104
2017-01-30 05:00:00+00:00,0.41934741450719515,0.3266493977326106,0.0003242532850678139,0.25367893447512635
2017-01-31 05:00:00+00:00,0.41934741450719515,0.3266493977326106,0.0003242532850678139,0.25367893447512635
2017-02-01 05:00:00+00:00,0.41934741450719515,0.3266493977326106,0.0003242532850678139,0.25367893447512635
2017-02-02 05:00:00+00:00,0.41934741450719515,0.3266493977326106,0.0003242532850678139,0.25367893447512635
2017-02-03 05:00:00+00:00,0.41934741450719515,0.3266493977326106,0.0003242532850678139,0.25367893447512635
2017-02-06 05:00:00+00:00,0.41934741450719515,0.3266493977326106,0.0003242532850678139,0.25367893447512635
2017-02-07 05:00:00+00:00,0.41934741450719515,0.3266493977326106,0.0003242532850678139,0.25367893447512635
2017-02-08 05:00:00+00:00,0.41934741450719515,0.3266493977326106,0.0003242532850678139,0.25367893447512635
2017-02-09 05:00:00+00:00,0.41934741450719515,0.3266493977326106,0.0003242532850678139,0.25367893447512635
2017-02-10 05:00:00+00:00,0.41934741450719515,0.3266493977326106,0.0003242532850678139,0.25367893447512635
2017-02-13 05:00:00+00:00,0.41934741450719515,0.3266493977326106,0.0003242532850678139,0.25367893447512635
2017-02-14 05:00:00+00:00,0.41934741450719515,0.3266493977326106,0.0003242532850678139,0.25367893447512635
2017-02-15 05:00:00+00:00,0.41934741450719515,0.3266493977326106,0.0003242532850678139,0.25367893447512635
2017-02-16 05:00:00+00:00,0.41934741450719515,0.3266493977326106,0.0003242532850678139,0.25367893447512635
2017-02-17 05:00:00+00:00,0.41934741450719515,0.3266493977326106,0.0003242532850678139,0.25367893447512635
2017-02-21 05:00:00+00:00,0.41934741450719515,0.3266493977326106,0.0003242532850678139,0.25367893447512635
2017-02-22 05:00:00+00:00,0.41934741450719515,0.3266493977326106,0.0003242532850678139,0.25367893447512635
2017-02-23 05:00:00+00:00,0.41934741450719515,0.3266493977326106,0.0003242532850678139,0.25367893447512635
2017-02-24 05:00:00+00:00,0.41934741450719515,0.3266493977326106,0.0003242532850678139,0.25367893447512635
2017-02-27 05:00:00+00:00,0.41934741450719515,0.3266493977326106,0.0003242532850678139,0.25367893447512635
2017-02-28 05:00:00+00:00,0.41934741450719515,0.3266493977326106,0.0003242532850678139,0.25367893447512635
2017-03-01 05:00:00+00:00,0.4102235615941516,0.3962872387493013,0.02025483670524918,0.17323436295129796
2017-03-02 05:00:00+00:00,0.4102235615941516,0.3962872387493013,0.02025483670524918,0.17323436295129796
2017-03-03 05:00:00+00:00,0.4102235615941516,0.3962872387493013,0.02025483670524918,0.17323436295129796
2017-03-06 05:00:00+00:00,0.4102235615941516,0.3962872387493013,0.02025483670524918,0.17323436295129796
2017-03-07 05:00:00+00:00,0.4102235615941516,0.3962872387493013,0.02025483670524918,0.17323436295129796
2017-03-08 05:00:00+00:00,0.4102235615941516,0.3962872387493013,0.02025483670524918,0.17323436295129796
2017-03-09 05:00:00+00:00,0.4102235615941516,0.3962872387493013,0.02025483670524918,0.17323436295129796
2017-03-10 05:00:00+00:00,0.4102235615941516,0.3962872387493013,0.02025483670524918,0.17323436295129796
2017-03-13 04:00:00+00:00,0.4102235615941516,0.3962872387493013,0.02025483670524918,0.17323436295129796
2017-03-14 04:00:00+00:00,0.4102235615941516,0.3962872387493013,0.02025483670524918,0.17323436295129796
2017-03-15 04:00:00+00:00,0.4102235615941516,0.3962872387493013,0.02025483670524918,0.17323436295129796
2017-03-16 04:00:00+00:00,0.4102235615941516,0.3962872387493013,0.02025483670524918,0.17323436295129796
2017-03-17 04:00:00+00:00,0.4102235615941516,0.3962872387493013,0.02025483670524918,0.17323436295129796
2017-03-20 04:00:00+00:00,0.4102235615941516,0.3962872387493013,0.02025483670524918,0.17323436295129796
2017-03-21 04:00:00+00:00,0.4102235615941516,0.3962872387493013,0.02025483670524918,0.17323436295129796
2017-03-22 04:00:00+00:00,0.4102235615941516,0.3962872387493013,0.02025483670524918,0.17323436295129796
2017-03-23 04:00:00+00:00,0.4102235615941516,0.3962872387493013,0.02025483670524918,0.17323436295129796
2017-03-24 04:00:00+00:00,0.4102235615941516,0.3962872387493013,0.02025483670524918,0.17323436295129796
2017-03-27 04:00:00+00:00,0.4102235615941516,0.3962872387493013,0.02025483670524918,0.17323436295129796
2017-03-28 04:00:00+00:00,0.4102235615941516,0.3962872387493013,0.02025483670524918,0.17323436295129796
2017-03-29 04:00:00+00:00,0.4102235615941516,0.3962872387493013,0.02025483670524918,0.17323436295129796
2017-03-30 04:00:00+00:00,0.4361597451018211,0.42529285906984454,0.11267365596725912,0.0258737398610753
2017-03-31 04:00:00+00:00,0.4361597451018211,0.42529285906984454,0.11267365596725912,0.0258737398610753
2017-04-03 04:00:00+00:00,0.4361597451018211,0.42529285906984454,0.11267365596725912,0.0258737398610753
2017-04-04 04:00:00+00:00,0.4361597451018211,0.42529285906984454,0.11267365596725912,0.0258737398610753
2017-04-05 04:00:00+00:00,0.4361597451018211,0.42529285906984454,0.11267365596725912,0.0258737398610753
2017-04-06 04:00:00+00:00,0.4361597451018211,0.42529285906984454,0.11267365596725912,0.0258737398610753
2017-04-07 04:00:00+00:00,0.4361597451018211,0.42529285906984454,0.11267365596725912,0.0258737398610753
2017-04-10 04:00:00+00:00,0.4361597451018211,0.42529285906984454,0.11267365596725912,0.0258737398610753
2017-04-11 04:00:00+00:00,0.4361597451018211,0.42529285906984454,0.11267365596725912,0.0258737398610753
2017-04-12 04:00:00+00:00,0.4361597451018211,0.42529285906984454,0.11267365596725912,0.0258737398610753
2017-04-13 04:00:00+00:00,0.4361597451018211,0.42529285906984454,0.11267365596725912,0.0258737398610753
2017-04-17 04:00:00+00:00,0.4361597451018211,0.42529285906984454,0.11267365596725912,0.0258737398610753
2017-04-18 04:00:00+00:00,0.4361597451018211,0.42529285906984454,0.11267365596725912,0.0258737398610753
2017-04-19 04:00:00+00:00,0.4361597451018211,0.42529285906984454,0.11267365596725912,0.0258737398610753
2017-04-20 04:00:00+00:00,0.4361597451018211,0.42529285906984454,0.11267365596725912,0.0258737398610753
2017-04-21 04:00:00+00:00,0.4361597451018211,0.42529285906984454,0.11267365596725912,0.0258737398610753
2017-04-24 04:00:00+00:00,0.4361597451018211,0.42529285906984454,0.11267365596725912,0.0258737398610753
2017-04-25 04:00:00+00:00,0.4361597451018211,0.42529285906984454,0.11267365596725912,0.0258737398610753
2017-04-26 04:00:00+00:00,0.4361597451018211,0.42529285906984454,0.11267365596725912,0.0258737398610753
2017-04-27 04:00:00+00:00,0.4361597451018211,0.42529285906984454,0.11267365596725912,0.0258737398610753
2017-04-28 04:00:00+00:00,0.4361597451018211,0.42529285906984454,0.11267365596725912,0.0258737398610753
2017-05-01 04:00:00+00:00,0.5789996068132025,0.15327956092911402,0.20738603529884958,0.06033479695883396
2017-05-02 04:00:00+00:00,0.5789996068132025,0.15327956092911402,0.20738603529884958,0.06033479695883396
2017-05-03 04:00:00+00:00,0.5789996068132025,0.15327956092911402,0.20738603529884958,0.06033479695883396
2017-05-04 04:00:00+00:00,0.5789996068132025,0.15327956092911402,0.20738603529884958,0.06033479695883396
2017-05-05 04:00:00+00:00,0.5789996068132025,0.15327956092911402,0.20738603529884958,0.06033479695883396
2017-05-08 04:00:00+00:00,0.5789996068132025,0.15327956092911402,0.20738603529884958,0.06033479695883396
2017-05-09 04:00:00+00:00,0.5789996068132025,0.15327956092911402,0.20738603529884958,0.06033479695883396
2017-05-10 04:00:00+00:00,0.5789996068132025,0.15327956092911402,0.20738603529884958,0.06033479695883396
2017-05-11 04:00:00+00:00,0.5789996068132025,0.15327956092911402,0.20738603529884958,0.06033479695883396
2017-05-12 04:00:00+00:00,0.5789996068132025,0.15327956092911402,0.20738603529884958,0.06033479695883396
2017-05-15 04:00:00+00:00,0.5789996068132025,0.15327956092911402,0.20738603529884958,0.06033479695883396
2017-05-16 04:00:00+00:00,0.5789996068132025,0.15327956092911402,0.20738603529884958,0.06033479695883396
2017-05-17 04:00:00+00:00,0.5789996068132025,0.15327956092911402,0.20738603529884958,0.06033479695883396
2017-05-18 04:00:00+00:00,0.5789996068132025,0.15327956092911402,0.20738603529884958,0.06033479695883396
2017-05-19 04:00:00+00:00,0.5789996068132025,0.15327956092911402,0.20738603529884958,0.06033479695883396
2017-05-22 04:00:00+00:00,0.5789996068132025,0.15327956092911402,0.20738603529884958,0.06033479695883396
2017-05-23 04:00:00+00:00,0.5789996068132025,0.15327956092911402,0.20738603529884958,0.06033479695883396
2017-05-24 04:00:00+00:00,0.5789996068132025,0.15327956092911402,0.20738603529884958,0.06033479695883396
2017-05-25 04:00:00+00:00,0.5789996068132025,0.15327956092911402,0.20738603529884958,0.06033479695883396
2017-05-26 04:00:00+00:00,0.5789996068132025,0.15327956092911402,0.20738603529884958,0.06033479695883396
2017-05-30 04:00:00+00:00,0.5789996068132025,0.15327956092911402,0.20738603529884958,0.06033479695883396
2017-05-31 04:00:00+00:00,0.4580072632893545,0.3649158103036459,0.12439813641720336,0.052678789989796235
2017-06-01 04:00:00+00:00,0.4580072632893545,0.3649158103036459,0.12439813641720336,0.052678789989796235
2017-06-02 04:00:00+00:00,0.4580072632893545,0.3649158103036459,0.12439813641720336,0.052678789989796235
2017-06-05 04:00:00+00:00,0.4580072632893545,0.3649158103036459,0.12439813641720336,0.052678789989796235
2017-06-06 04:00:00+00:00,0.4580072632893545,0.3649158103036459,0.12439813641720336,0.052678789989796235
2017-06-07 04:00:00+00:00,0.4580072632893545,0.3649158103036459,0.12439813641720336,0.052678789989796235
2017-06-08 04:00:00+00:00,0.4580072632893545,0.3649158103036459,0.12439813641720336,0.052678789989796235
2017-06-09 04:00:00+00:00,0.4580072632893545,0.3649158103036459,0.12439813641720336,0.052678789989796235
2017-06-12 04:00:00+00:00,0.4580072632893545,0.3649158103036459,0.12439813641720336,0.052678789989796235
2017-06-13 04:00:00+00:00,0.4580072632893545,0.3649158103036459,0.12439813641720336,0.052678789989796235
2017-06-14 04:00:00+00:00,0.4580072632893545,0.3649158103036459,0.12439813641720336,0.052678789989796235
2017-06-15 04:00:00+00:00,0.4580072632893545,0.3649158103036459,0.12439813641720336,0.052678789989796235
2017-06-16 04:00:00+00:00,0.4580072632893545,0.3649158103036459,0.12439813641720336,0.052678789989796235
2017-06-19 04:00:00+00:00,0.4580072632893545,0.3649158103036459,0.12439813641720336,0.052678789989796235
2017-06-20 04:00:00+00:00,0.4580072632893545,0.3649158103036459,0.12439813641720336,0.052678789989796235
2017-06-21 04:00:00+00:00,0.4580072632893545,0.3649158103036459,0.12439813641720336,0.052678789989796235
2017-06-22 04:00:00+00:00,0.4580072632893545,0.3649158103036459,0.12439813641720336,0.052678789989796235
2017-06-23 04:00:00+00:00,0.4580072632893545,0.3649158103036459,0.12439813641720336,0.052678789989796235
2017-06-26 04:00:00+00:00,0.4580072632893545,0.3649158103036459,0.12439813641720336,0.052678789989796235
2017-06-27 04:00:00+00:00,0.4580072632893545,0.3649158103036459,0.12439813641720336,0.052678789989796235
2017-06-28 04:00:00+00:00,0.4580072632893545,0.3649158103036459,0.12439813641720336,0.052678789989796235
2017-06-29 04:00:00+00:00,0.40151694906359986,0.3671984381678997,0.02105431729509199,0.21023029547340838
2017-06-30 04:00:00+00:00,0.40151694906359986,0.3671984381678997,0.02105431729509199,0.21023029547340838
2017-07-03 04:00:00+00:00,0.40151694906359986,0.3671984381678997,0.02105431729509199,0.21023029547340838
2017-07-05 04:00:00+00:00,0.40151694906359986,0.3671984381678997,0.02105431729509199,0.21023029547340838
2017-07-06 04:00:00+00:00,0.40151694906359986,0.3671984381678997,0.02105431729509199,0.21023029547340838
2017-07-07 04:00:00+00:00,0.40151694906359986,0.3671984381678997,0.02105431729509199,0.21023029547340838
2017-07-10 04:00:00+00:00,0.40151694906359986,0.3671984381678997,0.02105431729509199,0.21023029547340838
2017-07-11 04:00:00+00:00,0.40151694906359986,0.3671984381678997,0.02105431729509199,0.21023029547340838
2017-07-12 04:00:00+00:00,0.40151694906359986,0.3671984381678997,0.02105431729509199,0.21023029547340838
2017-07-13 04:00:00+00:00,0.40151694906359986,0.3671984381678997,0.02105431729509199,0.21023029547340838
2017-07-14 04:00:00+00:00,0.40151694906359986,0.3671984381678997,0.02105431729509199,0.21023029547340838
2017-07-17 04:00:00+00:00,0.40151694906359986,0.3671984381678997,0.02105431729509199,0.21023029547340838
2017-07-18 04:00:00+00:00,0.40151694906359986,0.3671984381678997,0.02105431729509199,0.21023029547340838
2017-07-19 04:00:00+00:00,0.40151694906359986,0.3671984381678997,0.02105431729509199,0.21023029547340838
2017-07-20 04:00:00+00:00,0.40151694906359986,0.3671984381678997,0.02105431729509199,0.21023029547340838
2017-07-21 04:00:00+00:00,0.40151694906359986,0.3671984381678997,0.02105431729509199,0.21023029547340838
2017-07-24 04:00:00+00:00,0.40151694906359986,0.3671984381678997,0.02105431729509199,0.21023029547340838
2017-07-25 04:00:00+00:00,0.40151694906359986,0.3671984381678997,0.02105431729509199,0.21023029547340838
2017-07-26 04:00:00+00:00,0.40151694906359986,0.3671984381678997,0.02105431729509199,0.21023029547340838
2017-07-27 04:00:00+00:00,0.40151694906359986,0.3671984381678997,0.02105431729509199,0.21023029547340838
2017-07-28 04:00:00+00:00,0.40151694906359986,0.3671984381678997,0.02105431729509199,0.21023029547340838
2017-07-31 04:00:00+00:00,0.2720004638939627,0.24613829960592437,0.2408069642440629,0.24105427225605006
2017-08-01 04:00:00+00:00,0.2720004638939627,0.24613829960592437,0.2408069642440629,0.24105427225605006
2017-08-02 04:00:00+00:00,0.2720004638939627,0.24613829960592437,0.2408069642440629,0.24105427225605006
2017-08-03 04:00:00+00:00,0.2720004638939627,0.24613829960592437,0.2408069642440629,0.24105427225605006
2017-08-04 04:00:00+00:00,0.2720004638939627,0.24613829960592437,0.2408069642440629,0.24105427225605006
2017-08-07 04:00:00+00:00,0.2720004638939627,0.24613829960592437,0.2408069642440629,0.24105427225605006
2017-08-08 04:00:00+00:00,0.2720004638939627,0.24613829960592437,0.2408069642440629,0.24105427225605006
2017-08-09 04:00:00+00:00,0.2720004638939627,0.24613829960592437,0.2408069642440629,0.24105427225605006
2017-08-10 04:00:00+00:00,0.2720004638939627,0.24613829960592437,0.2408069642440629,0.24105427225605006
2017-08-11 04:00:00+00:00,0.2720004638939627,0.24613829960592437,0.2408069642440629,0.24105427225605006
2017-08-14 04:00:00+00:00,0.2720004638939627,0.24613829960592437,0.2408069642440629,0.24105427225605006
2017-08-15 04:00:00+00:00,0.2720004638939627,0.24613829960592437,0.2408069642440629,0.24105427225605006
2017-08-16 04:00:00+00:00,0.2720004638939627,0.24613829960592437,0.2408069642440629,0.24105427225605006
2017-08-17 04:00:00+00:00,0.2720004638939627,0.24613829960592437,0.2408069642440629,0.24105427225605006
2017-08-18 04:00:00+00:00,0.2720004638939627,0.24613829960592437,0.2408069642440629,0.24105427225605006
2017-08-21 04:00:00+00:00,0.2720004638939627,0.24613829960592437,0.2408069642440629,0.24105427225605006
2017-08-22 04:00:00+00:00,0.2720004638939627,0.24613829960592437,0.2408069642440629,0.24105427225605006
2017-08-23 04:00:00+00:00,0.2720004638939627,0.24613829960592437,0.2408069642440629,0.24105427225605006
2017-08-24 04:00:00+00:00,0.2720004638939627,0.24613829960592437,0.2408069642440629,0.24105427225605006
2017-08-25 04:00:00+00:00,0.2720004638939627,0.24613829960592437,0.2408069642440629,0.24105427225605006
2017-08-28 04:00:00+00:00,0.2720004638939627,0.24613829960592437,0.2408069642440629,0.24105427225605006
2017-08-29 04:00:00+00:00,0.30577496818312194,0.45044770795517525,0.20917424219718347,0.034603081664519364
2017-08-30 04:00:00+00:00,0.30577496818312194,0.45044770795517525,0.20917424219718347,0.034603081664519364
2017-08-31 04:00:00+00:00,0.30577496818312194,0.45044770795517525,0.20917424219718347,0.034603081664519364
2017-09-01 04:00:00+00:00,0.30577496818312194,0.45044770795517525,0.20917424219718347,0.034603081664519364
2017-09-05 04:00:00+00:00,0.30577496818312194,0.45044770795517525,0.20917424219718347,0.034603081664519364
2017-09-06 04:00:00+00:00,0.30577496818312194,0.45044770795517525,0.20917424219718347,0.034603081664519364
2017-09-07 04:00:00+00:00,0.30577496818312194,0.45044770795517525,0.20917424219718347,0.034603081664519364
2017-09-08 04:00:00+00:00,0.30577496818312194,0.45044770795517525,0.20917424219718347,0.034603081664519364
2017-09-11 04:00:00+00:00,0.30577496818312194,0.45044770795517525,0.20917424219718347,0.034603081664519364
2017-09-12 04:00:00+00:00,0.30577496818312194,0.45044770795517525,0.20917424219718347,0.034603081664519364
2017-09-13 04:00:00+00:00,0.30577496818312194,0.45044770795517525,0.20917424219718347,0.034603081664519364
2017-09-14 04:00:00+00:00,0.30577496818312194,0.45044770795517525,0.20917424219718347,0.034603081664519364
2017-09-15 04:00:00+00:00,0.30577496818312194,0.45044770795517525,0.20917424219718347,0.034603081664519364
2017-09-18 04:00:00+00:00,0.30577496818312194,0.45044770795517525,0.20917424219718347,0.034603081664519364
2017-09-19 04:00:00+00:00,0.30577496818312194,0.45044770795517525,0.20917424219718347,0.034603081664519364
2017-09-20 04:00:00+00:00,0.30577496818312194,0.45044770795517525,0.20917424219718347,0.034603081664519364
2017-09-21 04:00:00+00:00,0.30577496818312194,0.45044770795517525,0.20917424219718347,0.034603081664519364
2017-09-22 04:00:00+00:00,0.30577496818312194,0.45044770795517525,0.20917424219718347,0.034603081664519364
2017-09-25 04:00:00+00:00,0.30577496818312194,0.45044770795517525,0.20917424219718347,0.034603081664519364
2017-09-26 04:00:00+00:00,0.30577496818312194,0.45044770795517525,0.20917424219718347,0.034603081664519364
2017-09-27 04:00:00+00:00,0.30577496818312194,0.45044770795517525,0.20917424219718347,0.034603081664519364
2017-09-28 04:00:00+00:00,0.3999804724561031,0.1296459068512975,0.24345838087845206,0.22691523981414732
2017-09-29 04:00:00+00:00,0.3999804724561031,0.1296459068512975,0.24345838087845206,0.22691523981414732
2017-10-02 04:00:00+00:00,0.3999804724561031,0.1296459068512975,0.24345838087845206,0.22691523981414732
2017-10-03 04:00:00+00:00,0.3999804724561031,0.1296459068512975,0.24345838087845206,0.22691523981414732
2017-10-04 04:00:00+00:00,0.3999804724561031,0.1296459068512975,0.24345838087845206,0.22691523981414732
2017-10-05 04:00:00+00:00,0.3999804724561031,0.1296459068512975,0.24345838087845206,0.22691523981414732
2017-10-06 04:00:00+00:00,0.3999804724561031,0.1296459068512975,0.24345838087845206,0.22691523981414732
2017-10-09 04:00:00+00:00,0.3999804724561031,0.1296459068512975,0.24345838087845206,0.22691523981414732
2017-10-10 04:00:00+00:00,0.3999804724561031,0.1296459068512975,0.24345838087845206,0.22691523981414732
2017-10-11 04:00:00+00:00,0.3999804724561031,0.1296459068512975,0.24345838087845206,0.22691523981414732
2017-10-12 04:00:00+00:00,0.3999804724561031,0.1296459068512975,0.24345838087845206,0.22691523981414732
2017-10-13 04:00:00+00:00,0.3999804724561031,0.1296459068512975,0.24345838087845206,0.22691523981414732
2017-10-16 04:00:00+00:00,0.3999804724561031,0.1296459068512975,0.24345838087845206,0.22691523981414732
2017-10-17 04:00:00+00:00,0.3999804724561031,0.1296459068512975,0.24345838087845206,0.22691523981414732
2017-10-18 04:00:00+00:00,0.3999804724561031,0.1296459068512975,0.24345838087845206,0.22691523981414732
2017-10-19 04:00:00+00:00,0.3999804724561031,0.1296459068512975,0.24345838087845206,0.22691523981414732
2017-10-20 04:00:00+00:00,0.3999804724561031,0.1296459068512975,0.24345838087845206,0.22691523981414732
2017-10-23 04:00:00+00:00,0.3999804724561031,0.1296459068512975,0.24345838087845206,0.22691523981414732
2017-10-24 04:00:00+00:00,0.3999804724561031,0.1296459068512975,0.24345838087845206,0.22691523981414732
2017-10-25 04:00:00+00:00,0.3999804724561031,0.1296459068512975,0.24345838087845206,0.22691523981414732
2017-10-26 04:00:00+00:00,0.3999804724561031,0.1296459068512975,0.24345838087845206,0.22691523981414732
2017-10-27 04:00:00+00:00,0.3907380788760488,0.2117150712571433,0.25989286573478965,0.13765398413201824
2017-10-30 04:00:00+00:00,0.3907380788760488,0.2117150712571433,0.25989286573478965,0.13765398413201824
2017-10-31 04:00:00+00:00,0.3907380788760488,0.2117150712571433,0.25989286573478965,0.13765398413201824
2017-11-01 04:00:00+00:00,0.3907380788760488,0.2117150712571433,0.25989286573478965,0.13765398413201824
2017-11-02 04:00:00+00:00,0.3907380788760488,0.2117150712571433,0.25989286573478965,0.13765398413201824
2017-11-03 04:00:00+00:00,0.3907380788760488,0.2117150712571433,0.25989286573478965,0.13765398413201824
2017-11-06 05:00:00+00:00,0.3907380788760488,0.2117150712571433,0.25989286573478965,0.13765398413201824
2017-11-07 05:00:00+00:00,0.3907380788760488,0.2117150712571433,0.25989286573478965,0.13765398413201824
2017-11-08 05:00:00+00:00,0.3907380788760488,0.2117150712571433,0.25989286573478965,0.13765398413201824
2017-11-09 05:00:00+00:00,0.3907380788760488,0.2117150712571433,0.25989286573478965,0.13765398413201824
2017-11-10 05:00:00+00:00,0.3907380788760488,0.2117150712571433,0.25989286573478965,0.13765398413201824
2017-11-13 05:00:00+00:00,0.3907380788760488,0.2117150712571433,0.25989286573478965,0.13765398413201824
2017-11-14 05:00:00+00:00,0.3907380788760488,0.2117150712571433,0.25989286573478965,0.13765398413201824
2017-11-15 05:00:00+00:00,0.3907380788760488,0.2117150712571433,0.25989286573478965,0.13765398413201824
2017-11-16 05:00:00+00:00,0.3907380788760488,0.2117150712571433,0.25989286573478965,0.13765398413201824
2017-11-17 05:00:00+00:00,0.3907380788760488,0.2117150712571433,0.25989286573478965,0.13765398413201824
2017-11-20 05:00:00+00:00,0.3907380788760488,0.2117150712571433,0.25989286573478965,0.13765398413201824
2017-11-21 05:00:00+00:00,0.3907380788760488,0.2117150712571433,0.25989286573478965,0.13765398413201824
2017-11-22 05:00:00+00:00,0.3907380788760488,0.2117150712571433,0.25989286573478965,0.13765398413201824
2017-11-24 05:00:00+00:00,0.3907380788760488,0.2117150712571433,0.25989286573478965,0.13765398413201824
2017-11-27 05:00:00+00:00,0.3907380788760488,0.2117150712571433,0.25989286573478965,0.13765398413201824
2017-11-28 05:00:00+00:00,0.2687763523960561,0.24287567438225277,0.2592958678728853,0.22905210534880593
2017-11-29 05:00:00+00:00,0.2687763523960561,0.24287567438225277,0.2592958678728853,0.22905210534880593
2017-11-30 05:00:00+00:00,0.2687763523960561,0.24287567438225277,0.2592958678728853,0.22905210534880593
2017-12-01 05:00:00+00:00,0.2687763523960561,0.24287567438225277,0.2592958678728853,0.22905210534880593
2017-12-04 05:00:00+00:00,0.2687763523960561,0.24287567438225277,0.2592958678728853,0.22905210534880593
2017-12-05 05:00:00+00:00,0.2687763523960561,0.24287567438225277,0.2592958678728853,0.22905210534880593
2017-12-06 05:00:00+00:00,0.2687763523960561,0.24287567438225277,0.2592958678728853,0.22905210534880593
2017-12-07 05:00:00+00:00,0.2687763523960561,0.24287567438225277,0.2592958678728853,0.22905210534880593
2017-12-08 05:00:00+00:00,0.2687763523960561,0.24287567438225277,0.2592958678728853,0.22905210534880593
2017-12-11 05:00:00+00:00,0.2687763523960561,0.24287567438225277,0.2592958678728853,0.22905210534880593
2017-12-12 05:00:00+00:00,0.2687763523960561,0.24287567438225277,0.2592958678728853,0.22905210534880593
2017-12-13 05:00:00+00:00,0.2687763523960561,0.24287567438225277,0.2592958678728853,0.22905210534880593
2017-12-14 05:00:00+00:00,0.2687763523960561,0.24287567438225277,0.2592958678728853,0.22905210534880593
2017-12-15 05:00:00+00:00,0.2687763523960561,0.24287567438225277,0.2592958678728853,0.22905210534880593
2017-12-18 05:00:00+00:00,0.2687763523960561,0.24287567438225277,0.2592958678728853,0.22905210534880593
2017-12-19 05:00:00+00:00,0.2687763523960561,0.24287567438225277,0.2592958678728853,0.22905210534880593
2017-12-20 05:00:00+00:00,0.2687763523960561,0.24287567438225277,0.2592958678728853,0.22905210534880593
2017-12-21 05:00:00+00:00,0.2687763523960561,0.24287567438225277,0.2592958678728853,0.22905210534880593
2017-12-22 05:00:00+00:00,0.2687763523960561,0.24287567438225277,0.2592958678728853,0.22905210534880593
2017-12-26 05:00:00+00:00,0.2687763523960561,0.24287567438225277,0.2592958678728853,0.22905210534880593
2017-12-27 05:00:00+00:00,0.2687763523960561,0.24287567438225277,0.2592958678728853,0.22905210534880593
2017-12-28 05:00:00+00:00,0.2853829359779138,0.2616762730374467,0.2598158640420916,0.1931249269425478
2017-12-29 05:00:00+00:00,0.2853829359779138,0.2616762730374467,0.2598158640420916,0.1931249269425478
2018-01-02 05:00:00+00:00,0.2853829359779138,0.2616762730374467,0.2598158640420916,0.1931249269425478
2018-01-03 05:00:00+00:00,0.2853829359779138,0.2616762730374467,0.2598158640420916,0.1931249269425478
2018-01-04 05:00:00+00:00,0.2853829359779138,0.2616762730374467,0.2598158640420916,0.1931249269425478
2018-01-05 05:00:00+00:00,0.2853829359779138,0.2616762730374467,0.2598158640420916,0.1931249269425478
2018-01-08 05:00:00+00:00,0.2853829359779138,0.2616762730374467,0.2598158640420916,0.1931249269425478
2018-01-09 05:00:00+00:00,0.2853829359779138,0.2616762730374467,0.2598158640420916,0.1931249269425478
2018-01-10 05:00:00+00:00,0.2853829359779138,0.2616762730374467,0.2598158640420916,0.1931249269425478
2018-01-11 05:00:00+00:00,0.2853829359779138,0.2616762730374467,0.2598158640420916,0.1931249269425478
2018-01-12 05:00:00+00:00,0.2853829359779138,0.2616762730374467,0.2598158640420916,0.1931249269425478
2018-01-16 05:00:00+00:00,0.2853829359779138,0.2616762730374467,0.2598158640420916,0.1931249269425478
2018-01-17 05:00:00+00:00,0.2853829359779138,0.2616762730374467,0.2598158640420916,0.1931249269425478
2018-01-18 05:00:00+00:00,0.2853829359779138,0.2616762730374467,0.2598158640420916,0.1931249269425478
2018-01-19 05:00:00+00:00,0.2853829359779138,0.2616762730374467,0.2598158640420916,0.1931249269425478
2018-01-22 05:00:00+00:00,0.2853829359779138,0.2616762730374467,0.2598158640420916,0.1931249269425478
2018-01-23 05:00:00+00:00,0.2853829359779138,0.2616762730374467,0.2598158640420916,0.1931249269425478
2018-01-24 05:00:00+00:00,0.2853829359779138,0.2616762730374467,0.2598158640420916,0.1931249269425478
2018-01-25 05:00:00+00:00,0.2853829359779138,0.2616762730374467,0.2598158640420916,0.1931249269425478
2018-01-26 05:00:00+00:00,0.2853829359779138,0.2616762730374467,0.2598158640420916,0.1931249269425478
2018-01-29 05:00:00+00:00,0.2853829359779138,0.2616762730374467,0.2598158640420916,0.1931249269425478
2018-01-30 05:00:00+00:00,0.2513255027536931,0.41653380777499294,0.3133122467134162,0.01882844275789789
2018-01-31 05:00:00+00:00,0.2513255027536931,0.41653380777499294,0.3133122467134162,0.01882844275789789
2018-02-01 05:00:00+00:00,0.2513255027536931,0.41653380777499294,0.3133122467134162,0.01882844275789789
2018-02-02 05:00:00+00:00,0.2513255027536931,0.41653380777499294,0.3133122467134162,0.01882844275789789
2018-02-05 05:00:00+00:00,0.2513255027536931,0.41653380777499294,0.3133122467134162,0.01882844275789789
2018-02-06 05:00:00+00:00,0.2513255027536931,0.41653380777499294,0.3133122467134162,0.01882844275789789
2018-02-07 05:00:00+00:00,0.2513255027536931,0.41653380777499294,0.3133122467134162,0.01882844275789789
2018-02-08 05:00:00+00:00,0.2513255027536931,0.41653380777499294,0.3133122467134162,0.01882844275789789
2018-02-09 05:00:00+00:00,0.2513255027536931,0.41653380777499294,0.3133122467134162,0.01882844275789789
2018-02-12 05:00:00+00:00,0.2513255027536931,0.41653380777499294,0.3133122467134162,0.01882844275789789
2018-02-13 05:00:00+00:00,0.2513255027536931,0.41653380777499294,0.3133122467134162,0.01882844275789789
2018-02-14 05:00:00+00:00,0.2513255027536931,0.41653380777499294,0.3133122467134162,0.01882844275789789
2018-02-15 05:00:00+00:00,0.2513255027536931,0.41653380777499294,0.3133122467134162,0.01882844275789789
2018-02-16 05:00:00+00:00,0.2513255027536931,0.41653380777499294,0.3133122467134162,0.01882844275789789
2018-02-20 05:00:00+00:00,0.2513255027536931,0.41653380777499294,0.3133122467134162,0.01882844275789789
2018-02-21 05:00:00+00:00,0.2513255027536931,0.41653380777499294,0.3133122467134162,0.01882844275789789
2018-02-22 05:00:00+00:00,0.2513255027536931,0.41653380777499294,0.3133122467134162,0.01882844275789789
2018-02-23 05:00:00+00:00,0.2513255027536931,0.41653380777499294,0.3133122467134162,0.01882844275789789
2018-02-26 05:00:00+00:00,0.2513255027536931,0.41653380777499294,0.3133122467134162,0.01882844275789789
2018-02-27 05:00:00+00:00,0.2513255027536931,0.41653380777499294,0.3133122467134162,0.01882844275789789
2018-02-28 05:00:00+00:00,0.2513255027536931,0.41653380777499294,0.3133122467134162,0.01882844275789789
2018-03-01 05:00:00+00:00,0.29438294382943825,0.1907319073190732,0.23700237002370023,0.2778827788277883
2018-03-02 05:00:00+00:00,0.29438294382943825,0.1907319073190732,0.23700237002370023,0.2778827788277883
2018-03-05 05:00:00+00:00,0.29438294382943825,0.1907319073190732,0.23700237002370023,0.2778827788277883
2018-03-06 05:00:00+00:00,0.29438294382943825,0.1907319073190732,0.23700237002370023,0.2778827788277883
2018-03-07 05:00:00+00:00,0.29438294382943825,0.1907319073190732,0.23700237002370023,0.2778827788277883
2018-03-08 05:00:00+00:00,0.29438294382943825,0.1907319073190732,0.23700237002370023,0.2778827788277883
2018-03-09 05:00:00+00:00,0.29438294382943825,0.1907319073190732,0.23700237002370023,0.2778827788277883
2018-03-12 04:00:00+00:00,0.29438294382943825,0.1907319073190732,0.23700237002370023,0.2778827788277883
2018-03-13 04:00:00+00:00,0.29438294382943825,0.1907319073190732,0.23700237002370023,0.2778827788277883
2018-03-14 04:00:00+00:00,0.29438294382943825,0.1907319073190732,0.23700237002370023,0.2778827788277883
2018-03-15 04:00:00+00:00,0.29438294382943825,0.1907319073190732,0.23700237002370023,0.2778827788277883
2018-03-16 04:00:00+00:00,0.29438294382943825,0.1907319073190732,0.23700237002370023,0.2778827788277883
2018-03-19 04:00:00+00:00,0.29438294382943825,0.1907319073190732,0.23700237002370023,0.2778827788277883
2018-03-20 04:00:00+00:00,0.29438294382943825,0.1907319073190732,0.23700237002370023,0.2778827788277883
2018-03-21 04:00:00+00:00,0.29438294382943825,0.1907319073190732,0.23700237002370023,0.2778827788277883
2018-03-22 04:00:00+00:00,0.29438294382943825,0.1907319073190732,0.23700237002370023,0.2778827788277883
2018-03-23 04:00:00+00:00,0.29438294382943825,0.1907319073190732,0.23700237002370023,0.2778827788277883
2018-03-26 04:00:00+00:00,0.29438294382943825,0.1907319073190732,0.23700237002370023,0.2778827788277883
2018-03-27 04:00:00+00:00,0.29438294382943825,0.1907319073190732,0.23700237002370023,0.2778827788277883
2018-03-28 04:00:00+00:00,0.29438294382943825,0.1907319073190732,0.23700237002370023,0.2778827788277883
2018-03-29 04:00:00+00:00,0.29438294382943825,0.1907319073190732,0.23700237002370023,0.2778827788277883
2018-04-02 04:00:00+00:00,0.3169399999999913,0.13617000000001298,0.2541800000000028,0.2927099999999929
2018-04-03 04:00:00+00:00,0.3169399999999913,0.13617000000001298,0.2541800000000028,0.2927099999999929
2018-04-04 04:00:00+00:00,0.3169399999999913,0.13617000000001298,0.2541800000000028,0.2927099999999929
2018-04-05 04:00:00+00:00,0.3169399999999913,0.13617000000001298,0.2541800000000028,0.2927099999999929
2018-04-06 04:00:00+00:00,0.3169399999999913,0.13617000000001298,0.2541800000000028,0.2927099999999929
2018-04-09 04:00:00+00:00,0.3169399999999913,0.13617000000001298,0.2541800000000028,0.2927099999999929
2018-04-10 04:00:00+00:00,0.3169399999999913,0.13617000000001298,0.2541800000000028,0.2927099999999929
2018-04-11 04:00:00+00:00,0.3169399999999913,0.13617000000001298,0.2541800000000028,0.2927099999999929
2018-04-12 04:00:00+00:00,0.3169399999999913,0.13617000000001298,0.2541800000000028,0.2927099999999929
2018-04-13 04:00:00+00:00,0.3169399999999913,0.13617000000001298,0.2541800000000028,0.2927099999999929
2018-04-16 04:00:00+00:00,0.3169399999999913,0.13617000000001298,0.2541800000000028,0.2927099999999929
2018-04-17 04:00:00+00:00,0.3169399999999913,0.13617000000001298,0.2541800000000028,0.2927099999999929
2018-04-18 04:00:00+00:00,0.3169399999999913,0.13617000000001298,0.2541800000000028,0.2927099999999929
2018-04-19 04:00:00+00:00,0.3169399999999913,0.13617000000001298,0.2541800000000028,0.2927099999999929
2018-04-20 04:00:00+00:00,0.3169399999999913,0.13617000000001298,0.2541800000000028,0.2927099999999929
2018-04-23 04:00:00+00:00,0.3169399999999913,0.13617000000001298,0.2541800000000028,0.2927099999999929
2018-04-24 04:00:00+00:00,0.3169399999999913,0.13617000000001298,0.2541800000000028,0.2927099999999929
2018-04-25 04:00:00+00:00,0.3169399999999913,0.13617000000001298,0.2541800000000028,0.2927099999999929
2018-04-26 04:00:00+00:00,0.3169399999999913,0.13617000000001298,0.2541800000000028,0.2927099999999929
2018-04-27 04:00:00+00:00,0.3169399999999913,0.13617000000001298,0.2541800000000028,0.2927099999999929
2018-04-30 04:00:00+00:00,0.3169399999999913,0.13617000000001298,0.2541800000000028,0.2927099999999929
2018-05-01 04:00:00+00:00,0.601846336192652,0.06291233030297742,0.28321475503798405,0.05202657846638661
2018-05-02 04:00:00+00:00,0.601846336192652,0.06291233030297742,0.28321475503798405,0.05202657846638661
2018-05-03 04:00:00+00:00,0.601846336192652,0.06291233030297742,0.28321475503798405,0.05202657846638661
2018-05-04 04:00:00+00:00,0.601846336192652,0.06291233030297742,0.28321475503798405,0.05202657846638661
2018-05-07 04:00:00+00:00,0.601846336192652,0.06291233030297742,0.28321475503798405,0.05202657846638661
2018-05-08 04:00:00+00:00,0.601846336192652,0.06291233030297742,0.28321475503798405,0.05202657846638661
2018-05-09 04:00:00+00:00,0.601846336192652,0.06291233030297742,0.28321475503798405,0.05202657846638661
2018-05-10 04:00:00+00:00,0.601846336192652,0.06291233030297742,0.28321475503798405,0.05202657846638661
2018-05-11 04:00:00+00:00,0.601846336192652,0.06291233030297742,0.28321475503798405,0.05202657846638661
2018-05-14 04:00:00+00:00,0.601846336192652,0.06291233030297742,0.28321475503798405,0.05202657846638661
2018-05-15 04:00:00+00:00,0.601846336192652,0.06291233030297742,0.28321475503798405,0.05202657846638661
2018-05-16 04:00:00+00:00,0.601846336192652,0.06291233030297742,0.28321475503798405,0.05202657846638661
2018-05-17 04:00:00+00:00,0.601846336192652,0.06291233030297742,0.28321475503798405,0.05202657846638661
2018-05-18 04:00:00+00:00,0.601846336192652,0.06291233030297742,0.28321475503798405,0.05202657846638661
2018-05-21 04:00:00+00:00,0.601846336192652,0.06291233030297742,0.28321475503798405,0.05202657846638661
2018-05-22 04:00:00+00:00,0.601846336192652,0.06291233030297742,0.28321475503798405,0.05202657846638661
2018-05-23 04:00:00+00:00,0.601846336192652,0.06291233030297742,0.28321475503798405,0.05202657846638661
2018-05-24 04:00:00+00:00,0.601846336192652,0.06291233030297742,0.28321475503798405,0.05202657846638661
2018-05-25 04:00:00+00:00,0.601846336192652,0.06291233030297742,0.28321475503798405,0.05202657846638661
2018-05-29 04:00:00+00:00,0.601846336192652,0.06291233030297742,0.28321475503798405,0.05202657846638661
2018-05-30 04:00:00+00:00,0.601846336192652,0.06291233030297742,0.28321475503798405,0.05202657846638661
2018-05-31 04:00:00+00:00,0.18802684265148356,0.7602977976291286,0.05117286546832501,0.0005024942510627237
2018-06-01 04:00:00+00:00,0.18802684265148356,0.7602977976291286,0.05117286546832501,0.0005024942510627237
2018-06-04 04:00:00+00:00,0.18802684265148356,0.7602977976291286,0.05117286546832501,0.0005024942510627237
2018-06-05 04:00:00+00:00,0.18802684265148356,0.7602977976291286,0.05117286546832501,0.0005024942510627237
2018-06-06 04:00:00+00:00,0.18802684265148356,0.7602977976291286,0.05117286546832501,0.0005024942510627237
2018-06-07 04:00:00+00:00,0.18802684265148356,0.7602977976291286,0.05117286546832501,0.0005024942510627237
2018-06-08 04:00:00+00:00,0.18802684265148356,0.7602977976291286,0.05117286546832501,0.0005024942510627237
2018-06-11 04:00:00+00:00,0.18802684265148356,0.7602977976291286,0.05117286546832501,0.0005024942510627237
2018-06-12 04:00:00+00:00,0.18802684265148356,0.7602977976291286,0.05117286546832501,0.0005024942510627237
2018-06-13 04:00:00+00:00,0.18802684265148356,0.7602977976291286,0.05117286546832501,0.0005024942510627237
2018-06-14 04:00:00+00:00,0.18802684265148356,0.7602977976291286,0.05117286546832501,0.0005024942510627237
2018-06-15 04:00:00+00:00,0.18802684265148356,0.7602977976291286,0.05117286546832501,0.0005024942510627237
2018-06-18 04:00:00+00:00,0.18802684265148356,0.7602977976291286,0.05117286546832501,0.0005024942510627237
2018-06-19 04:00:00+00:00,0.18802684265148356,0.7602977976291286,0.05117286546832501,0.0005024942510627237
2018-06-20 04:00:00+00:00,0.18802684265148356,0.7602977976291286,0.05117286546832501,0.0005024942510627237
2018-06-21 04:00:00+00:00,0.18802684265148356,0.7602977976291286,0.05117286546832501,0.0005024942510627237
2018-06-22 04:00:00+00:00,0.18802684265148356,0.7602977976291286,0.05117286546832501,0.0005024942510627237
2018-06-25 04:00:00+00:00,0.18802684265148356,0.7602977976291286,0.05117286546832501,0.0005024942510627237
2018-06-26 04:00:00+00:00,0.18802684265148356,0.7602977976291286,0.05117286546832501,0.0005024942510627237
2018-06-27 04:00:00+00:00,0.18802684265148356,0.7602977976291286,0.05117286546832501,0.0005024942510627237
2018-06-28 04:00:00+00:00,0.18802684265148356,0.7602977976291286,0.05117286546832501,0.0005024942510627237
2018-06-29 04:00:00+00:00,0.0880493043558822,0.9116843334163882,0.00022508698749105956,4.127524023859806e-05
2018-07-02 04:00:00+00:00,0.0880493043558822,0.9116843334163882,0.00022508698749105956,4.127524023859806e-05
2018-07-03 04:00:00+00:00,0.0880493043558822,0.9116843334163882,0.00022508698749105956,4.127524023859806e-05
2018-07-05 04:00:00+00:00,0.0880493043558822,0.9116843334163882,0.00022508698749105956,4.127524023859806e-05
2018-07-06 04:00:00+00:00,0.0880493043558822,0.9116843334163882,0.00022508698749105956,4.127524023859806e-05
2018-07-09 04:00:00+00:00,0.0880493043558822,0.9116843334163882,0.00022508698749105956,4.127524023859806e-05
2018-07-10 04:00:00+00:00,0.0880493043558822,0.9116843334163882,0.00022508698749105956,4.127524023859806e-05
2018-07-11 04:00:00+00:00,0.0880493043558822,0.9116843334163882,0.00022508698749105956,4.127524023859806e-05
2018-07-12 04:00:00+00:00,0.0880493043558822,0.9116843334163882,0.00022508698749105956,4.127524023859806e-05
2018-07-13 04:00:00+00:00,0.0880493043558822,0.9116843334163882,0.00022508698749105956,4.127524023859806e-05
2018-07-16 04:00:00+00:00,0.0880493043558822,0.9116843334163882,0.00022508698749105956,4.127524023859806e-05
2018-07-17 04:00:00+00:00,0.0880493043558822,0.9116843334163882,0.00022508698749105956,4.127524023859806e-05
2018-07-18 04:00:00+00:00,0.0880493043558822,0.9116843334163882,0.00022508698749105956,4.127524023859806e-05
2018-07-19 04:00:00+00:00,0.0880493043558822,0.9116843334163882,0.00022508698749105956,4.127524023859806e-05
2018-07-20 04:00:00+00:00,0.0880493043558822,0.9116843334163882,0.00022508698749105956,4.127524023859806e-05
2018-07-23 04:00:00+00:00,0.0880493043558822,0.9116843334163882,0.00022508698749105956,4.127524023859806e-05
2018-07-24 04:00:00+00:00,0.0880493043558822,0.9116843334163882,0.00022508698749105956,4.127524023859806e-05
2018-07-25 04:00:00+00:00,0.0880493043558822,0.9116843334163882,0.00022508698749105956,4.127524023859806e-05
2018-07-26 04:00:00+00:00,0.0880493043558822,0.9116843334163882,0.00022508698749105956,4.127524023859806e-05
2018-07-27 04:00:00+00:00,0.0880493043558822,0.9116843334163882,0.00022508698749105956,4.127524023859806e-05
2018-07-30 04:00:00+00:00,0.0880493043558822,0.9116843334163882,0.00022508698749105956,4.127524023859806e-05
2018-07-31 04:00:00+00:00,0.4619522282715473,0.2766318212085229,0.23682725993383139,0.02458869058609842
2018-08-01 04:00:00+00:00,0.4619522282715473,0.2766318212085229,0.23682725993383139,0.02458869058609842
2018-08-02 04:00:00+00:00,0.4619522282715473,0.2766318212085229,0.23682725993383139,0.02458869058609842
2018-08-03 04:00:00+00:00,0.4619522282715473,0.2766318212085229,0.23682725993383139,0.02458869058609842
2018-08-06 04:00:00+00:00,0.4619522282715473,0.2766318212085229,0.23682725993383139,0.02458869058609842
2018-08-07 04:00:00+00:00,0.4619522282715473,0.2766318212085229,0.23682725993383139,0.02458869058609842
2018-08-08 04:00:00+00:00,0.4619522282715473,0.2766318212085229,0.23682725993383139,0.02458869058609842
2018-08-09 04:00:00+00:00,0.4619522282715473,0.2766318212085229,0.23682725993383139,0.02458869058609842
2018-08-10 04:00:00+00:00,0.4619522282715473,0.2766318212085229,0.23682725993383139,0.02458869058609842
2018-08-13 04:00:00+00:00,0.4619522282715473,0.2766318212085229,0.23682725993383139,0.02458869058609842
2018-08-14 04:00:00+00:00,0.4619522282715473,0.2766318212085229,0.23682725993383139,0.02458869058609842
2018-08-15 04:00:00+00:00,0.4619522282715473,0.2766318212085229,0.23682725993383139,0.02458869058609842
2018-08-16 04:00:00+00:00,0.4619522282715473,0.2766318212085229,0.23682725993383139,0.02458869058609842
2018-08-17 04:00:00+00:00,0.4619522282715473,0.2766318212085229,0.23682725993383139,0.02458869058609842
2018-08-20 04:00:00+00:00,0.4619522282715473,0.2766318212085229,0.23682725993383139,0.02458869058609842
2018-08-21 04:00:00+00:00,0.4619522282715473,0.2766318212085229,0.23682725993383139,0.02458869058609842
2018-08-22 04:00:00+00:00,0.4619522282715473,0.2766318212085229,0.23682725993383139,0.02458869058609842
2018-08-23 04:00:00+00:00,0.4619522282715473,0.2766318212085229,0.23682725993383139,0.02458869058609842
2018-08-24 04:00:00+00:00,0.4619522282715473,0.2766318212085229,0.23682725993383139,0.02458869058609842
2018-08-27 04:00:00+00:00,0.4619522282715473,0.2766318212085229,0.23682725993383139,0.02458869058609842
2018-08-28 04:00:00+00:00,0.4619522282715473,0.2766318212085229,0.23682725993383139,0.02458869058609842
2018-08-29 04:00:00+00:00,0.4141203754626067,0.3284767651111694,0.18515869616999828,0.07224416325622564
2018-08-30 04:00:00+00:00,0.4141203754626067,0.3284767651111694,0.18515869616999828,0.07224416325622564
2018-08-31 04:00:00+00:00,0.4141203754626067,0.3284767651111694,0.18515869616999828,0.07224416325622564
2018-09-04 04:00:00+00:00,0.4141203754626067,0.3284767651111694,0.18515869616999828,0.07224416325622564
2018-09-05 04:00:00+00:00,0.4141203754626067,0.3284767651111694,0.18515869616999828,0.07224416325622564
2018-09-06 04:00:00+00:00,0.4141203754626067,0.3284767651111694,0.18515869616999828,0.07224416325622564
2018-09-07 04:00:00+00:00,0.4141203754626067,0.3284767651111694,0.18515869616999828,0.07224416325622564
2018-09-10 04:00:00+00:00,0.4141203754626067,0.3284767651111694,0.18515869616999828,0.07224416325622564
2018-09-11 04:00:00+00:00,0.4141203754626067,0.3284767651111694,0.18515869616999828,0.07224416325622564
2018-09-12 04:00:00+00:00,0.4141203754626067,0.3284767651111694,0.18515869616999828,0.07224416325622564
2018-09-13 04:00:00+00:00,0.4141203754626067,0.3284767651111694,0.18515869616999828,0.07224416325622564
2018-09-14 04:00:00+00:00,0.4141203754626067,0.3284767651111694,0.18515869616999828,0.07224416325622564
2018-09-17 04:00:00+00:00,0.4141203754626067,0.3284767651111694,0.18515869616999828,0.07224416325622564
2018-09-18 04:00:00+00:00,0.4141203754626067,0.3284767651111694,0.18515869616999828,0.07224416325622564
2018-09-19 04:00:00+00:00,0.4141203754626067,0.3284767651111694,0.18515869616999828,0.07224416325622564
2018-09-20 04:00:00+00:00,0.4141203754626067,0.3284767651111694,0.18515869616999828,0.07224416325622564
2018-09-21 04:00:00+00:00,0.4141203754626067,0.3284767651111694,0.18515869616999828,0.07224416325622564
2018-09-24 04:00:00+00:00,0.4141203754626067,0.3284767651111694,0.18515869616999828,0.07224416325622564
2018-09-25 04:00:00+00:00,0.4141203754626067,0.3284767651111694,0.18515869616999828,0.07224416325622564
2018-09-26 04:00:00+00:00,0.4141203754626067,0.3284767651111694,0.18515869616999828,0.07224416325622564
2018-09-27 04:00:00+00:00,0.4141203754626067,0.3284767651111694,0.18515869616999828,0.07224416325622564
2018-09-28 04:00:00+00:00,0.16947416772365306,0.8304256094559963,5.745507716302986e-05,4.276774318756461e-05
2018-10-01 04:00:00+00:00,0.16947416772365306,0.8304256094559963,5.745507716302986e-05,4.276774318756461e-05
2018-10-02 04:00:00+00:00,0.16947416772365306,0.8304256094559963,5.745507716302986e-05,4.276774318756461e-05
2018-10-03 04:00:00+00:00,0.16947416772365306,0.8304256094559963,5.745507716302986e-05,4.276774318756461e-05
2018-10-04 04:00:00+00:00,0.16947416772365306,0.8304256094559963,5.745507716302986e-05,4.276774318756461e-05
2018-10-05 04:00:00+00:00,0.16947416772365306,0.8304256094559963,5.745507716302986e-05,4.276774318756461e-05
2018-10-08 04:00:00+00:00,0.16947416772365306,0.8304256094559963,5.745507716302986e-05,4.276774318756461e-05
2018-10-09 04:00:00+00:00,0.16947416772365306,0.8304256094559963,5.745507716302986e-05,4.276774318756461e-05
2018-10-10 04:00:00+00:00,0.16947416772365306,0.8304256094559963,5.745507716302986e-05,4.276774318756461e-05
2018-10-11 04:00:00+00:00,0.16947416772365306,0.8304256094559963,5.745507716302986e-05,4.276774318756461e-05
2018-10-12 04:00:00+00:00,0.16947416772365306,0.8304256094559963,5.745507716302986e-05,4.276774318756461e-05
2018-10-15 04:00:00+00:00,0.16947416772365306,0.8304256094559963,5.745507716302986e-05,4.276774318756461e-05
2018-10-16 04:00:00+00:00,0.16947416772365306,0.8304256094559963,5.745507716302986e-05,4.276774318756461e-05
2018-10-17 04:00:00+00:00,0.16947416772365306,0.8304256094559963,5.745507716302986e-05,4.276774318756461e-05
2018-10-18 04:00:00+00:00,0.16947416772365306,0.8304256094559963,5.745507716302986e-05,4.276774318756461e-05
2018-10-19 04:00:00+00:00,0.16947416772365306,0.8304256094559963,5.745507716302986e-05,4.276774318756461e-05
2018-10-22 04:00:00+00:00,0.16947416772365306,0.8304256094559963,5.745507716302986e-05,4.276774318756461e-05
2018-10-23 04:00:00+00:00,0.16947416772365306,0.8304256094559963,5.745507716302986e-05,4.276774318756461e-05
2018-10-24 04:00:00+00:00,0.16947416772365306,0.8304256094559963,5.745507716302986e-05,4.276774318756461e-05
2018-10-25 04:00:00+00:00,0.16947416772365306,0.8304256094559963,5.745507716302986e-05,4.276774318756461e-05
2018-10-26 04:00:00+00:00,0.16947416772365306,0.8304256094559963,5.745507716302986e-05,4.276774318756461e-05
2018-10-29 04:00:00+00:00,0.25754742452575474,0.3987860121398786,0.24459755402445976,0.0990690093099069
2018-10-30 04:00:00+00:00,0.25754742452575474,0.3987860121398786,0.24459755402445976,0.0990690093099069
2018-10-31 04:00:00+00:00,0.25754742452575474,0.3987860121398786,0.24459755402445976,0.0990690093099069
2018-11-01 04:00:00+00:00,0.25754742452575474,0.3987860121398786,0.24459755402445976,0.0990690093099069
2018-11-02 04:00:00+00:00,0.25754742452575474,0.3987860121398786,0.24459755402445976,0.0990690093099069
2018-11-05 05:00:00+00:00,0.25754742452575474,0.3987860121398786,0.24459755402445976,0.0990690093099069
2018-11-06 05:00:00+00:00,0.25754742452575474,0.3987860121398786,0.24459755402445976,0.0990690093099069
2018-11-07 05:00:00+00:00,0.25754742452575474,0.3987860121398786,0.24459755402445976,0.0990690093099069
2018-11-08 05:00:00+00:00,0.25754742452575474,0.3987860121398786,0.24459755402445976,0.0990690093099069
2018-11-09 05:00:00+00:00,0.25754742452575474,0.3987860121398786,0.24459755402445976,0.0990690093099069
2018-11-12 05:00:00+00:00,0.25754742452575474,0.3987860121398786,0.24459755402445976,0.0990690093099069
2018-11-13 05:00:00+00:00,0.25754742452575474,0.3987860121398786,0.24459755402445976,0.0990690093099069
2018-11-14 05:00:00+00:00,0.25754742452575474,0.3987860121398786,0.24459755402445976,0.0990690093099069
2018-11-15 05:00:00+00:00,0.25754742452575474,0.3987860121398786,0.24459755402445976,0.0990690093099069
2018-11-16 05:00:00+00:00,0.25754742452575474,0.3987860121398786,0.24459755402445976,0.0990690093099069
2018-11-19 05:00:00+00:00,0.25754742452575474,0.3987860121398786,0.24459755402445976,0.0990690093099069
2018-11-20 05:00:00+00:00,0.25754742452575474,0.3987860121398786,0.24459755402445976,0.0990690093099069
2018-11-21 05:00:00+00:00,0.25754742452575474,0.3987860121398786,0.24459755402445976,0.0990690093099069
2018-11-23 05:00:00+00:00,0.25754742452575474,0.3987860121398786,0.24459755402445976,0.0990690093099069
2018-11-26 05:00:00+00:00,0.25754742452575474,0.3987860121398786,0.24459755402445976,0.0990690093099069
2018-11-27 05:00:00+00:00,0.25754742452575474,0.3987860121398786,0.24459755402445976,0.0990690093099069
2018-11-28 05:00:00+00:00,0.196673317717524,0.25317388889164316,0.27217822575838935,0.2779745676324436
2018-11-29 05:00:00+00:00,0.196673317717524,0.25317388889164316,0.27217822575838935,0.2779745676324436
2018-11-30 05:00:00+00:00,0.196673317717524,0.25317388889164316,0.27217822575838935,0.2779745676324436
2018-12-03 05:00:00+00:00,0.196673317717524,0.25317388889164316,0.27217822575838935,0.2779745676324436
2018-12-04 05:00:00+00:00,0.196673317717524,0.25317388889164316,0.27217822575838935,0.2779745676324436
2018-12-06 05:00:00+00:00,0.196673317717524,0.25317388889164316,0.27217822575838935,0.2779745676324436
2018-12-07 05:00:00+00:00,0.196673317717524,0.25317388889164316,0.27217822575838935,0.2779745676324436
2018-12-10 05:00:00+00:00,0.196673317717524,0.25317388889164316,0.27217822575838935,0.2779745676324436
2018-12-11 05:00:00+00:00,0.196673317717524,0.25317388889164316,0.27217822575838935,0.2779745676324436
2018-12-12 05:00:00+00:00,0.196673317717524,0.25317388889164316,0.27217822575838935,0.2779745676324436
2018-12-13 05:00:00+00:00,0.196673317717524,0.25317388889164316,0.27217822575838935,0.2779745676324436
2018-12-14 05:00:00+00:00,0.196673317717524,0.25317388889164316,0.27217822575838935,0.2779745676324436
2018-12-17 05:00:00+00:00,0.196673317717524,0.25317388889164316,0.27217822575838935,0.2779745676324436
2018-12-18 05:00:00+00:00,0.196673317717524,0.25317388889164316,0.27217822575838935,0.2779745676324436
2018-12-19 05:00:00+00:00,0.196673317717524,0.25317388889164316,0.27217822575838935,0.2779745676324436
2018-12-20 05:00:00+00:00,0.196673317717524,0.25317388889164316,0.27217822575838935,0.2779745676324436
2018-12-21 05:00:00+00:00,0.196673317717524,0.25317388889164316,0.27217822575838935,0.2779745676324436
2018-12-24 05:00:00+00:00,0.196673317717524,0.25317388889164316,0.27217822575838935,0.2779745676324436
2018-12-26 05:00:00+00:00,0.196673317717524,0.25317388889164316,0.27217822575838935,0.2779745676324436
2018-12-27 05:00:00+00:00,0.196673317717524,0.25317388889164316,0.27217822575838935,0.2779745676324436
2018-12-28 05:00:00+00:00,0.196673317717524,0.25317388889164316,0.27217822575838935,0.2779745676324436
2018-12-31 05:00:00+00:00,0.176580000000003,0.4264400000000356,0.2865099999999722,0.11046999999998927
2019-01-02 05:00:00+00:00,0.176580000000003,0.4264400000000356,0.2865099999999722,0.11046999999998927
2019-01-03 05:00:00+00:00,0.176580000000003,0.4264400000000356,0.2865099999999722,0.11046999999998927
2019-01-04 05:00:00+00:00,0.176580000000003,0.4264400000000356,0.2865099999999722,0.11046999999998927
2019-01-07 05:00:00+00:00,0.176580000000003,0.4264400000000356,0.2865099999999722,0.11046999999998927
2019-01-08 05:00:00+00:00,0.176580000000003,0.4264400000000356,0.2865099999999722,0.11046999999998927
2019-01-09 05:00:00+00:00,0.176580000000003,0.4264400000000356,0.2865099999999722,0.11046999999998927
2019-01-10 05:00:00+00:00,0.176580000000003,0.4264400000000356,0.2865099999999722,0.11046999999998927
2019-01-11 05:00:00+00:00,0.176580000000003,0.4264400000000356,0.2865099999999722,0.11046999999998927
2019-01-14 05:00:00+00:00,0.176580000000003,0.4264400000000356,0.2865099999999722,0.11046999999998927
2019-01-15 05:00:00+00:00,0.176580000000003,0.4264400000000356,0.2865099999999722,0.11046999999998927
2019-01-16 05:00:00+00:00,0.176580000000003,0.4264400000000356,0.2865099999999722,0.11046999999998927
2019-01-17 05:00:00+00:00,0.176580000000003,0.4264400000000356,0.2865099999999722,0.11046999999998927
2019-01-18 05:00:00+00:00,0.176580000000003,0.4264400000000356,0.2865099999999722,0.11046999999998927
2019-01-22 05:00:00+00:00,0.176580000000003,0.4264400000000356,0.2865099999999722,0.11046999999998927
2019-01-23 05:00:00+00:00,0.176580000000003,0.4264400000000356,0.2865099999999722,0.11046999999998927
2019-01-24 05:00:00+00:00,0.176580000000003,0.4264400000000356,0.2865099999999722,0.11046999999998927
2019-01-25 05:00:00+00:00,0.176580000000003,0.4264400000000356,0.2865099999999722,0.11046999999998927
2019-01-28 05:00:00+00:00,0.176580000000003,0.4264400000000356,0.2865099999999722,0.11046999999998927
2019-01-29 05:00:00+00:00,0.176580000000003,0.4264400000000356,0.2865099999999722,0.11046999999998927
2019-01-30 05:00:00+00:00,0.176580000000003,0.4264400000000356,0.2865099999999722,0.11046999999998927
2019-01-31 05:00:00+00:00,0.1563038199357066,0.41768209912456233,0.2808964855769005,0.14511759536283067
2019-02-01 05:00:00+00:00,0.1563038199357066,0.41768209912456233,0.2808964855769005,0.14511759536283067
2019-02-04 05:00:00+00:00,0.1563038199357066,0.41768209912456233,0.2808964855769005,0.14511759536283067
2019-02-05 05:00:00+00:00,0.1563038199357066,0.41768209912456233,0.2808964855769005,0.14511759536283067
2019-02-06 05:00:00+00:00,0.1563038199357066,0.41768209912456233,0.2808964855769005,0.14511759536283067
2019-02-07 05:00:00+00:00,0.1563038199357066,0.41768209912456233,0.2808964855769005,0.14511759536283067
2019-02-08 05:00:00+00:00,0.1563038199357066,0.41768209912456233,0.2808964855769005,0.14511759536283067
2019-02-11 05:00:00+00:00,0.1563038199357066,0.41768209912456233,0.2808964855769005,0.14511759536283067
2019-02-12 05:00:00+00:00,0.1563038199357066,0.41768209912456233,0.2808964855769005,0.14511759536283067
2019-02-13 05:00:00+00:00,0.1563038199357066,0.41768209912456233,0.2808964855769005,0.14511759536283067
2019-02-14 05:00:00+00:00,0.1563038199357066,0.41768209912456233,0.2808964855769005,0.14511759536283067
2019-02-15 05:00:00+00:00,0.1563038199357066,0.41768209912456233,0.2808964855769005,0.14511759536283067
2019-02-19 05:00:00+00:00,0.1563038199357066,0.41768209912456233,0.2808964855769005,0.14511759536283067
2019-02-20 05:00:00+00:00,0.1563038199357066,0.41768209912456233,0.2808964855769005,0.14511759536283067
2019-02-21 05:00:00+00:00,0.1563038199357066,0.41768209912456233,0.2808964855769005,0.14511759536283067
2019-02-22 05:00:00+00:00,0.1563038199357066,0.41768209912456233,0.2808964855769005,0.14511759536283067
2019-02-25 05:00:00+00:00,0.1563038199357066,0.41768209912456233,0.2808964855769005,0.14511759536283067
2019-02-26 05:00:00+00:00,0.1563038199357066,0.41768209912456233,0.2808964855769005,0.14511759536283067
2019-02-27 05:00:00+00:00,0.1563038199357066,0.41768209912456233,0.2808964855769005,0.14511759536283067
2019-02-28 05:00:00+00:00,0.1563038199357066,0.41768209912456233,0.2808964855769005,0.14511759536283067
2019-03-01 05:00:00+00:00,0.1563038199357066,0.41768209912456233,0.2808964855769005,0.14511759536283067
2019-03-04 05:00:00+00:00,0.046154894032016426,0.8617643900945294,0.06606736197452419,0.026013353898929937
2019-03-05 05:00:00+00:00,0.046154894032016426,0.8617643900945294,0.06606736197452419,0.026013353898929937
2019-03-06 05:00:00+00:00,0.046154894032016426,0.8617643900945294,0.06606736197452419,0.026013353898929937
2019-03-07 05:00:00+00:00,0.046154894032016426,0.8617643900945294,0.06606736197452419,0.026013353898929937
2019-03-08 05:00:00+00:00,0.046154894032016426,0.8617643900945294,0.06606736197452419,0.026013353898929937
2019-03-11 04:00:00+00:00,0.046154894032016426,0.8617643900945294,0.06606736197452419,0.026013353898929937
2019-03-12 04:00:00+00:00,0.046154894032016426,0.8617643900945294,0.06606736197452419,0.026013353898929937
2019-03-13 04:00:00+00:00,0.046154894032016426,0.8617643900945294,0.06606736197452419,0.026013353898929937
2019-03-14 04:00:00+00:00,0.046154894032016426,0.8617643900945294,0.06606736197452419,0.026013353898929937
2019-03-15 04:00:00+00:00,0.046154894032016426,0.8617643900945294,0.06606736197452419,0.026013353898929937
2019-03-18 04:00:00+00:00,0.046154894032016426,0.8617643900945294,0.06606736197452419,0.026013353898929937
2019-03-19 04:00:00+00:00,0.046154894032016426,0.8617643900945294,0.06606736197452419,0.026013353898929937
2019-03-20 04:00:00+00:00,0.046154894032016426,0.8617643900945294,0.06606736197452419,0.026013353898929937
2019-03-21 04:00:00+00:00,0.046154894032016426,0.8617643900945294,0.06606736197452419,0.026013353898929937
2019-03-22 04:00:00+00:00,0.046154894032016426,0.8617643900945294,0.06606736197452419,0.026013353898929937
2019-03-25 04:00:00+00:00,0.046154894032016426,0.8617643900945294,0.06606736197452419,0.026013353898929937
2019-03-26 04:00:00+00:00,0.046154894032016426,0.8617643900945294,0.06606736197452419,0.026013353898929937
2019-03-27 04:00:00+00:00,0.046154894032016426,0.8617643900945294,0.06606736197452419,0.026013353898929937
2019-03-28 04:00:00+00:00,0.046154894032016426,0.8617643900945294,0.06606736197452419,0.026013353898929937
2019-03-29 04:00:00+00:00,0.046154894032016426,0.8617643900945294,0.06606736197452419,0.026013353898929937
2019-04-01 04:00:00+00:00,0.046154894032016426,0.8617643900945294,0.06606736197452419,0.026013353898929937
2019-04-02 04:00:00+00:00,0.051933096723532884,0.8465493517102107,0.0652473571154182,0.03627019445083825
2019-04-03 04:00:00+00:00,0.051933096723532884,0.8465493517102107,0.0652473571154182,0.03627019445083825
2019-04-04 04:00:00+00:00,0.051933096723532884,0.8465493517102107,0.0652473571154182,0.03627019445083825
2019-04-05 04:00:00+00:00,0.051933096723532884,0.8465493517102107,0.0652473571154182,0.03627019445083825
2019-04-08 04:00:00+00:00,0.051933096723532884,0.8465493517102107,0.0652473571154182,0.03627019445083825
2019-04-09 04:00:00+00:00,0.051933096723532884,0.8465493517102107,0.0652473571154182,0.03627019445083825
2019-04-10 04:00:00+00:00,0.051933096723532884,0.8465493517102107,0.0652473571154182,0.03627019445083825
2019-04-11 04:00:00+00:00,0.051933096723532884,0.8465493517102107,0.0652473571154182,0.03627019445083825
2019-04-12 04:00:00+00:00,0.051933096723532884,0.8465493517102107,0.0652473571154182,0.03627019445083825
2019-04-15 04:00:00+00:00,0.051933096723532884,0.8465493517102107,0.0652473571154182,0.03627019445083825
2019-04-16 04:00:00+00:00,0.051933096723532884,0.8465493517102107,0.0652473571154182,0.03627019445083825
2019-04-17 04:00:00+00:00,0.051933096723532884,0.8465493517102107,0.0652473571154182,0.03627019445083825
2019-04-18 04:00:00+00:00,0.051933096723532884,0.8465493517102107,0.0652473571154182,0.03627019445083825
2019-04-22 04:00:00+00:00,0.051933096723532884,0.8465493517102107,0.0652473571154182,0.03627019445083825
2019-04-23 04:00:00+00:00,0.051933096723532884,0.8465493517102107,0.0652473571154182,0.03627019445083825
2019-04-24 04:00:00+00:00,0.051933096723532884,0.8465493517102107,0.0652473571154182,0.03627019445083825
2019-04-25 04:00:00+00:00,0.051933096723532884,0.8465493517102107,0.0652473571154182,0.03627019445083825
2019-04-26 04:00:00+00:00,0.051933096723532884,0.8465493517102107,0.0652473571154182,0.03627019445083825
2019-04-29 04:00:00+00:00,0.051933096723532884,0.8465493517102107,0.0652473571154182,0.03627019445083825
2019-04-30 04:00:00+00:00,0.051933096723532884,0.8465493517102107,0.0652473571154182,0.03627019445083825
2019-05-01 04:00:00+00:00,0.051933096723532884,0.8465493517102107,0.0652473571154182,0.03627019445083825
2019-05-02 04:00:00+00:00,0.14701949673376485,0.8529725283763305,6.971194632123378e-06,1.003695272433048e-06
2019-05-03 04:00:00+00:00,0.14701949673376485,0.8529725283763305,6.971194632123378e-06,1.003695272433048e-06
2019-05-06 04:00:00+00:00,0.14701949673376485,0.8529725283763305,6.971194632123378e-06,1.003695272433048e-06
2019-05-07 04:00:00+00:00,0.14701949673376485,0.8529725283763305,6.971194632123378e-06,1.003695272433048e-06
2019-05-08 04:00:00+00:00,0.14701949673376485,0.8529725283763305,6.971194632123378e-06,1.003695272433048e-06
2019-05-09 04:00:00+00:00,0.14701949673376485,0.8529725283763305,6.971194632123378e-06,1.003695272433048e-06
2019-05-10 04:00:00+00:00,0.14701949673376485,0.8529725283763305,6.971194632123378e-06,1.003695272433048e-06
2019-05-13 04:00:00+00:00,0.14701949673376485,0.8529725283763305,6.971194632123378e-06,1.003695272433048e-06
2019-05-14 04:00:00+00:00,0.14701949673376485,0.8529725283763305,6.971194632123378e-06,1.003695272433048e-06
2019-05-15 04:00:00+00:00,0.14701949673376485,0.8529725283763305,6.971194632123378e-06,1.003695272433048e-06
2019-05-16 04:00:00+00:00,0.14701949673376485,0.8529725283763305,6.971194632123378e-06,1.003695272433048e-06
2019-05-17 04:00:00+00:00,0.14701949673376485,0.8529725283763305,6.971194632123378e-06,1.003695272433048e-06
2019-05-20 04:00:00+00:00,0.14701949673376485,0.8529725283763305,6.971194632123378e-06,1.003695272433048e-06
2019-05-21 04:00:00+00:00,0.14701949673376485,0.8529725283763305,6.971194632123378e-06,1.003695272433048e-06
2019-05-22 04:00:00+00:00,0.14701949673376485,0.8529725283763305,6.971194632123378e-06,1.003695272433048e-06
2019-05-23 04:00:00+00:00,0.14701949673376485,0.8529725283763305,6.971194632123378e-06,1.003695272433048e-06
2019-05-24 04:00:00+00:00,0.14701949673376485,0.8529725283763305,6.971194632123378e-06,1.003695272433048e-06
2019-05-28 04:00:00+00:00,0.14701949673376485,0.8529725283763305,6.971194632123378e-06,1.003695272433048e-06
2019-05-29 04:00:00+00:00,0.14701949673376485,0.8529725283763305,6.971194632123378e-06,1.003695272433048e-06
2019-05-30 04:00:00+00:00,0.14701949673376485,0.8529725283763305,6.971194632123378e-06,1.003695272433048e-06
2019-05-31 04:00:00+00:00,0.14701949673376485,0.8529725283763305,6.971194632123378e-06,1.003695272433048e-06
2019-06-03 04:00:00+00:00,0.2129446488655314,0.27066882234620476,0.38279300019085516,0.13359352859740858
2019-06-04 04:00:00+00:00,0.2129446488655314,0.27066882234620476,0.38279300019085516,0.13359352859740858
2019-06-05 04:00:00+00:00,0.2129446488655314,0.27066882234620476,0.38279300019085516,0.13359352859740858
2019-06-06 04:00:00+00:00,0.2129446488655314,0.27066882234620476,0.38279300019085516,0.13359352859740858
2019-06-07 04:00:00+00:00,0.2129446488655314,0.27066882234620476,0.38279300019085516,0.13359352859740858
2019-06-10 04:00:00+00:00,0.2129446488655314,0.27066882234620476,0.38279300019085516,0.13359352859740858
2019-06-11 04:00:00+00:00,0.2129446488655314,0.27066882234620476,0.38279300019085516,0.13359352859740858
2019-06-12 04:00:00+00:00,0.2129446488655314,0.27066882234620476,0.38279300019085516,0.13359352859740858
2019-06-13 04:00:00+00:00,0.2129446488655314,0.27066882234620476,0.38279300019085516,0.13359352859740858
2019-06-14 04:00:00+00:00,0.2129446488655314,0.27066882234620476,0.38279300019085516,0.13359352859740858
2019-06-17 04:00:00+00:00,0.2129446488655314,0.27066882234620476,0.38279300019085516,0.13359352859740858
2019-06-18 04:00:00+00:00,0.2129446488655314,0.27066882234620476,0.38279300019085516,0.13359352859740858
2019-06-19 04:00:00+00:00,0.2129446488655314,0.27066882234620476,0.38279300019085516,0.13359352859740858
2019-06-20 04:00:00+00:00,0.2129446488655314,0.27066882234620476,0.38279300019085516,0.13359352859740858
2019-06-21 04:00:00+00:00,0.2129446488655314,0.27066882234620476,0.38279300019085516,0.13359352859740858
2019-06-24 04:00:00+00:00,0.2129446488655314,0.27066882234620476,0.38279300019085516,0.13359352859740858
2019-06-25 04:00:00+00:00,0.2129446488655314,0.27066882234620476,0.38279300019085516,0.13359352859740858
2019-06-26 04:00:00+00:00,0.2129446488655314,0.27066882234620476,0.38279300019085516,0.13359352859740858
2019-06-27 04:00:00+00:00,0.2129446488655314,0.27066882234620476,0.38279300019085516,0.13359352859740858
2019-06-28 04:00:00+00:00,0.2129446488655314,0.27066882234620476,0.38279300019085516,0.13359352859740858
2019-07-01 04:00:00+00:00,0.2129446488655314,0.27066882234620476,0.38279300019085516,0.13359352859740858
2019-07-02 04:00:00+00:00,1.2291012174279351e-06,0.9999875789280068,9.230833975085421e-06,1.961136800739662e-06
2019-07-03 04:00:00+00:00,1.2291012174279351e-06,0.9999875789280068,9.230833975085421e-06,1.961136800739662e-06
2019-07-05 04:00:00+00:00,1.2291012174279351e-06,0.9999875789280068,9.230833975085421e-06,1.961136800739662e-06
2019-07-08 04:00:00+00:00,1.2291012174279351e-06,0.9999875789280068,9.230833975085421e-06,1.961136800739662e-06
2019-07-09 04:00:00+00:00,1.2291012174279351e-06,0.9999875789280068,9.230833975085421e-06,1.961136800739662e-06
2019-07-10 04:00:00+00:00,1.2291012174279351e-06,0.9999875789280068,9.230833975085421e-06,1.961136800739662e-06
2019-07-11 04:00:00+00:00,1.2291012174279351e-06,0.9999875789280068,9.230833975085421e-06,1.961136800739662e-06
2019-07-12 04:00:00+00:00,1.2291012174279351e-06,0.9999875789280068,9.230833975085421e-06,1.961136800739662e-06
2019-07-15 04:00:00+00:00,1.2291012174279351e-06,0.9999875789280068,9.230833975085421e-06,1.961136800739662e-06
2019-07-16 04:00:00+00:00,1.2291012174279351e-06,0.9999875789280068,9.230833975085421e-06,1.961136800739662e-06
2019-07-17 04:00:00+00:00,1.2291012174279351e-06,0.9999875789280068,9.230833975085421e-06,1.961136800739662e-06
2019-07-18 04:00:00+00:00,1.2291012174279351e-06,0.9999875789280068,9.230833975085421e-06,1.961136800739662e-06
2019-07-19 04:00:00+00:00,1.2291012174279351e-06,0.9999875789280068,9.230833975085421e-06,1.961136800739662e-06
2019-07-22 04:00:00+00:00,1.2291012174279351e-06,0.9999875789280068,9.230833975085421e-06,1.961136800739662e-06
2019-07-23 04:00:00+00:00,1.2291012174279351e-06,0.9999875789280068,9.230833975085421e-06,1.961136800739662e-06
2019-07-24 04:00:00+00:00,1.2291012174279351e-06,0.9999875789280068,9.230833975085421e-06,1.961136800739662e-06
2019-07-25 04:00:00+00:00,1.2291012174279351e-06,0.9999875789280068,9.230833975085421e-06,1.961136800739662e-06
2019-07-26 04:00:00+00:00,1.2291012174279351e-06,0.9999875789280068,9.230833975085421e-06,1.961136800739662e-06
2019-07-29 04:00:00+00:00,1.2291012174279351e-06,0.9999875789280068,9.230833975085421e-06,1.961136800739662e-06
2019-07-30 04:00:00+00:00,1.2291012174279351e-06,0.9999875789280068,9.230833975085421e-06,1.961136800739662e-06
2019-07-31 04:00:00+00:00,1.2291012174279351e-06,0.9999875789280068,9.230833975085421e-06,1.961136800739662e-06
2019-08-01 04:00:00+00:00,0.003432759818077152,0.9965407834537202,2.1820791927953245e-05,4.63593627473904e-06
2019-08-02 04:00:00+00:00,0.003432759818077152,0.9965407834537202,2.1820791927953245e-05,4.63593627473904e-06
2019-08-05 04:00:00+00:00,0.003432759818077152,0.9965407834537202,2.1820791927953245e-05,4.63593627473904e-06
2019-08-06 04:00:00+00:00,0.003432759818077152,0.9965407834537202,2.1820791927953245e-05,4.63593627473904e-06
2019-08-07 04:00:00+00:00,0.003432759818077152,0.9965407834537202,2.1820791927953245e-05,4.63593627473904e-06
2019-08-08 04:00:00+00:00,0.003432759818077152,0.9965407834537202,2.1820791927953245e-05,4.63593627473904e-06
2019-08-09 04:00:00+00:00,0.003432759818077152,0.9965407834537202,2.1820791927953245e-05,4.63593627473904e-06
2019-08-12 04:00:00+00:00,0.003432759818077152,0.9965407834537202,2.1820791927953245e-05,4.63593627473904e-06
2019-08-13 04:00:00+00:00,0.003432759818077152,0.9965407834537202,2.1820791927953245e-05,4.63593627473904e-06
2019-08-14 04:00:00+00:00,0.003432759818077152,0.9965407834537202,2.1820791927953245e-05,4.63593627473904e-06
2019-08-15 04:00:00+00:00,0.003432759818077152,0.9965407834537202,2.1820791927953245e-05,4.63593627473904e-06
2019-08-16 04:00:00+00:00,0.003432759818077152,0.9965407834537202,2.1820791927953245e-05,4.63593627473904e-06
2019-08-19 04:00:00+00:00,0.003432759818077152,0.9965407834537202,2.1820791927953245e-05,4.63593627473904e-06
2019-08-20 04:00:00+00:00,0.003432759818077152,0.9965407834537202,2.1820791927953245e-05,4.63593627473904e-06
2019-08-21 04:00:00+00:00,0.003432759818077152,0.9965407834537202,2.1820791927953245e-05,4.63593627473904e-06
2019-08-22 04:00:00+00:00,0.003432759818077152,0.9965407834537202,2.1820791927953245e-05,4.63593627473904e-06
2019-08-23 04:00:00+00:00,0.003432759818077152,0.9965407834537202,2.1820791927953245e-05,4.63593627473904e-06
2019-08-26 04:00:00+00:00,0.003432759818077152,0.9965407834537202,2.1820791927953245e-05,4.63593627473904e-06
2019-08-27 04:00:00+00:00,0.003432759818077152,0.9965407834537202,2.1820791927953245e-05,4.63593627473904e-06
2019-08-28 04:00:00+00:00,0.003432759818077152,0.9965407834537202,2.1820791927953245e-05,4.63593627473904e-06
2019-08-29 04:00:00+00:00,0.003432759818077152,0.9965407834537202,2.1820791927953245e-05,4.63593627473904e-06
2019-08-30 04:00:00+00:00,0.18064,0.32798000000000005,0.36686,0.12452
2019-09-03 04:00:00+00:00,0.18064,0.32798000000000005,0.36686,0.12452
2019-09-04 04:00:00+00:00,0.18064,0.32798000000000005,0.36686,0.12452
2019-09-05 04:00:00+00:00,0.18064,0.32798000000000005,0.36686,0.12452
2019-09-06 04:00:00+00:00,0.18064,0.32798000000000005,0.36686,0.12452
2019-09-09 04:00:00+00:00,0.18064,0.32798000000000005,0.36686,0.12452
2019-09-10 04:00:00+00:00,0.18064,0.32798000000000005,0.36686,0.12452
2019-09-11 04:00:00+00:00,0.18064,0.32798000000000005,0.36686,0.12452
2019-09-12 04:00:00+00:00,0.18064,0.32798000000000005,0.36686,0.12452
2019-09-13 04:00:00+00:00,0.18064,0.32798000000000005,0.36686,0.12452
2019-09-16 04:00:00+00:00,0.18064,0.32798000000000005,0.36686,0.12452
2019-09-17 04:00:00+00:00,0.18064,0.32798000000000005,0.36686,0.12452
2019-09-18 04:00:00+00:00,0.18064,0.32798000000000005,0.36686,0.12452
2019-09-19 04:00:00+00:00,0.18064,0.32798000000000005,0.36686,0.12452
2019-09-20 04:00:00+00:00,0.18064,0.32798000000000005,0.36686,0.12452
2019-09-23 04:00:00+00:00,0.18064,0.32798000000000005,0.36686,0.12452
2019-09-24 04:00:00+00:00,0.18064,0.32798000000000005,0.36686,0.12452
2019-09-25 04:00:00+00:00,0.18064,0.32798000000000005,0.36686,0.12452
2019-09-26 04:00:00+00:00,0.18064,0.32798000000000005,0.36686,0.12452
2019-09-27 04:00:00+00:00,0.18064,0.32798000000000005,0.36686,0.12452
2019-09-30 04:00:00+00:00,0.18064,0.32798000000000005,0.36686,0.12452
2019-10-01 04:00:00+00:00,0.07680119414780892,0.7733649867906878,0.08778008825803428,0.062053730803469015
2019-10-02 04:00:00+00:00,0.07680119414780892,0.7733649867906878,0.08778008825803428,0.062053730803469015
2019-10-03 04:00:00+00:00,0.07680119414780892,0.7733649867906878,0.08778008825803428,0.062053730803469015
2019-10-04 04:00:00+00:00,0.07680119414780892,0.7733649867906878,0.08778008825803428,0.062053730803469015
2019-10-07 04:00:00+00:00,0.07680119414780892,0.7733649867906878,0.08778008825803428,0.062053730803469015
2019-10-08 04:00:00+00:00,0.07680119414780892,0.7733649867906878,0.08778008825803428,0.062053730803469015
2019-10-09 04:00:00+00:00,0.07680119414780892,0.7733649867906878,0.08778008825803428,0.062053730803469015
2019-10-10 04:00:00+00:00,0.07680119414780892,0.7733649867906878,0.08778008825803428,0.062053730803469015
2019-10-11 04:00:00+00:00,0.07680119414780892,0.7733649867906878,0.08778008825803428,0.062053730803469015
2019-10-14 04:00:00+00:00,0.07680119414780892,0.7733649867906878,0.08778008825803428,0.062053730803469015
2019-10-15 04:00:00+00:00,0.07680119414780892,0.7733649867906878,0.08778008825803428,0.062053730803469015
2019-10-16 04:00:00+00:00,0.07680119414780892,0.7733649867906878,0.08778008825803428,0.062053730803469015
2019-10-17 04:00:00+00:00,0.07680119414780892,0.7733649867906878,0.08778008825803428,0.062053730803469015
2019-10-18 04:00:00+00:00,0.07680119414780892,0.7733649867906878,0.08778008825803428,0.062053730803469015
2019-10-21 04:00:00+00:00,0.07680119414780892,0.7733649867906878,0.08778008825803428,0.062053730803469015
2019-10-22 04:00:00+00:00,0.07680119414780892,0.7733649867906878,0.08778008825803428,0.062053730803469015
2019-10-23 04:00:00+00:00,0.07680119414780892,0.7733649867906878,0.08778008825803428,0.062053730803469015
2019-10-24 04:00:00+00:00,0.07680119414780892,0.7733649867906878,0.08778008825803428,0.062053730803469015
2019-10-25 04:00:00+00:00,0.07680119414780892,0.7733649867906878,0.08778008825803428,0.062053730803469015
2019-10-28 04:00:00+00:00,0.07680119414780892,0.7733649867906878,0.08778008825803428,0.062053730803469015
2019-10-29 04:00:00+00:00,0.07680119414780892,0.7733649867906878,0.08778008825803428,0.062053730803469015
2019-10-30 04:00:00+00:00,0.000904955433081898,0.9969960447668546,0.0013855711391890942,0.0007134286608745035
2019-10-31 04:00:00+00:00,0.000904955433081898,0.9969960447668546,0.0013855711391890942,0.0007134286608745035
2019-11-01 04:00:00+00:00,0.000904955433081898,0.9969960447668546,0.0013855711391890942,0.0007134286608745035
2019-11-04 05:00:00+00:00,0.000904955433081898,0.9969960447668546,0.0013855711391890942,0.0007134286608745035
2019-11-05 05:00:00+00:00,0.000904955433081898,0.9969960447668546,0.0013855711391890942,0.0007134286608745035
2019-11-06 05:00:00+00:00,0.000904955433081898,0.9969960447668546,0.0013855711391890942,0.0007134286608745035
2019-11-07 05:00:00+00:00,0.000904955433081898,0.9969960447668546,0.0013855711391890942,0.0007134286608745035
2019-11-08 05:00:00+00:00,0.000904955433081898,0.9969960447668546,0.0013855711391890942,0.0007134286608745035
2019-11-11 05:00:00+00:00,0.000904955433081898,0.9969960447668546,0.0013855711391890942,0.0007134286608745035
2019-11-12 05:00:00+00:00,0.000904955433081898,0.9969960447668546,0.0013855711391890942,0.0007134286608745035
2019-11-13 05:00:00+00:00,0.000904955433081898,0.9969960447668546,0.0013855711391890942,0.0007134286608745035
2019-11-14 05:00:00+00:00,0.000904955433081898,0.9969960447668546,0.0013855711391890942,0.0007134286608745035
2019-11-15 05:00:00+00:00,0.000904955433081898,0.9969960447668546,0.0013855711391890942,0.0007134286608745035
2019-11-18 05:00:00+00:00,0.000904955433081898,0.9969960447668546,0.0013855711391890942,0.0007134286608745035
2019-11-19 05:00:00+00:00,0.000904955433081898,0.9969960447668546,0.0013855711391890942,0.0007134286608745035
2019-11-20 05:00:00+00:00,0.000904955433081898,0.9969960447668546,0.0013855711391890942,0.0007134286608745035
2019-11-21 05:00:00+00:00,0.000904955433081898,0.9969960447668546,0.0013855711391890942,0.0007134286608745035
2019-11-22 05:00:00+00:00,0.000904955433081898,0.9969960447668546,0.0013855711391890942,0.0007134286608745035
2019-11-25 05:00:00+00:00,0.000904955433081898,0.9969960447668546,0.0013855711391890942,0.0007134286608745035
2019-11-26 05:00:00+00:00,0.000904955433081898,0.9969960447668546,0.0013855711391890942,0.0007134286608745035
2019-11-27 05:00:00+00:00,0.000904955433081898,0.9969960447668546,0.0013855711391890942,0.0007134286608745035
2019-11-29 05:00:00+00:00,0.49038507157253686,0.4417134503340145,0.05084744337294447,0.01705403472050419
2019-12-02 05:00:00+00:00,0.49038507157253686,0.4417134503340145,0.05084744337294447,0.01705403472050419
2019-12-03 05:00:00+00:00,0.49038507157253686,0.4417134503340145,0.05084744337294447,0.01705403472050419
2019-12-04 05:00:00+00:00,0.49038507157253686,0.4417134503340145,0.05084744337294447,0.01705403472050419
2019-12-05 05:00:00+00:00,0.49038507157253686,0.4417134503340145,0.05084744337294447,0.01705403472050419
2019-12-06 05:00:00+00:00,0.49038507157253686,0.4417134503340145,0.05084744337294447,0.01705403472050419
2019-12-09 05:00:00+00:00,0.49038507157253686,0.4417134503340145,0.05084744337294447,0.01705403472050419
2019-12-10 05:00:00+00:00,0.49038507157253686,0.4417134503340145,0.05084744337294447,0.01705403472050419
2019-12-11 05:00:00+00:00,0.49038507157253686,0.4417134503340145,0.05084744337294447,0.01705403472050419
2019-12-12 05:00:00+00:00,0.49038507157253686,0.4417134503340145,0.05084744337294447,0.01705403472050419
2019-12-13 05:00:00+00:00,0.49038507157253686,0.4417134503340145,0.05084744337294447,0.01705403472050419
2019-12-16 05:00:00+00:00,0.49038507157253686,0.4417134503340145,0.05084744337294447,0.01705403472050419
2019-12-17 05:00:00+00:00,0.49038507157253686,0.4417134503340145,0.05084744337294447,0.01705403472050419
2019-12-18 05:00:00+00:00,0.49038507157253686,0.4417134503340145,0.05084744337294447,0.01705403472050419
2019-12-19 05:00:00+00:00,0.49038507157253686,0.4417134503340145,0.05084744337294447,0.01705403472050419
2019-12-20 05:00:00+00:00,0.49038507157253686,0.4417134503340145,0.05084744337294447,0.01705403472050419
2019-12-23 05:00:00+00:00,0.49038507157253686,0.4417134503340145,0.05084744337294447,0.01705403472050419
2019-12-24 05:00:00+00:00,0.49038507157253686,0.4417134503340145,0.05084744337294447,0.01705403472050419
2019-12-26 05:00:00+00:00,0.49038507157253686,0.4417134503340145,0.05084744337294447,0.01705403472050419
2019-12-27 05:00:00+00:00,0.49038507157253686,0.4417134503340145,0.05084744337294447,0.01705403472050419
2019-12-30 05:00:00+00:00,0.49038507157253686,0.4417134503340145,0.05084744337294447,0.01705403472050419
2019-12-31 05:00:00+00:00,0.5714899588094554,0.4065214756213575,0.0002374998012603303,0.0217510657679268
2020-01-02 05:00:00+00:00,0.5714899588094554,0.4065214756213575,0.0002374998012603303,0.0217510657679268
2020-01-03 05:00:00+00:00,0.5714899588094554,0.4065214756213575,0.0002374998012603303,0.0217510657679268
2020-01-06 05:00:00+00:00,0.5714899588094554,0.4065214756213575,0.0002374998012603303,0.0217510657679268
2020-01-07 05:00:00+00:00,0.5714899588094554,0.4065214756213575,0.0002374998012603303,0.0217510657679268
2020-01-08 05:00:00+00:00,0.5714899588094554,0.4065214756213575,0.0002374998012603303,0.0217510657679268
2020-01-09 05:00:00+00:00,0.5714899588094554,0.4065214756213575,0.0002374998012603303,0.0217510657679268
2020-01-10 05:00:00+00:00,0.5714899588094554,0.4065214756213575,0.0002374998012603303,0.0217510657679268
2020-01-13 05:00:00+00:00,0.5714899588094554,0.4065214756213575,0.0002374998012603303,0.0217510657679268
2020-01-14 05:00:00+00:00,0.5714899588094554,0.4065214756213575,0.0002374998012603303,0.0217510657679268
2020-01-15 05:00:00+00:00,0.5714899588094554,0.4065214756213575,0.0002374998012603303,0.0217510657679268
2020-01-16 05:00:00+00:00,0.5714899588094554,0.4065214756213575,0.0002374998012603303,0.0217510657679268
2020-01-17 05:00:00+00:00,0.5714899588094554,0.4065214756213575,0.0002374998012603303,0.0217510657679268
2020-01-21 05:00:00+00:00,0.5714899588094554,0.4065214756213575,0.0002374998012603303,0.0217510657679268
2020-01-22 05:00:00+00:00,0.5714899588094554,0.4065214756213575,0.0002374998012603303,0.0217510657679268
2020-01-23 05:00:00+00:00,0.5714899588094554,0.4065214756213575,0.0002374998012603303,0.0217510657679268
2020-01-24 05:00:00+00:00,0.5714899588094554,0.4065214756213575,0.0002374998012603303,0.0217510657679268
2020-01-27 05:00:00+00:00,0.5714899588094554,0.4065214756213575,0.0002374998012603303,0.0217510657679268
2020-01-28 05:00:00+00:00,0.5714899588094554,0.4065214756213575,0.0002374998012603303,0.0217510657679268
2020-01-29 05:00:00+00:00,0.5714899588094554,0.4065214756213575,0.0002374998012603303,0.0217510657679268
2020-01-30 05:00:00+00:00,0.5714899588094554,0.4065214756213575,0.0002374998012603303,0.0217510657679268
2020-01-31 05:00:00+00:00,0.279239027704419,0.3413315772493065,0.31957335005785814,0.0598560449884164
2020-02-03 05:00:00+00:00,0.279239027704419,0.3413315772493065,0.31957335005785814,0.0598560449884164
2020-02-04 05:00:00+00:00,0.279239027704419,0.3413315772493065,0.31957335005785814,0.0598560449884164
2020-02-05 05:00:00+00:00,0.279239027704419,0.3413315772493065,0.31957335005785814,0.0598560449884164
2020-02-06 05:00:00+00:00,0.279239027704419,0.3413315772493065,0.31957335005785814,0.0598560449884164
2020-02-07 05:00:00+00:00,0.279239027704419,0.3413315772493065,0.31957335005785814,0.0598560449884164
2020-02-10 05:00:00+00:00,0.279239027704419,0.3413315772493065,0.31957335005785814,0.0598560449884164
2020-02-11 05:00:00+00:00,0.279239027704419,0.3413315772493065,0.31957335005785814,0.0598560449884164
2020-02-12 05:00:00+00:00,0.279239027704419,0.3413315772493065,0.31957335005785814,0.0598560449884164
2020-02-13 05:00:00+00:00,0.279239027704419,0.3413315772493065,0.31957335005785814,0.0598560449884164
2020-02-14 05:00:00+00:00,0.279239027704419,0.3413315772493065,0.31957335005785814,0.0598560449884164
2020-02-18 05:00:00+00:00,0.279239027704419,0.3413315772493065,0.31957335005785814,0.0598560449884164
2020-02-19 05:00:00+00:00,0.279239027704419,0.3413315772493065,0.31957335005785814,0.0598560449884164
2020-02-20 05:00:00+00:00,0.279239027704419,0.3413315772493065,0.31957335005785814,0.0598560449884164
2020-02-21 05:00:00+00:00,0.279239027704419,0.3413315772493065,0.31957335005785814,0.0598560449884164
2020-02-24 05:00:00+00:00,0.279239027704419,0.3413315772493065,0.31957335005785814,0.0598560449884164
2020-02-25 05:00:00+00:00,0.279239027704419,0.3413315772493065,0.31957335005785814,0.0598560449884164
2020-02-26 05:00:00+00:00,0.279239027704419,0.3413315772493065,0.31957335005785814,0.0598560449884164
2020-02-27 05:00:00+00:00,0.279239027704419,0.3413315772493065,0.31957335005785814,0.0598560449884164
2020-02-28 05:00:00+00:00,0.279239027704419,0.3413315772493065,0.31957335005785814,0.0598560449884164
2020-03-02 05:00:00+00:00,0.279239027704419,0.3413315772493065,0.31957335005785814,0.0598560449884164
2020-03-03 05:00:00+00:00,0.26559,0.28778,0.29637,0.15026
2020-03-04 05:00:00+00:00,0.26559,0.28778,0.29637,0.15026
2020-03-05 05:00:00+00:00,0.26559,0.28778,0.29637,0.15026
2020-03-06 05:00:00+00:00,0.26559,0.28778,0.29637,0.15026
2020-03-09 04:00:00+00:00,0.26559,0.28778,0.29637,0.15026
2020-03-10 04:00:00+00:00,0.26559,0.28778,0.29637,0.15026
2020-03-11 04:00:00+00:00,0.26559,0.28778,0.29637,0.15026
2020-03-12 04:00:00+00:00,0.26559,0.28778,0.29637,0.15026
2020-03-13 04:00:00+00:00,0.26559,0.28778,0.29637,0.15026
2020-03-16 04:00:00+00:00,0.26559,0.28778,0.29637,0.15026
2020-03-17 04:00:00+00:00,0.26559,0.28778,0.29637,0.15026
2020-03-18 04:00:00+00:00,0.26559,0.28778,0.29637,0.15026
2020-03-19 04:00:00+00:00,0.26559,0.28778,0.29637,0.15026
2020-03-20 04:00:00+00:00,0.26559,0.28778,0.29637,0.15026
2020-03-23 04:00:00+00:00,0.26559,0.28778,0.29637,0.15026
2020-03-24 04:00:00+00:00,0.26559,0.28778,0.29637,0.15026
2020-03-25 04:00:00+00:00,0.26559,0.28778,0.29637,0.15026
2020-03-26 04:00:00+00:00,0.26559,0.28778,0.29637,0.15026
2020-03-27 04:00:00+00:00,0.26559,0.28778,0.29637,0.15026
2020-03-30 04:00:00+00:00,0.26559,0.28778,0.29637,0.15026
2020-03-31 04:00:00+00:00,0.26559,0.28778,0.29637,0.15026
2020-04-01 04:00:00+00:00,0.12629126291262913,5.853337804278877e-39,0.8150581505815059,0.058650586505865056
2020-04-02 04:00:00+00:00,0.12629126291262913,5.853337804278877e-39,0.8150581505815059,0.058650586505865056
2020-04-03 04:00:00+00:00,0.12629126291262913,5.853337804278877e-39,0.8150581505815059,0.058650586505865056
2020-04-06 04:00:00+00:00,0.12629126291262913,5.853337804278877e-39,0.8150581505815059,0.058650586505865056
2020-04-07 04:00:00+00:00,0.12629126291262913,5.853337804278877e-39,0.8150581505815059,0.058650586505865056
2020-04-08 04:00:00+00:00,0.12629126291262913,5.853337804278877e-39,0.8150581505815059,0.058650586505865056
2020-04-09 04:00:00+00:00,0.12629126291262913,5.853337804278877e-39,0.8150581505815059,0.058650586505865056
2020-04-13 04:00:00+00:00,0.12629126291262913,5.853337804278877e-39,0.8150581505815059,0.058650586505865056
2020-04-14 04:00:00+00:00,0.12629126291262913,5.853337804278877e-39,0.8150581505815059,0.058650586505865056
2020-04-15 04:00:00+00:00,0.12629126291262913,5.853337804278877e-39,0.8150581505815059,0.058650586505865056
2020-04-16 04:00:00+00:00,0.12629126291262913,5.853337804278877e-39,0.8150581505815059,0.058650586505865056
2020-04-17 04:00:00+00:00,0.12629126291262913,5.853337804278877e-39,0.8150581505815059,0.058650586505865056
2020-04-20 04:00:00+00:00,0.12629126291262913,5.853337804278877e-39,0.8150581505815059,0.058650586505865056
2020-04-21 04:00:00+00:00,0.12629126291262913,5.853337804278877e-39,0.8150581505815059,0.058650586505865056
2020-04-22 04:00:00+00:00,0.12629126291262913,5.853337804278877e-39,0.8150581505815059,0.058650586505865056
2020-04-23 04:00:00+00:00,0.12629126291262913,5.853337804278877e-39,0.8150581505815059,0.058650586505865056
2020-04-24 04:00:00+00:00,0.12629126291262913,5.853337804278877e-39,0.8150581505815059,0.058650586505865056
2020-04-27 04:00:00+00:00,0.12629126291262913,5.853337804278877e-39,0.8150581505815059,0.058650586505865056
2020-04-28 04:00:00+00:00,0.12629126291262913,5.853337804278877e-39,0.8150581505815059,0.058650586505865056
2020-04-29 04:00:00+00:00,0.12629126291262913,5.853337804278877e-39,0.8150581505815059,0.058650586505865056
2020-04-30 04:00:00+00:00,0.12629126291262913,5.853337804278877e-39,0.8150581505815059,0.058650586505865056
2020-05-01 04:00:00+00:00,0.2258822589120778,0.01175011751847882,0.7380473779195386,0.0243202456499048
2020-05-04 04:00:00+00:00,0.2258822589120778,0.01175011751847882,0.7380473779195386,0.0243202456499048
2020-05-05 04:00:00+00:00,0.2258822589120778,0.01175011751847882,0.7380473779195386,0.0243202456499048
2020-05-06 04:00:00+00:00,0.2258822589120778,0.01175011751847882,0.7380473779195386,0.0243202456499048
2020-05-07 04:00:00+00:00,0.2258822589120778,0.01175011751847882,0.7380473779195386,0.0243202456499048
2020-05-08 04:00:00+00:00,0.2258822589120778,0.01175011751847882,0.7380473779195386,0.0243202456499048
2020-05-11 04:00:00+00:00,0.2258822589120778,0.01175011751847882,0.7380473779195386,0.0243202456499048
2020-05-12 04:00:00+00:00,0.2258822589120778,0.01175011751847882,0.7380473779195386,0.0243202456499048
2020-05-13 04:00:00+00:00,0.2258822589120778,0.01175011751847882,0.7380473779195386,0.0243202456499048
2020-05-14 04:00:00+00:00,0.2258822589120778,0.01175011751847882,0.7380473779195386,0.0243202456499048
2020-05-15 04:00:00+00:00,0.2258822589120778,0.01175011751847882,0.7380473779195386,0.0243202456499048
2020-05-18 04:00:00+00:00,0.2258822589120778,0.01175011751847882,0.7380473779195386,0.0243202456499048
2020-05-19 04:00:00+00:00,0.2258822589120778,0.01175011751847882,0.7380473779195386,0.0243202456499048
2020-05-20 04:00:00+00:00,0.2258822589120778,0.01175011751847882,0.7380473779195386,0.0243202456499048
2020-05-21 04:00:00+00:00,0.2258822589120778,0.01175011751847882,0.7380473779195386,0.0243202456499048
2020-05-22 04:00:00+00:00,0.2258822589120778,0.01175011751847882,0.7380473779195386,0.0243202456499048
2020-05-26 04:00:00+00:00,0.2258822589120778,0.01175011751847882,0.7380473779195386,0.0243202456499048
2020-05-27 04:00:00+00:00,0.2258822589120778,0.01175011751847882,0.7380473779195386,0.0243202456499048
2020-05-28 04:00:00+00:00,0.2258822589120778,0.01175011751847882,0.7380473779195386,0.0243202456499048
2020-05-29 04:00:00+00:00,0.2258822589120778,0.01175011751847882,0.7380473779195386,0.0243202456499048
2020-06-01 04:00:00+00:00,0.2258822589120778,0.01175011751847882,0.7380473779195386,0.0243202456499048
2020-06-02 04:00:00+00:00,0.17431710900358155,6.589181830486095e-06,0.08607768009733092,0.7395986217172571
2020-06-03 04:00:00+00:00,0.17431710900358155,6.589181830486095e-06,0.08607768009733092,0.7395986217172571
2020-06-04 04:00:00+00:00,0.17431710900358155,6.589181830486095e-06,0.08607768009733092,0.7395986217172571
2020-06-05 04:00:00+00:00,0.17431710900358155,6.589181830486095e-06,0.08607768009733092,0.7395986217172571
2020-06-08 04:00:00+00:00,0.17431710900358155,6.589181830486095e-06,0.08607768009733092,0.7395986217172571
2020-06-09 04:00:00+00:00,0.17431710900358155,6.589181830486095e-06,0.08607768009733092,0.7395986217172571
2020-06-10 04:00:00+00:00,0.17431710900358155,6.589181830486095e-06,0.08607768009733092,0.7395986217172571
2020-06-11 04:00:00+00:00,0.17431710900358155,6.589181830486095e-06,0.08607768009733092,0.7395986217172571
2020-06-12 04:00:00+00:00,0.17431710900358155,6.589181830486095e-06,0.08607768009733092,0.7395986217172571
2020-06-15 04:00:00+00:00,0.17431710900358155,6.589181830486095e-06,0.08607768009733092,0.7395986217172571
2020-06-16 04:00:00+00:00,0.17431710900358155,6.589181830486095e-06,0.08607768009733092,0.7395986217172571
2020-06-17 04:00:00+00:00,0.17431710900358155,6.589181830486095e-06,0.08607768009733092,0.7395986217172571
2020-06-18 04:00:00+00:00,0.17431710900358155,6.589181830486095e-06,0.08607768009733092,0.7395986217172571
2020-06-19 04:00:00+00:00,0.17431710900358155,6.589181830486095e-06,0.08607768009733092,0.7395986217172571
2020-06-22 04:00:00+00:00,0.17431710900358155,6.589181830486095e-06,0.08607768009733092,0.7395986217172571
2020-06-23 04:00:00+00:00,0.17431710900358155,6.589181830486095e-06,0.08607768009733092,0.7395986217172571
2020-06-24 04:00:00+00:00,0.17431710900358155,6.589181830486095e-06,0.08607768009733092,0.7395986217172571
2020-06-25 04:00:00+00:00,0.17431710900358155,6.589181830486095e-06,0.08607768009733092,0.7395986217172571
2020-06-26 04:00:00+00:00,0.17431710900358155,6.589181830486095e-06,0.08607768009733092,0.7395986217172571
2020-06-29 04:00:00+00:00,0.17431710900358155,6.589181830486095e-06,0.08607768009733092,0.7395986217172571
2020-06-30 04:00:00+00:00,0.17431710900358155,6.589181830486095e-06,0.08607768009733092,0.7395986217172571
2020-07-01 04:00:00+00:00,0.30509780084393495,0.0001651965056676835,0.005725346574756407,0.689011656075641
2020-07-02 04:00:00+00:00,0.30509780084393495,0.0001651965056676835,0.005725346574756407,0.689011656075641
2020-07-06 04:00:00+00:00,0.30509780084393495,0.0001651965056676835,0.005725346574756407,0.689011656075641
2020-07-07 04:00:00+00:00,0.30509780084393495,0.0001651965056676835,0.005725346574756407,0.689011656075641
2020-07-08 04:00:00+00:00,0.30509780084393495,0.0001651965056676835,0.005725346574756407,0.689011656075641
2020-07-09 04:00:00+00:00,0.30509780084393495,0.0001651965056676835,0.005725346574756407,0.689011656075641
2020-07-10 04:00:00+00:00,0.30509780084393495,0.0001651965056676835,0.005725346574756407,0.689011656075641
2020-07-13 04:00:00+00:00,0.30509780084393495,0.0001651965056676835,0.005725346574756407,0.689011656075641
2020-07-14 04:00:00+00:00,0.30509780084393495,0.0001651965056676835,0.005725346574756407,0.689011656075641
2020-07-15 04:00:00+00:00,0.30509780084393495,0.0001651965056676835,0.005725346574756407,0.689011656075641
2020-07-16 04:00:00+00:00,0.30509780084393495,0.0001651965056676835,0.005725346574756407,0.689011656075641
2020-07-17 04:00:00+00:00,0.30509780084393495,0.0001651965056676835,0.005725346574756407,0.689011656075641
2020-07-20 04:00:00+00:00,0.30509780084393495,0.0001651965056676835,0.005725346574756407,0.689011656075641
2020-07-21 04:00:00+00:00,0.30509780084393495,0.0001651965056676835,0.005725346574756407,0.689011656075641
2020-07-22 04:00:00+00:00,0.30509780084393495,0.0001651965056676835,0.005725346574756407,0.689011656075641
2020-07-23 04:00:00+00:00,0.30509780084393495,0.0001651965056676835,0.005725346574756407,0.689011656075641
2020-07-24 04:00:00+00:00,0.30509780084393495,0.0001651965056676835,0.005725346574756407,0.689011656075641
2020-07-27 04:00:00+00:00,0.30509780084393495,0.0001651965056676835,0.005725346574756407,0.689011656075641
2020-07-28 04:00:00+00:00,0.30509780084393495,0.0001651965056676835,0.005725346574756407,0.689011656075641
2020-07-29 04:00:00+00:00,0.30509780084393495,0.0001651965056676835,0.005725346574756407,0.689011656075641
2020-07-30 04:00:00+00:00,0.30509780084393495,0.0001651965056676835,0.005725346574756407,0.689011656075641
2020-07-31 04:00:00+00:00,0.09273410433777277,3.08205757704809e-05,0.0008821441206427953,0.9063529309658139
2020-08-03 04:00:00+00:00,0.09273410433777277,3.08205757704809e-05,0.0008821441206427953,0.9063529309658139
2020-08-04 04:00:00+00:00,0.09273410433777277,3.08205757704809e-05,0.0008821441206427953,0.9063529309658139
2020-08-05 04:00:00+00:00,0.09273410433777277,3.08205757704809e-05,0.0008821441206427953,0.9063529309658139
2020-08-06 04:00:00+00:00,0.09273410433777277,3.08205757704809e-05,0.0008821441206427953,0.9063529309658139
2020-08-07 04:00:00+00:00,0.09273410433777277,3.08205757704809e-05,0.0008821441206427953,0.9063529309658139
2020-08-10 04:00:00+00:00,0.09273410433777277,3.08205757704809e-05,0.0008821441206427953,0.9063529309658139
2020-08-11 04:00:00+00:00,0.09273410433777277,3.08205757704809e-05,0.0008821441206427953,0.9063529309658139
2020-08-12 04:00:00+00:00,0.09273410433777277,3.08205757704809e-05,0.0008821441206427953,0.9063529309658139
2020-08-13 04:00:00+00:00,0.09273410433777277,3.08205757704809e-05,0.0008821441206427953,0.9063529309658139
2020-08-14 04:00:00+00:00,0.09273410433777277,3.08205757704809e-05,0.0008821441206427953,0.9063529309658139
2020-08-17 04:00:00+00:00,0.09273410433777277,3.08205757704809e-05,0.0008821441206427953,0.9063529309658139
2020-08-18 04:00:00+00:00,0.09273410433777277,3.08205757704809e-05,0.0008821441206427953,0.9063529309658139
2020-08-19 04:00:00+00:00,0.09273410433777277,3.08205757704809e-05,0.0008821441206427953,0.9063529309658139
2020-08-20 04:00:00+00:00,0.09273410433777277,3.08205757704809e-05,0.0008821441206427953,0.9063529309658139
2020-08-21 04:00:00+00:00,0.09273410433777277,3.08205757704809e-05,0.0008821441206427953,0.9063529309658139
2020-08-24 04:00:00+00:00,0.09273410433777277,3.08205757704809e-05,0.0008821441206427953,0.9063529309658139
2020-08-25 04:00:00+00:00,0.09273410433777277,3.08205757704809e-05,0.0008821441206427953,0.9063529309658139
2020-08-26 04:00:00+00:00,0.09273410433777277,3.08205757704809e-05,0.0008821441206427953,0.9063529309658139
2020-08-27 04:00:00+00:00,0.09273410433777277,3.08205757704809e-05,0.0008821441206427953,0.9063529309658139
2020-08-28 04:00:00+00:00,0.09273410433777277,3.08205757704809e-05,0.0008821441206427953,0.9063529309658139
2020-08-31 04:00:00+00:00,0.1069263875615514,7.629249160874663e-07,9.091542525161596e-05,0.892981934088281
2020-09-01 04:00:00+00:00,0.1069263875615514,7.629249160874663e-07,9.091542525161596e-05,0.892981934088281
2020-09-02 04:00:00+00:00,0.1069263875615514,7.629249160874663e-07,9.091542525161596e-05,0.892981934088281
2020-09-03 04:00:00+00:00,0.1069263875615514,7.629249160874663e-07,9.091542525161596e-05,0.892981934088281
2020-09-04 04:00:00+00:00,0.1069263875615514,7.629249160874663e-07,9.091542525161596e-05,0.892981934088281
2020-09-08 04:00:00+00:00,0.1069263875615514,7.629249160874663e-07,9.091542525161596e-05,0.892981934088281
2020-09-09 04:00:00+00:00,0.1069263875615514,7.629249160874663e-07,9.091542525161596e-05,0.892981934088281
2020-09-10 04:00:00+00:00,0.1069263875615514,7.629249160874663e-07,9.091542525161596e-05,0.892981934088281
2020-09-11 04:00:00+00:00,0.1069263875615514,7.629249160874663e-07,9.091542525161596e-05,0.892981934088281
2020-09-14 04:00:00+00:00,0.1069263875615514,7.629249160874663e-07,9.091542525161596e-05,0.892981934088281
2020-09-15 04:00:00+00:00,0.1069263875615514,7.629249160874663e-07,9.091542525161596e-05,0.892981934088281
2020-09-16 04:00:00+00:00,0.1069263875615514,7.629249160874663e-07,9.091542525161596e-05,0.892981934088281
2020-09-17 04:00:00+00:00,0.1069263875615514,7.629249160874663e-07,9.091542525161596e-05,0.892981934088281
2020-09-18 04:00:00+00:00,0.1069263875615514,7.629249160874663e-07,9.091542525161596e-05,0.892981934088281
2020-09-21 04:00:00+00:00,0.1069263875615514,7.629249160874663e-07,9.091542525161596e-05,0.892981934088281
2020-09-22 04:00:00+00:00,0.1069263875615514,7.629249160874663e-07,9.091542525161596e-05,0.892981934088281
2020-09-23 04:00:00+00:00,0.1069263875615514,7.629249160874663e-07,9.091542525161596e-05,0.892981934088281
2020-09-24 04:00:00+00:00,0.1069263875615514,7.629249160874663e-07,9.091542525161596e-05,0.892981934088281
2020-09-25 04:00:00+00:00,0.1069263875615514,7.629249160874663e-07,9.091542525161596e-05,0.892981934088281
2020-09-28 04:00:00+00:00,0.1069263875615514,7.629249160874663e-07,9.091542525161596e-05,0.892981934088281
2020-09-29 04:00:00+00:00,0.1069263875615514,7.629249160874663e-07,9.091542525161596e-05,0.892981934088281
2020-09-30 04:00:00+00:00,0.25082877480442173,0.2576294153946074,0.25793933048491524,0.23360247931605557
2020-10-01 04:00:00+00:00,0.25082877480442173,0.2576294153946074,0.25793933048491524,0.23360247931605557
2020-10-02 04:00:00+00:00,0.25082877480442173,0.2576294153946074,0.25793933048491524,0.23360247931605557
2020-10-05 04:00:00+00:00,0.25082877480442173,0.2576294153946074,0.25793933048491524,0.23360247931605557
2020-10-06 04:00:00+00:00,0.25082877480442173,0.2576294153946074,0.25793933048491524,0.23360247931605557
2020-10-07 04:00:00+00:00,0.25082877480442173,0.2576294153946074,0.25793933048491524,0.23360247931605557
2020-10-08 04:00:00+00:00,0.25082877480442173,0.2576294153946074,0.25793933048491524,0.23360247931605557
2020-10-09 04:00:00+00:00,0.25082877480442173,0.2576294153946074,0.25793933048491524,0.23360247931605557
2020-10-12 04:00:00+00:00,0.25082877480442173,0.2576294153946074,0.25793933048491524,0.23360247931605557
2020-10-13 04:00:00+00:00,0.25082877480442173,0.2576294153946074,0.25793933048491524,0.23360247931605557
2020-10-14 04:00:00+00:00,0.25082877480442173,0.2576294153946074,0.25793933048491524,0.23360247931605557
2020-10-15 04:00:00+00:00,0.25082877480442173,0.2576294153946074,0.25793933048491524,0.23360247931605557
2020-10-16 04:00:00+00:00,0.25082877480442173,0.2576294153946074,0.25793933048491524,0.23360247931605557
2020-10-19 04:00:00+00:00,0.25082877480442173,0.2576294153946074,0.25793933048491524,0.23360247931605557
2020-10-20 04:00:00+00:00,0.25082877480442173,0.2576294153946074,0.25793933048491524,0.23360247931605557
2020-10-21 04:00:00+00:00,0.25082877480442173,0.2576294153946074,0.25793933048491524,0.23360247931605557
2020-10-22 04:00:00+00:00,0.25082877480442173,0.2576294153946074,0.25793933048491524,0.23360247931605557
2020-10-23 04:00:00+00:00,0.25082877480442173,0.2576294153946074,0.25793933048491524,0.23360247931605557
2020-10-26 04:00:00+00:00,0.25082877480442173,0.2576294153946074,0.25793933048491524,0.23360247931605557
2020-10-27 04:00:00+00:00,0.25082877480442173,0.2576294153946074,0.25793933048491524,0.23360247931605557
2020-10-28 04:00:00+00:00,0.25082877480442173,0.2576294153946074,0.25793933048491524,0.23360247931605557
2020-10-29 04:00:00+00:00,0.022961440006625058,0.02367132357017649,0.02370425631281548,0.929662980110383
2020-10-30 04:00:00+00:00,0.022961440006625058,0.02367132357017649,0.02370425631281548,0.929662980110383
2020-11-02 05:00:00+00:00,0.022961440006625058,0.02367132357017649,0.02370425631281548,0.929662980110383
2020-11-03 05:00:00+00:00,0.022961440006625058,0.02367132357017649,0.02370425631281548,0.929662980110383
2020-11-04 05:00:00+00:00,0.022961440006625058,0.02367132357017649,0.02370425631281548,0.929662980110383
2020-11-05 05:00:00+00:00,0.022961440006625058,0.02367132357017649,0.02370425631281548,0.929662980110383
2020-11-06 05:00:00+00:00,0.022961440006625058,0.02367132357017649,0.02370425631281548,0.929662980110383
2020-11-09 05:00:00+00:00,0.022961440006625058,0.02367132357017649,0.02370425631281548,0.929662980110383
2020-11-10 05:00:00+00:00,0.022961440006625058,0.02367132357017649,0.02370425631281548,0.929662980110383
2020-11-11 05:00:00+00:00,0.022961440006625058,0.02367132357017649,0.02370425631281548,0.929662980110383
2020-11-12 05:00:00+00:00,0.022961440006625058,0.02367132357017649,0.02370425631281548,0.929662980110383
2020-11-13 05:00:00+00:00,0.022961440006625058,0.02367132357017649,0.02370425631281548,0.929662980110383
2020-11-16 05:00:00+00:00,0.022961440006625058,0.02367132357017649,0.02370425631281548,0.929662980110383
2020-11-17 05:00:00+00:00,0.022961440006625058,0.02367132357017649,0.02370425631281548,0.929662980110383
2020-11-18 05:00:00+00:00,0.022961440006625058,0.02367132357017649,0.02370425631281548,0.929662980110383
2020-11-19 05:00:00+00:00,0.022961440006625058,0.02367132357017649,0.02370425631281548,0.929662980110383
2020-11-20 05:00:00+00:00,0.022961440006625058,0.02367132357017649,0.02370425631281548,0.929662980110383
2020-11-23 05:00:00+00:00,0.022961440006625058,0.02367132357017649,0.02370425631281548,0.929662980110383
2020-11-24 05:00:00+00:00,0.022961440006625058,0.02367132357017649,0.02370425631281548,0.929662980110383
2020-11-25 05:00:00+00:00,0.022961440006625058,0.02367132357017649,0.02370425631281548,0.929662980110383
2020-11-27 05:00:00+00:00,0.022961440006625058,0.02367132357017649,0.02370425631281548,0.929662980110383
2020-11-30 05:00:00+00:00,6.97710268092826e-05,7.191975205723382e-05,7.201982205584473e-05,0.9997862893990777
2020-12-01 05:00:00+00:00,6.97710268092826e-05,7.191975205723382e-05,7.201982205584473e-05,0.9997862893990777
2020-12-02 05:00:00+00:00,6.97710268092826e-05,7.191975205723382e-05,7.201982205584473e-05,0.9997862893990777
2020-12-03 05:00:00+00:00,6.97710268092826e-05,7.191975205723382e-05,7.201982205584473e-05,0.9997862893990777
2020-12-04 05:00:00+00:00,6.97710268092826e-05,7.191975205723382e-05,7.201982205584473e-05,0.9997862893990777
2020-12-07 05:00:00+00:00,6.97710268092826e-05,7.191975205723382e-05,7.201982205584473e-05,0.9997862893990777
2020-12-08 05:00:00+00:00,6.97710268092826e-05,7.191975205723382e-05,7.201982205584473e-05,0.9997862893990777
2020-12-09 05:00:00+00:00,6.97710268092826e-05,7.191975205723382e-05,7.201982205584473e-05,0.9997862893990777
2020-12-10 05:00:00+00:00,6.97710268092826e-05,7.191975205723382e-05,7.201982205584473e-05,0.9997862893990777
2020-12-11 05:00:00+00:00,6.97710268092826e-05,7.191975205723382e-05,7.201982205584473e-05,0.9997862893990777
2020-12-14 05:00:00+00:00,6.97710268092826e-05,7.191975205723382e-05,7.201982205584473e-05,0.9997862893990777
2020-12-15 05:00:00+00:00,6.97710268092826e-05,7.191975205723382e-05,7.201982205584473e-05,0.9997862893990777
2020-12-16 05:00:00+00:00,6.97710268092826e-05,7.191975205723382e-05,7.201982205584473e-05,0.9997862893990777
2020-12-17 05:00:00+00:00,6.97710268092826e-05,7.191975205723382e-05,7.201982205584473e-05,0.9997862893990777
2020-12-18 05:00:00+00:00,6.97710268092826e-05,7.191975205723382e-05,7.201982205584473e-05,0.9997862893990777
2020-12-21 05:00:00+00:00,6.97710268092826e-05,7.191975205723382e-05,7.201982205584473e-05,0.9997862893990777
2020-12-22 05:00:00+00:00,6.97710268092826e-05,7.191975205723382e-05,7.201982205584473e-05,0.9997862893990777
2020-12-23 05:00:00+00:00,6.97710268092826e-05,7.191975205723382e-05,7.201982205584473e-05,0.9997862893990777
2020-12-24 05:00:00+00:00,6.97710268092826e-05,7.191975205723382e-05,7.201982205584473e-05,0.9997862893990777
2020-12-28 05:00:00+00:00,6.97710268092826e-05,7.191975205723382e-05,7.201982205584473e-05,0.9997862893990777
2020-12-29 05:00:00+00:00,6.97710268092826e-05,7.191975205723382e-05,7.201982205584473e-05,0.9997862893990777
2020-12-30 05:00:00+00:00,9.820226932324462e-05,0.00010122658622311985,0.00010136743409944002,0.9996992037103543
2020-12-31 05:00:00+00:00,9.820226932324462e-05,0.00010122658622311985,0.00010136743409944002,0.9996992037103543
2021-01-04 05:00:00+00:00,9.820226932324462e-05,0.00010122658622311985,0.00010136743409944002,0.9996992037103543
2021-01-05 05:00:00+00:00,9.820226932324462e-05,0.00010122658622311985,0.00010136743409944002,0.9996992037103543
2021-01-06 05:00:00+00:00,9.820226932324462e-05,0.00010122658622311985,0.00010136743409944002,0.9996992037103543
2021-01-07 05:00:00+00:00,9.820226932324462e-05,0.00010122658622311985,0.00010136743409944002,0.9996992037103543
2021-01-08 05:00:00+00:00,9.820226932324462e-05,0.00010122658622311985,0.00010136743409944002,0.9996992037103543
2021-01-11 05:00:00+00:00,9.820226932324462e-05,0.00010122658622311985,0.00010136743409944002,0.9996992037103543
2021-01-12 05:00:00+00:00,9.820226932324462e-05,0.00010122658622311985,0.00010136743409944002,0.9996992037103543
2021-01-13 05:00:00+00:00,9.820226932324462e-05,0.00010122658622311985,0.00010136743409944002,0.9996992037103543
2021-01-14 05:00:00+00:00,9.820226932324462e-05,0.00010122658622311985,0.00010136743409944002,0.9996992037103543
2021-01-15 05:00:00+00:00,9.820226932324462e-05,0.00010122658622311985,0.00010136743409944002,0.9996992037103543
2021-01-19 05:00:00+00:00,9.820226932324462e-05,0.00010122658622311985,0.00010136743409944002,0.9996992037103543
2021-01-20 05:00:00+00:00,9.820226932324462e-05,0.00010122658622311985,0.00010136743409944002,0.9996992037103543
2021-01-21 05:00:00+00:00,9.820226932324462e-05,0.00010122658622311985,0.00010136743409944002,0.9996992037103543
2021-01-22 05:00:00+00:00,9.820226932324462e-05,0.00010122658622311985,0.00010136743409944002,0.9996992037103543
2021-01-25 05:00:00+00:00,9.820226932324462e-05,0.00010122658622311985,0.00010136743409944002,0.9996992037103543
2021-01-26 05:00:00+00:00,9.820226932324462e-05,0.00010122658622311985,0.00010136743409944002,0.9996992037103543
2021-01-27 05:00:00+00:00,9.820226932324462e-05,0.00010122658622311985,0.00010136743409944002,0.9996992037103543
2021-01-28 05:00:00+00:00,9.820226932324462e-05,0.00010122658622311985,0.00010136743409944002,0.9996992037103543
2021-01-29 05:00:00+00:00,9.820226932324462e-05,0.00010122658622311985,0.00010136743409944002,0.9996992037103543
2021-02-01 05:00:00+00:00,0.0006811635353450368,0.0007021412011945075,0.0007031181688149226,0.9979135770946456
2021-02-02 05:00:00+00:00,0.0006811635353450368,0.0007021412011945075,0.0007031181688149226,0.9979135770946456
2021-02-03 05:00:00+00:00,0.0006811635353450368,0.0007021412011945075,0.0007031181688149226,0.9979135770946456
2021-02-04 05:00:00+00:00,0.0006811635353450368,0.0007021412011945075,0.0007031181688149226,0.9979135770946456
2021-02-05 05:00:00+00:00,0.0006811635353450368,0.0007021412011945075,0.0007031181688149226,0.9979135770946456
2021-02-08 05:00:00+00:00,0.0006811635353450368,0.0007021412011945075,0.0007031181688149226,0.9979135770946456
2021-02-09 05:00:00+00:00,0.0006811635353450368,0.0007021412011945075,0.0007031181688149226,0.9979135770946456
2021-02-10 05:00:00+00:00,0.0006811635353450368,0.0007021412011945075,0.0007031181688149226,0.9979135770946456
2021-02-11 05:00:00+00:00,0.0006811635353450368,0.0007021412011945075,0.0007031181688149226,0.9979135770946456
2021-02-12 05:00:00+00:00,0.0006811635353450368,0.0007021412011945075,0.0007031181688149226,0.9979135770946456
2021-02-16 05:00:00+00:00,0.0006811635353450368,0.0007021412011945075,0.0007031181688149226,0.9979135770946456
2021-02-17 05:00:00+00:00,0.0006811635353450368,0.0007021412011945075,0.0007031181688149226,0.9979135770946456
2021-02-18 05:00:00+00:00,0.0006811635353450368,0.0007021412011945075,0.0007031181688149226,0.9979135770946456
2021-02-19 05:00:00+00:00,0.0006811635353450368,0.0007021412011945075,0.0007031181688149226,0.9979135770946456
2021-02-22 05:00:00+00:00,0.0006811635353450368,0.0007021412011945075,0.0007031181688149226,0.9979135770946456
2021-02-23 05:00:00+00:00,0.0006811635353450368,0.0007021412011945075,0.0007031181688149226,0.9979135770946456
2021-02-24 05:00:00+00:00,0.0006811635353450368,0.0007021412011945075,0.0007031181688149226,0.9979135770946456
2021-02-25 05:00:00+00:00,0.0006811635353450368,0.0007021412011945075,0.0007031181688149226,0.9979135770946456
2021-02-26 05:00:00+00:00,0.0006811635353450368,0.0007021412011945075,0.0007031181688149226,0.9979135770946456
2021-03-01 05:00:00+00:00,0.0006811635353450368,0.0007021412011945075,0.0007031181688149226,0.9979135770946456
2021-03-02 05:00:00+00:00,0.0006811635353450368,0.0007021412011945075,0.0007031181688149226,0.9979135770946456
2021-03-03 05:00:00+00:00,8.811228454682657e-05,9.42628155879647e-05,9.486252723143169e-05,0.9997227623726338
2021-03-04 05:00:00+00:00,8.811228454682657e-05,9.42628155879647e-05,9.486252723143169e-05,0.9997227623726338
2021-03-05 05:00:00+00:00,8.811228454682657e-05,9.42628155879647e-05,9.486252723143169e-05,0.9997227623726338
2021-03-08 05:00:00+00:00,8.811228454682657e-05,9.42628155879647e-05,9.486252723143169e-05,0.9997227623726338
2021-03-09 05:00:00+00:00,8.811228454682657e-05,9.42628155879647e-05,9.486252723143169e-05,0.9997227623726338
2021-03-10 05:00:00+00:00,8.811228454682657e-05,9.42628155879647e-05,9.486252723143169e-05,0.9997227623726338
2021-03-11 05:00:00+00:00,8.811228454682657e-05,9.42628155879647e-05,9.486252723143169e-05,0.9997227623726338
2021-03-12 05:00:00+00:00,8.811228454682657e-05,9.42628155879647e-05,9.486252723143169e-05,0.9997227623726338
2021-03-15 04:00:00+00:00,8.811228454682657e-05,9.42628155879647e-05,9.486252723143169e-05,0.9997227623726338
2021-03-16 04:00:00+00:00,8.811228454682657e-05,9.42628155879647e-05,9.486252723143169e-05,0.9997227623726338
2021-03-17 04:00:00+00:00,8.811228454682657e-05,9.42628155879647e-05,9.486252723143169e-05,0.9997227623726338
2021-03-18 04:00:00+00:00,8.811228454682657e-05,9.42628155879647e-05,9.486252723143169e-05,0.9997227623726338
2021-03-19 04:00:00+00:00,8.811228454682657e-05,9.42628155879647e-05,9.486252723143169e-05,0.9997227623726338
2021-03-22 04:00:00+00:00,8.811228454682657e-05,9.42628155879647e-05,9.486252723143169e-05,0.9997227623726338
2021-03-23 04:00:00+00:00,8.811228454682657e-05,9.42628155879647e-05,9.486252723143169e-05,0.9997227623726338
2021-03-24 04:00:00+00:00,8.811228454682657e-05,9.42628155879647e-05,9.486252723143169e-05,0.9997227623726338
2021-03-25 04:00:00+00:00,8.811228454682657e-05,9.42628155879647e-05,9.486252723143169e-05,0.9997227623726338
2021-03-26 04:00:00+00:00,8.811228454682657e-05,9.42628155879647e-05,9.486252723143169e-05,0.9997227623726338
2021-03-29 04:00:00+00:00,8.811228454682657e-05,9.42628155879647e-05,9.486252723143169e-05,0.9997227623726338
2021-03-30 04:00:00+00:00,8.811228454682657e-05,9.42628155879647e-05,9.486252723143169e-05,0.9997227623726338
2021-03-31 04:00:00+00:00,8.811228454682657e-05,9.42628155879647e-05,9.486252723143169e-05,0.9997227623726338
2021-04-01 04:00:00+00:00,0.02513582990149915,0.027856742895205365,0.026806483619607826,0.9202009435836876
2021-04-05 04:00:00+00:00,0.02513582990149915,0.027856742895205365,0.026806483619607826,0.9202009435836876
2021-04-06 04:00:00+00:00,0.02513582990149915,0.027856742895205365,0.026806483619607826,0.9202009435836876
2021-04-07 04:00:00+00:00,0.02513582990149915,0.027856742895205365,0.026806483619607826,0.9202009435836876
2021-04-08 04:00:00+00:00,0.02513582990149915,0.027856742895205365,0.026806483619607826,0.9202009435836876
2021-04-09 04:00:00+00:00,0.02513582990149915,0.027856742895205365,0.026806483619607826,0.9202009435836876
2021-04-12 04:00:00+00:00,0.02513582990149915,0.027856742895205365,0.026806483619607826,0.9202009435836876
2021-04-13 04:00:00+00:00,0.02513582990149915,0.027856742895205365,0.026806483619607826,0.9202009435836876
2021-04-14 04:00:00+00:00,0.02513582990149915,0.027856742895205365,0.026806483619607826,0.9202009435836876
2021-04-15 04:00:00+00:00,0.02513582990149915,0.027856742895205365,0.026806483619607826,0.9202009435836876
2021-04-16 04:00:00+00:00,0.02513582990149915,0.027856742895205365,0.026806483619607826,0.9202009435836876
2021-04-19 04:00:00+00:00,0.02513582990149915,0.027856742895205365,0.026806483619607826,0.9202009435836876
2021-04-20 04:00:00+00:00,0.02513582990149915,0.027856742895205365,0.026806483619607826,0.9202009435836876
2021-04-21 04:00:00+00:00,0.02513582990149915,0.027856742895205365,0.026806483619607826,0.9202009435836876
2021-04-22 04:00:00+00:00,0.02513582990149915,0.027856742895205365,0.026806483619607826,0.9202009435836876
2021-04-23 04:00:00+00:00,0.02513582990149915,0.027856742895205365,0.026806483619607826,0.9202009435836876
2021-04-26 04:00:00+00:00,0.02513582990149915,0.027856742895205365,0.026806483619607826,0.9202009435836876
2021-04-27 04:00:00+00:00,0.02513582990149915,0.027856742895205365,0.026806483619607826,0.9202009435836876
2021-04-28 04:00:00+00:00,0.02513582990149915,0.027856742895205365,0.026806483619607826,0.9202009435836876
2021-04-29 04:00:00+00:00,0.02513582990149915,0.027856742895205365,0.026806483619607826,0.9202009435836876
2021-04-30 04:00:00+00:00,0.02513582990149915,0.027856742895205365,0.026806483619607826,0.9202009435836876
2021-05-03 04:00:00+00:00,0.01306440156508712,0.025545971214092796,0.37141889601084926,0.5899707312099709
2021-05-04 04:00:00+00:00,0.01306440156508712,0.025545971214092796,0.37141889601084926,0.5899707312099709
2021-05-05 04:00:00+00:00,0.01306440156508712,0.025545971214092796,0.37141889601084926,0.5899707312099709
2021-05-06 04:00:00+00:00,0.01306440156508712,0.025545971214092796,0.37141889601084926,0.5899707312099709
2021-05-07 04:00:00+00:00,0.01306440156508712,0.025545971214092796,0.37141889601084926,0.5899707312099709
2021-05-10 04:00:00+00:00,0.01306440156508712,0.025545971214092796,0.37141889601084926,0.5899707312099709
2021-05-11 04:00:00+00:00,0.01306440156508712,0.025545971214092796,0.37141889601084926,0.5899707312099709
2021-05-12 04:00:00+00:00,0.01306440156508712,0.025545971214092796,0.37141889601084926,0.5899707312099709
2021-05-13 04:00:00+00:00,0.01306440156508712,0.025545971214092796,0.37141889601084926,0.5899707312099709
2021-05-14 04:00:00+00:00,0.01306440156508712,0.025545971214092796,0.37141889601084926,0.5899707312099709
2021-05-17 04:00:00+00:00,0.01306440156508712,0.025545971214092796,0.37141889601084926,0.5899707312099709
2021-05-18 04:00:00+00:00,0.01306440156508712,0.025545971214092796,0.37141889601084926,0.5899707312099709
2021-05-19 04:00:00+00:00,0.01306440156508712,0.025545971214092796,0.37141889601084926,0.5899707312099709
2021-05-20 04:00:00+00:00,0.01306440156508712,0.025545971214092796,0.37141889601084926,0.5899707312099709
2021-05-21 04:00:00+00:00,0.01306440156508712,0.025545971214092796,0.37141889601084926,0.5899707312099709
2021-05-24 04:00:00+00:00,0.01306440156508712,0.025545971214092796,0.37141889601084926,0.5899707312099709
2021-05-25 04:00:00+00:00,0.01306440156508712,0.025545971214092796,0.37141889601084926,0.5899707312099709
2021-05-26 04:00:00+00:00,0.01306440156508712,0.025545971214092796,0.37141889601084926,0.5899707312099709
2021-05-27 04:00:00+00:00,0.01306440156508712,0.025545971214092796,0.37141889601084926,0.5899707312099709
2021-05-28 04:00:00+00:00,0.01306440156508712,0.025545971214092796,0.37141889601084926,0.5899707312099709
2021-06-01 04:00:00+00:00,0.01306440156508712,0.025545971214092796,0.37141889601084926,0.5899707312099709
2021-06-02 04:00:00+00:00,0.020464429745194,0.030493365740720882,0.44624521247268484,0.5027969920414003
2021-06-03 04:00:00+00:00,0.020464429745194,0.030493365740720882,0.44624521247268484,0.5027969920414003
2021-06-04 04:00:00+00:00,0.020464429745194,0.030493365740720882,0.44624521247268484,0.5027969920414003
2021-06-07 04:00:00+00:00,0.020464429745194,0.030493365740720882,0.44624521247268484,0.5027969920414003
2021-06-08 04:00:00+00:00,0.020464429745194,0.030493365740720882,0.44624521247268484,0.5027969920414003
2021-06-09 04:00:00+00:00,0.020464429745194,0.030493365740720882,0.44624521247268484,0.5027969920414003
2021-06-10 04:00:00+00:00,0.020464429745194,0.030493365740720882,0.44624521247268484,0.5027969920414003
2021-06-11 04:00:00+00:00,0.020464429745194,0.030493365740720882,0.44624521247268484,0.5027969920414003
2021-06-14 04:00:00+00:00,0.020464429745194,0.030493365740720882,0.44624521247268484,0.5027969920414003
2021-06-15 04:00:00+00:00,0.020464429745194,0.030493365740720882,0.44624521247268484,0.5027969920414003
2021-06-16 04:00:00+00:00,0.020464429745194,0.030493365740720882,0.44624521247268484,0.5027969920414003
2021-06-17 04:00:00+00:00,0.020464429745194,0.030493365740720882,0.44624521247268484,0.5027969920414003
2021-06-18 04:00:00+00:00,0.020464429745194,0.030493365740720882,0.44624521247268484,0.5027969920414003
2021-06-21 04:00:00+00:00,0.020464429745194,0.030493365740720882,0.44624521247268484,0.5027969920414003
2021-06-22 04:00:00+00:00,0.020464429745194,0.030493365740720882,0.44624521247268484,0.5027969920414003
2021-06-23 04:00:00+00:00,0.020464429745194,0.030493365740720882,0.44624521247268484,0.5027969920414003
2021-06-24 04:00:00+00:00,0.020464429745194,0.030493365740720882,0.44624521247268484,0.5027969920414003
2021-06-25 04:00:00+00:00,0.020464429745194,0.030493365740720882,0.44624521247268484,0.5027969920414003
2021-06-28 04:00:00+00:00,0.020464429745194,0.030493365740720882,0.44624521247268484,0.5027969920414003
2021-06-29 04:00:00+00:00,0.020464429745194,0.030493365740720882,0.44624521247268484,0.5027969920414003
2021-06-30 04:00:00+00:00,0.020464429745194,0.030493365740720882,0.44624521247268484,0.5027969920414003
2021-07-01 04:00:00+00:00,0.00019188685289987792,0.46003578897852215,0.512066683638067,0.027705640530510958
2021-07-02 04:00:00+00:00,0.00019188685289987792,0.46003578897852215,0.512066683638067,0.027705640530510958
2021-07-06 04:00:00+00:00,0.00019188685289987792,0.46003578897852215,0.512066683638067,0.027705640530510958
2021-07-07 04:00:00+00:00,0.00019188685289987792,0.46003578897852215,0.512066683638067,0.027705640530510958
2021-07-08 04:00:00+00:00,0.00019188685289987792,0.46003578897852215,0.512066683638067,0.027705640530510958
2021-07-09 04:00:00+00:00,0.00019188685289987792,0.46003578897852215,0.512066683638067,0.027705640530510958
2021-07-12 04:00:00+00:00,0.00019188685289987792,0.46003578897852215,0.512066683638067,0.027705640530510958
2021-07-13 04:00:00+00:00,0.00019188685289987792,0.46003578897852215,0.512066683638067,0.027705640530510958
2021-07-14 04:00:00+00:00,0.00019188685289987792,0.46003578897852215,0.512066683638067,0.027705640530510958
2021-07-15 04:00:00+00:00,0.00019188685289987792,0.46003578897852215,0.512066683638067,0.027705640530510958
2021-07-16 04:00:00+00:00,0.00019188685289987792,0.46003578897852215,0.512066683638067,0.027705640530510958
2021-07-19 04:00:00+00:00,0.00019188685289987792,0.46003578897852215,0.512066683638067,0.027705640530510958
2021-07-20 04:00:00+00:00,0.00019188685289987792,0.46003578897852215,0.512066683638067,0.027705640530510958
2021-07-21 04:00:00+00:00,0.00019188685289987792,0.46003578897852215,0.512066683638067,0.027705640530510958
2021-07-22 04:00:00+00:00,0.00019188685289987792,0.46003578897852215,0.512066683638067,0.027705640530510958
2021-07-23 04:00:00+00:00,0.00019188685289987792,0.46003578897852215,0.512066683638067,0.027705640530510958
2021-07-26 04:00:00+00:00,0.00019188685289987792,0.46003578897852215,0.512066683638067,0.027705640530510958
2021-07-27 04:00:00+00:00,0.00019188685289987792,0.46003578897852215,0.512066683638067,0.027705640530510958
2021-07-28 04:00:00+00:00,0.00019188685289987792,0.46003578897852215,0.512066683638067,0.027705640530510958
2021-07-29 04:00:00+00:00,0.00019188685289987792,0.46003578897852215,0.512066683638067,0.027705640530510958
2021-07-30 04:00:00+00:00,0.00019188685289987792,0.46003578897852215,0.512066683638067,0.027705640530510958
2021-08-02 04:00:00+00:00,0.059866378580004355,0.4079738484987312,0.5045909991915517,0.02756877372971283
2021-08-03 04:00:00+00:00,0.059866378580004355,0.4079738484987312,0.5045909991915517,0.02756877372971283
2021-08-04 04:00:00+00:00,0.059866378580004355,0.4079738484987312,0.5045909991915517,0.02756877372971283
2021-08-05 04:00:00+00:00,0.059866378580004355,0.4079738484987312,0.5045909991915517,0.02756877372971283
2021-08-06 04:00:00+00:00,0.059866378580004355,0.4079738484987312,0.5045909991915517,0.02756877372971283
2021-08-09 04:00:00+00:00,0.059866378580004355,0.4079738484987312,0.5045909991915517,0.02756877372971283
2021-08-10 04:00:00+00:00,0.059866378580004355,0.4079738484987312,0.5045909991915517,0.02756877372971283
2021-08-11 04:00:00+00:00,0.059866378580004355,0.4079738484987312,0.5045909991915517,0.02756877372971283
2021-08-12 04:00:00+00:00,0.059866378580004355,0.4079738484987312,0.5045909991915517,0.02756877372971283
2021-08-13 04:00:00+00:00,0.059866378580004355,0.4079738484987312,0.5045909991915517,0.02756877372971283
2021-08-16 04:00:00+00:00,0.059866378580004355,0.4079738484987312,0.5045909991915517,0.02756877372971283
2021-08-17 04:00:00+00:00,0.059866378580004355,0.4079738484987312,0.5045909991915517,0.02756877372971283
2021-08-18 04:00:00+00:00,0.059866378580004355,0.4079738484987312,0.5045909991915517,0.02756877372971283
2021-08-19 04:00:00+00:00,0.059866378580004355,0.4079738484987312,0.5045909991915517,0.02756877372971283
2021-08-20 04:00:00+00:00,0.059866378580004355,0.4079738484987312,0.5045909991915517,0.02756877372971283
2021-08-23 04:00:00+00:00,0.059866378580004355,0.4079738484987312,0.5045909991915517,0.02756877372971283
2021-08-24 04:00:00+00:00,0.059866378580004355,0.4079738484987312,0.5045909991915517,0.02756877372971283
2021-08-25 04:00:00+00:00,0.059866378580004355,0.4079738484987312,0.5045909991915517,0.02756877372971283
2021-08-26 04:00:00+00:00,0.059866378580004355,0.4079738484987312,0.5045909991915517,0.02756877372971283
2021-08-27 04:00:00+00:00,0.059866378580004355,0.4079738484987312,0.5045909991915517,0.02756877372971283
2021-08-30 04:00:00+00:00,0.059866378580004355,0.4079738484987312,0.5045909991915517,0.02756877372971283
2021-08-31 04:00:00+00:00,0.04185887134672617,0.44261095611845125,0.4796770640455505,0.03585310848927211
2021-09-01 04:00:00+00:00,0.04185887134672617,0.44261095611845125,0.4796770640455505,0.03585310848927211
2021-09-02 04:00:00+00:00,0.04185887134672617,0.44261095611845125,0.4796770640455505,0.03585310848927211
2021-09-03 04:00:00+00:00,0.04185887134672617,0.44261095611845125,0.4796770640455505,0.03585310848927211
2021-09-07 04:00:00+00:00,0.04185887134672617,0.44261095611845125,0.4796770640455505,0.03585310848927211
2021-09-08 04:00:00+00:00,0.04185887134672617,0.44261095611845125,0.4796770640455505,0.03585310848927211
2021-09-09 04:00:00+00:00,0.04185887134672617,0.44261095611845125,0.4796770640455505,0.03585310848927211
2021-09-10 04:00:00+00:00,0.04185887134672617,0.44261095611845125,0.4796770640455505,0.03585310848927211
2021-09-13 04:00:00+00:00,0.04185887134672617,0.44261095611845125,0.4796770640455505,0.03585310848927211
2021-09-14 04:00:00+00:00,0.04185887134672617,0.44261095611845125,0.4796770640455505,0.03585310848927211
2021-09-15 04:00:00+00:00,0.04185887134672617,0.44261095611845125,0.4796770640455505,0.03585310848927211
2021-09-16 04:00:00+00:00,0.04185887134672617,0.44261095611845125,0.4796770640455505,0.03585310848927211
2021-09-17 04:00:00+00:00,0.04185887134672617,0.44261095611845125,0.4796770640455505,0.03585310848927211
2021-09-20 04:00:00+00:00,0.04185887134672617,0.44261095611845125,0.4796770640455505,0.03585310848927211
2021-09-21 04:00:00+00:00,0.04185887134672617,0.44261095611845125,0.4796770640455505,0.03585310848927211
2021-09-22 04:00:00+00:00,0.04185887134672617,0.44261095611845125,0.4796770640455505,0.03585310848927211
2021-09-23 04:00:00+00:00,0.04185887134672617,0.44261095611845125,0.4796770640455505,0.03585310848927211
2021-09-24 04:00:00+00:00,0.04185887134672617,0.44261095611845125,0.4796770640455505,0.03585310848927211
2021-09-27 04:00:00+00:00,0.04185887134672617,0.44261095611845125,0.4796770640455505,0.03585310848927211
2021-09-28 04:00:00+00:00,0.04185887134672617,0.44261095611845125,0.4796770640455505,0.03585310848927211
2021-09-29 04:00:00+00:00,0.04185887134672617,0.44261095611845125,0.4796770640455505,0.03585310848927211
2021-09-30 04:00:00+00:00,0.11444516045695909,0.2557181538473915,0.391514122095289,0.2383225636003602
2021-10-01 04:00:00+00:00,0.11444516045695909,0.2557181538473915,0.391514122095289,0.2383225636003602
2021-10-04 04:00:00+00:00,0.11444516045695909,0.2557181538473915,0.391514122095289,0.2383225636003602
2021-10-05 04:00:00+00:00,0.11444516045695909,0.2557181538473915,0.391514122095289,0.2383225636003602
2021-10-06 04:00:00+00:00,0.11444516045695909,0.2557181538473915,0.391514122095289,0.2383225636003602
2021-10-07 04:00:00+00:00,0.11444516045695909,0.2557181538473915,0.391514122095289,0.2383225636003602
2021-10-08 04:00:00+00:00,0.11444516045695909,0.2557181538473915,0.391514122095289,0.2383225636003602
2021-10-11 04:00:00+00:00,0.11444516045695909,0.2557181538473915,0.391514122095289,0.2383225636003602
2021-10-12 04:00:00+00:00,0.11444516045695909,0.2557181538473915,0.391514122095289,0.2383225636003602
2021-10-13 04:00:00+00:00,0.11444516045695909,0.2557181538473915,0.391514122095289,0.2383225636003602
2021-10-14 04:00:00+00:00,0.11444516045695909,0.2557181538473915,0.391514122095289,0.2383225636003602
2021-10-15 04:00:00+00:00,0.11444516045695909,0.2557181538473915,0.391514122095289,0.2383225636003602
2021-10-18 04:00:00+00:00,0.11444516045695909,0.2557181538473915,0.391514122095289,0.2383225636003602
2021-10-19 04:00:00+00:00,0.11444516045695909,0.2557181538473915,0.391514122095289,0.2383225636003602
2021-10-20 04:00:00+00:00,0.11444516045695909,0.2557181538473915,0.391514122095289,0.2383225636003602
2021-10-21 04:00:00+00:00,0.11444516045695909,0.2557181538473915,0.391514122095289,0.2383225636003602
2021-10-22 04:00:00+00:00,0.11444516045695909,0.2557181538473915,0.391514122095289,0.2383225636003602
2021-10-25 04:00:00+00:00,0.11444516045695909,0.2557181538473915,0.391514122095289,0.2383225636003602
2021-10-26 04:00:00+00:00,0.11444516045695909,0.2557181538473915,0.391514122095289,0.2383225636003602
2021-10-27 04:00:00+00:00,0.11444516045695909,0.2557181538473915,0.391514122095289,0.2383225636003602
2021-10-28 04:00:00+00:00,0.11444516045695909,0.2557181538473915,0.391514122095289,0.2383225636003602
2021-10-29 04:00:00+00:00,0.09283637736328805,0.2488877209698808,0.30801979922353906,0.35025610244329214
2021-11-01 04:00:00+00:00,0.09283637736328805,0.2488877209698808,0.30801979922353906,0.35025610244329214
2021-11-02 04:00:00+00:00,0.09283637736328805,0.2488877209698808,0.30801979922353906,0.35025610244329214
2021-11-03 04:00:00+00:00,0.09283637736328805,0.2488877209698808,0.30801979922353906,0.35025610244329214
2021-11-04 04:00:00+00:00,0.09283637736328805,0.2488877209698808,0.30801979922353906,0.35025610244329214
2021-11-05 04:00:00+00:00,0.09283637736328805,0.2488877209698808,0.30801979922353906,0.35025610244329214
2021-11-08 05:00:00+00:00,0.09283637736328805,0.2488877209698808,0.30801979922353906,0.35025610244329214
2021-11-09 05:00:00+00:00,0.09283637736328805,0.2488877209698808,0.30801979922353906,0.35025610244329214
2021-11-10 05:00:00+00:00,0.09283637736328805,0.2488877209698808,0.30801979922353906,0.35025610244329214
2021-11-11 05:00:00+00:00,0.09283637736328805,0.2488877209698808,0.30801979922353906,0.35025610244329214
2021-11-12 05:00:00+00:00,0.09283637736328805,0.2488877209698808,0.30801979922353906,0.35025610244329214
2021-11-15 05:00:00+00:00,0.09283637736328805,0.2488877209698808,0.30801979922353906,0.35025610244329214
2021-11-16 05:00:00+00:00,0.09283637736328805,0.2488877209698808,0.30801979922353906,0.35025610244329214
2021-11-17 05:00:00+00:00,0.09283637736328805,0.2488877209698808,0.30801979922353906,0.35025610244329214
2021-11-18 05:00:00+00:00,0.09283637736328805,0.2488877209698808,0.30801979922353906,0.35025610244329214
2021-11-19 05:00:00+00:00,0.09283637736328805,0.2488877209698808,0.30801979922353906,0.35025610244329214
2021-11-22 05:00:00+00:00,0.09283637736328805,0.2488877209698808,0.30801979922353906,0.35025610244329214
2021-11-23 05:00:00+00:00,0.09283637736328805,0.2488877209698808,0.30801979922353906,0.35025610244329214
2021-11-24 05:00:00+00:00,0.09283637736328805,0.2488877209698808,0.30801979922353906,0.35025610244329214
2021-11-26 05:00:00+00:00,0.09283637736328805,0.2488877209698808,0.30801979922353906,0.35025610244329214
2021-11-29 05:00:00+00:00,0.09283637736328805,0.2488877209698808,0.30801979922353906,0.35025610244329214
2021-11-30 05:00:00+00:00,0.15494945280197375,0.29476001394382195,0.2588269335467155,0.291463599707489
2021-12-01 05:00:00+00:00,0.15494945280197375,0.29476001394382195,0.2588269335467155,0.291463599707489
2021-12-02 05:00:00+00:00,0.15494945280197375,0.29476001394382195,0.2588269335467155,0.291463599707489
2021-12-03 05:00:00+00:00,0.15494945280197375,0.29476001394382195,0.2588269335467155,0.291463599707489
2021-12-06 05:00:00+00:00,0.15494945280197375,0.29476001394382195,0.2588269335467155,0.291463599707489
2021-12-07 05:00:00+00:00,0.15494945280197375,0.29476001394382195,0.2588269335467155,0.291463599707489
2021-12-08 05:00:00+00:00,0.15494945280197375,0.29476001394382195,0.2588269335467155,0.291463599707489
2021-12-09 05:00:00+00:00,0.15494945280197375,0.29476001394382195,0.2588269335467155,0.291463599707489
2021-12-10 05:00:00+00:00,0.15494945280197375,0.29476001394382195,0.2588269335467155,0.291463599707489
2021-12-13 05:00:00+00:00,0.15494945280197375,0.29476001394382195,0.2588269335467155,0.291463599707489
2021-12-14 05:00:00+00:00,0.15494945280197375,0.29476001394382195,0.2588269335467155,0.291463599707489
2021-12-15 05:00:00+00:00,0.15494945280197375,0.29476001394382195,0.2588269335467155,0.291463599707489
2021-12-16 05:00:00+00:00,0.15494945280197375,0.29476001394382195,0.2588269335467155,0.291463599707489
2021-12-17 05:00:00+00:00,0.15494945280197375,0.29476001394382195,0.2588269335467155,0.291463599707489
2021-12-20 05:00:00+00:00,0.15494945280197375,0.29476001394382195,0.2588269335467155,0.291463599707489
2021-12-21 05:00:00+00:00,0.15494945280197375,0.29476001394382195,0.2588269335467155,0.291463599707489
2021-12-22 05:00:00+00:00,0.15494945280197375,0.29476001394382195,0.2588269335467155,0.291463599707489
2021-12-23 05:00:00+00:00,0.15494945280197375,0.29476001394382195,0.2588269335467155,0.291463599707489
2021-12-27 05:00:00+00:00,0.15494945280197375,0.29476001394382195,0.2588269335467155,0.291463599707489
2021-12-28 05:00:00+00:00,0.15494945280197375,0.29476001394382195,0.2588269335467155,0.291463599707489
2021-12-29 05:00:00+00:00,0.15494945280197375,0.29476001394382195,0.2588269335467155,0.291463599707489
2021-12-30 05:00:00+00:00,0.3189399998757413,0.2771599999861681,0.3074000000276235,0.0965000001104672
2021-12-31 05:00:00+00:00,0.3189399998757413,0.2771599999861681,0.3074000000276235,0.0965000001104672
2022-01-03 05:00:00+00:00,0.3189399998757413,0.2771599999861681,0.3074000000276235,0.0965000001104672
2022-01-04 05:00:00+00:00,0.3189399998757413,0.2771599999861681,0.3074000000276235,0.0965000001104672
2022-01-05 05:00:00+00:00,0.3189399998757413,0.2771599999861681,0.3074000000276235,0.0965000001104672
2022-01-06 05:00:00+00:00,0.3189399998757413,0.2771599999861681,0.3074000000276235,0.0965000001104672
2022-01-07 05:00:00+00:00,0.3189399998757413,0.2771599999861681,0.3074000000276235,0.0965000001104672
2022-01-10 05:00:00+00:00,0.3189399998757413,0.2771599999861681,0.3074000000276235,0.0965000001104672
2022-01-11 05:00:00+00:00,0.3189399998757413,0.2771599999861681,0.3074000000276235,0.0965000001104672
2022-01-12 05:00:00+00:00,0.3189399998757413,0.2771599999861681,0.3074000000276235,0.0965000001104672
2022-01-13 05:00:00+00:00,0.3189399998757413,0.2771599999861681,0.3074000000276235,0.0965000001104672
2022-01-14 05:00:00+00:00,0.3189399998757413,0.2771599999861681,0.3074000000276235,0.0965000001104672
2022-01-18 05:00:00+00:00,0.3189399998757413,0.2771599999861681,0.3074000000276235,0.0965000001104672
2022-01-19 05:00:00+00:00,0.3189399998757413,0.2771599999861681,0.3074000000276235,0.0965000001104672
2022-01-20 05:00:00+00:00,0.3189399998757413,0.2771599999861681,0.3074000000276235,0.0965000001104672
2022-01-21 05:00:00+00:00,0.3189399998757413,0.2771599999861681,0.3074000000276235,0.0965000001104672
2022-01-24 05:00:00+00:00,0.3189399998757413,0.2771599999861681,0.3074000000276235,0.0965000001104672
2022-01-25 05:00:00+00:00,0.3189399998757413,0.2771599999861681,0.3074000000276235,0.0965000001104672
2022-01-26 05:00:00+00:00,0.3189399998757413,0.2771599999861681,0.3074000000276235,0.0965000001104672
2022-01-27 05:00:00+00:00,0.3189399998757413,0.2771599999861681,0.3074000000276235,0.0965000001104672
2022-01-28 05:00:00+00:00,0.3189399998757413,0.2771599999861681,0.3074000000276235,0.0965000001104672
2022-01-31 05:00:00+00:00,0.2997499999224963,0.28410000005448266,0.32318999998311004,0.09296000003991103
2022-02-01 05:00:00+00:00,0.2997499999224963,0.28410000005448266,0.32318999998311004,0.09296000003991103
2022-02-02 05:00:00+00:00,0.2997499999224963,0.28410000005448266,0.32318999998311004,0.09296000003991103
2022-02-03 05:00:00+00:00,0.2997499999224963,0.28410000005448266,0.32318999998311004,0.09296000003991103
2022-02-04 05:00:00+00:00,0.2997499999224963,0.28410000005448266,0.32318999998311004,0.09296000003991103
2022-02-07 05:00:00+00:00,0.2997499999224963,0.28410000005448266,0.32318999998311004,0.09296000003991103
2022-02-08 05:00:00+00:00,0.2997499999224963,0.28410000005448266,0.32318999998311004,0.09296000003991103
2022-02-09 05:00:00+00:00,0.2997499999224963,0.28410000005448266,0.32318999998311004,0.09296000003991103
2022-02-10 05:00:00+00:00,0.2997499999224963,0.28410000005448266,0.32318999998311004,0.09296000003991103
2022-02-11 05:00:00+00:00,0.2997499999224963,0.28410000005448266,0.32318999998311004,0.09296000003991103
2022-02-14 05:00:00+00:00,0.2997499999224963,0.28410000005448266,0.32318999998311004,0.09296000003991103
2022-02-15 05:00:00+00:00,0.2997499999224963,0.28410000005448266,0.32318999998311004,0.09296000003991103
2022-02-16 05:00:00+00:00,0.2997499999224963,0.28410000005448266,0.32318999998311004,0.09296000003991103
2022-02-17 05:00:00+00:00,0.2997499999224963,0.28410000005448266,0.32318999998311004,0.09296000003991103
2022-02-18 05:00:00+00:00,0.2997499999224963,0.28410000005448266,0.32318999998311004,0.09296000003991103
2022-02-22 05:00:00+00:00,0.2997499999224963,0.28410000005448266,0.32318999998311004,0.09296000003991103
2022-02-23 05:00:00+00:00,0.2997499999224963,0.28410000005448266,0.32318999998311004,0.09296000003991103
2022-02-24 05:00:00+00:00,0.2997499999224963,0.28410000005448266,0.32318999998311004,0.09296000003991103
2022-02-25 05:00:00+00:00,0.2997499999224963,0.28410000005448266,0.32318999998311004,0.09296000003991103
2022-02-28 05:00:00+00:00,0.2997499999224963,0.28410000005448266,0.32318999998311004,0.09296000003991103
2022-03-01 05:00:00+00:00,0.2997499999224963,0.28410000005448266,0.32318999998311004,0.09296000003991103
2022-03-02 05:00:00+00:00,0.25010433345298655,0.2588170458585839,0.28086240276475316,0.21021621792367645
2022-03-03 05:00:00+00:00,0.25010433345298655,0.2588170458585839,0.28086240276475316,0.21021621792367645
2022-03-04 05:00:00+00:00,0.25010433345298655,0.2588170458585839,0.28086240276475316,0.21021621792367645
2022-03-07 05:00:00+00:00,0.25010433345298655,0.2588170458585839,0.28086240276475316,0.21021621792367645
2022-03-08 05:00:00+00:00,0.25010433345298655,0.2588170458585839,0.28086240276475316,0.21021621792367645
2022-03-09 05:00:00+00:00,0.25010433345298655,0.2588170458585839,0.28086240276475316,0.21021621792367645
2022-03-10 05:00:00+00:00,0.25010433345298655,0.2588170458585839,0.28086240276475316,0.21021621792367645
2022-03-11 05:00:00+00:00,0.25010433345298655,0.2588170458585839,0.28086240276475316,0.21021621792367645
2022-03-14 04:00:00+00:00,0.25010433345298655,0.2588170458585839,0.28086240276475316,0.21021621792367645
2022-03-15 04:00:00+00:00,0.25010433345298655,0.2588170458585839,0.28086240276475316,0.21021621792367645
2022-03-16 04:00:00+00:00,0.25010433345298655,0.2588170458585839,0.28086240276475316,0.21021621792367645
2022-03-17 04:00:00+00:00,0.25010433345298655,0.2588170458585839,0.28086240276475316,0.21021621792367645
2022-03-18 04:00:00+00:00,0.25010433345298655,0.2588170458585839,0.28086240276475316,0.21021621792367645
2022-03-21 04:00:00+00:00,0.25010433345298655,0.2588170458585839,0.28086240276475316,0.21021621792367645
2022-03-22 04:00:00+00:00,0.25010433345298655,0.2588170458585839,0.28086240276475316,0.21021621792367645
2022-03-23 04:00:00+00:00,0.25010433345298655,0.2588170458585839,0.28086240276475316,0.21021621792367645
2022-03-24 04:00:00+00:00,0.25010433345298655,0.2588170458585839,0.28086240276475316,0.21021621792367645
2022-03-25 04:00:00+00:00,0.25010433345298655,0.2588170458585839,0.28086240276475316,0.21021621792367645
2022-03-28 04:00:00+00:00,0.25010433345298655,0.2588170458585839,0.28086240276475316,0.21021621792367645
2022-03-29 04:00:00+00:00,0.25010433345298655,0.2588170458585839,0.28086240276475316,0.21021621792367645
2022-03-30 04:00:00+00:00,0.25010433345298655,0.2588170458585839,0.28086240276475316,0.21021621792367645
2022-03-31 04:00:00+00:00,0.25000080450201473,0.25574132788174736,0.2801185958886355,0.21413927172760241
2022-04-01 04:00:00+00:00,0.25000080450201473,0.25574132788174736,0.2801185958886355,0.21413927172760241
2022-04-04 04:00:00+00:00,0.25000080450201473,0.25574132788174736,0.2801185958886355,0.21413927172760241
2022-04-05 04:00:00+00:00,0.25000080450201473,0.25574132788174736,0.2801185958886355,0.21413927172760241
2022-04-06 04:00:00+00:00,0.25000080450201473,0.25574132788174736,0.2801185958886355,0.21413927172760241
2022-04-07 04:00:00+00:00,0.25000080450201473,0.25574132788174736,0.2801185958886355,0.21413927172760241
2022-04-08 04:00:00+00:00,0.25000080450201473,0.25574132788174736,0.2801185958886355,0.21413927172760241
2022-04-11 04:00:00+00:00,0.25000080450201473,0.25574132788174736,0.2801185958886355,0.21413927172760241
2022-04-12 04:00:00+00:00,0.25000080450201473,0.25574132788174736,0.2801185958886355,0.21413927172760241
2022-04-13 04:00:00+00:00,0.25000080450201473,0.25574132788174736,0.2801185958886355,0.21413927172760241
2022-04-14 04:00:00+00:00,0.25000080450201473,0.25574132788174736,0.2801185958886355,0.21413927172760241
2022-04-18 04:00:00+00:00,0.25000080450201473,0.25574132788174736,0.2801185958886355,0.21413927172760241
2022-04-19 04:00:00+00:00,0.25000080450201473,0.25574132788174736,0.2801185958886355,0.21413927172760241
2022-04-20 04:00:00+00:00,0.25000080450201473,0.25574132788174736,0.2801185958886355,0.21413927172760241
2022-04-21 04:00:00+00:00,0.25000080450201473,0.25574132788174736,0.2801185958886355,0.21413927172760241
2022-04-22 04:00:00+00:00,0.25000080450201473,0.25574132788174736,0.2801185958886355,0.21413927172760241
2022-04-25 04:00:00+00:00,0.25000080450201473,0.25574132788174736,0.2801185958886355,0.21413927172760241
2022-04-26 04:00:00+00:00,0.25000080450201473,0.25574132788174736,0.2801185958886355,0.21413927172760241
2022-04-27 04:00:00+00:00,0.25000080450201473,0.25574132788174736,0.2801185958886355,0.21413927172760241
2022-04-28 04:00:00+00:00,0.25000080450201473,0.25574132788174736,0.2801185958886355,0.21413927172760241
2022-04-29 04:00:00+00:00,0.25000080450201473,0.25574132788174736,0.2801185958886355,0.21413927172760241
2022-05-02 04:00:00+00:00,0.5547155471554716,0.23889238892388923,0.2063920639206392,1.0708189879183208e-24
2022-05-03 04:00:00+00:00,0.5547155471554716,0.23889238892388923,0.2063920639206392,1.0708189879183208e-24
2022-05-04 04:00:00+00:00,0.5547155471554716,0.23889238892388923,0.2063920639206392,1.0708189879183208e-24
2022-05-05 04:00:00+00:00,0.5547155471554716,0.23889238892388923,0.2063920639206392,1.0708189879183208e-24
2022-05-06 04:00:00+00:00,0.5547155471554716,0.23889238892388923,0.2063920639206392,1.0708189879183208e-24
2022-05-09 04:00:00+00:00,0.5547155471554716,0.23889238892388923,0.2063920639206392,1.0708189879183208e-24
2022-05-10 04:00:00+00:00,0.5547155471554716,0.23889238892388923,0.2063920639206392,1.0708189879183208e-24
2022-05-11 04:00:00+00:00,0.5547155471554716,0.23889238892388923,0.2063920639206392,1.0708189879183208e-24
2022-05-12 04:00:00+00:00,0.5547155471554716,0.23889238892388923,0.2063920639206392,1.0708189879183208e-24
2022-05-13 04:00:00+00:00,0.5547155471554716,0.23889238892388923,0.2063920639206392,1.0708189879183208e-24
2022-05-16 04:00:00+00:00,0.5547155471554716,0.23889238892388923,0.2063920639206392,1.0708189879183208e-24
2022-05-17 04:00:00+00:00,0.5547155471554716,0.23889238892388923,0.2063920639206392,1.0708189879183208e-24
2022-05-18 04:00:00+00:00,0.5547155471554716,0.23889238892388923,0.2063920639206392,1.0708189879183208e-24
2022-05-19 04:00:00+00:00,0.5547155471554716,0.23889238892388923,0.2063920639206392,1.0708189879183208e-24
2022-05-20 04:00:00+00:00,0.5547155471554716,0.23889238892388923,0.2063920639206392,1.0708189879183208e-24
2022-05-23 04:00:00+00:00,0.5547155471554716,0.23889238892388923,0.2063920639206392,1.0708189879183208e-24
2022-05-24 04:00:00+00:00,0.5547155471554716,0.23889238892388923,0.2063920639206392,1.0708189879183208e-24
2022-05-25 04:00:00+00:00,0.5547155471554716,0.23889238892388923,0.2063920639206392,1.0708189879183208e-24
2022-05-26 04:00:00+00:00,0.5547155471554716,0.23889238892388923,0.2063920639206392,1.0708189879183208e-24
2022-05-27 04:00:00+00:00,0.5547155471554716,0.23889238892388923,0.2063920639206392,1.0708189879183208e-24
2022-05-31 04:00:00+00:00,0.5547155471554716,0.23889238892388923,0.2063920639206392,1.0708189879183208e-24
2022-06-01 04:00:00+00:00,0.30919,0.31771,0.3731,5.324098459247282e-26
2022-06-02 04:00:00+00:00,0.30919,0.31771,0.3731,5.324098459247282e-26
2022-06-03 04:00:00+00:00,0.30919,0.31771,0.3731,5.324098459247282e-26
2022-06-06 04:00:00+00:00,0.30919,0.31771,0.3731,5.324098459247282e-26
2022-06-07 04:00:00+00:00,0.30919,0.31771,0.3731,5.324098459247282e-26
2022-06-08 04:00:00+00:00,0.30919,0.31771,0.3731,5.324098459247282e-26
2022-06-09 04:00:00+00:00,0.30919,0.31771,0.3731,5.324098459247282e-26
2022-06-10 04:00:00+00:00,0.30919,0.31771,0.3731,5.324098459247282e-26
2022-06-13 04:00:00+00:00,0.30919,0.31771,0.3731,5.324098459247282e-26
2022-06-14 04:00:00+00:00,0.30919,0.31771,0.3731,5.324098459247282e-26
2022-06-15 04:00:00+00:00,0.30919,0.31771,0.3731,5.324098459247282e-26
2022-06-16 04:00:00+00:00,0.30919,0.31771,0.3731,5.324098459247282e-26
2022-06-17 04:00:00+00:00,0.30919,0.31771,0.3731,5.324098459247282e-26
2022-06-21 04:00:00+00:00,0.30919,0.31771,0.3731,5.324098459247282e-26
2022-06-22 04:00:00+00:00,0.30919,0.31771,0.3731,5.324098459247282e-26
2022-06-23 04:00:00+00:00,0.30919,0.31771,0.3731,5.324098459247282e-26
2022-06-24 04:00:00+00:00,0.30919,0.31771,0.3731,5.324098459247282e-26
2022-06-27 04:00:00+00:00,0.30919,0.31771,0.3731,5.324098459247282e-26
2022-06-28 04:00:00+00:00,0.30919,0.31771,0.3731,5.324098459247282e-26
2022-06-29 04:00:00+00:00,0.30919,0.31771,0.3731,5.324098459247282e-26
2022-06-30 04:00:00+00:00,0.30919,0.31771,0.3731,5.324098459247282e-26
2022-07-01 04:00:00+00:00,0.31498,0.4245,0.26052,1.1770485813324096e-31
2022-07-05 04:00:00+00:00,0.31498,0.4245,0.26052,1.1770485813324096e-31
2022-07-06 04:00:00+00:00,0.31498,0.4245,0.26052,1.1770485813324096e-31
2022-07-07 04:00:00+00:00,0.31498,0.4245,0.26052,1.1770485813324096e-31
2022-07-08 04:00:00+00:00,0.31498,0.4245,0.26052,1.1770485813324096e-31
2022-07-11 04:00:00+00:00,0.31498,0.4245,0.26052,1.1770485813324096e-31
2022-07-12 04:00:00+00:00,0.31498,0.4245,0.26052,1.1770485813324096e-31
2022-07-13 04:00:00+00:00,0.31498,0.4245,0.26052,1.1770485813324096e-31
2022-07-14 04:00:00+00:00,0.31498,0.4245,0.26052,1.1770485813324096e-31
2022-07-15 04:00:00+00:00,0.31498,0.4245,0.26052,1.1770485813324096e-31
2022-07-18 04:00:00+00:00,0.31498,0.4245,0.26052,1.1770485813324096e-31
2022-07-19 04:00:00+00:00,0.31498,0.4245,0.26052,1.1770485813324096e-31
2022-07-20 04:00:00+00:00,0.31498,0.4245,0.26052,1.1770485813324096e-31
2022-07-21 04:00:00+00:00,0.31498,0.4245,0.26052,1.1770485813324096e-31
2022-07-22 04:00:00+00:00,0.31498,0.4245,0.26052,1.1770485813324096e-31
2022-07-25 04:00:00+00:00,0.31498,0.4245,0.26052,1.1770485813324096e-31
2022-07-26 04:00:00+00:00,0.31498,0.4245,0.26052,1.1770485813324096e-31
2022-07-27 04:00:00+00:00,0.31498,0.4245,0.26052,1.1770485813324096e-31
2022-07-28 04:00:00+00:00,0.31498,0.4245,0.26052,1.1770485813324096e-31
2022-07-29 04:00:00+00:00,0.31498,0.4245,0.26052,1.1770485813324096e-31
2022-08-01 04:00:00+00:00,0.31498,0.4245,0.26052,1.1770485813324096e-31
2022-08-02 04:00:00+00:00,0.44441,0.42168,0.13391,1.7706688266898378e-20
2022-08-03 04:00:00+00:00,0.44441,0.42168,0.13391,1.7706688266898378e-20
2022-08-04 04:00:00+00:00,0.44441,0.42168,0.13391,1.7706688266898378e-20
2022-08-05 04:00:00+00:00,0.44441,0.42168,0.13391,1.7706688266898378e-20
2022-08-08 04:00:00+00:00,0.44441,0.42168,0.13391,1.7706688266898378e-20
2022-08-09 04:00:00+00:00,0.44441,0.42168,0.13391,1.7706688266898378e-20
2022-08-10 04:00:00+00:00,0.44441,0.42168,0.13391,1.7706688266898378e-20
2022-08-11 04:00:00+00:00,0.44441,0.42168,0.13391,1.7706688266898378e-20
2022-08-12 04:00:00+00:00,0.44441,0.42168,0.13391,1.7706688266898378e-20
2022-08-15 04:00:00+00:00,0.44441,0.42168,0.13391,1.7706688266898378e-20
2022-08-16 04:00:00+00:00,0.44441,0.42168,0.13391,1.7706688266898378e-20
2022-08-17 04:00:00+00:00,0.44441,0.42168,0.13391,1.7706688266898378e-20
2022-08-18 04:00:00+00:00,0.44441,0.42168,0.13391,1.7706688266898378e-20
2022-08-19 04:00:00+00:00,0.44441,0.42168,0.13391,1.7706688266898378e-20
2022-08-22 04:00:00+00:00,0.44441,0.42168,0.13391,1.7706688266898378e-20
2022-08-23 04:00:00+00:00,0.44441,0.42168,0.13391,1.7706688266898378e-20
2022-08-24 04:00:00+00:00,0.44441,0.42168,0.13391,1.7706688266898378e-20
2022-08-25 04:00:00+00:00,0.44441,0.42168,0.13391,1.7706688266898378e-20
2022-08-26 04:00:00+00:00,0.44441,0.42168,0.13391,1.7706688266898378e-20
2022-08-29 04:00:00+00:00,0.44441,0.42168,0.13391,1.7706688266898378e-20
2022-08-30 04:00:00+00:00,0.44441,0.42168,0.13391,1.7706688266898378e-20
2022-08-31 04:00:00+00:00,0.45391,0.43192,0.11417,1.0150232479071707e-21
2022-09-01 04:00:00+00:00,0.45391,0.43192,0.11417,1.0150232479071707e-21
2022-09-02 04:00:00+00:00,0.45391,0.43192,0.11417,1.0150232479071707e-21
2022-09-06 04:00:00+00:00,0.45391,0.43192,0.11417,1.0150232479071707e-21
2022-09-07 04:00:00+00:00,0.45391,0.43192,0.11417,1.0150232479071707e-21
2022-09-08 04:00:00+00:00,0.45391,0.43192,0.11417,1.0150232479071707e-21
2022-09-09 04:00:00+00:00,0.45391,0.43192,0.11417,1.0150232479071707e-21
2022-09-12 04:00:00+00:00,0.45391,0.43192,0.11417,1.0150232479071707e-21
2022-09-13 04:00:00+00:00,0.45391,0.43192,0.11417,1.0150232479071707e-21
2022-09-14 04:00:00+00:00,0.45391,0.43192,0.11417,1.0150232479071707e-21
2022-09-15 04:00:00+00:00,0.45391,0.43192,0.11417,1.0150232479071707e-21
2022-09-16 04:00:00+00:00,0.45391,0.43192,0.11417,1.0150232479071707e-21
2022-09-19 04:00:00+00:00,0.45391,0.43192,0.11417,1.0150232479071707e-21
2022-09-20 04:00:00+00:00,0.45391,0.43192,0.11417,1.0150232479071707e-21
2022-09-21 04:00:00+00:00,0.45391,0.43192,0.11417,1.0150232479071707e-21
2022-09-22 04:00:00+00:00,0.45391,0.43192,0.11417,1.0150232479071707e-21
2022-09-23 04:00:00+00:00,0.45391,0.43192,0.11417,1.0150232479071707e-21
2022-09-26 04:00:00+00:00,0.45391,0.43192,0.11417,1.0150232479071707e-21
2022-09-27 04:00:00+00:00,0.45391,0.43192,0.11417,1.0150232479071707e-21
2022-09-28 04:00:00+00:00,0.45391,0.43192,0.11417,1.0150232479071707e-21
2022-09-29 04:00:00+00:00,0.45391,0.43192,0.11417,1.0150232479071707e-21
2022-09-30 04:00:00+00:00,0.11098155236722367,0.04124982426043105,0.007609126169554582,0.8401594972027908
2022-10-03 04:00:00+00:00,0.11098155236722367,0.04124982426043105,0.007609126169554582,0.8401594972027908
2022-10-04 04:00:00+00:00,0.11098155236722367,0.04124982426043105,0.007609126169554582,0.8401594972027908
2022-10-05 04:00:00+00:00,0.11098155236722367,0.04124982426043105,0.007609126169554582,0.8401594972027908
2022-10-06 04:00:00+00:00,0.11098155236722367,0.04124982426043105,0.007609126169554582,0.8401594972027908
2022-10-07 04:00:00+00:00,0.11098155236722367,0.04124982426043105,0.007609126169554582,0.8401594972027908
2022-10-10 04:00:00+00:00,0.11098155236722367,0.04124982426043105,0.007609126169554582,0.8401594972027908
2022-10-11 04:00:00+00:00,0.11098155236722367,0.04124982426043105,0.007609126169554582,0.8401594972027908
2022-10-12 04:00:00+00:00,0.11098155236722367,0.04124982426043105,0.007609126169554582,0.8401594972027908
2022-10-13 04:00:00+00:00,0.11098155236722367,0.04124982426043105,0.007609126169554582,0.8401594972027908
2022-10-14 04:00:00+00:00,0.11098155236722367,0.04124982426043105,0.007609126169554582,0.8401594972027908
2022-10-17 04:00:00+00:00,0.11098155236722367,0.04124982426043105,0.007609126169554582,0.8401594972027908
2022-10-18 04:00:00+00:00,0.11098155236722367,0.04124982426043105,0.007609126169554582,0.8401594972027908
2022-10-19 04:00:00+00:00,0.11098155236722367,0.04124982426043105,0.007609126169554582,0.8401594972027908
2022-10-20 04:00:00+00:00,0.11098155236722367,0.04124982426043105,0.007609126169554582,0.8401594972027908
2022-10-21 04:00:00+00:00,0.11098155236722367,0.04124982426043105,0.007609126169554582,0.8401594972027908
2022-10-24 04:00:00+00:00,0.11098155236722367,0.04124982426043105,0.007609126169554582,0.8401594972027908
2022-10-25 04:00:00+00:00,0.11098155236722367,0.04124982426043105,0.007609126169554582,0.8401594972027908
2022-10-26 04:00:00+00:00,0.11098155236722367,0.04124982426043105,0.007609126169554582,0.8401594972027908
2022-10-27 04:00:00+00:00,0.11098155236722367,0.04124982426043105,0.007609126169554582,0.8401594972027908
2022-10-28 04:00:00+00:00,0.11098155236722367,0.04124982426043105,0.007609126169554582,0.8401594972027908
2022-10-31 04:00:00+00:00,0.2692380901810378,0.4342220589773195,0.29653985084164275,0.0
2022-11-01 04:00:00+00:00,0.2692380901810378,0.4342220589773195,0.29653985084164275,0.0
2022-11-02 04:00:00+00:00,0.2692380901810378,0.4342220589773195,0.29653985084164275,0.0
2022-11-03 04:00:00+00:00,0.2692380901810378,0.4342220589773195,0.29653985084164275,0.0
2022-11-04 04:00:00+00:00,0.2692380901810378,0.4342220589773195,0.29653985084164275,0.0
2022-11-07 05:00:00+00:00,0.2692380901810378,0.4342220589773195,0.29653985084164275,0.0
2022-11-08 05:00:00+00:00,0.2692380901810378,0.4342220589773195,0.29653985084164275,0.0
2022-11-09 05:00:00+00:00,0.2692380901810378,0.4342220589773195,0.29653985084164275,0.0
2022-11-10 05:00:00+00:00,0.2692380901810378,0.4342220589773195,0.29653985084164275,0.0
2022-11-11 05:00:00+00:00,0.2692380901810378,0.4342220589773195,0.29653985084164275,0.0
2022-11-14 05:00:00+00:00,0.2692380901810378,0.4342220589773195,0.29653985084164275,0.0
2022-11-15 05:00:00+00:00,0.2692380901810378,0.4342220589773195,0.29653985084164275,0.0
2022-11-16 05:00:00+00:00,0.2692380901810378,0.4342220589773195,0.29653985084164275,0.0
2022-11-17 05:00:00+00:00,0.2692380901810378,0.4342220589773195,0.29653985084164275,0.0
2022-11-18 05:00:00+00:00,0.2692380901810378,0.4342220589773195,0.29653985084164275,0.0
2022-11-21 05:00:00+00:00,0.2692380901810378,0.4342220589773195,0.29653985084164275,0.0
2022-11-22 05:00:00+00:00,0.2692380901810378,0.4342220589773195,0.29653985084164275,0.0
2022-11-23 05:00:00+00:00,0.2692380901810378,0.4342220589773195,0.29653985084164275,0.0
2022-11-25 05:00:00+00:00,0.2692380901810378,0.4342220589773195,0.29653985084164275,0.0
2022-11-28 05:00:00+00:00,0.2692380901810378,0.4342220589773195,0.29653985084164275,0.0
2022-11-29 05:00:00+00:00,0.2692380901810378,0.4342220589773195,0.29653985084164275,0.0
2022-11-30 05:00:00+00:00,0.45937354125678453,0.29436821446869144,0.246258244274524,0.0
2022-12-01 05:00:00+00:00,0.45937354125678453,0.29436821446869144,0.246258244274524,0.0
2022-12-02 05:00:00+00:00,0.45937354125678453,0.29436821446869144,0.246258244274524,0.0
2022-12-05 05:00:00+00:00,0.45937354125678453,0.29436821446869144,0.246258244274524,0.0
2022-12-06 05:00:00+00:00,0.45937354125678453,0.29436821446869144,0.246258244274524,0.0
2022-12-07 05:00:00+00:00,0.45937354125678453,0.29436821446869144,0.246258244274524,0.0
2022-12-08 05:00:00+00:00,0.45937354125678453,0.29436821446869144,0.246258244274524,0.0
2022-12-09 05:00:00+00:00,0.45937354125678453,0.29436821446869144,0.246258244274524,0.0
2022-12-12 05:00:00+00:00,0.45937354125678453,0.29436821446869144,0.246258244274524,0.0
2022-12-13 05:00:00+00:00,0.45937354125678453,0.29436821446869144,0.246258244274524,0.0
2022-12-14 05:00:00+00:00,0.45937354125678453,0.29436821446869144,0.246258244274524,0.0
2022-12-15 05:00:00+00:00,0.45937354125678453,0.29436821446869144,0.246258244274524,0.0
2022-12-16 05:00:00+00:00,0.45937354125678453,0.29436821446869144,0.246258244274524,0.0
2022-12-19 05:00:00+00:00,0.45937354125678453,0.29436821446869144,0.246258244274524,0.0
2022-12-20 05:00:00+00:00,0.45937354125678453,0.29436821446869144,0.246258244274524,0.0
2022-12-21 05:00:00+00:00,0.45937354125678453,0.29436821446869144,0.246258244274524,0.0
2022-12-22 05:00:00+00:00,0.45937354125678453,0.29436821446869144,0.246258244274524,0.0
2022-12-23 05:00:00+00:00,0.45937354125678453,0.29436821446869144,0.246258244274524,0.0
2022-12-27 05:00:00+00:00,0.45937354125678453,0.29436821446869144,0.246258244274524,0.0
2022-12-28 05:00:00+00:00,0.45937354125678453,0.29436821446869144,0.246258244274524,0.0
2022-12-29 05:00:00+00:00,0.45937354125678453,0.29436821446869144,0.246258244274524,0.0
2022-12-30 05:00:00+00:00,0.4259599999875624,0.371500000343406,0.2025399996690315,0.0
2023-01-03 05:00:00+00:00,0.4259599999875624,0.371500000343406,0.2025399996690315,0.0
2023-01-04 05:00:00+00:00,0.4259599999875624,0.371500000343406,0.2025399996690315,0.0
2023-01-05 05:00:00+00:00,0.4259599999875624,0.371500000343406,0.2025399996690315,0.0
2023-01-06 05:00:00+00:00,0.4259599999875624,0.371500000343406,0.2025399996690315,0.0
2023-01-09 05:00:00+00:00,0.4259599999875624,0.371500000343406,0.2025399996690315,0.0
2023-01-10 05:00:00+00:00,0.4259599999875624,0.371500000343406,0.2025399996690315,0.0
2023-01-11 05:00:00+00:00,0.4259599999875624,0.371500000343406,0.2025399996690315,0.0
2023-01-12 05:00:00+00:00,0.4259599999875624,0.371500000343406,0.2025399996690315,0.0
2023-01-13 05:00:00+00:00,0.4259599999875624,0.371500000343406,0.2025399996690315,0.0
2023-01-17 05:00:00+00:00,0.4259599999875624,0.371500000343406,0.2025399996690315,0.0
2023-01-18 05:00:00+00:00,0.4259599999875624,0.371500000343406,0.2025399996690315,0.0
2023-01-19 05:00:00+00:00,0.4259599999875624,0.371500000343406,0.2025399996690315,0.0
2023-01-20 05:00:00+00:00,0.4259599999875624,0.371500000343406,0.2025399996690315,0.0
2023-01-23 05:00:00+00:00,0.4259599999875624,0.371500000343406,0.2025399996690315,0.0
2023-01-24 05:00:00+00:00,0.4259599999875624,0.371500000343406,0.2025399996690315,0.0
2023-01-25 05:00:00+00:00,0.4259599999875624,0.371500000343406,0.2025399996690315,0.0
2023-01-26 05:00:00+00:00,0.4259599999875624,0.371500000343406,0.2025399996690315,0.0
2023-01-27 05:00:00+00:00,0.4259599999875624,0.371500000343406,0.2025399996690315,0.0
2023-01-30 05:00:00+00:00,0.4259599999875624,0.371500000343406,0.2025399996690315,0.0
2023-01-31 05:00:00+00:00,0.4259599999875624,0.371500000343406,0.2025399996690315,0.0
2023-02-01 05:00:00+00:00,0.4706039724897561,0.47779452793114574,0.05160149957909815,0.0
2023-02-02 05:00:00+00:00,0.4706039724897561,0.47779452793114574,0.05160149957909815,0.0
2023-02-03 05:00:00+00:00,0.4706039724897561,0.47779452793114574,0.05160149957909815,0.0
2023-02-06 05:00:00+00:00,0.4706039724897561,0.47779452793114574,0.05160149957909815,0.0
2023-02-07 05:00:00+00:00,0.4706039724897561,0.47779452793114574,0.05160149957909815,0.0
2023-02-08 05:00:00+00:00,0.4706039724897561,0.47779452793114574,0.05160149957909815,0.0
2023-02-09 05:00:00+00:00,0.4706039724897561,0.47779452793114574,0.05160149957909815,0.0
2023-02-10 05:00:00+00:00,0.4706039724897561,0.47779452793114574,0.05160149957909815,0.0
2023-02-13 05:00:00+00:00,0.4706039724897561,0.47779452793114574,0.05160149957909815,0.0
2023-02-14 05:00:00+00:00,0.4706039724897561,0.47779452793114574,0.05160149957909815,0.0
2023-02-15 05:00:00+00:00,0.4706039724897561,0.47779452793114574,0.05160149957909815,0.0
2023-02-16 05:00:00+00:00,0.4706039724897561,0.47779452793114574,0.05160149957909815,0.0
2023-02-17 05:00:00+00:00,0.4706039724897561,0.47779452793114574,0.05160149957909815,0.0
2023-02-21 05:00:00+00:00,0.4706039724897561,0.47779452793114574,0.05160149957909815,0.0
2023-02-22 05:00:00+00:00,0.4706039724897561,0.47779452793114574,0.05160149957909815,0.0
2023-02-23 05:00:00+00:00,0.4706039724897561,0.47779452793114574,0.05160149957909815,0.0
2023-02-24 05:00:00+00:00,0.4706039724897561,0.47779452793114574,0.05160149957909815,0.0
2023-02-27 05:00:00+00:00,0.4706039724897561,0.47779452793114574,0.05160149957909815,0.0
2023-02-28 05:00:00+00:00,0.4706039724897561,0.47779452793114574,0.05160149957909815,0.0
2023-03-01 05:00:00+00:00,0.4706039724897561,0.47779452793114574,0.05160149957909815,0.0
2023-03-02 05:00:00+00:00,0.4706039724897561,0.47779452793114574,0.05160149957909815,0.0
2023-03-03 05:00:00+00:00,0.44453367072487926,0.4016593513060537,0.15380697796906692,0.0
2023-03-06 05:00:00+00:00,0.44453367072487926,0.4016593513060537,0.15380697796906692,0.0
2023-03-07 05:00:00+00:00,0.44453367072487926,0.4016593513060537,0.15380697796906692,0.0
2023-03-08 05:00:00+00:00,0.44453367072487926,0.4016593513060537,0.15380697796906692,0.0
2023-03-09 05:00:00+00:00,0.44453367072487926,0.4016593513060537,0.15380697796906692,0.0
2023-03-10 05:00:00+00:00,0.44453367072487926,0.4016593513060537,0.15380697796906692,0.0
2023-03-13 04:00:00+00:00,0.44453367072487926,0.4016593513060537,0.15380697796906692,0.0
2023-03-14 04:00:00+00:00,0.44453367072487926,0.4016593513060537,0.15380697796906692,0.0
2023-03-15 04:00:00+00:00,0.44453367072487926,0.4016593513060537,0.15380697796906692,0.0
2023-03-16 04:00:00+00:00,0.44453367072487926,0.4016593513060537,0.15380697796906692,0.0
2023-03-17 04:00:00+00:00,0.44453367072487926,0.4016593513060537,0.15380697796906692,0.0
2023-03-20 04:00:00+00:00,0.44453367072487926,0.4016593513060537,0.15380697796906692,0.0
2023-03-21 04:00:00+00:00,0.44453367072487926,0.4016593513060537,0.15380697796906692,0.0
2023-03-22 04:00:00+00:00,0.44453367072487926,0.4016593513060537,0.15380697796906692,0.0
2023-03-23 04:00:00+00:00,0.44453367072487926,0.4016593513060537,0.15380697796906692,0.0
2023-03-24 04:00:00+00:00,0.44453367072487926,0.4016593513060537,0.15380697796906692,0.0
2023-03-27 04:00:00+00:00,0.44453367072487926,0.4016593513060537,0.15380697796906692,0.0
2023-03-28 04:00:00+00:00,0.44453367072487926,0.4016593513060537,0.15380697796906692,0.0
2023-03-29 04:00:00+00:00,0.44453367072487926,0.4016593513060537,0.15380697796906692,0.0
2023-03-30 04:00:00+00:00,0.44453367072487926,0.4016593513060537,0.15380697796906692,0.0
2023-03-31 04:00:00+00:00,0.44453367072487926,0.4016593513060537,0.15380697796906692,0.0
2023-04-03 04:00:00+00:00,0.4821999999987007,0.38283000000386774,0.13496999999743164,0.0
2023-04-04 04:00:00+00:00,0.4821999999987007,0.38283000000386774,0.13496999999743164,0.0
2023-04-05 04:00:00+00:00,0.4821999999987007,0.38283000000386774,0.13496999999743164,0.0
2023-04-06 04:00:00+00:00,0.4821999999987007,0.38283000000386774,0.13496999999743164,0.0
2023-04-10 04:00:00+00:00,0.4821999999987007,0.38283000000386774,0.13496999999743164,0.0
2023-04-11 04:00:00+00:00,0.4821999999987007,0.38283000000386774,0.13496999999743164,0.0
2023-04-12 04:00:00+00:00,0.4821999999987007,0.38283000000386774,0.13496999999743164,0.0
2023-04-13 04:00:00+00:00,0.4821999999987007,0.38283000000386774,0.13496999999743164,0.0
2023-04-14 04:00:00+00:00,0.4821999999987007,0.38283000000386774,0.13496999999743164,0.0
2023-04-17 04:00:00+00:00,0.4821999999987007,0.38283000000386774,0.13496999999743164,0.0
2023-04-18 04:00:00+00:00,0.4821999999987007,0.38283000000386774,0.13496999999743164,0.0
2023-04-19 04:00:00+00:00,0.4821999999987007,0.38283000000386774,0.13496999999743164,0.0
2023-04-20 04:00:00+00:00,0.4821999999987007,0.38283000000386774,0.13496999999743164,0.0
2023-04-21 04:00:00+00:00,0.4821999999987007,0.38283000000386774,0.13496999999743164,0.0
2023-04-24 04:00:00+00:00,0.4821999999987007,0.38283000000386774,0.13496999999743164,0.0
2023-04-25 04:00:00+00:00,0.4821999999987007,0.38283000000386774,0.13496999999743164,0.0
2023-04-26 04:00:00+00:00,0.4821999999987007,0.38283000000386774,0.13496999999743164,0.0
2023-04-27 04:00:00+00:00,0.4821999999987007,0.38283000000386774,0.13496999999743164,0.0
2023-04-28 04:00:00+00:00,0.4821999999987007,0.38283000000386774,0.13496999999743164,0.0
2023-05-01 04:00:00+00:00,0.4821999999987007,0.38283000000386774,0.13496999999743164,0.0
2023-05-02 04:00:00+00:00,0.4821999999987007,0.38283000000386774,0.13496999999743164,0.0
2023-05-03 04:00:00+00:00,0.11171256913935973,0.8550570718308488,0.03323035902979151,0.0
2023-05-04 04:00:00+00:00,0.11171256913935973,0.8550570718308488,0.03323035902979151,0.0
2023-05-05 04:00:00+00:00,0.11171256913935973,0.8550570718308488,0.03323035902979151,0.0
2023-05-08 04:00:00+00:00,0.11171256913935973,0.8550570718308488,0.03323035902979151,0.0
2023-05-09 04:00:00+00:00,0.11171256913935973,0.8550570718308488,0.03323035902979151,0.0
2023-05-10 04:00:00+00:00,0.11171256913935973,0.8550570718308488,0.03323035902979151,0.0
2023-05-11 04:00:00+00:00,0.11171256913935973,0.8550570718308488,0.03323035902979151,0.0
2023-05-12 04:00:00+00:00,0.11171256913935973,0.8550570718308488,0.03323035902979151,0.0
2023-05-15 04:00:00+00:00,0.11171256913935973,0.8550570718308488,0.03323035902979151,0.0
2023-05-16 04:00:00+00:00,0.11171256913935973,0.8550570718308488,0.03323035902979151,0.0
2023-05-17 04:00:00+00:00,0.11171256913935973,0.8550570718308488,0.03323035902979151,0.0
2023-05-18 04:00:00+00:00,0.11171256913935973,0.8550570718308488,0.03323035902979151,0.0
2023-05-19 04:00:00+00:00,0.11171256913935973,0.8550570718308488,0.03323035902979151,0.0
2023-05-22 04:00:00+00:00,0.11171256913935973,0.8550570718308488,0.03323035902979151,0.0
2023-05-23 04:00:00+00:00,0.11171256913935973,0.8550570718308488,0.03323035902979151,0.0
2023-05-24 04:00:00+00:00,0.11171256913935973,0.8550570718308488,0.03323035902979151,0.0
2023-05-25 04:00:00+00:00,0.11171256913935973,0.8550570718308488,0.03323035902979151,0.0
2023-05-26 04:00:00+00:00,0.11171256913935973,0.8550570718308488,0.03323035902979151,0.0
2023-05-30 04:00:00+00:00,0.11171256913935973,0.8550570718308488,0.03323035902979151,0.0
2023-05-31 04:00:00+00:00,0.11171256913935973,0.8550570718308488,0.03323035902979151,0.0
2023-06-01 04:00:00+00:00,0.11171256913935973,0.8550570718308488,0.03323035902979151,0.0
2023-06-02 04:00:00+00:00,0.45378777877976,0.5144169439007112,0.03179527731952886,0.0
2023-06-05 04:00:00+00:00,0.45378777877976,0.5144169439007112,0.03179527731952886,0.0
2023-06-06 04:00:00+00:00,0.45378777877976,0.5144169439007112,0.03179527731952886,0.0
2023-06-07 04:00:00+00:00,0.45378777877976,0.5144169439007112,0.03179527731952886,0.0
2023-06-08 04:00:00+00:00,0.45378777877976,0.5144169439007112,0.03179527731952886,0.0
2023-06-09 04:00:00+00:00,0.45378777877976,0.5144169439007112,0.03179527731952886,0.0
2023-06-12 04:00:00+00:00,0.45378777877976,0.5144169439007112,0.03179527731952886,0.0
2023-06-13 04:00:00+00:00,0.45378777877976,0.5144169439007112,0.03179527731952886,0.0
2023-06-14 04:00:00+00:00,0.45378777877976,0.5144169439007112,0.03179527731952886,0.0
2023-06-15 04:00:00+00:00,0.45378777877976,0.5144169439007112,0.03179527731952886,0.0
2023-06-16 04:00:00+00:00,0.45378777877976,0.5144169439007112,0.03179527731952886,0.0
2023-06-20 04:00:00+00:00,0.45378777877976,0.5144169439007112,0.03179527731952886,0.0
2023-06-21 04:00:00+00:00,0.45378777877976,0.5144169439007112,0.03179527731952886,0.0
2023-06-22 04:00:00+00:00,0.45378777877976,0.5144169439007112,0.03179527731952886,0.0
2023-06-23 04:00:00+00:00,0.45378777877976,0.5144169439007112,0.03179527731952886,0.0
2023-06-26 04:00:00+00:00,0.45378777877976,0.5144169439007112,0.03179527731952886,0.0
2023-06-27 04:00:00+00:00,0.45378777877976,0.5144169439007112,0.03179527731952886,0.0
2023-06-28 04:00:00+00:00,0.45378777877976,0.5144169439007112,0.03179527731952886,0.0
2023-06-29 04:00:00+00:00,0.45378777877976,0.5144169439007112,0.03179527731952886,0.0
2023-06-30 04:00:00+00:00,0.45378777877976,0.5144169439007112,0.03179527731952886,0.0
2023-07-03 04:00:00+00:00,0.45378777877976,0.5144169439007112,0.03179527731952886,0.0
2023-07-05 04:00:00+00:00,0.7527372719951044,0.19264133093561275,0.05462139706928284,0.0
2023-07-06 04:00:00+00:00,0.7527372719951044,0.19264133093561275,0.05462139706928284,0.0
2023-07-07 04:00:00+00:00,0.7527372719951044,0.19264133093561275,0.05462139706928284,0.0
2023-07-10 04:00:00+00:00,0.7527372719951044,0.19264133093561275,0.05462139706928284,0.0
2023-07-11 04:00:00+00:00,0.7527372719951044,0.19264133093561275,0.05462139706928284,0.0
2023-07-12 04:00:00+00:00,0.7527372719951044,0.19264133093561275,0.05462139706928284,0.0
2023-07-13 04:00:00+00:00,0.7527372719951044,0.19264133093561275,0.05462139706928284,0.0
2023-07-14 04:00:00+00:00,0.7527372719951044,0.19264133093561275,0.05462139706928284,0.0
2023-07-17 04:00:00+00:00,0.7527372719951044,0.19264133093561275,0.05462139706928284,0.0
2023-07-18 04:00:00+00:00,0.7527372719951044,0.19264133093561275,0.05462139706928284,0.0
2023-07-19 04:00:00+00:00,0.7527372719951044,0.19264133093561275,0.05462139706928284,0.0
2023-07-20 04:00:00+00:00,0.7527372719951044,0.19264133093561275,0.05462139706928284,0.0
2023-07-21 04:00:00+00:00,0.7527372719951044,0.19264133093561275,0.05462139706928284,0.0
2023-07-24 04:00:00+00:00,0.7527372719951044,0.19264133093561275,0.05462139706928284,0.0
2023-07-25 04:00:00+00:00,0.7527372719951044,0.19264133093561275,0.05462139706928284,0.0
2023-07-26 04:00:00+00:00,0.7527372719951044,0.19264133093561275,0.05462139706928284,0.0
2023-07-27 04:00:00+00:00,0.7527372719951044,0.19264133093561275,0.05462139706928284,0.0
2023-07-28 04:00:00+00:00,0.7527372719951044,0.19264133093561275,0.05462139706928284,0.0
2023-07-31 04:00:00+00:00,0.7527372719951044,0.19264133093561275,0.05462139706928284,0.0
2023-08-01 04:00:00+00:00,0.7527372719951044,0.19264133093561275,0.05462139706928284,0.0
2023-08-02 04:00:00+00:00,0.7527372719951044,0.19264133093561275,0.05462139706928284,0.0
2023-08-03 04:00:00+00:00,0.6402533023809899,0.3597418042626713,4.893356338829804e-06,0.0
2023-08-04 04:00:00+00:00,0.6402533023809899,0.3597418042626713,4.893356338829804e-06,0.0
2023-08-07 04:00:00+00:00,0.6402533023809899,0.3597418042626713,4.893356338829804e-06,0.0
2023-08-08 04:00:00+00:00,0.6402533023809899,0.3597418042626713,4.893356338829804e-06,0.0
2023-08-09 04:00:00+00:00,0.6402533023809899,0.3597418042626713,4.893356338829804e-06,0.0
2023-08-10 04:00:00+00:00,0.6402533023809899,0.3597418042626713,4.893356338829804e-06,0.0
2023-08-11 04:00:00+00:00,0.6402533023809899,0.3597418042626713,4.893356338829804e-06,0.0
2023-08-14 04:00:00+00:00,0.6402533023809899,0.3597418042626713,4.893356338829804e-06,0.0
2023-08-15 04:00:00+00:00,0.6402533023809899,0.3597418042626713,4.893356338829804e-06,0.0
2023-08-16 04:00:00+00:00,0.6402533023809899,0.3597418042626713,4.893356338829804e-06,0.0
2023-08-17 04:00:00+00:00,0.6402533023809899,0.3597418042626713,4.893356338829804e-06,0.0
2023-08-18 04:00:00+00:00,0.6402533023809899,0.3597418042626713,4.893356338829804e-06,0.0
2023-08-21 04:00:00+00:00,0.6402533023809899,0.3597418042626713,4.893356338829804e-06,0.0
2023-08-22 04:00:00+00:00,0.6402533023809899,0.3597418042626713,4.893356338829804e-06,0.0
2023-08-23 04:00:00+00:00,0.6402533023809899,0.3597418042626713,4.893356338829804e-06,0.0
2023-08-24 04:00:00+00:00,0.6402533023809899,0.3597418042626713,4.893356338829804e-06,0.0
2023-08-25 04:00:00+00:00,0.6402533023809899,0.3597418042626713,4.893356338829804e-06,0.0
2023-08-28 04:00:00+00:00,0.6402533023809899,0.3597418042626713,4.893356338829804e-06,0.0
2023-08-29 04:00:00+00:00,0.6402533023809899,0.3597418042626713,4.893356338829804e-06,0.0
2023-08-30 04:00:00+00:00,0.6402533023809899,0.3597418042626713,4.893356338829804e-06,0.0
2023-08-31 04:00:00+00:00,0.6402533023809899,0.3597418042626713,4.893356338829804e-06,0.0
2023-09-01 04:00:00+00:00,0.28609289039824887,0.4375020031443326,0.27640120547299274,3.9009844259205335e-06
2023-09-05 04:00:00+00:00,0.28609289039824887,0.4375020031443326,0.27640120547299274,3.9009844259205335e-06
2023-09-06 04:00:00+00:00,0.28609289039824887,0.4375020031443326,0.27640120547299274,3.9009844259205335e-06
2023-09-07 04:00:00+00:00,0.28609289039824887,0.4375020031443326,0.27640120547299274,3.9009844259205335e-06
2023-09-08 04:00:00+00:00,0.28609289039824887,0.4375020031443326,0.27640120547299274,3.9009844259205335e-06
2023-09-11 04:00:00+00:00,0.28609289039824887,0.4375020031443326,0.27640120547299274,3.9009844259205335e-06
2023-09-12 04:00:00+00:00,0.28609289039824887,0.4375020031443326,0.27640120547299274,3.9009844259205335e-06
2023-09-13 04:00:00+00:00,0.28609289039824887,0.4375020031443326,0.27640120547299274,3.9009844259205335e-06
2023-09-14 04:00:00+00:00,0.28609289039824887,0.4375020031443326,0.27640120547299274,3.9009844259205335e-06
2023-09-15 04:00:00+00:00,0.28609289039824887,0.4375020031443326,0.27640120547299274,3.9009844259205335e-06
2023-09-18 04:00:00+00:00,0.28609289039824887,0.4375020031443326,0.27640120547299274,3.9009844259205335e-06
2023-09-19 04:00:00+00:00,0.28609289039824887,0.4375020031443326,0.27640120547299274,3.9009844259205335e-06
2023-09-20 04:00:00+00:00,0.28609289039824887,0.4375020031443326,0.27640120547299274,3.9009844259205335e-06
2023-09-21 04:00:00+00:00,0.28609289039824887,0.4375020031443326,0.27640120547299274,3.9009844259205335e-06
2023-09-22 04:00:00+00:00,0.28609289039824887,0.4375020031443326,0.27640120547299274,3.9009844259205335e-06
2023-09-25 04:00:00+00:00,0.28609289039824887,0.4375020031443326,0.27640120547299274,3.9009844259205335e-06
2023-09-26 04:00:00+00:00,0.28609289039824887,0.4375020031443326,0.27640120547299274,3.9009844259205335e-06
2023-09-27 04:00:00+00:00,0.28609289039824887,0.4375020031443326,0.27640120547299274,3.9009844259205335e-06
2023-09-28 04:00:00+00:00,0.28609289039824887,0.4375020031443326,0.27640120547299274,3.9009844259205335e-06
2023-09-29 04:00:00+00:00,0.28609289039824887,0.4375020031443326,0.27640120547299274,3.9009844259205335e-06
2023-10-02 04:00:00+00:00,0.28609289039824887,0.4375020031443326,0.27640120547299274,3.9009844259205335e-06
2023-10-03 04:00:00+00:00,1.8322793948755135e-13,0.20106000000005048,0.7989399999997576,8.751612767810003e-15
2023-10-04 04:00:00+00:00,1.8322793948755135e-13,0.20106000000005048,0.7989399999997576,8.751612767810003e-15
2023-10-05 04:00:00+00:00,1.8322793948755135e-13,0.20106000000005048,0.7989399999997576,8.751612767810003e-15
2023-10-06 04:00:00+00:00,1.8322793948755135e-13,0.20106000000005048,0.7989399999997576,8.751612767810003e-15
2023-10-09 04:00:00+00:00,1.8322793948755135e-13,0.20106000000005048,0.7989399999997576,8.751612767810003e-15
2023-10-10 04:00:00+00:00,1.8322793948755135e-13,0.20106000000005048,0.7989399999997576,8.751612767810003e-15
2023-10-11 04:00:00+00:00,1.8322793948755135e-13,0.20106000000005048,0.7989399999997576,8.751612767810003e-15
2023-10-12 04:00:00+00:00,1.8322793948755135e-13,0.20106000000005048,0.7989399999997576,8.751612767810003e-15
2023-10-13 04:00:00+00:00,1.8322793948755135e-13,0.20106000000005048,0.7989399999997576,8.751612767810003e-15
2023-10-16 04:00:00+00:00,1.8322793948755135e-13,0.20106000000005048,0.7989399999997576,8.751612767810003e-15
2023-10-17 04:00:00+00:00,1.8322793948755135e-13,0.20106000000005048,0.7989399999997576,8.751612767810003e-15
2023-10-18 04:00:00+00:00,1.8322793948755135e-13,0.20106000000005048,0.7989399999997576,8.751612767810003e-15
2023-10-19 04:00:00+00:00,1.8322793948755135e-13,0.20106000000005048,0.7989399999997576,8.751612767810003e-15
2023-10-20 04:00:00+00:00,1.8322793948755135e-13,0.20106000000005048,0.7989399999997576,8.751612767810003e-15
2023-10-23 04:00:00+00:00,1.8322793948755135e-13,0.20106000000005048,0.7989399999997576,8.751612767810003e-15
2023-10-24 04:00:00+00:00,1.8322793948755135e-13,0.20106000000005048,0.7989399999997576,8.751612767810003e-15
2023-10-25 04:00:00+00:00,1.8322793948755135e-13,0.20106000000005048,0.7989399999997576,8.751612767810003e-15
2023-10-26 04:00:00+00:00,1.8322793948755135e-13,0.20106000000005048,0.7989399999997576,8.751612767810003e-15
2023-10-27 04:00:00+00:00,1.8322793948755135e-13,0.20106000000005048,0.7989399999997576,8.751612767810003e-15
2023-10-30 04:00:00+00:00,1.8322793948755135e-13,0.20106000000005048,0.7989399999997576,8.751612767810003e-15
2023-10-31 04:00:00+00:00,1.8322793948755135e-13,0.20106000000005048,0.7989399999997576,8.751612767810003e-15
2023-11-01 04:00:00+00:00,2.978765678562923e-14,0.6263999999999883,0.37359999999998195,0.0
2023-11-02 04:00:00+00:00,2.978765678562923e-14,0.6263999999999883,0.37359999999998195,0.0
2023-11-03 04:00:00+00:00,2.978765678562923e-14,0.6263999999999883,0.37359999999998195,0.0
2023-11-06 05:00:00+00:00,2.978765678562923e-14,0.6263999999999883,0.37359999999998195,0.0
2023-11-07 05:00:00+00:00,2.978765678562923e-14,0.6263999999999883,0.37359999999998195,0.0
2023-11-08 05:00:00+00:00,2.978765678562923e-14,0.6263999999999883,0.37359999999998195,0.0
2023-11-09 05:00:00+00:00,2.978765678562923e-14,0.6263999999999883,0.37359999999998195,0.0
2023-11-10 05:00:00+00:00,2.978765678562923e-14,0.6263999999999883,0.37359999999998195,0.0
2023-11-13 05:00:00+00:00,2.978765678562923e-14,0.6263999999999883,0.37359999999998195,0.0
2023-11-14 05:00:00+00:00,2.978765678562923e-14,0.6263999999999883,0.37359999999998195,0.0
2023-11-15 05:00:00+00:00,2.978765678562923e-14,0.6263999999999883,0.37359999999998195,0.0
2023-11-16 05:00:00+00:00,2.978765678562923e-14,0.6263999999999883,0.37359999999998195,0.0
2023-11-17 05:00:00+00:00,2.978765678562923e-14,0.6263999999999883,0.37359999999998195,0.0
2023-11-20 05:00:00+00:00,2.978765678562923e-14,0.6263999999999883,0.37359999999998195,0.0
2023-11-21 05:00:00+00:00,2.978765678562923e-14,0.6263999999999883,0.37359999999998195,0.0
2023-11-22 05:00:00+00:00,2.978765678562923e-14,0.6263999999999883,0.37359999999998195,0.0
2023-11-24 05:00:00+00:00,2.978765678562923e-14,0.6263999999999883,0.37359999999998195,0.0
2023-11-27 05:00:00+00:00,2.978765678562923e-14,0.6263999999999883,0.37359999999998195,0.0
2023-11-28 05:00:00+00:00,2.978765678562923e-14,0.6263999999999883,0.37359999999998195,0.0
2023-11-29 05:00:00+00:00,2.978765678562923e-14,0.6263999999999883,0.37359999999998195,0.0
2023-11-30 05:00:00+00:00,2.978765678562923e-14,0.6263999999999883,0.37359999999998195,0.0
2023-12-01 05:00:00+00:00,0.08588635104268394,0.872252141001405,0.04182578081315784,3.5727142753264564e-05
2023-12-04 05:00:00+00:00,0.08588635104268394,0.872252141001405,0.04182578081315784,3.5727142753264564e-05
2023-12-05 05:00:00+00:00,0.08588635104268394,0.872252141001405,0.04182578081315784,3.5727142753264564e-05
2023-12-06 05:00:00+00:00,0.08588635104268394,0.872252141001405,0.04182578081315784,3.5727142753264564e-05
2023-12-07 05:00:00+00:00,0.08588635104268394,0.872252141001405,0.04182578081315784,3.5727142753264564e-05
2023-12-08 05:00:00+00:00,0.08588635104268394,0.872252141001405,0.04182578081315784,3.5727142753264564e-05
2023-12-11 05:00:00+00:00,0.08588635104268394,0.872252141001405,0.04182578081315784,3.5727142753264564e-05
2023-12-12 05:00:00+00:00,0.08588635104268394,0.872252141001405,0.04182578081315784,3.5727142753264564e-05
2023-12-13 05:00:00+00:00,0.08588635104268394,0.872252141001405,0.04182578081315784,3.5727142753264564e-05
2023-12-14 05:00:00+00:00,0.08588635104268394,0.872252141001405,0.04182578081315784,3.5727142753264564e-05
2023-12-15 05:00:00+00:00,0.08588635104268394,0.872252141001405,0.04182578081315784,3.5727142753264564e-05
2023-12-18 05:00:00+00:00,0.08588635104268394,0.872252141001405,0.04182578081315784,3.5727142753264564e-05
2023-12-19 05:00:00+00:00,0.08588635104268394,0.872252141001405,0.04182578081315784,3.5727142753264564e-05
2023-12-20 05:00:00+00:00,0.08588635104268394,0.872252141001405,0.04182578081315784,3.5727142753264564e-05
2023-12-21 05:00:00+00:00,0.08588635104268394,0.872252141001405,0.04182578081315784,3.5727142753264564e-05
2023-12-22 05:00:00+00:00,0.08588635104268394,0.872252141001405,0.04182578081315784,3.5727142753264564e-05
2023-12-26 05:00:00+00:00,0.08588635104268394,0.872252141001405,0.04182578081315784,3.5727142753264564e-05
2023-12-27 05:00:00+00:00,0.08588635104268394,0.872252141001405,0.04182578081315784,3.5727142753264564e-05
2023-12-28 05:00:00+00:00,0.08588635104268394,0.872252141001405,0.04182578081315784,3.5727142753264564e-05
2023-12-29 05:00:00+00:00,0.08588635104268394,0.872252141001405,0.04182578081315784,3.5727142753264564e-05
2024-01-02 05:00:00+00:00,0.08588635104268394,0.872252141001405,0.04182578081315784,3.5727142753264564e-05
2024-01-03 05:00:00+00:00,0.07860983363450838,0.4676097160481323,0.23879484901667383,0.21498560130068559
2024-01-04 05:00:00+00:00,0.07860983363450838,0.4676097160481323,0.23879484901667383,0.21498560130068559
2024-01-05 05:00:00+00:00,0.07860983363450838,0.4676097160481323,0.23879484901667383,0.21498560130068559
2024-01-08 05:00:00+00:00,0.07860983363450838,0.4676097160481323,0.23879484901667383,0.21498560130068559
2024-01-09 05:00:00+00:00,0.07860983363450838,0.4676097160481323,0.23879484901667383,0.21498560130068559
2024-01-10 05:00:00+00:00,0.07860983363450838,0.4676097160481323,0.23879484901667383,0.21498560130068559
2024-01-11 05:00:00+00:00,0.07860983363450838,0.4676097160481323,0.23879484901667383,0.21498560130068559
2024-01-12 05:00:00+00:00,0.07860983363450838,0.4676097160481323,0.23879484901667383,0.21498560130068559
2024-01-16 05:00:00+00:00,0.07860983363450838,0.4676097160481323,0.23879484901667383,0.21498560130068559
2024-01-17 05:00:00+00:00,0.07860983363450838,0.4676097160481323,0.23879484901667383,0.21498560130068559
2024-01-18 05:00:00+00:00,0.07860983363450838,0.4676097160481323,0.23879484901667383,0.21498560130068559
2024-01-19 05:00:00+00:00,0.07860983363450838,0.4676097160481323,0.23879484901667383,0.21498560130068559
2024-01-22 05:00:00+00:00,0.07860983363450838,0.4676097160481323,0.23879484901667383,0.21498560130068559
2024-01-23 05:00:00+00:00,0.07860983363450838,0.4676097160481323,0.23879484901667383,0.21498560130068559
2024-01-24 05:00:00+00:00,0.07860983363450838,0.4676097160481323,0.23879484901667383,0.21498560130068559
2024-01-25 05:00:00+00:00,0.07860983363450838,0.4676097160481323,0.23879484901667383,0.21498560130068559
2024-01-26 05:00:00+00:00,0.07860983363450838,0.4676097160481323,0.23879484901667383,0.21498560130068559
2024-01-29 05:00:00+00:00,0.07860983363450838,0.4676097160481323,0.23879484901667383,0.21498560130068559
2024-01-30 05:00:00+00:00,0.07860983363450838,0.4676097160481323,0.23879484901667383,0.21498560130068559
2024-01-31 05:00:00+00:00,0.07860983363450838,0.4676097160481323,0.23879484901667383,0.21498560130068559
2024-02-01 05:00:00+00:00,0.07860983363450838,0.4676097160481323,0.23879484901667383,0.21498560130068559
2024-02-02 05:00:00+00:00,0.05892052675175771,0.8989355345912284,0.04174817675013865,0.00039576190687526743
2024-02-05 05:00:00+00:00,0.05892052675175771,0.8989355345912284,0.04174817675013865,0.00039576190687526743
2024-02-06 05:00:00+00:00,0.05892052675175771,0.8989355345912284,0.04174817675013865,0.00039576190687526743
2024-02-07 05:00:00+00:00,0.05892052675175771,0.8989355345912284,0.04174817675013865,0.00039576190687526743
2024-02-08 05:00:00+00:00,0.05892052675175771,0.8989355345912284,0.04174817675013865,0.00039576190687526743
2024-02-09 05:00:00+00:00,0.05892052675175771,0.8989355345912284,0.04174817675013865,0.00039576190687526743
2024-02-12 05:00:00+00:00,0.05892052675175771,0.8989355345912284,0.04174817675013865,0.00039576190687526743
2024-02-13 05:00:00+00:00,0.05892052675175771,0.8989355345912284,0.04174817675013865,0.00039576190687526743
2024-02-14 05:00:00+00:00,0.05892052675175771,0.8989355345912284,0.04174817675013865,0.00039576190687526743
2024-02-15 05:00:00+00:00,0.05892052675175771,0.8989355345912284,0.04174817675013865,0.00039576190687526743
2024-02-16 05:00:00+00:00,0.05892052675175771,0.8989355345912284,0.04174817675013865,0.00039576190687526743
2024-02-20 05:00:00+00:00,0.05892052675175771,0.8989355345912284,0.04174817675013865,0.00039576190687526743
2024-02-21 05:00:00+00:00,0.05892052675175771,0.8989355345912284,0.04174817675013865,0.00039576190687526743
2024-02-22 05:00:00+00:00,0.05892052675175771,0.8989355345912284,0.04174817675013865,0.00039576190687526743
2024-02-23 05:00:00+00:00,0.05892052675175771,0.8989355345912284,0.04174817675013865,0.00039576190687526743
2024-02-26 05:00:00+00:00,0.05892052675175771,0.8989355345912284,0.04174817675013865,0.00039576190687526743
2024-02-27 05:00:00+00:00,0.05892052675175771,0.8989355345912284,0.04174817675013865,0.00039576190687526743
2024-02-28 05:00:00+00:00,0.05892052675175771,0.8989355345912284,0.04174817675013865,0.00039576190687526743
2024-02-29 05:00:00+00:00,0.05892052675175771,0.8989355345912284,0.04174817675013865,0.00039576190687526743
2024-03-01 05:00:00+00:00,0.05892052675175771,0.8989355345912284,0.04174817675013865,0.00039576190687526743
2024-03-04 05:00:00+00:00,0.05892052675175771,0.8989355345912284,0.04174817675013865,0.00039576190687526743
2024-03-05 05:00:00+00:00,1.2319389554704685e-10,0.9583999996456968,0.041600000179690025,5.1419286251075395e-11
2024-03-06 05:00:00+00:00,1.2319389554704685e-10,0.9583999996456968,0.041600000179690025,5.1419286251075395e-11
2024-03-07 05:00:00+00:00,1.2319389554704685e-10,0.9583999996456968,0.041600000179690025,5.1419286251075395e-11
2024-03-08 05:00:00+00:00,1.2319389554704685e-10,0.9583999996456968,0.041600000179690025,5.1419286251075395e-11
2024-03-11 04:00:00+00:00,1.2319389554704685e-10,0.9583999996456968,0.041600000179690025,5.1419286251075395e-11
2024-03-12 04:00:00+00:00,1.2319389554704685e-10,0.9583999996456968,0.041600000179690025,5.1419286251075395e-11
2024-03-13 04:00:00+00:00,1.2319389554704685e-10,0.9583999996456968,0.041600000179690025,5.1419286251075395e-11
2024-03-14 04:00:00+00:00,1.2319389554704685e-10,0.9583999996456968,0.041600000179690025,5.1419286251075395e-11
2024-03-15 04:00:00+00:00,1.2319389554704685e-10,0.9583999996456968,0.041600000179690025,5.1419286251075395e-11
2024-03-18 04:00:00+00:00,1.2319389554704685e-10,0.9583999996456968,0.041600000179690025,5.1419286251075395e-11
2024-03-19 04:00:00+00:00,1.2319389554704685e-10,0.9583999996456968,0.041600000179690025,5.1419286251075395e-11
2024-03-20 04:00:00+00:00,1.2319389554704685e-10,0.9583999996456968,0.041600000179690025,5.1419286251075395e-11
2024-03-21 04:00:00+00:00,1.2319389554704685e-10,0.9583999996456968,0.041600000179690025,5.1419286251075395e-11
2024-03-22 04:00:00+00:00,1.2319389554704685e-10,0.9583999996456968,0.041600000179690025,5.1419286251075395e-11
2024-03-25 04:00:00+00:00,1.2319389554704685e-10,0.9583999996456968,0.041600000179690025,5.1419286251075395e-11
2024-03-26 04:00:00+00:00,1.2319389554704685e-10,0.9583999996456968,0.041600000179690025,5.1419286251075395e-11
2024-03-27 04:00:00+00:00,1.2319389554704685e-10,0.9583999996456968,0.041600000179690025,5.1419286251075395e-11
2024-03-28 04:00:00+00:00,1.2319389554704685e-10,0.9583999996456968,0.041600000179690025,5.1419286251075395e-11
2024-04-01 04:00:00+00:00,1.2319389554704685e-10,0.9583999996456968,0.041600000179690025,5.1419286251075395e-11
2024-04-02 04:00:00+00:00,1.2319389554704685e-10,0.9583999996456968,0.041600000179690025,5.1419286251075395e-11
2024-04-03 04:00:00+00:00,1.2319389554704685e-10,0.9583999996456968,0.041600000179690025,5.1419286251075395e-11
2024-04-04 04:00:00+00:00,0.2985113224411867,0.5049672191226735,0.17184950120566664,0.024671957230473142
2024-04-05 04:00:00+00:00,0.2985113224411867,0.5049672191226735,0.17184950120566664,0.024671957230473142
2024-04-08 04:00:00+00:00,0.2985113224411867,0.5049672191226735,0.17184950120566664,0.024671957230473142
2024-04-09 04:00:00+00:00,0.2985113224411867,0.5049672191226735,0.17184950120566664,0.024671957230473142
2024-04-10 04:00:00+00:00,0.2985113224411867,0.5049672191226735,0.17184950120566664,0.024671957230473142
2024-04-11 04:00:00+00:00,0.2985113224411867,0.5049672191226735,0.17184950120566664,0.024671957230473142
2024-04-12 04:00:00+00:00,0.2985113224411867,0.5049672191226735,0.17184950120566664,0.024671957230473142
2024-04-15 04:00:00+00:00,0.2985113224411867,0.5049672191226735,0.17184950120566664,0.024671957230473142
2024-04-16 04:00:00+00:00,0.2985113224411867,0.5049672191226735,0.17184950120566664,0.024671957230473142
2024-04-17 04:00:00+00:00,0.2985113224411867,0.5049672191226735,0.17184950120566664,0.024671957230473142
2024-04-18 04:00:00+00:00,0.2985113224411867,0.5049672191226735,0.17184950120566664,0.024671957230473142
2024-04-19 04:00:00+00:00,0.2985113224411867,0.5049672191226735,0.17184950120566664,0.024671957230473142
2024-04-22 04:00:00+00:00,0.2985113224411867,0.5049672191226735,0.17184950120566664,0.024671957230473142
2024-04-23 04:00:00+00:00,0.2985113224411867,0.5049672191226735,0.17184950120566664,0.024671957230473142
2024-04-24 04:00:00+00:00,0.2985113224411867,0.5049672191226735,0.17184950120566664,0.024671957230473142
2024-04-25 04:00:00+00:00,0.2985113224411867,0.5049672191226735,0.17184950120566664,0.024671957230473142
2024-04-26 04:00:00+00:00,0.2985113224411867,0.5049672191226735,0.17184950120566664,0.024671957230473142
2024-04-29 04:00:00+00:00,0.2985113224411867,0.5049672191226735,0.17184950120566664,0.024671957230473142
2024-04-30 04:00:00+00:00,0.2985113224411867,0.5049672191226735,0.17184950120566664,0.024671957230473142
2024-05-01 04:00:00+00:00,0.2985113224411867,0.5049672191226735,0.17184950120566664,0.024671957230473142
2024-05-02 04:00:00+00:00,0.2985113224411867,0.5049672191226735,0.17184950120566664,0.024671957230473142
2024-05-03 04:00:00+00:00,0.4365599999999136,0.3743900000000359,0.18905000000003297,1.754757315986977e-14
2024-05-06 04:00:00+00:00,0.4365599999999136,0.3743900000000359,0.18905000000003297,1.754757315986977e-14
2024-05-07 04:00:00+00:00,0.4365599999999136,0.3743900000000359,0.18905000000003297,1.754757315986977e-14
2024-05-08 04:00:00+00:00,0.4365599999999136,0.3743900000000359,0.18905000000003297,1.754757315986977e-14
2024-05-09 04:00:00+00:00,0.4365599999999136,0.3743900000000359,0.18905000000003297,1.754757315986977e-14
2024-05-10 04:00:00+00:00,0.4365599999999136,0.3743900000000359,0.18905000000003297,1.754757315986977e-14
2024-05-13 04:00:00+00:00,0.4365599999999136,0.3743900000000359,0.18905000000003297,1.754757315986977e-14
2024-05-14 04:00:00+00:00,0.4365599999999136,0.3743900000000359,0.18905000000003297,1.754757315986977e-14
2024-05-15 04:00:00+00:00,0.4365599999999136,0.3743900000000359,0.18905000000003297,1.754757315986977e-14
2024-05-16 04:00:00+00:00,0.4365599999999136,0.3743900000000359,0.18905000000003297,1.754757315986977e-14
2024-05-17 04:00:00+00:00,0.4365599999999136,0.3743900000000359,0.18905000000003297,1.754757315986977e-14
2024-05-20 04:00:00+00:00,0.4365599999999136,0.3743900000000359,0.18905000000003297,1.754757315986977e-14
2024-05-21 04:00:00+00:00,0.4365599999999136,0.3743900000000359,0.18905000000003297,1.754757315986977e-14
2024-05-22 04:00:00+00:00,0.4365599999999136,0.3743900000000359,0.18905000000003297,1.754757315986977e-14
2024-05-23 04:00:00+00:00,0.4365599999999136,0.3743900000000359,0.18905000000003297,1.754757315986977e-14
2024-05-24 04:00:00+00:00,0.4365599999999136,0.3743900000000359,0.18905000000003297,1.754757315986977e-14
2024-05-28 04:00:00+00:00,0.4365599999999136,0.3743900000000359,0.18905000000003297,1.754757315986977e-14
2024-05-29 04:00:00+00:00,0.4365599999999136,0.3743900000000359,0.18905000000003297,1.754757315986977e-14
2024-05-30 04:00:00+00:00,0.4365599999999136,0.3743900000000359,0.18905000000003297,1.754757315986977e-14
2024-05-31 04:00:00+00:00,0.4365599999999136,0.3743900000000359,0.18905000000003297,1.754757315986977e-14
2024-06-03 04:00:00+00:00,0.4365599999999136,0.3743900000000359,0.18905000000003297,1.754757315986977e-14
2024-06-04 04:00:00+00:00,0.0001346421656093379,0.32877099784661507,0.5668281074183978,0.10426625256937777
2024-06-05 04:00:00+00:00,0.0001346421656093379,0.32877099784661507,0.5668281074183978,0.10426625256937777
2024-06-06 04:00:00+00:00,0.0001346421656093379,0.32877099784661507,0.5668281074183978,0.10426625256937777
2024-06-07 04:00:00+00:00,0.0001346421656093379,0.32877099784661507,0.5668281074183978,0.10426625256937777
2024-06-10 04:00:00+00:00,0.0001346421656093379,0.32877099784661507,0.5668281074183978,0.10426625256937777
2024-06-11 04:00:00+00:00,0.0001346421656093379,0.32877099784661507,0.5668281074183978,0.10426625256937777
2024-06-12 04:00:00+00:00,0.0001346421656093379,0.32877099784661507,0.5668281074183978,0.10426625256937777
2024-06-13 04:00:00+00:00,0.0001346421656093379,0.32877099784661507,0.5668281074183978,0.10426625256937777
2024-06-14 04:00:00+00:00,0.0001346421656093379,0.32877099784661507,0.5668281074183978,0.10426625256937777
2024-06-17 04:00:00+00:00,0.0001346421656093379,0.32877099784661507,0.5668281074183978,0.10426625256937777
2024-06-18 04:00:00+00:00,0.0001346421656093379,0.32877099784661507,0.5668281074183978,0.10426625256937777
2024-06-20 04:00:00+00:00,0.0001346421656093379,0.32877099784661507,0.5668281074183978,0.10426625256937777
2024-06-21 04:00:00+00:00,0.0001346421656093379,0.32877099784661507,0.5668281074183978,0.10426625256937777
2024-06-24 04:00:00+00:00,0.0001346421656093379,0.32877099784661507,0.5668281074183978,0.10426625256937777
2024-06-25 04:00:00+00:00,0.0001346421656093379,0.32877099784661507,0.5668281074183978,0.10426625256937777
2024-06-26 04:00:00+00:00,0.0001346421656093379,0.32877099784661507,0.5668281074183978,0.10426625256937777
2024-06-27 04:00:00+00:00,0.0001346421656093379,0.32877099784661507,0.5668281074183978,0.10426625256937777
2024-06-28 04:00:00+00:00,0.0001346421656093379,0.32877099784661507,0.5668281074183978,0.10426625256937777
2024-07-01 04:00:00+00:00,0.0001346421656093379,0.32877099784661507,0.5668281074183978,0.10426625256937777
2024-07-02 04:00:00+00:00,0.0001346421656093379,0.32877099784661507,0.5668281074183978,0.10426625256937777
2024-07-03 04:00:00+00:00,0.0001346421656093379,0.32877099784661507,0.5668281074183978,0.10426625256937777
2024-07-05 04:00:00+00:00,0.28998611616387737,0.41242833311355087,0.2975855507225718,0.0
2024-07-08 04:00:00+00:00,0.28998611616387737,0.41242833311355087,0.2975855507225718,0.0
2024-07-09 04:00:00+00:00,0.28998611616387737,0.41242833311355087,0.2975855507225718,0.0
2024-07-10 04:00:00+00:00,0.28998611616387737,0.41242833311355087,0.2975855507225718,0.0
2024-07-11 04:00:00+00:00,0.28998611616387737,0.41242833311355087,0.2975855507225718,0.0
2024-07-12 04:00:00+00:00,0.28998611616387737,0.41242833311355087,0.2975855507225718,0.0
2024-07-15 04:00:00+00:00,0.28998611616387737,0.41242833311355087,0.2975855507225718,0.0
2024-07-16 04:00:00+00:00,0.28998611616387737,0.41242833311355087,0.2975855507225718,0.0
2024-07-17 04:00:00+00:00,0.28998611616387737,0.41242833311355087,0.2975855507225718,0.0
2024-07-18 04:00:00+00:00,0.28998611616387737,0.41242833311355087,0.2975855507225718,0.0
2024-07-19 04:00:00+00:00,0.28998611616387737,0.41242833311355087,0.2975855507225718,0.0
2024-07-22 04:00:00+00:00,0.28998611616387737,0.41242833311355087,0.2975855507225718,0.0
2024-07-23 04:00:00+00:00,0.28998611616387737,0.41242833311355087,0.2975855507225718,0.0
2024-07-24 04:00:00+00:00,0.28998611616387737,0.41242833311355087,0.2975855507225718,0.0
2024-07-25 04:00:00+00:00,0.28998611616387737,0.41242833311355087,0.2975855507225718,0.0
2024-07-26 04:00:00+00:00,0.28998611616387737,0.41242833311355087,0.2975855507225718,0.0
2024-07-29 04:00:00+00:00,0.28998611616387737,0.41242833311355087,0.2975855507225718,0.0
2024-07-30 04:00:00+00:00,0.28998611616387737,0.41242833311355087,0.2975855507225718,0.0
2024-07-31 04:00:00+00:00,0.28998611616387737,0.41242833311355087,0.2975855507225718,0.0
2024-08-01 04:00:00+00:00,0.28998611616387737,0.41242833311355087,0.2975855507225718,0.0
2024-08-02 04:00:00+00:00,0.28998611616387737,0.41242833311355087,0.2975855507225718,0.0
2024-08-05 04:00:00+00:00,0.28288,0.46682,0.2503,0.0
2024-08-06 04:00:00+00:00,0.28288,0.46682,0.2503,0.0
2024-08-07 04:00:00+00:00,0.28288,0.46682,0.2503,0.0
2024-08-08 04:00:00+00:00,0.28288,0.46682,0.2503,0.0
2024-08-09 04:00:00+00:00,0.28288,0.46682,0.2503,0.0
2024-08-12 04:00:00+00:00,0.28288,0.46682,0.2503,0.0
2024-08-13 04:00:00+00:00,0.28288,0.46682,0.2503,0.0
2024-08-14 04:00:00+00:00,0.28288,0.46682,0.2503,0.0
2024-08-15 04:00:00+00:00,0.28288,0.46682,0.2503,0.0
2024-08-16 04:00:00+00:00,0.28288,0.46682,0.2503,0.0
2024-08-19 04:00:00+00:00,0.28288,0.46682,0.2503,0.0
2024-08-20 04:00:00+00:00,0.28288,0.46682,0.2503,0.0
2024-08-21 04:00:00+00:00,0.28288,0.46682,0.2503,0.0
2024-08-22 04:00:00+00:00,0.28288,0.46682,0.2503,0.0
2024-08-23 04:00:00+00:00,0.28288,0.46682,0.2503,0.0
2024-08-26 04:00:00+00:00,0.28288,0.46682,0.2503,0.0
2024-08-27 04:00:00+00:00,0.28288,0.46682,0.2503,0.0
2024-08-28 04:00:00+00:00,0.28288,0.46682,0.2503,0.0
2024-08-29 04:00:00+00:00,0.28288,0.46682,0.2503,0.0
2024-08-30 04:00:00+00:00,0.28288,0.46682,0.2503,0.0
2024-09-03 04:00:00+00:00,0.28288,0.46682,0.2503,0.0
2024-09-04 04:00:00+00:00,0.2682540318228086,0.35251795623636106,0.3074898758871748,0.07173813605365553
2024-09-05 04:00:00+00:00,0.2682540318228086,0.35251795623636106,0.3074898758871748,0.07173813605365553
2024-09-06 04:00:00+00:00,0.2682540318228086,0.35251795623636106,0.3074898758871748,0.07173813605365553
2024-09-09 04:00:00+00:00,0.2682540318228086,0.35251795623636106,0.3074898758871748,0.07173813605365553
2024-09-10 04:00:00+00:00,0.2682540318228086,0.35251795623636106,0.3074898758871748,0.07173813605365553
2024-09-11 04:00:00+00:00,0.2682540318228086,0.35251795623636106,0.3074898758871748,0.07173813605365553
2024-09-12 04:00:00+00:00,0.2682540318228086,0.35251795623636106,0.3074898758871748,0.07173813605365553
2024-09-13 04:00:00+00:00,0.2682540318228086,0.35251795623636106,0.3074898758871748,0.07173813605365553
2024-09-16 04:00:00+00:00,0.2682540318228086,0.35251795623636106,0.3074898758871748,0.07173813605365553
2024-09-17 04:00:00+00:00,0.2682540318228086,0.35251795623636106,0.3074898758871748,0.07173813605365553
2024-09-18 04:00:00+00:00,0.2682540318228086,0.35251795623636106,0.3074898758871748,0.07173813605365553
2024-09-19 04:00:00+00:00,0.2682540318228086,0.35251795623636106,0.3074898758871748,0.07173813605365553
2024-09-20 04:00:00+00:00,0.2682540318228086,0.35251795623636106,0.3074898758871748,0.07173813605365553
2024-09-23 04:00:00+00:00,0.2682540318228086,0.35251795623636106,0.3074898758871748,0.07173813605365553
2024-09-24 04:00:00+00:00,0.2682540318228086,0.35251795623636106,0.3074898758871748,0.07173813605365553
2024-09-25 04:00:00+00:00,0.2682540318228086,0.35251795623636106,0.3074898758871748,0.07173813605365553
2024-09-26 04:00:00+00:00,0.2682540318228086,0.35251795623636106,0.3074898758871748,0.07173813605365553
2024-09-27 04:00:00+00:00,0.2682540318228086,0.35251795623636106,0.3074898758871748,0.07173813605365553
2024-09-30 04:00:00+00:00,0.2682540318228086,0.35251795623636106,0.3074898758871748,0.07173813605365553
2024-10-01 04:00:00+00:00,0.2682540318228086,0.35251795623636106,0.3074898758871748,0.07173813605365553
2024-10-02 04:00:00+00:00,0.2682540318228086,0.35251795623636106,0.3074898758871748,0.07173813605365553
2024-10-03 04:00:00+00:00,0.26483208072175685,0.36925754361932545,0.30601626958170397,0.059894106077213675
2024-10-04 04:00:00+00:00,0.26483208072175685,0.36925754361932545,0.30601626958170397,0.059894106077213675
2024-10-07 04:00:00+00:00,0.26483208072175685,0.36925754361932545,0.30601626958170397,0.059894106077213675
2024-10-08 04:00:00+00:00,0.26483208072175685,0.36925754361932545,0.30601626958170397,0.059894106077213675
2024-10-09 04:00:00+00:00,0.26483208072175685,0.36925754361932545,0.30601626958170397,0.059894106077213675
2024-10-10 04:00:00+00:00,0.26483208072175685,0.36925754361932545,0.30601626958170397,0.059894106077213675
2024-10-11 04:00:00+00:00,0.26483208072175685,0.36925754361932545,0.30601626958170397,0.059894106077213675
2024-10-14 04:00:00+00:00,0.26483208072175685,0.36925754361932545,0.30601626958170397,0.059894106077213675
2024-10-15 04:00:00+00:00,0.26483208072175685,0.36925754361932545,0.30601626958170397,0.059894106077213675
2024-10-16 04:00:00+00:00,0.26483208072175685,0.36925754361932545,0.30601626958170397,0.059894106077213675
2024-10-17 04:00:00+00:00,0.26483208072175685,0.36925754361932545,0.30601626958170397,0.059894106077213675
2024-10-18 04:00:00+00:00,0.26483208072175685,0.36925754361932545,0.30601626958170397,0.059894106077213675
2024-10-21 04:00:00+00:00,0.26483208072175685,0.36925754361932545,0.30601626958170397,0.059894106077213675
2024-10-22 04:00:00+00:00,0.26483208072175685,0.36925754361932545,0.30601626958170397,0.059894106077213675
2024-10-23 04:00:00+00:00,0.26483208072175685,0.36925754361932545,0.30601626958170397,0.059894106077213675
2024-10-24 04:00:00+00:00,0.26483208072175685,0.36925754361932545,0.30601626958170397,0.059894106077213675
2024-10-25 04:00:00+00:00,0.26483208072175685,0.36925754361932545,0.30601626958170397,0.059894106077213675
2024-10-28 04:00:00+00:00,0.26483208072175685,0.36925754361932545,0.30601626958170397,0.059894106077213675
2024-10-29 04:00:00+00:00,0.26483208072175685,0.36925754361932545,0.30601626958170397,0.059894106077213675
2024-10-30 04:00:00+00:00,0.26483208072175685,0.36925754361932545,0.30601626958170397,0.059894106077213675
2024-10-31 04:00:00+00:00,0.26483208072175685,0.36925754361932545,0.30601626958170397,0.059894106077213675
2024-11-01 04:00:00+00:00,0.28216749905058847,0.353880312925195,0.2998815752386931,0.06407061278552345
2024-11-04 05:00:00+00:00,0.28216749905058847,0.353880312925195,0.2998815752386931,0.06407061278552345
2024-11-05 05:00:00+00:00,0.28216749905058847,0.353880312925195,0.2998815752386931,0.06407061278552345
2024-11-06 05:00:00+00:00,0.28216749905058847,0.353880312925195,0.2998815752386931,0.06407061278552345
2024-11-07 05:00:00+00:00,0.28216749905058847,0.353880312925195,0.2998815752386931,0.06407061278552345
2024-11-08 05:00:00+00:00,0.28216749905058847,0.353880312925195,0.2998815752386931,0.06407061278552345
2024-11-11 05:00:00+00:00,0.28216749905058847,0.353880312925195,0.2998815752386931,0.06407061278552345
2024-11-12 05:00:00+00:00,0.28216749905058847,0.353880312925195,0.2998815752386931,0.06407061278552345
2024-11-13 05:00:00+00:00,0.28216749905058847,0.353880312925195,0.2998815752386931,0.06407061278552345
2024-11-14 05:00:00+00:00,0.28216749905058847,0.353880312925195,0.2998815752386931,0.06407061278552345
2024-11-15 05:00:00+00:00,0.28216749905058847,0.353880312925195,0.2998815752386931,0.06407061278552345
2024-11-18 05:00:00+00:00,0.28216749905058847,0.353880312925195,0.2998815752386931,0.06407061278552345
2024-11-19 05:00:00+00:00,0.28216749905058847,0.353880312925195,0.2998815752386931,0.06407061278552345
2024-11-20 05:00:00+00:00,0.28216749905058847,0.353880312925195,0.2998815752386931,0.06407061278552345
2024-11-21 05:00:00+00:00,0.28216749905058847,0.353880312925195,0.2998815752386931,0.06407061278552345
2024-11-22 05:00:00+00:00,0.28216749905058847,0.353880312925195,0.2998815752386931,0.06407061278552345
2024-11-25 05:00:00+00:00,0.28216749905058847,0.353880312925195,0.2998815752386931,0.06407061278552345
2024-11-26 05:00:00+00:00,0.28216749905058847,0.353880312925195,0.2998815752386931,0.06407061278552345
2024-11-27 05:00:00+00:00,0.28216749905058847,0.353880312925195,0.2998815752386931,0.06407061278552345
2024-11-29 05:00:00+00:00,0.28216749905058847,0.353880312925195,0.2998815752386931,0.06407061278552345
2024-12-02 05:00:00+00:00,0.28216749905058847,0.353880312925195,0.2998815752386931,0.06407061278552345
2024-12-03 05:00:00+00:00,0.42394999993537325,9.038885764312002e-11,0.43813999995843533,0.1379100000158027
2024-12-04 05:00:00+00:00,0.42394999993537325,9.038885764312002e-11,0.43813999995843533,0.1379100000158027
2024-12-05 05:00:00+00:00,0.42394999993537325,9.038885764312002e-11,0.43813999995843533,0.1379100000158027
2024-12-06 05:00:00+00:00,0.42394999993537325,9.038885764312002e-11,0.43813999995843533,0.1379100000158027
2024-12-09 05:00:00+00:00,0.42394999993537325,9.038885764312002e-11,0.43813999995843533,0.1379100000158027
2024-12-10 05:00:00+00:00,0.42394999993537325,9.038885764312002e-11,0.43813999995843533,0.1379100000158027
2024-12-11 05:00:00+00:00,0.42394999993537325,9.038885764312002e-11,0.43813999995843533,0.1379100000158027
2024-12-12 05:00:00+00:00,0.42394999993537325,9.038885764312002e-11,0.43813999995843533,0.1379100000158027
2024-12-13 05:00:00+00:00,0.42394999993537325,9.038885764312002e-11,0.43813999995843533,0.1379100000158027
2024-12-16 05:00:00+00:00,0.42394999993537325,9.038885764312002e-11,0.43813999995843533,0.1379100000158027
2024-12-17 05:00:00+00:00,0.42394999993537325,9.038885764312002e-11,0.43813999995843533,0.1379100000158027
2024-12-18 05:00:00+00:00,0.42394999993537325,9.038885764312002e-11,0.43813999995843533,0.1379100000158027
2024-12-19 05:00:00+00:00,0.42394999993537325,9.038885764312002e-11,0.43813999995843533,0.1379100000158027
2024-12-20 05:00:00+00:00,0.42394999993537325,9.038885764312002e-11,0.43813999995843533,0.1379100000158027
2024-12-23 05:00:00+00:00,0.42394999993537325,9.038885764312002e-11,0.43813999995843533,0.1379100000158027
2024-12-24 05:00:00+00:00,0.42394999993537325,9.038885764312002e-11,0.43813999995843533,0.1379100000158027
2024-12-26 05:00:00+00:00,0.42394999993537325,9.038885764312002e-11,0.43813999995843533,0.1379100000158027
2024-12-27 05:00:00+00:00,0.42394999993537325,9.038885764312002e-11,0.43813999995843533,0.1379100000158027
2024-12-30 05:00:00+00:00,0.42394999993537325,9.038885764312002e-11,0.43813999995843533,0.1379100000158027
2024-12-31 05:00:00+00:00,0.42394999993537325,9.038885764312002e-11,0.43813999995843533,0.1379100000158027
2025-01-02 05:00:00+00:00,0.42394999993537325,9.038885764312002e-11,0.43813999995843533,0.1379100000158027
2025-01-03 05:00:00+00:00,0.4827516448573985,0.05448772595283681,0.38500507199647255,0.07775555719329212
2025-01-06 05:00:00+00:00,0.4827516448573985,0.05448772595283681,0.38500507199647255,0.07775555719329212
2025-01-07 05:00:00+00:00,0.4827516448573985,0.05448772595283681,0.38500507199647255,0.07775555719329212
2025-01-08 05:00:00+00:00,0.4827516448573985,0.05448772595283681,0.38500507199647255,0.07775555719329212
2025-01-10 05:00:00+00:00,0.4827516448573985,0.05448772595283681,0.38500507199647255,0.07775555719329212
2025-01-13 05:00:00+00:00,0.4827516448573985,0.05448772595283681,0.38500507199647255,0.07775555719329212
2025-01-14 05:00:00+00:00,0.4827516448573985,0.05448772595283681,0.38500507199647255,0.07775555719329212
2025-01-15 05:00:00+00:00,0.4827516448573985,0.05448772595283681,0.38500507199647255,0.07775555719329212
2025-01-16 05:00:00+00:00,0.4827516448573985,0.05448772595283681,0.38500507199647255,0.07775555719329212
2025-01-17 05:00:00+00:00,0.4827516448573985,0.05448772595283681,0.38500507199647255,0.07775555719329212
2025-01-21 05:00:00+00:00,0.4827516448573985,0.05448772595283681,0.38500507199647255,0.07775555719329212
2025-01-22 05:00:00+00:00,0.4827516448573985,0.05448772595283681,0.38500507199647255,0.07775555719329212
2025-01-23 05:00:00+00:00,0.4827516448573985,0.05448772595283681,0.38500507199647255,0.07775555719329212
2025-01-24 05:00:00+00:00,0.4827516448573985,0.05448772595283681,0.38500507199647255,0.07775555719329212
2025-01-27 05:00:00+00:00,0.4827516448573985,0.05448772595283681,0.38500507199647255,0.07775555719329212
2025-01-28 05:00:00+00:00,0.4827516448573985,0.05448772595283681,0.38500507199647255,0.07775555719329212
2025-01-29 05:00:00+00:00,0.4827516448573985,0.05448772595283681,0.38500507199647255,0.07775555719329212
2025-01-30 05:00:00+00:00,0.4827516448573985,0.05448772595283681,0.38500507199647255,0.07775555719329212
2025-01-31 05:00:00+00:00,0.4827516448573985,0.05448772595283681,0.38500507199647255,0.07775555719329212
2025-02-03 05:00:00+00:00,0.4827516448573985,0.05448772595283681,0.38500507199647255,0.07775555719329212
2025-02-04 05:00:00+00:00,0.4827516448573985,0.05448772595283681,0.38500507199647255,0.07775555719329212
2025-02-05 05:00:00+00:00,0.1148468699899461,0.13497153262943717,0.45732671086423404,0.29285488651638275
2025-02-06 05:00:00+00:00,0.1148468699899461,0.13497153262943717,0.45732671086423404,0.29285488651638275
2025-02-07 05:00:00+00:00,0.1148468699899461,0.13497153262943717,0.45732671086423404,0.29285488651638275
2025-02-10 05:00:00+00:00,0.1148468699899461,0.13497153262943717,0.45732671086423404,0.29285488651638275
2025-02-11 05:00:00+00:00,0.1148468699899461,0.13497153262943717,0.45732671086423404,0.29285488651638275
2025-02-12 05:00:00+00:00,0.1148468699899461,0.13497153262943717,0.45732671086423404,0.29285488651638275
2025-02-13 05:00:00+00:00,0.1148468699899461,0.13497153262943717,0.45732671086423404,0.29285488651638275
2025-02-14 05:00:00+00:00,0.1148468699899461,0.13497153262943717,0.45732671086423404,0.29285488651638275
2025-02-18 05:00:00+00:00,0.1148468699899461,0.13497153262943717,0.45732671086423404,0.29285488651638275
2025-02-19 05:00:00+00:00,0.1148468699899461,0.13497153262943717,0.45732671086423404,0.29285488651638275
2025-02-20 05:00:00+00:00,0.1148468699899461,0.13497153262943717,0.45732671086423404,0.29285488651638275
2025-02-21 05:00:00+00:00,0.1148468699899461,0.13497153262943717,0.45732671086423404,0.29285488651638275
2025-02-24 05:00:00+00:00,0.1148468699899461,0.13497153262943717,0.45732671086423404,0.29285488651638275
2025-02-25 05:00:00+00:00,0.1148468699899461,0.13497153262943717,0.45732671086423404,0.29285488651638275
2025-02-26 05:00:00+00:00,0.1148468699899461,0.13497153262943717,0.45732671086423404,0.29285488651638275
2025-02-27 05:00:00+00:00,0.1148468699899461,0.13497153262943717,0.45732671086423404,0.29285488651638275
2025-02-28 05:00:00+00:00,0.1148468699899461,0.13497153262943717,0.45732671086423404,0.29285488651638275
2025-03-03 05:00:00+00:00,0.1148468699899461,0.13497153262943717,0.45732671086423404,0.29285488651638275
2025-03-04 05:00:00+00:00,0.1148468699899461,0.13497153262943717,0.45732671086423404,0.29285488651638275
2025-03-05 05:00:00+00:00,0.1148468699899461,0.13497153262943717,0.45732671086423404,0.29285488651638275
2025-03-06 05:00:00+00:00,0.1148468699899461,0.13497153262943717,0.45732671086423404,0.29285488651638275
2025-03-07 05:00:00+00:00,0.7122595724282133,0.0009400464617518192,0.2834274059282246,0.0033729751818104116
2025-03-10 04:00:00+00:00,0.7122595724282133,0.0009400464617518192,0.2834274059282246,0.0033729751818104116
2025-03-11 04:00:00+00:00,0.7122595724282133,0.0009400464617518192,0.2834274059282246,0.0033729751818104116
2025-03-12 04:00:00+00:00,0.7122595724282133,0.0009400464617518192,0.2834274059282246,0.0033729751818104116
2025-03-13 04:00:00+00:00,0.7122595724282133,0.0009400464617518192,0.2834274059282246,0.0033729751818104116
2025-03-14 04:00:00+00:00,0.7122595724282133,0.0009400464617518192,0.2834274059282246,0.0033729751818104116
2025-03-17 04:00:00+00:00,0.7122595724282133,0.0009400464617518192,0.2834274059282246,0.0033729751818104116
2025-03-18 04:00:00+00:00,0.7122595724282133,0.0009400464617518192,0.2834274059282246,0.0033729751818104116
2025-03-19 04:00:00+00:00,0.7122595724282133,0.0009400464617518192,0.2834274059282246,0.0033729751818104116
2025-03-20 04:00:00+00:00,0.7122595724282133,0.0009400464617518192,0.2834274059282246,0.0033729751818104116
2025-03-21 04:00:00+00:00,0.7122595724282133,0.0009400464617518192,0.2834274059282246,0.0033729751818104116
2025-03-24 04:00:00+00:00,0.7122595724282133,0.0009400464617518192,0.2834274059282246,0.0033729751818104116
2025-03-25 04:00:00+00:00,0.7122595724282133,0.0009400464617518192,0.2834274059282246,0.0033729751818104116
2025-03-26 04:00:00+00:00,0.7122595724282133,0.0009400464617518192,0.2834274059282246,0.0033729751818104116
2025-03-27 04:00:00+00:00,0.7122595724282133,0.0009400464617518192,0.2834274059282246,0.0033729751818104116
2025-03-28 04:00:00+00:00,0.7122595724282133,0.0009400464617518192,0.2834274059282246,0.0033729751818104116
2025-03-31 04:00:00+00:00,0.7122595724282133,0.0009400464617518192,0.2834274059282246,0.0033729751818104116
2025-04-01 04:00:00+00:00,0.7122595724282133,0.0009400464617518192,0.2834274059282246,0.0033729751818104116
2025-04-02 04:00:00+00:00,0.7122595724282133,0.0009400464617518192,0.2834274059282246,0.0033729751818104116
2025-04-03 04:00:00+00:00,0.7122595724282133,0.0009400464617518192,0.2834274059282246,0.0033729751818104116
2025-04-04 04:00:00+00:00,0.7122595724282133,0.0009400464617518192,0.2834274059282246,0.0033729751818104116
2025-04-07 04:00:00+00:00,0.36402000010983754,0.37157999989400214,0.26439999996412256,3.203784555887217e-11
2025-04-08 04:00:00+00:00,0.36402000010983754,0.37157999989400214,0.26439999996412256,3.203784555887217e-11
2025-04-09 04:00:00+00:00,0.36402000010983754,0.37157999989400214,0.26439999996412256,3.203784555887217e-11
2025-04-10 04:00:00+00:00,0.36402000010983754,0.37157999989400214,0.26439999996412256,3.203784555887217e-11
2025-04-11 04:00:00+00:00,0.36402000010983754,0.37157999989400214,0.26439999996412256,3.203784555887217e-11
2025-04-14 04:00:00+00:00,0.36402000010983754,0.37157999989400214,0.26439999996412256,3.203784555887217e-11
2025-04-15 04:00:00+00:00,0.36402000010983754,0.37157999989400214,0.26439999996412256,3.203784555887217e-11
2025-04-16 04:00:00+00:00,0.36402000010983754,0.37157999989400214,0.26439999996412256,3.203784555887217e-11
2025-04-17 04:00:00+00:00,0.36402000010983754,0.37157999989400214,0.26439999996412256,3.203784555887217e-11
2025-04-21 04:00:00+00:00,0.36402000010983754,0.37157999989400214,0.26439999996412256,3.203784555887217e-11
2025-04-22 04:00:00+00:00,0.36402000010983754,0.37157999989400214,0.26439999996412256,3.203784555887217e-11
2025-04-23 04:00:00+00:00,0.36402000010983754,0.37157999989400214,0.26439999996412256,3.203784555887217e-11
2025-04-24 04:00:00+00:00,0.36402000010983754,0.37157999989400214,0.26439999996412256,3.203784555887217e-11
2025-04-25 04:00:00+00:00,0.36402000010983754,0.37157999989400214,0.26439999996412256,3.203784555887217e-11
2025-04-28 04:00:00+00:00,0.36402000010983754,0.37157999989400214,0.26439999996412256,3.203784555887217e-11
2025-04-29 04:00:00+00:00,0.36402000010983754,0.37157999989400214,0.26439999996412256,3.203784555887217e-11
2025-04-30 04:00:00+00:00,0.36402000010983754,0.37157999989400214,0.26439999996412256,3.203784555887217e-11
2025-05-01 04:00:00+00:00,0.36402000010983754,0.37157999989400214,0.26439999996412256,3.203784555887217e-11
2025-05-02 04:00:00+00:00,0.36402000010983754,0.37157999989400214,0.26439999996412256,3.203784555887217e-11
2025-05-05 04:00:00+00:00,0.36402000010983754,0.37157999989400214,0.26439999996412256,3.203784555887217e-11
2025-05-06 04:00:00+00:00,0.36402000010983754,0.37157999989400214,0.26439999996412256,3.203784555887217e-11
2025-05-07 04:00:00+00:00,0.301,0.24323,0.45577,5.851862820652645e-23
2025-05-08 04:00:00+00:00,0.301,0.24323,0.45577,5.851862820652645e-23
2025-05-09 04:00:00+00:00,0.301,0.24323,0.45577,5.851862820652645e-23
2025-05-12 04:00:00+00:00,0.301,0.24323,0.45577,5.851862820652645e-23
2025-05-13 04:00:00+00:00,0.301,0.24323,0.45577,5.851862820652645e-23
2025-05-14 04:00:00+00:00,0.301,0.24323,0.45577,5.851862820652645e-23
2025-05-15 04:00:00+00:00,0.301,0.24323,0.45577,5.851862820652645e-23
2025-05-16 04:00:00+00:00,0.301,0.24323,0.45577,5.851862820652645e-23
2025-05-19 04:00:00+00:00,0.301,0.24323,0.45577,5.851862820652645e-23
2025-05-20 04:00:00+00:00,0.301,0.24323,0.45577,5.851862820652645e-23
2025-05-21 04:00:00+00:00,0.301,0.24323,0.45577,5.851862820652645e-23
2025-05-22 04:00:00+00:00,0.301,0.24323,0.45577,5.851862820652645e-23
2025-05-23 04:00:00+00:00,0.301,0.24323,0.45577,5.851862820652645e-23
2025-05-27 04:00:00+00:00,0.301,0.24323,0.45577,5.851862820652645e-23
2025-05-28 04:00:00+00:00,0.301,0.24323,0.45577,5.851862820652645e-23
2025-05-29 04:00:00+00:00,0.301,0.24323,0.45577,5.851862820652645e-23
2025-05-30 04:00:00+00:00,0.301,0.24323,0.45577,5.851862820652645e-23
2025-06-02 04:00:00+00:00,0.301,0.24323,0.45577,5.851862820652645e-23
2025-06-03 04:00:00+00:00,0.301,0.24323,0.45577,5.851862820652645e-23
2025-06-04 04:00:00+00:00,0.301,0.24323,0.45577,5.851862820652645e-23
2025-06-05 04:00:00+00:00,0.301,0.24323,0.45577,5.851862820652645e-23
2025-06-06 04:00:00+00:00,0.0,0.0,0.0,1.0
2025-06-09 04:00:00+00:00,0.0,0.0,0.0,1.0
2025-06-10 04:00:00+00:00,0.0,0.0,0.0,1.0
2025-06-11 04:00:00+00:00,0.0,0.0,0.0,1.0
2025-06-12 04:00:00+00:00,0.0,0.0,0.0,1.0
2025-06-13 04:00:00+00:00,0.0,0.0,0.0,1.0
2025-06-16 04:00:00+00:00,0.0,0.0,0.0,1.0
2025-06-17 04:00:00+00:00,0.0,0.0,0.0,1.0
2025-06-18 04:00:00+00:00,0.0,0.0,0.0,1.0
2025-06-20 04:00:00+00:00,0.0,0.0,0.0,1.0
2025-06-23 04:00:00+00:00,0.0,0.0,0.0,1.0
2025-06-24 04:00:00+00:00,0.0,0.0,0.0,1.0
2025-06-25 04:00:00+00:00,0.0,0.0,0.0,1.0
2025-06-26 04:00:00+00:00,0.0,0.0,0.0,1.0
2025-06-27 04:00:00+00:00,0.0,0.0,0.0,1.0
2025-06-30 04:00:00+00:00,0.0,0.0,0.0,1.0
2025-07-01 04:00:00+00:00,0.0,0.0,0.0,1.0
2025-07-02 04:00:00+00:00,0.0,0.0,0.0,1.0
2025-07-03 04:00:00+00:00,0.0,0.0,0.0,1.0
2025-07-07 04:00:00+00:00,0.0,0.0,0.0,1.0
2025-07-08 04:00:00+00:00,0.0,0.0,0.0,1.0
2025-07-09 04:00:00+00:00,0.0,0.36789,0.0,0.63211
2025-07-10 04:00:00+00:00,0.0,0.36789,0.0,0.63211
2025-07-11 04:00:00+00:00,0.0,0.36789,0.0,0.63211
2025-07-14 04:00:00+00:00,0.0,0.36789,0.0,0.63211
2025-07-15 04:00:00+00:00,0.0,0.36789,0.0,0.63211
2025-07-16 04:00:00+00:00,0.0,0.36789,0.0,0.63211
2025-07-17 04:00:00+00:00,0.0,0.36789,0.0,0.63211
2025-07-18 04:00:00+00:00,0.0,0.36789,0.0,0.63211
2025-07-21 04:00:00+00:00,0.0,0.36789,0.0,0.63211
2025-07-22 04:00:00+00:00,0.0,0.36789,0.0,0.63211
2025-07-23 04:00:00+00:00,0.0,0.36789,0.0,0.63211
2025-07-24 04:00:00+00:00,0.0,0.36789,0.0,0.63211
2025-07-25 04:00:00+00:00,0.0,0.36789,0.0,0.63211
2025-07-28 04:00:00+00:00,0.0,0.36789,0.0,0.63211
2025-07-29 04:00:00+00:00,0.0,0.36789,0.0,0.63211
2025-07-30 04:00:00+00:00,0.0,0.36789,0.0,0.63211
2025-07-31 04:00:00+00:00,0.0,0.36789,0.0,0.63211
2025-08-01 04:00:00+00:00,0.0,0.36789,0.0,0.63211
2025-08-04 04:00:00+00:00,0.0,0.36789,0.0,0.63211
2025-08-05 04:00:00+00:00,0.0,0.36789,0.0,0.63211
2025-08-06 04:00:00+00:00,0.0,0.36789,0.0,0.63211
2025-08-07 04:00:00+00:00,9.256859812012407e-13,0.6819699999987452,0.17432000000096629,0.14370999999936282
2025-08-08 04:00:00+00:00,9.256859812012407e-13,0.6819699999987452,0.17432000000096629,0.14370999999936282
2025-08-11 04:00:00+00:00,9.256859812012407e-13,0.6819699999987452,0.17432000000096629,0.14370999999936282
2025-08-12 04:00:00+00:00,9.256859812012407e-13,0.6819699999987452,0.17432000000096629,0.14370999999936282
2025-08-13 04:00:00+00:00,9.256859812012407e-13,0.6819699999987452,0.17432000000096629,0.14370999999936282
2025-08-14 04:00:00+00:00,9.256859812012407e-13,0.6819699999987452,0.17432000000096629,0.14370999999936282
2025-08-15 04:00:00+00:00,9.256859812012407e-13,0.6819699999987452,0.17432000000096629,0.14370999999936282
2025-08-18 04:00:00+00:00,9.256859812012407e-13,0.6819699999987452,0.17432000000096629,0.14370999999936282
2025-08-19 04:00:00+00:00,9.256859812012407e-13,0.6819699999987452,0.17432000000096629,0.14370999999936282
2025-08-20 04:00:00+00:00,9.256859812012407e-13,0.6819699999987452,0.17432000000096629,0.14370999999936282
2025-08-21 04:00:00+00:00,9.256859812012407e-13,0.6819699999987452,0.17432000000096629,0.14370999999936282
2025-08-22 04:00:00+00:00,9.256859812012407e-13,0.6819699999987452,0.17432000000096629,0.14370999999936282
2025-08-25 04:00:00+00:00,9.256859812012407e-13,0.6819699999987452,0.17432000000096629,0.14370999999936282
2025-08-26 04:00:00+00:00,9.256859812012407e-13,0.6819699999987452,0.17432000000096629,0.14370999999936282
2025-08-27 04:00:00+00:00,9.256859812012407e-13,0.6819699999987452,0.17432000000096629,0.14370999999936282
2025-08-28 04:00:00+00:00,9.256859812012407e-13,0.6819699999987452,0.17432000000096629,0.14370999999936282
2025-08-29 04:00:00+00:00,9.256859812012407e-13,0.6819699999987452,0.17432000000096629,0.14370999999936282
2025-09-02 04:00:00+00:00,9.256859812012407e-13,0.6819699999987452,0.17432000000096629,0.14370999999936282
2025-09-03 04:00:00+00:00,9.256859812012407e-13,0.6819699999987452,0.17432000000096629,0.14370999999936282
2025-09-04 04:00:00+00:00,9.256859812012407e-13,0.6819699999987452,0.17432000000096629,0.14370999999936282
2025-09-05 04:00:00+00:00,9.256859812012407e-13,0.6819699999987452,0.17432000000096629,0.14370999999936282
2025-09-08 04:00:00+00:00,1.0585308768444802e-05,0.19852878464118046,0.6846730611494275,0.1167875689006237
2025-09-09 04:00:00+00:00,1.0585308768444802e-05,0.19852878464118046,0.6846730611494275,0.1167875689006237
2025-09-10 04:00:00+00:00,1.0585308768444802e-05,0.19852878464118046,0.6846730611494275,0.1167875689006237
2025-09-11 04:00:00+00:00,1.0585308768444802e-05,0.19852878464118046,0.6846730611494275,0.1167875689006237
2025-09-12 04:00:00+00:00,1.0585308768444802e-05,0.19852878464118046,0.6846730611494275,0.1167875689006237
2025-09-15 04:00:00+00:00,1.0585308768444802e-05,0.19852878464118046,0.6846730611494275,0.1167875689006237
2025-09-16 04:00:00+00:00,1.0585308768444802e-05,0.19852878464118046,0.6846730611494275,0.1167875689006237
2025-09-17 04:00:00+00:00,1.0585308768444802e-05,0.19852878464118046,0.6846730611494275,0.1167875689006237
2025-09-18 04:00:00+00:00,1.0585308768444802e-05,0.19852878464118046,0.6846730611494275,0.1167875689006237
2025-09-19 04:00:00+00:00,1.0585308768444802e-05,0.19852878464118046,0.6846730611494275,0.1167875689006237
2025-09-22 04:00:00+00:00,1.0585308768444802e-05,0.19852878464118046,0.6846730611494275,0.1167875689006237
2025-09-23 04:00:00+00:00,1.0585308768444802e-05,0.19852878464118046,0.6846730611494275,0.1167875689006237
2025-09-24 04:00:00+00:00,1.0585308768444802e-05,0.19852878464118046,0.6846730611494275,0.1167875689006237
2025-09-25 04:00:00+00:00,1.0585308768444802e-05,0.19852878464118046,0.6846730611494275,0.1167875689006237
2025-09-26 04:00:00+00:00,1.0585308768444802e-05,0.19852878464118046,0.6846730611494275,0.1167875689006237
2025-09-29 04:00:00+00:00,1.0585308768444802e-05,0.19852878464118046,0.6846730611494275,0.1167875689006237
2025-09-30 04:00:00+00:00,1.0585308768444802e-05,0.19852878464118046,0.6846730611494275,0.1167875689006237
2025-10-01 04:00:00+00:00,1.0585308768444802e-05,0.19852878464118046,0.6846730611494275,0.1167875689006237
2025-10-02 04:00:00+00:00,1.0585308768444802e-05,0.19852878464118046,0.6846730611494275,0.1167875689006237
2025-10-03 04:00:00+00:00,1.0585308768444802e-05,0.19852878464118046,0.6846730611494275,0.1167875689006237
2025-10-06 04:00:00+00:00,1.0585308768444802e-05,0.19852878464118046,0.6846730611494275,0.1167875689006237
2025-10-07 04:00:00+00:00,0.07948467087071294,0.19316003490987876,0.5397042354216337,0.18765105879777472
2025-10-08 04:00:00+00:00,0.07948467087071294,0.19316003490987876,0.5397042354216337,0.18765105879777472
2025-10-09 04:00:00+00:00,0.07948467087071294,0.19316003490987876,0.5397042354216337,0.18765105879777472
2025-10-10 04:00:00+00:00,0.07948467087071294,0.19316003490987876,0.5397042354216337,0.18765105879777472
2025-10-13 04:00:00+00:00,0.07948467087071294,0.19316003490987876,0.5397042354216337,0.18765105879777472
2025-10-14 04:00:00+00:00,0.07948467087071294,0.19316003490987876,0.5397042354216337,0.18765105879777472
2025-10-15 04:00:00+00:00,0.07948467087071294,0.19316003490987876,0.5397042354216337,0.18765105879777472
2025-10-16 04:00:00+00:00,0.07948467087071294,0.19316003490987876,0.5397042354216337,0.18765105879777472
2025-10-17 04:00:00+00:00,0.07948467087071294,0.19316003490987876,0.5397042354216337,0.18765105879777472
2025-10-20 04:00:00+00:00,0.07948467087071294,0.19316003490987876,0.5397042354216337,0.18765105879777472
2025-10-21 04:00:00+00:00,0.07948467087071294,0.19316003490987876,0.5397042354216337,0.18765105879777472
2025-10-22 04:00:00+00:00,0.07948467087071294,0.19316003490987876,0.5397042354216337,0.18765105879777472
2025-10-23 04:00:00+00:00,0.07948467087071294,0.19316003490987876,0.5397042354216337,0.18765105879777472
2025-10-24 04:00:00+00:00,0.07948467087071294,0.19316003490987876,0.5397042354216337,0.18765105879777472
2025-10-27 04:00:00+00:00,0.07948467087071294,0.19316003490987876,0.5397042354216337,0.18765105879777472
2025-10-28 04:00:00+00:00,0.07948467087071294,0.19316003490987876,0.5397042354216337,0.18765105879777472
2025-10-29 04:00:00+00:00,0.07948467087071294,0.19316003490987876,0.5397042354216337,0.18765105879777472
2025-10-30 04:00:00+00:00,0.07948467087071294,0.19316003490987876,0.5397042354216337,0.18765105879777472
2025-10-31 04:00:00+00:00,0.07948467087071294,0.19316003490987876,0.5397042354216337,0.18765105879777472
2025-11-03 05:00:00+00:00,0.07948467087071294,0.19316003490987876,0.5397042354216337,0.18765105879777472
2025-11-04 05:00:00+00:00,0.07948467087071294,0.19316003490987876,0.5397042354216337,0.18765105879777472
2025-11-05 05:00:00+00:00,0.1242861277390648,0.17850045142847024,0.5607998099512395,0.13641361088122544
2025-11-06 05:00:00+00:00,0.1242861277390648,0.17850045142847024,0.5607998099512395,0.13641361088122544
2025-11-07 05:00:00+00:00,0.1242861277390648,0.17850045142847024,0.5607998099512395,0.13641361088122544
2025-11-10 05:00:00+00:00,0.1242861277390648,0.17850045142847024,0.5607998099512395,0.13641361088122544
2025-11-11 05:00:00+00:00,0.1242861277390648,0.17850045142847024,0.5607998099512395,0.13641361088122544
2025-11-12 05:00:00+00:00,0.1242861277390648,0.17850045142847024,0.5607998099512395,0.13641361088122544
2025-11-13 05:00:00+00:00,0.1242861277390648,0.17850045142847024,0.5607998099512395,0.13641361088122544
2025-11-14 05:00:00+00:00,0.1242861277390648,0.17850045142847024,0.5607998099512395,0.13641361088122544
2025-11-17 05:00:00+00:00,0.1242861277390648,0.17850045142847024,0.5607998099512395,0.13641361088122544
2025-11-18 05:00:00+00:00,0.1242861277390648,0.17850045142847024,0.5607998099512395,0.13641361088122544
2025-11-19 05:00:00+00:00,0.1242861277390648,0.17850045142847024,0.5607998099512395,0.13641361088122544
2025-11-20 05:00:00+00:00,0.1242861277390648,0.17850045142847024,0.5607998099512395,0.13641361088122544
2025-11-21 05:00:00+00:00,0.1242861277390648,0.17850045142847024,0.5607998099512395,0.13641361088122544
2025-11-24 05:00:00+00:00,0.1242861277390648,0.17850045142847024,0.5607998099512395,0.13641361088122544
2025-11-25 05:00:00+00:00,0.1242861277390648,0.17850045142847024,0.5607998099512395,0.13641361088122544
2025-11-26 05:00:00+00:00,0.1242861277390648,0.17850045142847024,0.5607998099512395,0.13641361088122544
2025-11-28 05:00:00+00:00,0.1242861277390648,0.17850045142847024,0.5607998099512395,0.13641361088122544
2025-12-01 05:00:00+00:00,0.1242861277390648,0.17850045142847024,0.5607998099512395,0.13641361088122544
2025-12-02 05:00:00+00:00,0.1242861277390648,0.17850045142847024,0.5607998099512395,0.13641361088122544
2025-12-03 05:00:00+00:00,0.1242861277390648,0.17850045142847024,0.5607998099512395,0.13641361088122544
2025-12-04 05:00:00+00:00,0.1242861277390648,0.17850045142847024,0.5607998099512395,0.13641361088122544
2025-12-05 05:00:00+00:00,1.0444487318743202e-05,0.11204858951190545,0.8879409660007758,0.0
2025-12-08 05:00:00+00:00,1.0444487318743202e-05,0.11204858951190545,0.8879409660007758,0.0
2025-12-09 05:00:00+00:00,1.0444487318743202e-05,0.11204858951190545,0.8879409660007758,0.0
2025-12-10 05:00:00+00:00,1.0444487318743202e-05,0.11204858951190545,0.8879409660007758,0.0
2025-12-11 05:00:00+00:00,1.0444487318743202e-05,0.11204858951190545,0.8879409660007758,0.0
2025-12-12 05:00:00+00:00,1.0444487318743202e-05,0.11204858951190545,0.8879409660007758,0.0
2025-12-15 05:00:00+00:00,1.0444487318743202e-05,0.11204858951190545,0.8879409660007758,0.0
2025-12-16 05:00:00+00:00,1.0444487318743202e-05,0.11204858951190545,0.8879409660007758,0.0
2025-12-17 05:00:00+00:00,1.0444487318743202e-05,0.11204858951190545,0.8879409660007758,0.0
2025-12-18 05:00:00+00:00,1.0444487318743202e-05,0.11204858951190545,0.8879409660007758,0.0
2025-12-19 05:00:00+00:00,1.0444487318743202e-05,0.11204858951190545,0.8879409660007758,0.0
