date,prob_low_vol
2011-07-27 04:00:00+00:00,0.8041006194365014
2011-07-28 04:00:00+00:00,0.8041006194365014
2011-07-29 04:00:00+00:00,0.8041006194365014
2011-08-01 04:00:00+00:00,0.8041006194365014
2011-08-02 04:00:00+00:00,0.8041006194365014
2011-08-03 04:00:00+00:00,0.8041006194365014
2011-08-04 04:00:00+00:00,0.8041006194365014
2011-08-05 04:00:00+00:00,0.8041006194365014
2011-08-08 04:00:00+00:00,0.8041006194365014
2011-08-09 04:00:00+00:00,0.8041006194365014
2011-08-10 04:00:00+00:00,0.8041006194365014
2011-08-11 04:00:00+00:00,0.8041006194365014
2011-08-12 04:00:00+00:00,0.8041006194365014
2011-08-15 04:00:00+00:00,0.8041006194365014
2011-08-16 04:00:00+00:00,0.8041006194365014
2011-08-17 04:00:00+00:00,0.8041006194365014
2011-08-18 04:00:00+00:00,0.8041006194365014
2011-08-19 04:00:00+00:00,0.8041006194365014
2011-08-22 04:00:00+00:00,0.8041006194365014
2011-08-23 04:00:00+00:00,0.8041006194365014
2011-08-24 04:00:00+00:00,0.8041006194365014
2011-08-25 04:00:00+00:00,6.3501488329390594e-37
2011-08-26 04:00:00+00:00,6.3501488329390594e-37
2011-08-29 04:00:00+00:00,6.3501488329390594e-37
2011-08-30 04:00:00+00:00,6.3501488329390594e-37
2011-08-31 04:00:00+00:00,6.3501488329390594e-37
2011-09-01 04:00:00+00:00,6.3501488329390594e-37
2011-09-02 04:00:00+00:00,6.3501488329390594e-37
2011-09-06 04:00:00+00:00,6.3501488329390594e-37
2011-09-07 04:00:00+00:00,6.3501488329390594e-37
2011-09-08 04:00:00+00:00,6.3501488329390594e-37
2011-09-09 04:00:00+00:00,6.3501488329390594e-37
2011-09-12 04:00:00+00:00,6.3501488329390594e-37
2011-09-13 04:00:00+00:00,6.3501488329390594e-37
2011-09-14 04:00:00+00:00,6.3501488329390594e-37
2011-09-15 04:00:00+00:00,6.3501488329390594e-37
2011-09-16 04:00:00+00:00,6.3501488329390594e-37
2011-09-19 04:00:00+00:00,6.3501488329390594e-37
2011-09-20 04:00:00+00:00,6.3501488329390594e-37
2011-09-21 04:00:00+00:00,6.3501488329390594e-37
2011-09-22 04:00:00+00:00,6.3501488329390594e-37
2011-09-23 04:00:00+00:00,6.3501488329390594e-37
2011-09-26 04:00:00+00:00,0.9998560724363764
2011-09-27 04:00:00+00:00,0.9998560724363764
2011-09-28 04:00:00+00:00,0.9998560724363764
2011-09-29 04:00:00+00:00,0.9998560724363764
2011-09-30 04:00:00+00:00,0.9998560724363764
2011-10-03 04:00:00+00:00,0.9998560724363764
2011-10-04 04:00:00+00:00,0.9998560724363764
2011-10-05 04:00:00+00:00,0.9998560724363764
2011-10-06 04:00:00+00:00,0.9998560724363764
2011-10-07 04:00:00+00:00,0.9998560724363764
2011-10-10 04:00:00+00:00,0.9998560724363764
2011-10-11 04:00:00+00:00,0.9998560724363764
2011-10-12 04:00:00+00:00,0.9998560724363764
2011-10-13 04:00:00+00:00,0.9998560724363764
2011-10-14 04:00:00+00:00,0.9998560724363764
2011-10-17 04:00:00+00:00,0.9998560724363764
2011-10-18 04:00:00+00:00,0.9998560724363764
2011-10-19 04:00:00+00:00,0.9998560724363764
2011-10-20 04:00:00+00:00,0.9998560724363764
2011-10-21 04:00:00+00:00,0.9998560724363764
2011-10-24 04:00:00+00:00,0.9998560724363764
2011-10-25 04:00:00+00:00,0.0025640452980032376
2011-10-26 04:00:00+00:00,0.0025640452980032376
2011-10-27 04:00:00+00:00,0.0025640452980032376
2011-10-28 04:00:00+00:00,0.0025640452980032376
2011-10-31 04:00:00+00:00,0.0025640452980032376
2011-11-01 04:00:00+00:00,0.0025640452980032376
2011-11-02 04:00:00+00:00,0.0025640452980032376
2011-11-03 04:00:00+00:00,0.0025640452980032376
2011-11-04 04:00:00+00:00,0.0025640452980032376
2011-11-07 05:00:00+00:00,0.0025640452980032376
2011-11-08 05:00:00+00:00,0.0025640452980032376
2011-11-09 05:00:00+00:00,0.0025640452980032376
2011-11-10 05:00:00+00:00,0.0025640452980032376
2011-11-11 05:00:00+00:00,0.0025640452980032376
2011-11-14 05:00:00+00:00,0.0025640452980032376
2011-11-15 05:00:00+00:00,0.0025640452980032376
2011-11-16 05:00:00+00:00,0.0025640452980032376
2011-11-17 05:00:00+00:00,0.0025640452980032376
2011-11-18 05:00:00+00:00,0.0025640452980032376
2011-11-21 05:00:00+00:00,0.0025640452980032376
2011-11-22 05:00:00+00:00,0.0025640452980032376
2011-11-23 05:00:00+00:00,0.00020844865571266103
2011-11-25 05:00:00+00:00,0.00020844865571266103
2011-11-28 05:00:00+00:00,0.00020844865571266103
2011-11-29 05:00:00+00:00,0.00020844865571266103
2011-11-30 05:00:00+00:00,0.00020844865571266103
2011-12-01 05:00:00+00:00,0.00020844865571266103
2011-12-02 05:00:00+00:00,0.00020844865571266103
2011-12-05 05:00:00+00:00,0.00020844865571266103
2011-12-06 05:00:00+00:00,0.00020844865571266103
2011-12-07 05:00:00+00:00,0.00020844865571266103
2011-12-08 05:00:00+00:00,0.00020844865571266103
2011-12-09 05:00:00+00:00,0.00020844865571266103
2011-12-12 05:00:00+00:00,0.00020844865571266103
2011-12-13 05:00:00+00:00,0.00020844865571266103
2011-12-14 05:00:00+00:00,0.00020844865571266103
2011-12-15 05:00:00+00:00,0.00020844865571266103
2011-12-16 05:00:00+00:00,0.00020844865571266103
2011-12-19 05:00:00+00:00,0.00020844865571266103
2011-12-20 05:00:00+00:00,0.00020844865571266103
2011-12-21 05:00:00+00:00,0.00020844865571266103
2011-12-22 05:00:00+00:00,0.00020844865571266103
2011-12-23 05:00:00+00:00,0.33927326787027307
2011-12-27 05:00:00+00:00,0.33927326787027307
2011-12-28 05:00:00+00:00,0.33927326787027307
2011-12-29 05:00:00+00:00,0.33927326787027307
2011-12-30 05:00:00+00:00,0.33927326787027307
2012-01-03 05:00:00+00:00,0.33927326787027307
2012-01-04 05:00:00+00:00,0.33927326787027307
2012-01-05 05:00:00+00:00,0.33927326787027307
2012-01-06 05:00:00+00:00,0.33927326787027307
2012-01-09 05:00:00+00:00,0.33927326787027307
2012-01-10 05:00:00+00:00,0.33927326787027307
2012-01-11 05:00:00+00:00,0.33927326787027307
2012-01-12 05:00:00+00:00,0.33927326787027307
2012-01-13 05:00:00+00:00,0.33927326787027307
2012-01-17 05:00:00+00:00,0.33927326787027307
2012-01-18 05:00:00+00:00,0.33927326787027307
2012-01-19 05:00:00+00:00,0.33927326787027307
2012-01-20 05:00:00+00:00,0.33927326787027307
2012-01-23 05:00:00+00:00,0.33927326787027307
2012-01-24 05:00:00+00:00,0.33927326787027307
2012-01-25 05:00:00+00:00,0.33927326787027307
2012-01-26 05:00:00+00:00,0.00018877485145230125
2012-01-27 05:00:00+00:00,0.00018877485145230125
2012-01-30 05:00:00+00:00,0.00018877485145230125
2012-01-31 05:00:00+00:00,0.00018877485145230125
2012-02-01 05:00:00+00:00,0.00018877485145230125
2012-02-02 05:00:00+00:00,0.00018877485145230125
2012-02-03 05:00:00+00:00,0.00018877485145230125
2012-02-06 05:00:00+00:00,0.00018877485145230125
2012-02-07 05:00:00+00:00,0.00018877485145230125
2012-02-08 05:00:00+00:00,0.00018877485145230125
2012-02-09 05:00:00+00:00,0.00018877485145230125
2012-02-10 05:00:00+00:00,0.00018877485145230125
2012-02-13 05:00:00+00:00,0.00018877485145230125
2012-02-14 05:00:00+00:00,0.00018877485145230125
2012-02-15 05:00:00+00:00,0.00018877485145230125
2012-02-16 05:00:00+00:00,0.00018877485145230125
2012-02-17 05:00:00+00:00,0.00018877485145230125
2012-02-21 05:00:00+00:00,0.00018877485145230125
2012-02-22 05:00:00+00:00,0.00018877485145230125
2012-02-23 05:00:00+00:00,0.00018877485145230125
2012-02-24 05:00:00+00:00,0.00018877485145230125
2012-02-27 05:00:00+00:00,0.9999999074045193
2012-02-28 05:00:00+00:00,0.9999999074045193
2012-02-29 05:00:00+00:00,0.9999999074045193
2012-03-01 05:00:00+00:00,0.9999999074045193
2012-03-02 05:00:00+00:00,0.9999999074045193
2012-03-05 05:00:00+00:00,0.9999999074045193
2012-03-06 05:00:00+00:00,0.9999999074045193
2012-03-07 05:00:00+00:00,0.9999999074045193
2012-03-08 05:00:00+00:00,0.9999999074045193
2012-03-09 05:00:00+00:00,0.9999999074045193
2012-03-12 04:00:00+00:00,0.9999999074045193
2012-03-13 04:00:00+00:00,0.9999999074045193
2012-03-14 04:00:00+00:00,0.9999999074045193
2012-03-15 04:00:00+00:00,0.9999999074045193
2012-03-16 04:00:00+00:00,0.9999999074045193
2012-03-19 04:00:00+00:00,0.9999999074045193
2012-03-20 04:00:00+00:00,0.9999999074045193
2012-03-21 04:00:00+00:00,0.9999999074045193
2012-03-22 04:00:00+00:00,0.9999999074045193
2012-03-23 04:00:00+00:00,0.9999999074045193
2012-03-26 04:00:00+00:00,0.9999999074045193
2012-03-27 04:00:00+00:00,0.08447603816194654
2012-03-28 04:00:00+00:00,0.08447603816194654
2012-03-29 04:00:00+00:00,0.08447603816194654
2012-03-30 04:00:00+00:00,0.08447603816194654
2012-04-02 04:00:00+00:00,0.08447603816194654
2012-04-03 04:00:00+00:00,0.08447603816194654
2012-04-04 04:00:00+00:00,0.08447603816194654
2012-04-05 04:00:00+00:00,0.08447603816194654
2012-04-09 04:00:00+00:00,0.08447603816194654
2012-04-10 04:00:00+00:00,0.08447603816194654
2012-04-11 04:00:00+00:00,0.08447603816194654
2012-04-12 04:00:00+00:00,0.08447603816194654
2012-04-13 04:00:00+00:00,0.08447603816194654
2012-04-16 04:00:00+00:00,0.08447603816194654
2012-04-17 04:00:00+00:00,0.08447603816194654
2012-04-18 04:00:00+00:00,0.08447603816194654
2012-04-19 04:00:00+00:00,0.08447603816194654
2012-04-20 04:00:00+00:00,0.08447603816194654
2012-04-23 04:00:00+00:00,0.08447603816194654
2012-04-24 04:00:00+00:00,0.08447603816194654
2012-04-25 04:00:00+00:00,0.08447603816194654
2012-04-26 04:00:00+00:00,0.5320760509417475
2012-04-27 04:00:00+00:00,0.5320760509417475
2012-04-30 04:00:00+00:00,0.5320760509417475
2012-05-01 04:00:00+00:00,0.5320760509417475
2012-05-02 04:00:00+00:00,0.5320760509417475
2012-05-03 04:00:00+00:00,0.5320760509417475
2012-05-04 04:00:00+00:00,0.5320760509417475
2012-05-07 04:00:00+00:00,0.5320760509417475
2012-05-08 04:00:00+00:00,0.5320760509417475
2012-05-09 04:00:00+00:00,0.5320760509417475
2012-05-10 04:00:00+00:00,0.5320760509417475
2012-05-11 04:00:00+00:00,0.5320760509417475
2012-05-14 04:00:00+00:00,0.5320760509417475
2012-05-15 04:00:00+00:00,0.5320760509417475
2012-05-16 04:00:00+00:00,0.5320760509417475
2012-05-17 04:00:00+00:00,0.5320760509417475
2012-05-18 04:00:00+00:00,0.5320760509417475
2012-05-21 04:00:00+00:00,0.5320760509417475
2012-05-22 04:00:00+00:00,0.5320760509417475
2012-05-23 04:00:00+00:00,0.5320760509417475
2012-05-24 04:00:00+00:00,0.5320760509417475
2012-05-25 04:00:00+00:00,0.9999518514887571
2012-05-29 04:00:00+00:00,0.9999518514887571
2012-05-30 04:00:00+00:00,0.9999518514887571
2012-05-31 04:00:00+00:00,0.9999518514887571
2012-06-01 04:00:00+00:00,0.9999518514887571
2012-06-04 04:00:00+00:00,0.9999518514887571
2012-06-05 04:00:00+00:00,0.9999518514887571
2012-06-06 04:00:00+00:00,0.9999518514887571
2012-06-07 04:00:00+00:00,0.9999518514887571
2012-06-08 04:00:00+00:00,0.9999518514887571
2012-06-11 04:00:00+00:00,0.9999518514887571
2012-06-12 04:00:00+00:00,0.9999518514887571
2012-06-13 04:00:00+00:00,0.9999518514887571
2012-06-14 04:00:00+00:00,0.9999518514887571
2012-06-15 04:00:00+00:00,0.9999518514887571
2012-06-18 04:00:00+00:00,0.9999518514887571
2012-06-19 04:00:00+00:00,0.9999518514887571
2012-06-20 04:00:00+00:00,0.9999518514887571
2012-06-21 04:00:00+00:00,0.9999518514887571
2012-06-22 04:00:00+00:00,0.9999518514887571
2012-06-25 04:00:00+00:00,0.9999518514887571
2012-06-26 04:00:00+00:00,0.9990967529716073
2012-06-27 04:00:00+00:00,0.9990967529716073
2012-06-28 04:00:00+00:00,0.9990967529716073
2012-06-29 04:00:00+00:00,0.9990967529716073
2012-07-02 04:00:00+00:00,0.9990967529716073
2012-07-03 04:00:00+00:00,0.9990967529716073
2012-07-05 04:00:00+00:00,0.9990967529716073
2012-07-06 04:00:00+00:00,0.9990967529716073
2012-07-09 04:00:00+00:00,0.9990967529716073
2012-07-10 04:00:00+00:00,0.9990967529716073
2012-07-11 04:00:00+00:00,0.9990967529716073
2012-07-12 04:00:00+00:00,0.9990967529716073
2012-07-13 04:00:00+00:00,0.9990967529716073
2012-07-16 04:00:00+00:00,0.9990967529716073
2012-07-17 04:00:00+00:00,0.9990967529716073
2012-07-18 04:00:00+00:00,0.9990967529716073
2012-07-19 04:00:00+00:00,0.9990967529716073
2012-07-20 04:00:00+00:00,0.9990967529716073
2012-07-23 04:00:00+00:00,0.9990967529716073
2012-07-24 04:00:00+00:00,0.9990967529716073
2012-07-25 04:00:00+00:00,0.9990967529716073
2012-07-26 04:00:00+00:00,0.04902367898591494
2012-07-27 04:00:00+00:00,0.04902367898591494
2012-07-30 04:00:00+00:00,0.04902367898591494
2012-07-31 04:00:00+00:00,0.04902367898591494
2012-08-01 04:00:00+00:00,0.04902367898591494
2012-08-02 04:00:00+00:00,0.04902367898591494
2012-08-03 04:00:00+00:00,0.04902367898591494
2012-08-06 04:00:00+00:00,0.04902367898591494
2012-08-07 04:00:00+00:00,0.04902367898591494
2012-08-08 04:00:00+00:00,0.04902367898591494
2012-08-09 04:00:00+00:00,0.04902367898591494
2012-08-10 04:00:00+00:00,0.04902367898591494
2012-08-13 04:00:00+00:00,0.04902367898591494
2012-08-14 04:00:00+00:00,0.04902367898591494
2012-08-15 04:00:00+00:00,0.04902367898591494
2012-08-16 04:00:00+00:00,0.04902367898591494
2012-08-17 04:00:00+00:00,0.04902367898591494
2012-08-20 04:00:00+00:00,0.04902367898591494
2012-08-21 04:00:00+00:00,0.04902367898591494
2012-08-22 04:00:00+00:00,0.04902367898591494
2012-08-23 04:00:00+00:00,0.04902367898591494
2012-08-24 04:00:00+00:00,0.9999999999997158
2012-08-27 04:00:00+00:00,0.9999999999997158
2012-08-28 04:00:00+00:00,0.9999999999997158
2012-08-29 04:00:00+00:00,0.9999999999997158
2012-08-30 04:00:00+00:00,0.9999999999997158
2012-08-31 04:00:00+00:00,0.9999999999997158
2012-09-04 04:00:00+00:00,0.9999999999997158
2012-09-05 04:00:00+00:00,0.9999999999997158
2012-09-06 04:00:00+00:00,0.9999999999997158
2012-09-07 04:00:00+00:00,0.9999999999997158
2012-09-10 04:00:00+00:00,0.9999999999997158
2012-09-11 04:00:00+00:00,0.9999999999997158
2012-09-12 04:00:00+00:00,0.9999999999997158
2012-09-13 04:00:00+00:00,0.9999999999997158
2012-09-14 04:00:00+00:00,0.9999999999997158
2012-09-17 04:00:00+00:00,0.9999999999997158
2012-09-18 04:00:00+00:00,0.9999999999997158
2012-09-19 04:00:00+00:00,0.9999999999997158
2012-09-20 04:00:00+00:00,0.9999999999997158
2012-09-21 04:00:00+00:00,0.9999999999997158
2012-09-24 04:00:00+00:00,0.9999999999997158
2012-09-25 04:00:00+00:00,0.9999973613417548
2012-09-26 04:00:00+00:00,0.9999973613417548
2012-09-27 04:00:00+00:00,0.9999973613417548
2012-09-28 04:00:00+00:00,0.9999973613417548
2012-10-01 04:00:00+00:00,0.9999973613417548
2012-10-02 04:00:00+00:00,0.9999973613417548
2012-10-03 04:00:00+00:00,0.9999973613417548
2012-10-04 04:00:00+00:00,0.9999973613417548
2012-10-05 04:00:00+00:00,0.9999973613417548
2012-10-08 04:00:00+00:00,0.9999973613417548
2012-10-09 04:00:00+00:00,0.9999973613417548
2012-10-10 04:00:00+00:00,0.9999973613417548
2012-10-11 04:00:00+00:00,0.9999973613417548
2012-10-12 04:00:00+00:00,0.9999973613417548
2012-10-15 04:00:00+00:00,0.9999973613417548
2012-10-16 04:00:00+00:00,0.9999973613417548
2012-10-17 04:00:00+00:00,0.9999973613417548
2012-10-18 04:00:00+00:00,0.9999973613417548
2012-10-19 04:00:00+00:00,0.9999973613417548
2012-10-22 04:00:00+00:00,0.9999973613417548
2012-10-23 04:00:00+00:00,0.9999973613417548
2012-10-24 04:00:00+00:00,0.8344633296306224
2012-10-25 04:00:00+00:00,0.8344633296306224
2012-10-26 04:00:00+00:00,0.8344633296306224
2012-10-31 04:00:00+00:00,0.8344633296306224
2012-11-01 04:00:00+00:00,0.8344633296306224
2012-11-02 04:00:00+00:00,0.8344633296306224
2012-11-05 05:00:00+00:00,0.8344633296306224
2012-11-06 05:00:00+00:00,0.8344633296306224
2012-11-07 05:00:00+00:00,0.8344633296306224
2012-11-08 05:00:00+00:00,0.8344633296306224
2012-11-09 05:00:00+00:00,0.8344633296306224
2012-11-12 05:00:00+00:00,0.8344633296306224
2012-11-13 05:00:00+00:00,0.8344633296306224
2012-11-14 05:00:00+00:00,0.8344633296306224
2012-11-15 05:00:00+00:00,0.8344633296306224
2012-11-16 05:00:00+00:00,0.8344633296306224
2012-11-19 05:00:00+00:00,0.8344633296306224
2012-11-20 05:00:00+00:00,0.8344633296306224
2012-11-21 05:00:00+00:00,0.8344633296306224
2012-11-23 05:00:00+00:00,0.8344633296306224
2012-11-26 05:00:00+00:00,0.8344633296306224
2012-11-27 05:00:00+00:00,0.8448757886421662
2012-11-28 05:00:00+00:00,0.8448757886421662
2012-11-29 05:00:00+00:00,0.8448757886421662
2012-11-30 05:00:00+00:00,0.8448757886421662
2012-12-03 05:00:00+00:00,0.8448757886421662
2012-12-04 05:00:00+00:00,0.8448757886421662
2012-12-05 05:00:00+00:00,0.8448757886421662
2012-12-06 05:00:00+00:00,0.8448757886421662
2012-12-07 05:00:00+00:00,0.8448757886421662
2012-12-10 05:00:00+00:00,0.8448757886421662
2012-12-11 05:00:00+00:00,0.8448757886421662
2012-12-12 05:00:00+00:00,0.8448757886421662
2012-12-13 05:00:00+00:00,0.8448757886421662
2012-12-14 05:00:00+00:00,0.8448757886421662
2012-12-17 05:00:00+00:00,0.8448757886421662
2012-12-18 05:00:00+00:00,0.8448757886421662
2012-12-19 05:00:00+00:00,0.8448757886421662
2012-12-20 05:00:00+00:00,0.8448757886421662
2012-12-21 05:00:00+00:00,0.8448757886421662
2012-12-24 05:00:00+00:00,0.8448757886421662
2012-12-26 05:00:00+00:00,0.8448757886421662
2012-12-27 05:00:00+00:00,0.9995182363388107
2012-12-28 05:00:00+00:00,0.9995182363388107
2012-12-31 05:00:00+00:00,0.9995182363388107
2013-01-02 05:00:00+00:00,0.9995182363388107
2013-01-03 05:00:00+00:00,0.9995182363388107
2013-01-04 05:00:00+00:00,0.9995182363388107
2013-01-07 05:00:00+00:00,0.9995182363388107
2013-01-08 05:00:00+00:00,0.9995182363388107
2013-01-09 05:00:00+00:00,0.9995182363388107
2013-01-10 05:00:00+00:00,0.9995182363388107
2013-01-11 05:00:00+00:00,0.9995182363388107
2013-01-14 05:00:00+00:00,0.9995182363388107
2013-01-15 05:00:00+00:00,0.9995182363388107
2013-01-16 05:00:00+00:00,0.9995182363388107
2013-01-17 05:00:00+00:00,0.9995182363388107
2013-01-18 05:00:00+00:00,0.9995182363388107
2013-01-22 05:00:00+00:00,0.9995182363388107
2013-01-23 05:00:00+00:00,0.9995182363388107
2013-01-24 05:00:00+00:00,0.9995182363388107
2013-01-25 05:00:00+00:00,0.9995182363388107
2013-01-28 05:00:00+00:00,0.9995182363388107
2013-01-29 05:00:00+00:00,0.8718593385126656
2013-01-30 05:00:00+00:00,0.8718593385126656
2013-01-31 05:00:00+00:00,0.8718593385126656
2013-02-01 05:00:00+00:00,0.8718593385126656
2013-02-04 05:00:00+00:00,0.8718593385126656
2013-02-05 05:00:00+00:00,0.8718593385126656
2013-02-06 05:00:00+00:00,0.8718593385126656
2013-02-07 05:00:00+00:00,0.8718593385126656
2013-02-08 05:00:00+00:00,0.8718593385126656
2013-02-11 05:00:00+00:00,0.8718593385126656
2013-02-12 05:00:00+00:00,0.8718593385126656
2013-02-13 05:00:00+00:00,0.8718593385126656
2013-02-14 05:00:00+00:00,0.8718593385126656
2013-02-15 05:00:00+00:00,0.8718593385126656
2013-02-19 05:00:00+00:00,0.8718593385126656
2013-02-20 05:00:00+00:00,0.8718593385126656
2013-02-21 05:00:00+00:00,0.8718593385126656
2013-02-22 05:00:00+00:00,0.8718593385126656
2013-02-25 05:00:00+00:00,0.8718593385126656
2013-02-26 05:00:00+00:00,0.8718593385126656
2013-02-27 05:00:00+00:00,0.8718593385126656
2013-02-28 05:00:00+00:00,0.701638582980983
2013-03-01 05:00:00+00:00,0.701638582980983
2013-03-04 05:00:00+00:00,0.701638582980983
2013-03-05 05:00:00+00:00,0.701638582980983
2013-03-06 05:00:00+00:00,0.701638582980983
2013-03-07 05:00:00+00:00,0.701638582980983
2013-03-08 05:00:00+00:00,0.701638582980983
2013-03-11 04:00:00+00:00,0.701638582980983
2013-03-12 04:00:00+00:00,0.701638582980983
2013-03-13 04:00:00+00:00,0.701638582980983
2013-03-14 04:00:00+00:00,0.701638582980983
2013-03-15 04:00:00+00:00,0.701638582980983
2013-03-18 04:00:00+00:00,0.701638582980983
2013-03-19 04:00:00+00:00,0.701638582980983
2013-03-20 04:00:00+00:00,0.701638582980983
2013-03-21 04:00:00+00:00,0.701638582980983
2013-03-22 04:00:00+00:00,0.701638582980983
2013-03-25 04:00:00+00:00,0.701638582980983
2013-03-26 04:00:00+00:00,0.701638582980983
2013-03-27 04:00:00+00:00,0.701638582980983
2013-03-28 04:00:00+00:00,0.701638582980983
2013-04-01 04:00:00+00:00,0.9999998666668919
2013-04-02 04:00:00+00:00,0.9999998666668919
2013-04-03 04:00:00+00:00,0.9999998666668919
2013-04-04 04:00:00+00:00,0.9999998666668919
2013-04-05 04:00:00+00:00,0.9999998666668919
2013-04-08 04:00:00+00:00,0.9999998666668919
2013-04-09 04:00:00+00:00,0.9999998666668919
2013-04-10 04:00:00+00:00,0.9999998666668919
2013-04-11 04:00:00+00:00,0.9999998666668919
2013-04-12 04:00:00+00:00,0.9999998666668919
2013-04-15 04:00:00+00:00,0.9999998666668919
2013-04-16 04:00:00+00:00,0.9999998666668919
2013-04-17 04:00:00+00:00,0.9999998666668919
2013-04-18 04:00:00+00:00,0.9999998666668919
2013-04-19 04:00:00+00:00,0.9999998666668919
2013-04-22 04:00:00+00:00,0.9999998666668919
2013-04-23 04:00:00+00:00,0.9999998666668919
2013-04-24 04:00:00+00:00,0.9999998666668919
2013-04-25 04:00:00+00:00,0.9999998666668919
2013-04-26 04:00:00+00:00,0.9999998666668919
2013-04-29 04:00:00+00:00,0.9999998666668919
2013-04-30 04:00:00+00:00,8.445277168800684e-05
2013-05-01 04:00:00+00:00,8.445277168800684e-05
2013-05-02 04:00:00+00:00,8.445277168800684e-05
2013-05-03 04:00:00+00:00,8.445277168800684e-05
2013-05-06 04:00:00+00:00,8.445277168800684e-05
2013-05-07 04:00:00+00:00,8.445277168800684e-05
2013-05-08 04:00:00+00:00,8.445277168800684e-05
2013-05-09 04:00:00+00:00,8.445277168800684e-05
2013-05-10 04:00:00+00:00,8.445277168800684e-05
2013-05-13 04:00:00+00:00,8.445277168800684e-05
2013-05-14 04:00:00+00:00,8.445277168800684e-05
2013-05-15 04:00:00+00:00,8.445277168800684e-05
2013-05-16 04:00:00+00:00,8.445277168800684e-05
2013-05-17 04:00:00+00:00,8.445277168800684e-05
2013-05-20 04:00:00+00:00,8.445277168800684e-05
2013-05-21 04:00:00+00:00,8.445277168800684e-05
2013-05-22 04:00:00+00:00,8.445277168800684e-05
2013-05-23 04:00:00+00:00,8.445277168800684e-05
2013-05-24 04:00:00+00:00,8.445277168800684e-05
2013-05-28 04:00:00+00:00,8.445277168800684e-05
2013-05-29 04:00:00+00:00,8.445277168800684e-05
2013-05-30 04:00:00+00:00,0.9999999460859513
2013-05-31 04:00:00+00:00,0.9999999460859513
2013-06-03 04:00:00+00:00,0.9999999460859513
2013-06-04 04:00:00+00:00,0.9999999460859513
2013-06-05 04:00:00+00:00,0.9999999460859513
2013-06-06 04:00:00+00:00,0.9999999460859513
2013-06-07 04:00:00+00:00,0.9999999460859513
2013-06-10 04:00:00+00:00,0.9999999460859513
2013-06-11 04:00:00+00:00,0.9999999460859513
2013-06-12 04:00:00+00:00,0.9999999460859513
2013-06-13 04:00:00+00:00,0.9999999460859513
2013-06-14 04:00:00+00:00,0.9999999460859513
2013-06-17 04:00:00+00:00,0.9999999460859513
2013-06-18 04:00:00+00:00,0.9999999460859513
2013-06-19 04:00:00+00:00,0.9999999460859513
2013-06-20 04:00:00+00:00,0.9999999460859513
2013-06-21 04:00:00+00:00,0.9999999460859513
2013-06-24 04:00:00+00:00,0.9999999460859513
2013-06-25 04:00:00+00:00,0.9999999460859513
2013-06-26 04:00:00+00:00,0.9999999460859513
2013-06-27 04:00:00+00:00,0.9999999460859513
2013-06-28 04:00:00+00:00,0.8817809266538871
2013-07-01 04:00:00+00:00,0.8817809266538871
2013-07-02 04:00:00+00:00,0.8817809266538871
2013-07-03 04:00:00+00:00,0.8817809266538871
2013-07-05 04:00:00+00:00,0.8817809266538871
2013-07-08 04:00:00+00:00,0.8817809266538871
2013-07-09 04:00:00+00:00,0.8817809266538871
2013-07-10 04:00:00+00:00,0.8817809266538871
2013-07-11 04:00:00+00:00,0.8817809266538871
2013-07-12 04:00:00+00:00,0.8817809266538871
2013-07-15 04:00:00+00:00,0.8817809266538871
2013-07-16 04:00:00+00:00,0.8817809266538871
2013-07-17 04:00:00+00:00,0.8817809266538871
2013-07-18 04:00:00+00:00,0.8817809266538871
2013-07-19 04:00:00+00:00,0.8817809266538871
2013-07-22 04:00:00+00:00,0.8817809266538871
2013-07-23 04:00:00+00:00,0.8817809266538871
2013-07-24 04:00:00+00:00,0.8817809266538871
2013-07-25 04:00:00+00:00,0.8817809266538871
2013-07-26 04:00:00+00:00,0.8817809266538871
2013-07-29 04:00:00+00:00,0.8817809266538871
2013-07-30 04:00:00+00:00,5.202017662843981e-05
2013-07-31 04:00:00+00:00,5.202017662843981e-05
2013-08-01 04:00:00+00:00,5.202017662843981e-05
2013-08-02 04:00:00+00:00,5.202017662843981e-05
2013-08-05 04:00:00+00:00,5.202017662843981e-05
2013-08-06 04:00:00+00:00,5.202017662843981e-05
2013-08-07 04:00:00+00:00,5.202017662843981e-05
2013-08-08 04:00:00+00:00,5.202017662843981e-05
2013-08-09 04:00:00+00:00,5.202017662843981e-05
2013-08-12 04:00:00+00:00,5.202017662843981e-05
2013-08-13 04:00:00+00:00,5.202017662843981e-05
2013-08-14 04:00:00+00:00,5.202017662843981e-05
2013-08-15 04:00:00+00:00,5.202017662843981e-05
2013-08-16 04:00:00+00:00,5.202017662843981e-05
2013-08-19 04:00:00+00:00,5.202017662843981e-05
2013-08-20 04:00:00+00:00,5.202017662843981e-05
2013-08-21 04:00:00+00:00,5.202017662843981e-05
2013-08-22 04:00:00+00:00,5.202017662843981e-05
2013-08-23 04:00:00+00:00,5.202017662843981e-05
2013-08-26 04:00:00+00:00,5.202017662843981e-05
2013-08-27 04:00:00+00:00,5.202017662843981e-05
2013-08-28 04:00:00+00:00,0.9837767119396501
2013-08-29 04:00:00+00:00,0.9837767119396501
2013-08-30 04:00:00+00:00,0.9837767119396501
2013-09-03 04:00:00+00:00,0.9837767119396501
2013-09-04 04:00:00+00:00,0.9837767119396501
2013-09-05 04:00:00+00:00,0.9837767119396501
2013-09-06 04:00:00+00:00,0.9837767119396501
2013-09-09 04:00:00+00:00,0.9837767119396501
2013-09-10 04:00:00+00:00,0.9837767119396501
2013-09-11 04:00:00+00:00,0.9837767119396501
2013-09-12 04:00:00+00:00,0.9837767119396501
2013-09-13 04:00:00+00:00,0.9837767119396501
2013-09-16 04:00:00+00:00,0.9837767119396501
2013-09-17 04:00:00+00:00,0.9837767119396501
2013-09-18 04:00:00+00:00,0.9837767119396501
2013-09-19 04:00:00+00:00,0.9837767119396501
2013-09-20 04:00:00+00:00,0.9837767119396501
2013-09-23 04:00:00+00:00,0.9837767119396501
2013-09-24 04:00:00+00:00,0.9837767119396501
2013-09-25 04:00:00+00:00,0.9837767119396501
2013-09-26 04:00:00+00:00,0.9837767119396501
2013-09-27 04:00:00+00:00,0.9624478003094609
2013-09-30 04:00:00+00:00,0.9624478003094609
2013-10-01 04:00:00+00:00,0.9624478003094609
2013-10-02 04:00:00+00:00,0.9624478003094609
2013-10-03 04:00:00+00:00,0.9624478003094609
2013-10-04 04:00:00+00:00,0.9624478003094609
2013-10-07 04:00:00+00:00,0.9624478003094609
2013-10-08 04:00:00+00:00,0.9624478003094609
2013-10-09 04:00:00+00:00,0.9624478003094609
2013-10-10 04:00:00+00:00,0.9624478003094609
2013-10-11 04:00:00+00:00,0.9624478003094609
2013-10-14 04:00:00+00:00,0.9624478003094609
2013-10-15 04:00:00+00:00,0.9624478003094609
2013-10-16 04:00:00+00:00,0.9624478003094609
2013-10-17 04:00:00+00:00,0.9624478003094609
2013-10-18 04:00:00+00:00,0.9624478003094609
2013-10-21 04:00:00+00:00,0.9624478003094609
2013-10-22 04:00:00+00:00,0.9624478003094609
2013-10-23 04:00:00+00:00,0.9624478003094609
2013-10-24 04:00:00+00:00,0.9624478003094609
2013-10-25 04:00:00+00:00,0.9624478003094609
2013-10-28 04:00:00+00:00,0.999995099736294
2013-10-29 04:00:00+00:00,0.999995099736294
2013-10-30 04:00:00+00:00,0.999995099736294
2013-10-31 04:00:00+00:00,0.999995099736294
2013-11-01 04:00:00+00:00,0.999995099736294
2013-11-04 05:00:00+00:00,0.999995099736294
2013-11-05 05:00:00+00:00,0.999995099736294
2013-11-06 05:00:00+00:00,0.999995099736294
2013-11-07 05:00:00+00:00,0.999995099736294
2013-11-08 05:00:00+00:00,0.999995099736294
2013-11-11 05:00:00+00:00,0.999995099736294
2013-11-12 05:00:00+00:00,0.999995099736294
2013-11-13 05:00:00+00:00,0.999995099736294
2013-11-14 05:00:00+00:00,0.999995099736294
2013-11-15 05:00:00+00:00,0.999995099736294
2013-11-18 05:00:00+00:00,0.999995099736294
2013-11-19 05:00:00+00:00,0.999995099736294
2013-11-20 05:00:00+00:00,0.999995099736294
2013-11-21 05:00:00+00:00,0.999995099736294
2013-11-22 05:00:00+00:00,0.999995099736294
2013-11-25 05:00:00+00:00,0.999995099736294
2013-11-26 05:00:00+00:00,0.9999999959660499
2013-11-27 05:00:00+00:00,0.9999999959660499
2013-11-29 05:00:00+00:00,0.9999999959660499
2013-12-02 05:00:00+00:00,0.9999999959660499
2013-12-03 05:00:00+00:00,0.9999999959660499
2013-12-04 05:00:00+00:00,0.9999999959660499
2013-12-05 05:00:00+00:00,0.9999999959660499
2013-12-06 05:00:00+00:00,0.9999999959660499
2013-12-09 05:00:00+00:00,0.9999999959660499
2013-12-10 05:00:00+00:00,0.9999999959660499
2013-12-11 05:00:00+00:00,0.9999999959660499
2013-12-12 05:00:00+00:00,0.9999999959660499
2013-12-13 05:00:00+00:00,0.9999999959660499
2013-12-16 05:00:00+00:00,0.9999999959660499
2013-12-17 05:00:00+00:00,0.9999999959660499
2013-12-18 05:00:00+00:00,0.9999999959660499
2013-12-19 05:00:00+00:00,0.9999999959660499
2013-12-20 05:00:00+00:00,0.9999999959660499
2013-12-23 05:00:00+00:00,0.9999999959660499
2013-12-24 05:00:00+00:00,0.9999999959660499
2013-12-26 05:00:00+00:00,0.9999999959660499
2013-12-27 05:00:00+00:00,0.946096459597109
2013-12-30 05:00:00+00:00,0.946096459597109
2013-12-31 05:00:00+00:00,0.946096459597109
2014-01-02 05:00:00+00:00,0.946096459597109
2014-01-03 05:00:00+00:00,0.946096459597109
2014-01-06 05:00:00+00:00,0.946096459597109
2014-01-07 05:00:00+00:00,0.946096459597109
2014-01-08 05:00:00+00:00,0.946096459597109
2014-01-09 05:00:00+00:00,0.946096459597109
2014-01-10 05:00:00+00:00,0.946096459597109
2014-01-13 05:00:00+00:00,0.946096459597109
2014-01-14 05:00:00+00:00,0.946096459597109
2014-01-15 05:00:00+00:00,0.946096459597109
2014-01-16 05:00:00+00:00,0.946096459597109
2014-01-17 05:00:00+00:00,0.946096459597109
2014-01-21 05:00:00+00:00,0.946096459597109
2014-01-22 05:00:00+00:00,0.946096459597109
2014-01-23 05:00:00+00:00,0.946096459597109
2014-01-24 05:00:00+00:00,0.946096459597109
2014-01-27 05:00:00+00:00,0.946096459597109
2014-01-28 05:00:00+00:00,0.946096459597109
2014-01-29 05:00:00+00:00,0.9955645934730728
2014-01-30 05:00:00+00:00,0.9955645934730728
2014-01-31 05:00:00+00:00,0.9955645934730728
2014-02-03 05:00:00+00:00,0.9955645934730728
2014-02-04 05:00:00+00:00,0.9955645934730728
2014-02-05 05:00:00+00:00,0.9955645934730728
2014-02-06 05:00:00+00:00,0.9955645934730728
2014-02-07 05:00:00+00:00,0.9955645934730728
2014-02-10 05:00:00+00:00,0.9955645934730728
2014-02-11 05:00:00+00:00,0.9955645934730728
2014-02-12 05:00:00+00:00,0.9955645934730728
2014-02-13 05:00:00+00:00,0.9955645934730728
2014-02-14 05:00:00+00:00,0.9955645934730728
2014-02-18 05:00:00+00:00,0.9955645934730728
2014-02-19 05:00:00+00:00,0.9955645934730728
2014-02-20 05:00:00+00:00,0.9955645934730728
2014-02-21 05:00:00+00:00,0.9955645934730728
2014-02-24 05:00:00+00:00,0.9955645934730728
2014-02-25 05:00:00+00:00,0.9955645934730728
2014-02-26 05:00:00+00:00,0.9955645934730728
2014-02-27 05:00:00+00:00,0.9955645934730728
2014-02-28 05:00:00+00:00,0.9881120671593374
2014-03-03 05:00:00+00:00,0.9881120671593374
2014-03-04 05:00:00+00:00,0.9881120671593374
2014-03-05 05:00:00+00:00,0.9881120671593374
2014-03-06 05:00:00+00:00,0.9881120671593374
2014-03-07 05:00:00+00:00,0.9881120671593374
2014-03-10 04:00:00+00:00,0.9881120671593374
2014-03-11 04:00:00+00:00,0.9881120671593374
2014-03-12 04:00:00+00:00,0.9881120671593374
2014-03-13 04:00:00+00:00,0.9881120671593374
2014-03-14 04:00:00+00:00,0.9881120671593374
2014-03-17 04:00:00+00:00,0.9881120671593374
2014-03-18 04:00:00+00:00,0.9881120671593374
2014-03-19 04:00:00+00:00,0.9881120671593374
2014-03-20 04:00:00+00:00,0.9881120671593374
2014-03-21 04:00:00+00:00,0.9881120671593374
2014-03-24 04:00:00+00:00,0.9881120671593374
2014-03-25 04:00:00+00:00,0.9881120671593374
2014-03-26 04:00:00+00:00,0.9881120671593374
2014-03-27 04:00:00+00:00,0.9881120671593374
2014-03-28 04:00:00+00:00,0.9881120671593374
2014-03-31 04:00:00+00:00,0.9998742478929041
2014-04-01 04:00:00+00:00,0.9998742478929041
2014-04-02 04:00:00+00:00,0.9998742478929041
2014-04-03 04:00:00+00:00,0.9998742478929041
2014-04-04 04:00:00+00:00,0.9998742478929041
2014-04-07 04:00:00+00:00,0.9998742478929041
2014-04-08 04:00:00+00:00,0.9998742478929041
2014-04-09 04:00:00+00:00,0.9998742478929041
2014-04-10 04:00:00+00:00,0.9998742478929041
2014-04-11 04:00:00+00:00,0.9998742478929041
2014-04-14 04:00:00+00:00,0.9998742478929041
2014-04-15 04:00:00+00:00,0.9998742478929041
2014-04-16 04:00:00+00:00,0.9998742478929041
2014-04-17 04:00:00+00:00,0.9998742478929041
2014-04-21 04:00:00+00:00,0.9998742478929041
2014-04-22 04:00:00+00:00,0.9998742478929041
2014-04-23 04:00:00+00:00,0.9998742478929041
2014-04-24 04:00:00+00:00,0.9998742478929041
2014-04-25 04:00:00+00:00,0.9998742478929041
2014-04-28 04:00:00+00:00,0.9998742478929041
2014-04-29 04:00:00+00:00,0.9998742478929041
2014-04-30 04:00:00+00:00,0.7877991245188668
2014-05-01 04:00:00+00:00,0.7877991245188668
2014-05-02 04:00:00+00:00,0.7877991245188668
2014-05-05 04:00:00+00:00,0.7877991245188668
2014-05-06 04:00:00+00:00,0.7877991245188668
2014-05-07 04:00:00+00:00,0.7877991245188668
2014-05-08 04:00:00+00:00,0.7877991245188668
2014-05-09 04:00:00+00:00,0.7877991245188668
2014-05-12 04:00:00+00:00,0.7877991245188668
2014-05-13 04:00:00+00:00,0.7877991245188668
2014-05-14 04:00:00+00:00,0.7877991245188668
2014-05-15 04:00:00+00:00,0.7877991245188668
2014-05-16 04:00:00+00:00,0.7877991245188668
2014-05-19 04:00:00+00:00,0.7877991245188668
2014-05-20 04:00:00+00:00,0.7877991245188668
2014-05-21 04:00:00+00:00,0.7877991245188668
2014-05-22 04:00:00+00:00,0.7877991245188668
2014-05-23 04:00:00+00:00,0.7877991245188668
2014-05-27 04:00:00+00:00,0.7877991245188668
2014-05-28 04:00:00+00:00,0.7877991245188668
2014-05-29 04:00:00+00:00,0.7877991245188668
2014-05-30 04:00:00+00:00,0.9996464310708312
2014-06-02 04:00:00+00:00,0.9996464310708312
2014-06-03 04:00:00+00:00,0.9996464310708312
2014-06-04 04:00:00+00:00,0.9996464310708312
2014-06-05 04:00:00+00:00,0.9996464310708312
2014-06-06 04:00:00+00:00,0.9996464310708312
2014-06-09 04:00:00+00:00,0.9996464310708312
2014-06-10 04:00:00+00:00,0.9996464310708312
2014-06-11 04:00:00+00:00,0.9996464310708312
2014-06-12 04:00:00+00:00,0.9996464310708312
2014-06-13 04:00:00+00:00,0.9996464310708312
2014-06-16 04:00:00+00:00,0.9996464310708312
2014-06-17 04:00:00+00:00,0.9996464310708312
2014-06-18 04:00:00+00:00,0.9996464310708312
2014-06-19 04:00:00+00:00,0.9996464310708312
2014-06-20 04:00:00+00:00,0.9996464310708312
2014-06-23 04:00:00+00:00,0.9996464310708312
2014-06-24 04:00:00+00:00,0.9996464310708312
2014-06-25 04:00:00+00:00,0.9996464310708312
2014-06-26 04:00:00+00:00,0.9996464310708312
2014-06-27 04:00:00+00:00,0.9996464310708312
2014-06-30 04:00:00+00:00,0.9999999999993179
2014-07-01 04:00:00+00:00,0.9999999999993179
2014-07-02 04:00:00+00:00,0.9999999999993179
2014-07-03 04:00:00+00:00,0.9999999999993179
2014-07-07 04:00:00+00:00,0.9999999999993179
2014-07-08 04:00:00+00:00,0.9999999999993179
2014-07-09 04:00:00+00:00,0.9999999999993179
2014-07-10 04:00:00+00:00,0.9999999999993179
2014-07-11 04:00:00+00:00,0.9999999999993179
2014-07-14 04:00:00+00:00,0.9999999999993179
2014-07-15 04:00:00+00:00,0.9999999999993179
2014-07-16 04:00:00+00:00,0.9999999999993179
2014-07-17 04:00:00+00:00,0.9999999999993179
2014-07-18 04:00:00+00:00,0.9999999999993179
2014-07-21 04:00:00+00:00,0.9999999999993179
2014-07-22 04:00:00+00:00,0.9999999999993179
2014-07-23 04:00:00+00:00,0.9999999999993179
2014-07-24 04:00:00+00:00,0.9999999999993179
2014-07-25 04:00:00+00:00,0.9999999999993179
2014-07-28 04:00:00+00:00,0.9999999999993179
2014-07-29 04:00:00+00:00,0.9999999999993179
2014-07-30 04:00:00+00:00,0.9999999999935767
2014-07-31 04:00:00+00:00,0.9999999999935767
2014-08-01 04:00:00+00:00,0.9999999999935767
2014-08-04 04:00:00+00:00,0.9999999999935767
2014-08-05 04:00:00+00:00,0.9999999999935767
2014-08-06 04:00:00+00:00,0.9999999999935767
2014-08-07 04:00:00+00:00,0.9999999999935767
2014-08-08 04:00:00+00:00,0.9999999999935767
2014-08-11 04:00:00+00:00,0.9999999999935767
2014-08-12 04:00:00+00:00,0.9999999999935767
2014-08-13 04:00:00+00:00,0.9999999999935767
2014-08-14 04:00:00+00:00,0.9999999999935767
2014-08-15 04:00:00+00:00,0.9999999999935767
2014-08-18 04:00:00+00:00,0.9999999999935767
2014-08-19 04:00:00+00:00,0.9999999999935767
2014-08-20 04:00:00+00:00,0.9999999999935767
2014-08-21 04:00:00+00:00,0.9999999999935767
2014-08-22 04:00:00+00:00,0.9999999999935767
2014-08-25 04:00:00+00:00,0.9999999999935767
2014-08-26 04:00:00+00:00,0.9999999999935767
2014-08-27 04:00:00+00:00,0.9999999999935767
2014-08-28 04:00:00+00:00,0.8745496596871913
2014-08-29 04:00:00+00:00,0.8745496596871913
2014-09-02 04:00:00+00:00,0.8745496596871913
2014-09-03 04:00:00+00:00,0.8745496596871913
2014-09-04 04:00:00+00:00,0.8745496596871913
2014-09-05 04:00:00+00:00,0.8745496596871913
2014-09-08 04:00:00+00:00,0.8745496596871913
2014-09-09 04:00:00+00:00,0.8745496596871913
2014-09-10 04:00:00+00:00,0.8745496596871913
2014-09-11 04:00:00+00:00,0.8745496596871913
2014-09-12 04:00:00+00:00,0.8745496596871913
2014-09-15 04:00:00+00:00,0.8745496596871913
2014-09-16 04:00:00+00:00,0.8745496596871913
2014-09-17 04:00:00+00:00,0.8745496596871913
2014-09-18 04:00:00+00:00,0.8745496596871913
2014-09-19 04:00:00+00:00,0.8745496596871913
2014-09-22 04:00:00+00:00,0.8745496596871913
2014-09-23 04:00:00+00:00,0.8745496596871913
2014-09-24 04:00:00+00:00,0.8745496596871913
2014-09-25 04:00:00+00:00,0.8745496596871913
2014-09-26 04:00:00+00:00,0.8745496596871913
2014-09-29 04:00:00+00:00,0.15825637485453306
2014-09-30 04:00:00+00:00,0.15825637485453306
2014-10-01 04:00:00+00:00,0.15825637485453306
2014-10-02 04:00:00+00:00,0.15825637485453306
2014-10-03 04:00:00+00:00,0.15825637485453306
2014-10-06 04:00:00+00:00,0.15825637485453306
2014-10-07 04:00:00+00:00,0.15825637485453306
2014-10-08 04:00:00+00:00,0.15825637485453306
2014-10-09 04:00:00+00:00,0.15825637485453306
2014-10-10 04:00:00+00:00,0.15825637485453306
2014-10-13 04:00:00+00:00,0.15825637485453306
2014-10-14 04:00:00+00:00,0.15825637485453306
2014-10-15 04:00:00+00:00,0.15825637485453306
2014-10-16 04:00:00+00:00,0.15825637485453306
2014-10-17 04:00:00+00:00,0.15825637485453306
2014-10-20 04:00:00+00:00,0.15825637485453306
2014-10-21 04:00:00+00:00,0.15825637485453306
2014-10-22 04:00:00+00:00,0.15825637485453306
2014-10-23 04:00:00+00:00,0.15825637485453306
2014-10-24 04:00:00+00:00,0.15825637485453306
2014-10-27 04:00:00+00:00,0.15825637485453306
2014-10-28 04:00:00+00:00,0.00015520210203125422
2014-10-29 04:00:00+00:00,0.00015520210203125422
2014-10-30 04:00:00+00:00,0.00015520210203125422
2014-10-31 04:00:00+00:00,0.00015520210203125422
2014-11-03 05:00:00+00:00,0.00015520210203125422
2014-11-04 05:00:00+00:00,0.00015520210203125422
2014-11-05 05:00:00+00:00,0.00015520210203125422
2014-11-06 05:00:00+00:00,0.00015520210203125422
2014-11-07 05:00:00+00:00,0.00015520210203125422
2014-11-10 05:00:00+00:00,0.00015520210203125422
2014-11-11 05:00:00+00:00,0.00015520210203125422
2014-11-12 05:00:00+00:00,0.00015520210203125422
2014-11-13 05:00:00+00:00,0.00015520210203125422
2014-11-14 05:00:00+00:00,0.00015520210203125422
2014-11-17 05:00:00+00:00,0.00015520210203125422
2014-11-18 05:00:00+00:00,0.00015520210203125422
2014-11-19 05:00:00+00:00,0.00015520210203125422
2014-11-20 05:00:00+00:00,0.00015520210203125422
2014-11-21 05:00:00+00:00,0.00015520210203125422
2014-11-24 05:00:00+00:00,0.00015520210203125422
2014-11-25 05:00:00+00:00,0.00015520210203125422
2014-11-26 05:00:00+00:00,0.5469984385390025
2014-11-28 05:00:00+00:00,0.5469984385390025
2014-12-01 05:00:00+00:00,0.5469984385390025
2014-12-02 05:00:00+00:00,0.5469984385390025
2014-12-03 05:00:00+00:00,0.5469984385390025
2014-12-04 05:00:00+00:00,0.5469984385390025
2014-12-05 05:00:00+00:00,0.5469984385390025
2014-12-08 05:00:00+00:00,0.5469984385390025
2014-12-09 05:00:00+00:00,0.5469984385390025
2014-12-10 05:00:00+00:00,0.5469984385390025
2014-12-11 05:00:00+00:00,0.5469984385390025
2014-12-12 05:00:00+00:00,0.5469984385390025
2014-12-15 05:00:00+00:00,0.5469984385390025
2014-12-16 05:00:00+00:00,0.5469984385390025
2014-12-17 05:00:00+00:00,0.5469984385390025
2014-12-18 05:00:00+00:00,0.5469984385390025
2014-12-19 05:00:00+00:00,0.5469984385390025
2014-12-22 05:00:00+00:00,0.5469984385390025
2014-12-23 05:00:00+00:00,0.5469984385390025
2014-12-24 05:00:00+00:00,0.5469984385390025
2014-12-26 05:00:00+00:00,0.5469984385390025
2014-12-29 05:00:00+00:00,0.519446454561643
2014-12-30 05:00:00+00:00,0.519446454561643
2014-12-31 05:00:00+00:00,0.519446454561643
2015-01-02 05:00:00+00:00,0.519446454561643
2015-01-05 05:00:00+00:00,0.519446454561643
2015-01-06 05:00:00+00:00,0.519446454561643
2015-01-07 05:00:00+00:00,0.519446454561643
2015-01-08 05:00:00+00:00,0.519446454561643
2015-01-09 05:00:00+00:00,0.519446454561643
2015-01-12 05:00:00+00:00,0.519446454561643
2015-01-13 05:00:00+00:00,0.519446454561643
2015-01-14 05:00:00+00:00,0.519446454561643
2015-01-15 05:00:00+00:00,0.519446454561643
2015-01-16 05:00:00+00:00,0.519446454561643
2015-01-20 05:00:00+00:00,0.519446454561643
2015-01-21 05:00:00+00:00,0.519446454561643
2015-01-22 05:00:00+00:00,0.519446454561643
2015-01-23 05:00:00+00:00,0.519446454561643
2015-01-26 05:00:00+00:00,0.519446454561643
2015-01-27 05:00:00+00:00,0.519446454561643
2015-01-28 05:00:00+00:00,0.519446454561643
2015-01-29 05:00:00+00:00,6.397280612340633e-11
2015-01-30 05:00:00+00:00,6.397280612340633e-11
2015-02-02 05:00:00+00:00,6.397280612340633e-11
2015-02-03 05:00:00+00:00,6.397280612340633e-11
2015-02-04 05:00:00+00:00,6.397280612340633e-11
2015-02-05 05:00:00+00:00,6.397280612340633e-11
2015-02-06 05:00:00+00:00,6.397280612340633e-11
2015-02-09 05:00:00+00:00,6.397280612340633e-11
2015-02-10 05:00:00+00:00,6.397280612340633e-11
2015-02-11 05:00:00+00:00,6.397280612340633e-11
2015-02-12 05:00:00+00:00,6.397280612340633e-11
2015-02-13 05:00:00+00:00,6.397280612340633e-11
2015-02-17 05:00:00+00:00,6.397280612340633e-11
2015-02-18 05:00:00+00:00,6.397280612340633e-11
2015-02-19 05:00:00+00:00,6.397280612340633e-11
2015-02-20 05:00:00+00:00,6.397280612340633e-11
2015-02-23 05:00:00+00:00,6.397280612340633e-11
2015-02-24 05:00:00+00:00,6.397280612340633e-11
2015-02-25 05:00:00+00:00,6.397280612340633e-11
2015-02-26 05:00:00+00:00,6.397280612340633e-11
2015-02-27 05:00:00+00:00,6.397280612340633e-11
2015-03-02 05:00:00+00:00,0.14915971026357136
2015-03-03 05:00:00+00:00,0.14915971026357136
2015-03-04 05:00:00+00:00,0.14915971026357136
2015-03-05 05:00:00+00:00,0.14915971026357136
2015-03-06 05:00:00+00:00,0.14915971026357136
2015-03-09 04:00:00+00:00,0.14915971026357136
2015-03-10 04:00:00+00:00,0.14915971026357136
2015-03-11 04:00:00+00:00,0.14915971026357136
2015-03-12 04:00:00+00:00,0.14915971026357136
2015-03-13 04:00:00+00:00,0.14915971026357136
2015-03-16 04:00:00+00:00,0.14915971026357136
2015-03-17 04:00:00+00:00,0.14915971026357136
2015-03-18 04:00:00+00:00,0.14915971026357136
2015-03-19 04:00:00+00:00,0.14915971026357136
2015-03-20 04:00:00+00:00,0.14915971026357136
2015-03-23 04:00:00+00:00,0.14915971026357136
2015-03-24 04:00:00+00:00,0.14915971026357136
2015-03-25 04:00:00+00:00,0.14915971026357136
2015-03-26 04:00:00+00:00,0.14915971026357136
2015-03-27 04:00:00+00:00,0.14915971026357136
2015-03-30 04:00:00+00:00,0.14915971026357136
2015-03-31 04:00:00+00:00,0.998386670181927
2015-04-01 04:00:00+00:00,0.998386670181927
2015-04-02 04:00:00+00:00,0.998386670181927
2015-04-06 04:00:00+00:00,0.998386670181927
2015-04-07 04:00:00+00:00,0.998386670181927
2015-04-08 04:00:00+00:00,0.998386670181927
2015-04-09 04:00:00+00:00,0.998386670181927
2015-04-10 04:00:00+00:00,0.998386670181927
2015-04-13 04:00:00+00:00,0.998386670181927
2015-04-14 04:00:00+00:00,0.998386670181927
2015-04-15 04:00:00+00:00,0.998386670181927
2015-04-16 04:00:00+00:00,0.998386670181927
2015-04-17 04:00:00+00:00,0.998386670181927
2015-04-20 04:00:00+00:00,0.998386670181927
2015-04-21 04:00:00+00:00,0.998386670181927
2015-04-22 04:00:00+00:00,0.998386670181927
2015-04-23 04:00:00+00:00,0.998386670181927
2015-04-24 04:00:00+00:00,0.998386670181927
2015-04-27 04:00:00+00:00,0.998386670181927
2015-04-28 04:00:00+00:00,0.998386670181927
2015-04-29 04:00:00+00:00,0.998386670181927
2015-04-30 04:00:00+00:00,0.9998976176868356
2015-05-01 04:00:00+00:00,0.9998976176868356
2015-05-04 04:00:00+00:00,0.9998976176868356
2015-05-05 04:00:00+00:00,0.9998976176868356
2015-05-06 04:00:00+00:00,0.9998976176868356
2015-05-07 04:00:00+00:00,0.9998976176868356
2015-05-08 04:00:00+00:00,0.9998976176868356
2015-05-11 04:00:00+00:00,0.9998976176868356
2015-05-12 04:00:00+00:00,0.9998976176868356
2015-05-13 04:00:00+00:00,0.9998976176868356
2015-05-14 04:00:00+00:00,0.9998976176868356
2015-05-15 04:00:00+00:00,0.9998976176868356
2015-05-18 04:00:00+00:00,0.9998976176868356
2015-05-19 04:00:00+00:00,0.9998976176868356
2015-05-20 04:00:00+00:00,0.9998976176868356
2015-05-21 04:00:00+00:00,0.9998976176868356
2015-05-22 04:00:00+00:00,0.9998976176868356
2015-05-26 04:00:00+00:00,0.9998976176868356
2015-05-27 04:00:00+00:00,0.9998976176868356
2015-05-28 04:00:00+00:00,0.9998976176868356
2015-05-29 04:00:00+00:00,0.9998976176868356
2015-06-01 04:00:00+00:00,0.16289369857384944
2015-06-02 04:00:00+00:00,0.16289369857384944
2015-06-03 04:00:00+00:00,0.16289369857384944
2015-06-04 04:00:00+00:00,0.16289369857384944
2015-06-05 04:00:00+00:00,0.16289369857384944
2015-06-08 04:00:00+00:00,0.16289369857384944
2015-06-09 04:00:00+00:00,0.16289369857384944
2015-06-10 04:00:00+00:00,0.16289369857384944
2015-06-11 04:00:00+00:00,0.16289369857384944
2015-06-12 04:00:00+00:00,0.16289369857384944
2015-06-15 04:00:00+00:00,0.16289369857384944
2015-06-16 04:00:00+00:00,0.16289369857384944
2015-06-17 04:00:00+00:00,0.16289369857384944
2015-06-18 04:00:00+00:00,0.16289369857384944
2015-06-19 04:00:00+00:00,0.16289369857384944
2015-06-22 04:00:00+00:00,0.16289369857384944
2015-06-23 04:00:00+00:00,0.16289369857384944
2015-06-24 04:00:00+00:00,0.16289369857384944
2015-06-25 04:00:00+00:00,0.16289369857384944
2015-06-26 04:00:00+00:00,0.16289369857384944
2015-06-29 04:00:00+00:00,0.16289369857384944
2015-06-30 04:00:00+00:00,0.9999236049797199
2015-07-01 04:00:00+00:00,0.9999236049797199
2015-07-02 04:00:00+00:00,0.9999236049797199
2015-07-06 04:00:00+00:00,0.9999236049797199
2015-07-07 04:00:00+00:00,0.9999236049797199
2015-07-08 04:00:00+00:00,0.9999236049797199
2015-07-09 04:00:00+00:00,0.9999236049797199
2015-07-10 04:00:00+00:00,0.9999236049797199
2015-07-13 04:00:00+00:00,0.9999236049797199
2015-07-14 04:00:00+00:00,0.9999236049797199
2015-07-15 04:00:00+00:00,0.9999236049797199
2015-07-16 04:00:00+00:00,0.9999236049797199
2015-07-17 04:00:00+00:00,0.9999236049797199
2015-07-20 04:00:00+00:00,0.9999236049797199
2015-07-21 04:00:00+00:00,0.9999236049797199
2015-07-22 04:00:00+00:00,0.9999236049797199
2015-07-23 04:00:00+00:00,0.9999236049797199
2015-07-24 04:00:00+00:00,0.9999236049797199
2015-07-27 04:00:00+00:00,0.9999236049797199
2015-07-28 04:00:00+00:00,0.9999236049797199
2015-07-29 04:00:00+00:00,0.9999236049797199
2015-07-30 04:00:00+00:00,0.000993184425338301
2015-07-31 04:00:00+00:00,0.000993184425338301
2015-08-03 04:00:00+00:00,0.000993184425338301
2015-08-04 04:00:00+00:00,0.000993184425338301
2015-08-05 04:00:00+00:00,0.000993184425338301
2015-08-06 04:00:00+00:00,0.000993184425338301
2015-08-07 04:00:00+00:00,0.000993184425338301
2015-08-10 04:00:00+00:00,0.000993184425338301
2015-08-11 04:00:00+00:00,0.000993184425338301
2015-08-12 04:00:00+00:00,0.000993184425338301
2015-08-13 04:00:00+00:00,0.000993184425338301
2015-08-14 04:00:00+00:00,0.000993184425338301
2015-08-17 04:00:00+00:00,0.000993184425338301
2015-08-18 04:00:00+00:00,0.000993184425338301
2015-08-19 04:00:00+00:00,0.000993184425338301
2015-08-20 04:00:00+00:00,0.000993184425338301
2015-08-21 04:00:00+00:00,0.000993184425338301
2015-08-24 04:00:00+00:00,0.000993184425338301
2015-08-25 04:00:00+00:00,0.000993184425338301
2015-08-26 04:00:00+00:00,0.000993184425338301
2015-08-27 04:00:00+00:00,0.000993184425338301
2015-08-28 04:00:00+00:00,0.9999999999999432
2015-08-31 04:00:00+00:00,0.9999999999999432
2015-09-01 04:00:00+00:00,0.9999999999999432
2015-09-02 04:00:00+00:00,0.9999999999999432
2015-09-03 04:00:00+00:00,0.9999999999999432
2015-09-04 04:00:00+00:00,0.9999999999999432
2015-09-08 04:00:00+00:00,0.9999999999999432
2015-09-09 04:00:00+00:00,0.9999999999999432
2015-09-10 04:00:00+00:00,0.9999999999999432
2015-09-11 04:00:00+00:00,0.9999999999999432
2015-09-14 04:00:00+00:00,0.9999999999999432
2015-09-15 04:00:00+00:00,0.9999999999999432
2015-09-16 04:00:00+00:00,0.9999999999999432
2015-09-17 04:00:00+00:00,0.9999999999999432
2015-09-18 04:00:00+00:00,0.9999999999999432
2015-09-21 04:00:00+00:00,0.9999999999999432
2015-09-22 04:00:00+00:00,0.9999999999999432
2015-09-23 04:00:00+00:00,0.9999999999999432
2015-09-24 04:00:00+00:00,0.9999999999999432
2015-09-25 04:00:00+00:00,0.9999999999999432
2015-09-28 04:00:00+00:00,0.9999999999999432
2015-09-29 04:00:00+00:00,3.560926005252569e-05
2015-09-30 04:00:00+00:00,3.560926005252569e-05
2015-10-01 04:00:00+00:00,3.560926005252569e-05
2015-10-02 04:00:00+00:00,3.560926005252569e-05
2015-10-05 04:00:00+00:00,3.560926005252569e-05
2015-10-06 04:00:00+00:00,3.560926005252569e-05
2015-10-07 04:00:00+00:00,3.560926005252569e-05
2015-10-08 04:00:00+00:00,3.560926005252569e-05
2015-10-09 04:00:00+00:00,3.560926005252569e-05
2015-10-12 04:00:00+00:00,3.560926005252569e-05
2015-10-13 04:00:00+00:00,3.560926005252569e-05
2015-10-14 04:00:00+00:00,3.560926005252569e-05
2015-10-15 04:00:00+00:00,3.560926005252569e-05
2015-10-16 04:00:00+00:00,3.560926005252569e-05
2015-10-19 04:00:00+00:00,3.560926005252569e-05
2015-10-20 04:00:00+00:00,3.560926005252569e-05
2015-10-21 04:00:00+00:00,3.560926005252569e-05
2015-10-22 04:00:00+00:00,3.560926005252569e-05
2015-10-23 04:00:00+00:00,3.560926005252569e-05
2015-10-26 04:00:00+00:00,3.560926005252569e-05
2015-10-27 04:00:00+00:00,3.560926005252569e-05
2015-10-28 04:00:00+00:00,0.3163132771595668
2015-10-29 04:00:00+00:00,0.3163132771595668
2015-10-30 04:00:00+00:00,0.3163132771595668
2015-11-02 05:00:00+00:00,0.3163132771595668
2015-11-03 05:00:00+00:00,0.3163132771595668
2015-11-04 05:00:00+00:00,0.3163132771595668
2015-11-05 05:00:00+00:00,0.3163132771595668
2015-11-06 05:00:00+00:00,0.3163132771595668
2015-11-09 05:00:00+00:00,0.3163132771595668
2015-11-10 05:00:00+00:00,0.3163132771595668
2015-11-11 05:00:00+00:00,0.3163132771595668
2015-11-12 05:00:00+00:00,0.3163132771595668
2015-11-13 05:00:00+00:00,0.3163132771595668
2015-11-16 05:00:00+00:00,0.3163132771595668
2015-11-17 05:00:00+00:00,0.3163132771595668
2015-11-18 05:00:00+00:00,0.3163132771595668
2015-11-19 05:00:00+00:00,0.3163132771595668
2015-11-20 05:00:00+00:00,0.3163132771595668
2015-11-23 05:00:00+00:00,0.3163132771595668
2015-11-24 05:00:00+00:00,0.3163132771595668
2015-11-25 05:00:00+00:00,0.3163132771595668
2015-11-27 05:00:00+00:00,0.9999969199084517
2015-11-30 05:00:00+00:00,0.9999969199084517
2015-12-01 05:00:00+00:00,0.9999969199084517
2015-12-02 05:00:00+00:00,0.9999969199084517
2015-12-03 05:00:00+00:00,0.9999969199084517
2015-12-04 05:00:00+00:00,0.9999969199084517
2015-12-07 05:00:00+00:00,0.9999969199084517
2015-12-08 05:00:00+00:00,0.9999969199084517
2015-12-09 05:00:00+00:00,0.9999969199084517
2015-12-10 05:00:00+00:00,0.9999969199084517
2015-12-11 05:00:00+00:00,0.9999969199084517
2015-12-14 05:00:00+00:00,0.9999969199084517
2015-12-15 05:00:00+00:00,0.9999969199084517
2015-12-16 05:00:00+00:00,0.9999969199084517
2015-12-17 05:00:00+00:00,0.9999969199084517
2015-12-18 05:00:00+00:00,0.9999969199084517
2015-12-21 05:00:00+00:00,0.9999969199084517
2015-12-22 05:00:00+00:00,0.9999969199084517
2015-12-23 05:00:00+00:00,0.9999969199084517
2015-12-24 05:00:00+00:00,0.9999969199084517
2015-12-28 05:00:00+00:00,0.9999969199084517
2015-12-29 05:00:00+00:00,0.9999992232437936
2015-12-30 05:00:00+00:00,0.9999992232437936
2015-12-31 05:00:00+00:00,0.9999992232437936
2016-01-04 05:00:00+00:00,0.9999992232437936
2016-01-05 05:00:00+00:00,0.9999992232437936
2016-01-06 05:00:00+00:00,0.9999992232437936
2016-01-07 05:00:00+00:00,0.9999992232437936
2016-01-08 05:00:00+00:00,0.9999992232437936
2016-01-11 05:00:00+00:00,0.9999992232437936
2016-01-12 05:00:00+00:00,0.9999992232437936
2016-01-13 05:00:00+00:00,0.9999992232437936
2016-01-14 05:00:00+00:00,0.9999992232437936
2016-01-15 05:00:00+00:00,0.9999992232437936
2016-01-19 05:00:00+00:00,0.9999992232437936
2016-01-20 05:00:00+00:00,0.9999992232437936
2016-01-21 05:00:00+00:00,0.9999992232437936
2016-01-22 05:00:00+00:00,0.9999992232437936
2016-01-25 05:00:00+00:00,0.9999992232437936
2016-01-26 05:00:00+00:00,0.9999992232437936
2016-01-27 05:00:00+00:00,0.9999992232437936
2016-01-28 05:00:00+00:00,0.9999992232437936
2016-01-29 05:00:00+00:00,0.9534154169445788
2016-02-01 05:00:00+00:00,0.9534154169445788
2016-02-02 05:00:00+00:00,0.9534154169445788
2016-02-03 05:00:00+00:00,0.9534154169445788
2016-02-04 05:00:00+00:00,0.9534154169445788
2016-02-05 05:00:00+00:00,0.9534154169445788
2016-02-08 05:00:00+00:00,0.9534154169445788
2016-02-09 05:00:00+00:00,0.9534154169445788
2016-02-10 05:00:00+00:00,0.9534154169445788
2016-02-11 05:00:00+00:00,0.9534154169445788
2016-02-12 05:00:00+00:00,0.9534154169445788
2016-02-16 05:00:00+00:00,0.9534154169445788
2016-02-17 05:00:00+00:00,0.9534154169445788
2016-02-18 05:00:00+00:00,0.9534154169445788
2016-02-19 05:00:00+00:00,0.9534154169445788
2016-02-22 05:00:00+00:00,0.9534154169445788
2016-02-23 05:00:00+00:00,0.9534154169445788
2016-02-24 05:00:00+00:00,0.9534154169445788
2016-02-25 05:00:00+00:00,0.9534154169445788
2016-02-26 05:00:00+00:00,0.9534154169445788
2016-02-29 05:00:00+00:00,0.9534154169445788
2016-03-01 05:00:00+00:00,0.00026216945418927
2016-03-02 05:00:00+00:00,0.00026216945418927
2016-03-03 05:00:00+00:00,0.00026216945418927
2016-03-04 05:00:00+00:00,0.00026216945418927
2016-03-07 05:00:00+00:00,0.00026216945418927
2016-03-08 05:00:00+00:00,0.00026216945418927
2016-03-09 05:00:00+00:00,0.00026216945418927
2016-03-10 05:00:00+00:00,0.00026216945418927
2016-03-11 05:00:00+00:00,0.00026216945418927
2016-03-14 04:00:00+00:00,0.00026216945418927
2016-03-15 04:00:00+00:00,0.00026216945418927
2016-03-16 04:00:00+00:00,0.00026216945418927
2016-03-17 04:00:00+00:00,0.00026216945418927
2016-03-18 04:00:00+00:00,0.00026216945418927
2016-03-21 04:00:00+00:00,0.00026216945418927
2016-03-22 04:00:00+00:00,0.00026216945418927
2016-03-23 04:00:00+00:00,0.00026216945418927
2016-03-24 04:00:00+00:00,0.00026216945418927
2016-03-28 04:00:00+00:00,0.00026216945418927
2016-03-29 04:00:00+00:00,0.00026216945418927
2016-03-30 04:00:00+00:00,0.00026216945418927
2016-03-31 04:00:00+00:00,0.9996338160908006
2016-04-01 04:00:00+00:00,0.9996338160908006
2016-04-04 04:00:00+00:00,0.9996338160908006
2016-04-05 04:00:00+00:00,0.9996338160908006
2016-04-06 04:00:00+00:00,0.9996338160908006
2016-04-07 04:00:00+00:00,0.9996338160908006
2016-04-08 04:00:00+00:00,0.9996338160908006
2016-04-11 04:00:00+00:00,0.9996338160908006
2016-04-12 04:00:00+00:00,0.9996338160908006
2016-04-13 04:00:00+00:00,0.9996338160908006
2016-04-14 04:00:00+00:00,0.9996338160908006
2016-04-15 04:00:00+00:00,0.9996338160908006
2016-04-18 04:00:00+00:00,0.9996338160908006
2016-04-19 04:00:00+00:00,0.9996338160908006
2016-04-20 04:00:00+00:00,0.9996338160908006
2016-04-21 04:00:00+00:00,0.9996338160908006
2016-04-22 04:00:00+00:00,0.9996338160908006
2016-04-25 04:00:00+00:00,0.9996338160908006
2016-04-26 04:00:00+00:00,0.9996338160908006
2016-04-27 04:00:00+00:00,0.9996338160908006
2016-04-28 04:00:00+00:00,0.9996338160908006
2016-04-29 04:00:00+00:00,0.9557290446819208
2016-05-02 04:00:00+00:00,0.9557290446819208
2016-05-03 04:00:00+00:00,0.9557290446819208
2016-05-04 04:00:00+00:00,0.9557290446819208
2016-05-05 04:00:00+00:00,0.9557290446819208
2016-05-06 04:00:00+00:00,0.9557290446819208
2016-05-09 04:00:00+00:00,0.9557290446819208
2016-05-10 04:00:00+00:00,0.9557290446819208
2016-05-11 04:00:00+00:00,0.9557290446819208
2016-05-12 04:00:00+00:00,0.9557290446819208
2016-05-13 04:00:00+00:00,0.9557290446819208
2016-05-16 04:00:00+00:00,0.9557290446819208
2016-05-17 04:00:00+00:00,0.9557290446819208
2016-05-18 04:00:00+00:00,0.9557290446819208
2016-05-19 04:00:00+00:00,0.9557290446819208
2016-05-20 04:00:00+00:00,0.9557290446819208
2016-05-23 04:00:00+00:00,0.9557290446819208
2016-05-24 04:00:00+00:00,0.9557290446819208
2016-05-25 04:00:00+00:00,0.9557290446819208
2016-05-26 04:00:00+00:00,0.9557290446819208
2016-05-27 04:00:00+00:00,0.9557290446819208
2016-05-31 04:00:00+00:00,0.998904537545059
2016-06-01 04:00:00+00:00,0.998904537545059
2016-06-02 04:00:00+00:00,0.998904537545059
2016-06-03 04:00:00+00:00,0.998904537545059
2016-06-06 04:00:00+00:00,0.998904537545059
2016-06-07 04:00:00+00:00,0.998904537545059
2016-06-08 04:00:00+00:00,0.998904537545059
2016-06-09 04:00:00+00:00,0.998904537545059
2016-06-10 04:00:00+00:00,0.998904537545059
2016-06-13 04:00:00+00:00,0.998904537545059
2016-06-14 04:00:00+00:00,0.998904537545059
2016-06-15 04:00:00+00:00,0.998904537545059
2016-06-16 04:00:00+00:00,0.998904537545059
2016-06-17 04:00:00+00:00,0.998904537545059
2016-06-20 04:00:00+00:00,0.998904537545059
2016-06-21 04:00:00+00:00,0.998904537545059
2016-06-22 04:00:00+00:00,0.998904537545059
2016-06-23 04:00:00+00:00,0.998904537545059
2016-06-24 04:00:00+00:00,0.998904537545059
2016-06-27 04:00:00+00:00,0.998904537545059
2016-06-28 04:00:00+00:00,0.998904537545059
2016-06-29 04:00:00+00:00,0.9893510165383551
2016-06-30 04:00:00+00:00,0.9893510165383551
2016-07-01 04:00:00+00:00,0.9893510165383551
2016-07-05 04:00:00+00:00,0.9893510165383551
2016-07-06 04:00:00+00:00,0.9893510165383551
2016-07-07 04:00:00+00:00,0.9893510165383551
2016-07-08 04:00:00+00:00,0.9893510165383551
2016-07-11 04:00:00+00:00,0.9893510165383551
2016-07-12 04:00:00+00:00,0.9893510165383551
2016-07-13 04:00:00+00:00,0.9893510165383551
2016-07-14 04:00:00+00:00,0.9893510165383551
2016-07-15 04:00:00+00:00,0.9893510165383551
2016-07-18 04:00:00+00:00,0.9893510165383551
2016-07-19 04:00:00+00:00,0.9893510165383551
2016-07-20 04:00:00+00:00,0.9893510165383551
2016-07-21 04:00:00+00:00,0.9893510165383551
2016-07-22 04:00:00+00:00,0.9893510165383551
2016-07-25 04:00:00+00:00,0.9893510165383551
2016-07-26 04:00:00+00:00,0.9893510165383551
2016-07-27 04:00:00+00:00,0.9893510165383551
2016-07-28 04:00:00+00:00,0.9893510165383551
2016-07-29 04:00:00+00:00,0.9996492854848712
2016-08-01 04:00:00+00:00,0.9996492854848712
2016-08-02 04:00:00+00:00,0.9996492854848712
2016-08-03 04:00:00+00:00,0.9996492854848712
2016-08-04 04:00:00+00:00,0.9996492854848712
2016-08-05 04:00:00+00:00,0.9996492854848712
2016-08-08 04:00:00+00:00,0.9996492854848712
2016-08-09 04:00:00+00:00,0.9996492854848712
2016-08-10 04:00:00+00:00,0.9996492854848712
2016-08-11 04:00:00+00:00,0.9996492854848712
2016-08-12 04:00:00+00:00,0.9996492854848712
2016-08-15 04:00:00+00:00,0.9996492854848712
2016-08-16 04:00:00+00:00,0.9996492854848712
2016-08-17 04:00:00+00:00,0.9996492854848712
2016-08-18 04:00:00+00:00,0.9996492854848712
2016-08-19 04:00:00+00:00,0.9996492854848712
2016-08-22 04:00:00+00:00,0.9996492854848712
2016-08-23 04:00:00+00:00,0.9996492854848712
2016-08-24 04:00:00+00:00,0.9996492854848712
2016-08-25 04:00:00+00:00,0.9996492854848712
2016-08-26 04:00:00+00:00,0.9996492854848712
2016-08-29 04:00:00+00:00,0.9999235305538973
2016-08-30 04:00:00+00:00,0.9999235305538973
2016-08-31 04:00:00+00:00,0.9999235305538973
2016-09-01 04:00:00+00:00,0.9999235305538973
2016-09-02 04:00:00+00:00,0.9999235305538973
2016-09-06 04:00:00+00:00,0.9999235305538973
2016-09-07 04:00:00+00:00,0.9999235305538973
2016-09-08 04:00:00+00:00,0.9999235305538973
2016-09-09 04:00:00+00:00,0.9999235305538973
2016-09-12 04:00:00+00:00,0.9999235305538973
2016-09-13 04:00:00+00:00,0.9999235305538973
2016-09-14 04:00:00+00:00,0.9999235305538973
2016-09-15 04:00:00+00:00,0.9999235305538973
2016-09-16 04:00:00+00:00,0.9999235305538973
2016-09-19 04:00:00+00:00,0.9999235305538973
2016-09-20 04:00:00+00:00,0.9999235305538973
2016-09-21 04:00:00+00:00,0.9999235305538973
2016-09-22 04:00:00+00:00,0.9999235305538973
2016-09-23 04:00:00+00:00,0.9999235305538973
2016-09-26 04:00:00+00:00,0.9999235305538973
2016-09-27 04:00:00+00:00,0.9999235305538973
2016-09-28 04:00:00+00:00,0.5174755585445082
2016-09-29 04:00:00+00:00,0.5174755585445082
2016-09-30 04:00:00+00:00,0.5174755585445082
2016-10-03 04:00:00+00:00,0.5174755585445082
2016-10-04 04:00:00+00:00,0.5174755585445082
2016-10-05 04:00:00+00:00,0.5174755585445082
2016-10-06 04:00:00+00:00,0.5174755585445082
2016-10-07 04:00:00+00:00,0.5174755585445082
2016-10-10 04:00:00+00:00,0.5174755585445082
2016-10-11 04:00:00+00:00,0.5174755585445082
2016-10-12 04:00:00+00:00,0.5174755585445082
2016-10-13 04:00:00+00:00,0.5174755585445082
2016-10-14 04:00:00+00:00,0.5174755585445082
2016-10-17 04:00:00+00:00,0.5174755585445082
2016-10-18 04:00:00+00:00,0.5174755585445082
2016-10-19 04:00:00+00:00,0.5174755585445082
2016-10-20 04:00:00+00:00,0.5174755585445082
2016-10-21 04:00:00+00:00,0.5174755585445082
2016-10-24 04:00:00+00:00,0.5174755585445082
2016-10-25 04:00:00+00:00,0.5174755585445082
2016-10-26 04:00:00+00:00,0.5174755585445082
2016-10-27 04:00:00+00:00,0.13758706032105972
2016-10-28 04:00:00+00:00,0.13758706032105972
2016-10-31 04:00:00+00:00,0.13758706032105972
2016-11-01 04:00:00+00:00,0.13758706032105972
2016-11-02 04:00:00+00:00,0.13758706032105972
2016-11-03 04:00:00+00:00,0.13758706032105972
2016-11-04 04:00:00+00:00,0.13758706032105972
2016-11-07 05:00:00+00:00,0.13758706032105972
2016-11-08 05:00:00+00:00,0.13758706032105972
2016-11-09 05:00:00+00:00,0.13758706032105972
2016-11-10 05:00:00+00:00,0.13758706032105972
2016-11-11 05:00:00+00:00,0.13758706032105972
2016-11-14 05:00:00+00:00,0.13758706032105972
2016-11-15 05:00:00+00:00,0.13758706032105972
2016-11-16 05:00:00+00:00,0.13758706032105972
2016-11-17 05:00:00+00:00,0.13758706032105972
2016-11-18 05:00:00+00:00,0.13758706032105972
2016-11-21 05:00:00+00:00,0.13758706032105972
2016-11-22 05:00:00+00:00,0.13758706032105972
2016-11-23 05:00:00+00:00,0.13758706032105972
2016-11-25 05:00:00+00:00,0.13758706032105972
2016-11-28 05:00:00+00:00,0.0047618353600468975
2016-11-29 05:00:00+00:00,0.0047618353600468975
2016-11-30 05:00:00+00:00,0.0047618353600468975
2016-12-01 05:00:00+00:00,0.0047618353600468975
2016-12-02 05:00:00+00:00,0.0047618353600468975
2016-12-05 05:00:00+00:00,0.0047618353600468975
2016-12-06 05:00:00+00:00,0.0047618353600468975
2016-12-07 05:00:00+00:00,0.0047618353600468975
2016-12-08 05:00:00+00:00,0.0047618353600468975
2016-12-09 05:00:00+00:00,0.0047618353600468975
2016-12-12 05:00:00+00:00,0.0047618353600468975
2016-12-13 05:00:00+00:00,0.0047618353600468975
2016-12-14 05:00:00+00:00,0.0047618353600468975
2016-12-15 05:00:00+00:00,0.0047618353600468975
2016-12-16 05:00:00+00:00,0.0047618353600468975
2016-12-19 05:00:00+00:00,0.0047618353600468975
2016-12-20 05:00:00+00:00,0.0047618353600468975
2016-12-21 05:00:00+00:00,0.0047618353600468975
2016-12-22 05:00:00+00:00,0.0047618353600468975
2016-12-23 05:00:00+00:00,0.0047618353600468975
2016-12-27 05:00:00+00:00,0.0047618353600468975
2016-12-28 05:00:00+00:00,0.997502325310379
2016-12-29 05:00:00+00:00,0.997502325310379
2016-12-30 05:00:00+00:00,0.997502325310379
2017-01-03 05:00:00+00:00,0.997502325310379
2017-01-04 05:00:00+00:00,0.997502325310379
2017-01-05 05:00:00+00:00,0.997502325310379
2017-01-06 05:00:00+00:00,0.997502325310379
2017-01-09 05:00:00+00:00,0.997502325310379
2017-01-10 05:00:00+00:00,0.997502325310379
2017-01-11 05:00:00+00:00,0.997502325310379
2017-01-12 05:00:00+00:00,0.997502325310379
2017-01-13 05:00:00+00:00,0.997502325310379
2017-01-17 05:00:00+00:00,0.997502325310379
2017-01-18 05:00:00+00:00,0.997502325310379
2017-01-19 05:00:00+00:00,0.997502325310379
2017-01-20 05:00:00+00:00,0.997502325310379
2017-01-23 05:00:00+00:00,0.997502325310379
2017-01-24 05:00:00+00:00,0.997502325310379
2017-01-25 05:00:00+00:00,0.997502325310379
2017-01-26 05:00:00+00:00,0.997502325310379
2017-01-27 05:00:00+00:00,0.997502325310379
2017-01-30 05:00:00+00:00,0.9990328880690655
2017-01-31 05:00:00+00:00,0.9990328880690655
2017-02-01 05:00:00+00:00,0.9990328880690655
2017-02-02 05:00:00+00:00,0.9990328880690655
2017-02-03 05:00:00+00:00,0.9990328880690655
2017-02-06 05:00:00+00:00,0.9990328880690655
2017-02-07 05:00:00+00:00,0.9990328880690655
2017-02-08 05:00:00+00:00,0.9990328880690655
2017-02-09 05:00:00+00:00,0.9990328880690655
2017-02-10 05:00:00+00:00,0.9990328880690655
2017-02-13 05:00:00+00:00,0.9990328880690655
2017-02-14 05:00:00+00:00,0.9990328880690655
2017-02-15 05:00:00+00:00,0.9990328880690655
2017-02-16 05:00:00+00:00,0.9990328880690655
2017-02-17 05:00:00+00:00,0.9990328880690655
2017-02-21 05:00:00+00:00,0.9990328880690655
2017-02-22 05:00:00+00:00,0.9990328880690655
2017-02-23 05:00:00+00:00,0.9990328880690655
2017-02-24 05:00:00+00:00,0.9990328880690655
2017-02-27 05:00:00+00:00,0.9990328880690655
2017-02-28 05:00:00+00:00,0.9990328880690655
2017-03-01 05:00:00+00:00,0.9139520085592031
2017-03-02 05:00:00+00:00,0.9139520085592031
2017-03-03 05:00:00+00:00,0.9139520085592031
2017-03-06 05:00:00+00:00,0.9139520085592031
2017-03-07 05:00:00+00:00,0.9139520085592031
2017-03-08 05:00:00+00:00,0.9139520085592031
2017-03-09 05:00:00+00:00,0.9139520085592031
2017-03-10 05:00:00+00:00,0.9139520085592031
2017-03-13 04:00:00+00:00,0.9139520085592031
2017-03-14 04:00:00+00:00,0.9139520085592031
2017-03-15 04:00:00+00:00,0.9139520085592031
2017-03-16 04:00:00+00:00,0.9139520085592031
2017-03-17 04:00:00+00:00,0.9139520085592031
2017-03-20 04:00:00+00:00,0.9139520085592031
2017-03-21 04:00:00+00:00,0.9139520085592031
2017-03-22 04:00:00+00:00,0.9139520085592031
2017-03-23 04:00:00+00:00,0.9139520085592031
2017-03-24 04:00:00+00:00,0.9139520085592031
2017-03-27 04:00:00+00:00,0.9139520085592031
2017-03-28 04:00:00+00:00,0.9139520085592031
2017-03-29 04:00:00+00:00,0.9139520085592031
2017-03-30 04:00:00+00:00,0.9987471162727315
2017-03-31 04:00:00+00:00,0.9987471162727315
2017-04-03 04:00:00+00:00,0.9987471162727315
2017-04-04 04:00:00+00:00,0.9987471162727315
2017-04-05 04:00:00+00:00,0.9987471162727315
2017-04-06 04:00:00+00:00,0.9987471162727315
2017-04-07 04:00:00+00:00,0.9987471162727315
2017-04-10 04:00:00+00:00,0.9987471162727315
2017-04-11 04:00:00+00:00,0.9987471162727315
2017-04-12 04:00:00+00:00,0.9987471162727315
2017-04-13 04:00:00+00:00,0.9987471162727315
2017-04-17 04:00:00+00:00,0.9987471162727315
2017-04-18 04:00:00+00:00,0.9987471162727315
2017-04-19 04:00:00+00:00,0.9987471162727315
2017-04-20 04:00:00+00:00,0.9987471162727315
2017-04-21 04:00:00+00:00,0.9987471162727315
2017-04-24 04:00:00+00:00,0.9987471162727315
2017-04-25 04:00:00+00:00,0.9987471162727315
2017-04-26 04:00:00+00:00,0.9987471162727315
2017-04-27 04:00:00+00:00,0.9987471162727315
2017-04-28 04:00:00+00:00,0.9987471162727315
2017-05-01 04:00:00+00:00,0.9990618790172644
2017-05-02 04:00:00+00:00,0.9990618790172644
2017-05-03 04:00:00+00:00,0.9990618790172644
2017-05-04 04:00:00+00:00,0.9990618790172644
2017-05-05 04:00:00+00:00,0.9990618790172644
2017-05-08 04:00:00+00:00,0.9990618790172644
2017-05-09 04:00:00+00:00,0.9990618790172644
2017-05-10 04:00:00+00:00,0.9990618790172644
2017-05-11 04:00:00+00:00,0.9990618790172644
2017-05-12 04:00:00+00:00,0.9990618790172644
2017-05-15 04:00:00+00:00,0.9990618790172644
2017-05-16 04:00:00+00:00,0.9990618790172644
2017-05-17 04:00:00+00:00,0.9990618790172644
2017-05-18 04:00:00+00:00,0.9990618790172644
2017-05-19 04:00:00+00:00,0.9990618790172644
2017-05-22 04:00:00+00:00,0.9990618790172644
2017-05-23 04:00:00+00:00,0.9990618790172644
2017-05-24 04:00:00+00:00,0.9990618790172644
2017-05-25 04:00:00+00:00,0.9990618790172644
2017-05-26 04:00:00+00:00,0.9990618790172644
2017-05-30 04:00:00+00:00,0.9990618790172644
2017-05-31 04:00:00+00:00,0.4947683518105622
2017-06-01 04:00:00+00:00,0.4947683518105622
2017-06-02 04:00:00+00:00,0.4947683518105622
2017-06-05 04:00:00+00:00,0.4947683518105622
2017-06-06 04:00:00+00:00,0.4947683518105622
2017-06-07 04:00:00+00:00,0.4947683518105622
2017-06-08 04:00:00+00:00,0.4947683518105622
2017-06-09 04:00:00+00:00,0.4947683518105622
2017-06-12 04:00:00+00:00,0.4947683518105622
2017-06-13 04:00:00+00:00,0.4947683518105622
2017-06-14 04:00:00+00:00,0.4947683518105622
2017-06-15 04:00:00+00:00,0.4947683518105622
2017-06-16 04:00:00+00:00,0.4947683518105622
2017-06-19 04:00:00+00:00,0.4947683518105622
2017-06-20 04:00:00+00:00,0.4947683518105622
2017-06-21 04:00:00+00:00,0.4947683518105622
2017-06-22 04:00:00+00:00,0.4947683518105622
2017-06-23 04:00:00+00:00,0.4947683518105622
2017-06-26 04:00:00+00:00,0.4947683518105622
2017-06-27 04:00:00+00:00,0.4947683518105622
2017-06-28 04:00:00+00:00,0.4947683518105622
2017-06-29 04:00:00+00:00,0.9103271075638797
2017-06-30 04:00:00+00:00,0.9103271075638797
2017-07-03 04:00:00+00:00,0.9103271075638797
2017-07-05 04:00:00+00:00,0.9103271075638797
2017-07-06 04:00:00+00:00,0.9103271075638797
2017-07-07 04:00:00+00:00,0.9103271075638797
2017-07-10 04:00:00+00:00,0.9103271075638797
2017-07-11 04:00:00+00:00,0.9103271075638797
2017-07-12 04:00:00+00:00,0.9103271075638797
2017-07-13 04:00:00+00:00,0.9103271075638797
2017-07-14 04:00:00+00:00,0.9103271075638797
2017-07-17 04:00:00+00:00,0.9103271075638797
2017-07-18 04:00:00+00:00,0.9103271075638797
2017-07-19 04:00:00+00:00,0.9103271075638797
2017-07-20 04:00:00+00:00,0.9103271075638797
2017-07-21 04:00:00+00:00,0.9103271075638797
2017-07-24 04:00:00+00:00,0.9103271075638797
2017-07-25 04:00:00+00:00,0.9103271075638797
2017-07-26 04:00:00+00:00,0.9103271075638797
2017-07-27 04:00:00+00:00,0.9103271075638797
2017-07-28 04:00:00+00:00,0.9103271075638797
2017-07-31 04:00:00+00:00,0.0710655206859703
2017-08-01 04:00:00+00:00,0.0710655206859703
2017-08-02 04:00:00+00:00,0.0710655206859703
2017-08-03 04:00:00+00:00,0.0710655206859703
2017-08-04 04:00:00+00:00,0.0710655206859703
2017-08-07 04:00:00+00:00,0.0710655206859703
2017-08-08 04:00:00+00:00,0.0710655206859703
2017-08-09 04:00:00+00:00,0.0710655206859703
2017-08-10 04:00:00+00:00,0.0710655206859703
2017-08-11 04:00:00+00:00,0.0710655206859703
2017-08-14 04:00:00+00:00,0.0710655206859703
2017-08-15 04:00:00+00:00,0.0710655206859703
2017-08-16 04:00:00+00:00,0.0710655206859703
2017-08-17 04:00:00+00:00,0.0710655206859703
2017-08-18 04:00:00+00:00,0.0710655206859703
2017-08-21 04:00:00+00:00,0.0710655206859703
2017-08-22 04:00:00+00:00,0.0710655206859703
2017-08-23 04:00:00+00:00,0.0710655206859703
2017-08-24 04:00:00+00:00,0.0710655206859703
2017-08-25 04:00:00+00:00,0.0710655206859703
2017-08-28 04:00:00+00:00,0.0710655206859703
2017-08-29 04:00:00+00:00,0.1357507656192064
2017-08-30 04:00:00+00:00,0.1357507656192064
2017-08-31 04:00:00+00:00,0.1357507656192064
2017-09-01 04:00:00+00:00,0.1357507656192064
2017-09-05 04:00:00+00:00,0.1357507656192064
2017-09-06 04:00:00+00:00,0.1357507656192064
2017-09-07 04:00:00+00:00,0.1357507656192064
2017-09-08 04:00:00+00:00,0.1357507656192064
2017-09-11 04:00:00+00:00,0.1357507656192064
2017-09-12 04:00:00+00:00,0.1357507656192064
2017-09-13 04:00:00+00:00,0.1357507656192064
2017-09-14 04:00:00+00:00,0.1357507656192064
2017-09-15 04:00:00+00:00,0.1357507656192064
2017-09-18 04:00:00+00:00,0.1357507656192064
2017-09-19 04:00:00+00:00,0.1357507656192064
2017-09-20 04:00:00+00:00,0.1357507656192064
2017-09-21 04:00:00+00:00,0.1357507656192064
2017-09-22 04:00:00+00:00,0.1357507656192064
2017-09-25 04:00:00+00:00,0.1357507656192064
2017-09-26 04:00:00+00:00,0.1357507656192064
2017-09-27 04:00:00+00:00,0.1357507656192064
2017-09-28 04:00:00+00:00,0.927586148011563
2017-09-29 04:00:00+00:00,0.927586148011563
2017-10-02 04:00:00+00:00,0.927586148011563
2017-10-03 04:00:00+00:00,0.927586148011563
2017-10-04 04:00:00+00:00,0.927586148011563
2017-10-05 04:00:00+00:00,0.927586148011563
2017-10-06 04:00:00+00:00,0.927586148011563
2017-10-09 04:00:00+00:00,0.927586148011563
2017-10-10 04:00:00+00:00,0.927586148011563
2017-10-11 04:00:00+00:00,0.927586148011563
2017-10-12 04:00:00+00:00,0.927586148011563
2017-10-13 04:00:00+00:00,0.927586148011563
2017-10-16 04:00:00+00:00,0.927586148011563
2017-10-17 04:00:00+00:00,0.927586148011563
2017-10-18 04:00:00+00:00,0.927586148011563
2017-10-19 04:00:00+00:00,0.927586148011563
2017-10-20 04:00:00+00:00,0.927586148011563
2017-10-23 04:00:00+00:00,0.927586148011563
2017-10-24 04:00:00+00:00,0.927586148011563
2017-10-25 04:00:00+00:00,0.927586148011563
2017-10-26 04:00:00+00:00,0.927586148011563
2017-10-27 04:00:00+00:00,0.9999617471396497
2017-10-30 04:00:00+00:00,0.9999617471396497
2017-10-31 04:00:00+00:00,0.9999617471396497
2017-11-01 04:00:00+00:00,0.9999617471396497
2017-11-02 04:00:00+00:00,0.9999617471396497
2017-11-03 04:00:00+00:00,0.9999617471396497
2017-11-06 05:00:00+00:00,0.9999617471396497
2017-11-07 05:00:00+00:00,0.9999617471396497
2017-11-08 05:00:00+00:00,0.9999617471396497
2017-11-09 05:00:00+00:00,0.9999617471396497
2017-11-10 05:00:00+00:00,0.9999617471396497
2017-11-13 05:00:00+00:00,0.9999617471396497
2017-11-14 05:00:00+00:00,0.9999617471396497
2017-11-15 05:00:00+00:00,0.9999617471396497
2017-11-16 05:00:00+00:00,0.9999617471396497
2017-11-17 05:00:00+00:00,0.9999617471396497
2017-11-20 05:00:00+00:00,0.9999617471396497
2017-11-21 05:00:00+00:00,0.9999617471396497
2017-11-22 05:00:00+00:00,0.9999617471396497
2017-11-24 05:00:00+00:00,0.9999617471396497
2017-11-27 05:00:00+00:00,0.9999617471396497
2017-11-28 05:00:00+00:00,0.16022329017658013
2017-11-29 05:00:00+00:00,0.16022329017658013
2017-11-30 05:00:00+00:00,0.16022329017658013
2017-12-01 05:00:00+00:00,0.16022329017658013
2017-12-04 05:00:00+00:00,0.16022329017658013
2017-12-05 05:00:00+00:00,0.16022329017658013
2017-12-06 05:00:00+00:00,0.16022329017658013
2017-12-07 05:00:00+00:00,0.16022329017658013
2017-12-08 05:00:00+00:00,0.16022329017658013
2017-12-11 05:00:00+00:00,0.16022329017658013
2017-12-12 05:00:00+00:00,0.16022329017658013
2017-12-13 05:00:00+00:00,0.16022329017658013
2017-12-14 05:00:00+00:00,0.16022329017658013
2017-12-15 05:00:00+00:00,0.16022329017658013
2017-12-18 05:00:00+00:00,0.16022329017658013
2017-12-19 05:00:00+00:00,0.16022329017658013
2017-12-20 05:00:00+00:00,0.16022329017658013
2017-12-21 05:00:00+00:00,0.16022329017658013
2017-12-22 05:00:00+00:00,0.16022329017658013
2017-12-26 05:00:00+00:00,0.16022329017658013
2017-12-27 05:00:00+00:00,0.16022329017658013
2017-12-28 05:00:00+00:00,9.743089054951958e-05
2017-12-29 05:00:00+00:00,9.743089054951958e-05
2018-01-02 05:00:00+00:00,9.743089054951958e-05
2018-01-03 05:00:00+00:00,9.743089054951958e-05
2018-01-04 05:00:00+00:00,9.743089054951958e-05
2018-01-05 05:00:00+00:00,9.743089054951958e-05
2018-01-08 05:00:00+00:00,9.743089054951958e-05
2018-01-09 05:00:00+00:00,9.743089054951958e-05
2018-01-10 05:00:00+00:00,9.743089054951958e-05
2018-01-11 05:00:00+00:00,9.743089054951958e-05
2018-01-12 05:00:00+00:00,9.743089054951958e-05
2018-01-16 05:00:00+00:00,9.743089054951958e-05
2018-01-17 05:00:00+00:00,9.743089054951958e-05
2018-01-18 05:00:00+00:00,9.743089054951958e-05
2018-01-19 05:00:00+00:00,9.743089054951958e-05
2018-01-22 05:00:00+00:00,9.743089054951958e-05
2018-01-23 05:00:00+00:00,9.743089054951958e-05
2018-01-24 05:00:00+00:00,9.743089054951958e-05
2018-01-25 05:00:00+00:00,9.743089054951958e-05
2018-01-26 05:00:00+00:00,9.743089054951958e-05
2018-01-29 05:00:00+00:00,9.743089054951958e-05
2018-01-30 05:00:00+00:00,0.22224459589278397
2018-01-31 05:00:00+00:00,0.22224459589278397
2018-02-01 05:00:00+00:00,0.22224459589278397
2018-02-02 05:00:00+00:00,0.22224459589278397
2018-02-05 05:00:00+00:00,0.22224459589278397
2018-02-06 05:00:00+00:00,0.22224459589278397
2018-02-07 05:00:00+00:00,0.22224459589278397
2018-02-08 05:00:00+00:00,0.22224459589278397
2018-02-09 05:00:00+00:00,0.22224459589278397
2018-02-12 05:00:00+00:00,0.22224459589278397
2018-02-13 05:00:00+00:00,0.22224459589278397
2018-02-14 05:00:00+00:00,0.22224459589278397
2018-02-15 05:00:00+00:00,0.22224459589278397
2018-02-16 05:00:00+00:00,0.22224459589278397
2018-02-20 05:00:00+00:00,0.22224459589278397
2018-02-21 05:00:00+00:00,0.22224459589278397
2018-02-22 05:00:00+00:00,0.22224459589278397
2018-02-23 05:00:00+00:00,0.22224459589278397
2018-02-26 05:00:00+00:00,0.22224459589278397
2018-02-27 05:00:00+00:00,0.22224459589278397
2018-02-28 05:00:00+00:00,0.22224459589278397
2018-03-01 05:00:00+00:00,6.109440757100575e-19
2018-03-02 05:00:00+00:00,6.109440757100575e-19
2018-03-05 05:00:00+00:00,6.109440757100575e-19
2018-03-06 05:00:00+00:00,6.109440757100575e-19
2018-03-07 05:00:00+00:00,6.109440757100575e-19
2018-03-08 05:00:00+00:00,6.109440757100575e-19
2018-03-09 05:00:00+00:00,6.109440757100575e-19
2018-03-12 04:00:00+00:00,6.109440757100575e-19
2018-03-13 04:00:00+00:00,6.109440757100575e-19
2018-03-14 04:00:00+00:00,6.109440757100575e-19
2018-03-15 04:00:00+00:00,6.109440757100575e-19
2018-03-16 04:00:00+00:00,6.109440757100575e-19
2018-03-19 04:00:00+00:00,6.109440757100575e-19
2018-03-20 04:00:00+00:00,6.109440757100575e-19
2018-03-21 04:00:00+00:00,6.109440757100575e-19
2018-03-22 04:00:00+00:00,6.109440757100575e-19
2018-03-23 04:00:00+00:00,6.109440757100575e-19
2018-03-26 04:00:00+00:00,6.109440757100575e-19
2018-03-27 04:00:00+00:00,6.109440757100575e-19
2018-03-28 04:00:00+00:00,6.109440757100575e-19
2018-03-29 04:00:00+00:00,6.109440757100575e-19
2018-04-02 04:00:00+00:00,2.7445396282472285e-14
2018-04-03 04:00:00+00:00,2.7445396282472285e-14
2018-04-04 04:00:00+00:00,2.7445396282472285e-14
2018-04-05 04:00:00+00:00,2.7445396282472285e-14
2018-04-06 04:00:00+00:00,2.7445396282472285e-14
2018-04-09 04:00:00+00:00,2.7445396282472285e-14
2018-04-10 04:00:00+00:00,2.7445396282472285e-14
2018-04-11 04:00:00+00:00,2.7445396282472285e-14
2018-04-12 04:00:00+00:00,2.7445396282472285e-14
2018-04-13 04:00:00+00:00,2.7445396282472285e-14
2018-04-16 04:00:00+00:00,2.7445396282472285e-14
2018-04-17 04:00:00+00:00,2.7445396282472285e-14
2018-04-18 04:00:00+00:00,2.7445396282472285e-14
2018-04-19 04:00:00+00:00,2.7445396282472285e-14
2018-04-20 04:00:00+00:00,2.7445396282472285e-14
2018-04-23 04:00:00+00:00,2.7445396282472285e-14
2018-04-24 04:00:00+00:00,2.7445396282472285e-14
2018-04-25 04:00:00+00:00,2.7445396282472285e-14
2018-04-26 04:00:00+00:00,2.7445396282472285e-14
2018-04-27 04:00:00+00:00,2.7445396282472285e-14
2018-04-30 04:00:00+00:00,2.7445396282472285e-14
2018-05-01 04:00:00+00:00,0.0012175376005642729
2018-05-02 04:00:00+00:00,0.0012175376005642729
2018-05-03 04:00:00+00:00,0.0012175376005642729
2018-05-04 04:00:00+00:00,0.0012175376005642729
2018-05-07 04:00:00+00:00,0.0012175376005642729
2018-05-08 04:00:00+00:00,0.0012175376005642729
2018-05-09 04:00:00+00:00,0.0012175376005642729
2018-05-10 04:00:00+00:00,0.0012175376005642729
2018-05-11 04:00:00+00:00,0.0012175376005642729
2018-05-14 04:00:00+00:00,0.0012175376005642729
2018-05-15 04:00:00+00:00,0.0012175376005642729
2018-05-16 04:00:00+00:00,0.0012175376005642729
2018-05-17 04:00:00+00:00,0.0012175376005642729
2018-05-18 04:00:00+00:00,0.0012175376005642729
2018-05-21 04:00:00+00:00,0.0012175376005642729
2018-05-22 04:00:00+00:00,0.0012175376005642729
2018-05-23 04:00:00+00:00,0.0012175376005642729
2018-05-24 04:00:00+00:00,0.0012175376005642729
2018-05-25 04:00:00+00:00,0.0012175376005642729
2018-05-29 04:00:00+00:00,0.0012175376005642729
2018-05-30 04:00:00+00:00,0.0012175376005642729
2018-05-31 04:00:00+00:00,0.9980823758150406
2018-06-01 04:00:00+00:00,0.9980823758150406
2018-06-04 04:00:00+00:00,0.9980823758150406
2018-06-05 04:00:00+00:00,0.9980823758150406
2018-06-06 04:00:00+00:00,0.9980823758150406
2018-06-07 04:00:00+00:00,0.9980823758150406
2018-06-08 04:00:00+00:00,0.9980823758150406
2018-06-11 04:00:00+00:00,0.9980823758150406
2018-06-12 04:00:00+00:00,0.9980823758150406
2018-06-13 04:00:00+00:00,0.9980823758150406
2018-06-14 04:00:00+00:00,0.9980823758150406
2018-06-15 04:00:00+00:00,0.9980823758150406
2018-06-18 04:00:00+00:00,0.9980823758150406
2018-06-19 04:00:00+00:00,0.9980823758150406
2018-06-20 04:00:00+00:00,0.9980823758150406
2018-06-21 04:00:00+00:00,0.9980823758150406
2018-06-22 04:00:00+00:00,0.9980823758150406
2018-06-25 04:00:00+00:00,0.9980823758150406
2018-06-26 04:00:00+00:00,0.9980823758150406
2018-06-27 04:00:00+00:00,0.9980823758150406
2018-06-28 04:00:00+00:00,0.9980823758150406
2018-06-29 04:00:00+00:00,0.9991800707210932
2018-07-02 04:00:00+00:00,0.9991800707210932
2018-07-03 04:00:00+00:00,0.9991800707210932
2018-07-05 04:00:00+00:00,0.9991800707210932
2018-07-06 04:00:00+00:00,0.9991800707210932
2018-07-09 04:00:00+00:00,0.9991800707210932
2018-07-10 04:00:00+00:00,0.9991800707210932
2018-07-11 04:00:00+00:00,0.9991800707210932
2018-07-12 04:00:00+00:00,0.9991800707210932
2018-07-13 04:00:00+00:00,0.9991800707210932
2018-07-16 04:00:00+00:00,0.9991800707210932
2018-07-17 04:00:00+00:00,0.9991800707210932
2018-07-18 04:00:00+00:00,0.9991800707210932
2018-07-19 04:00:00+00:00,0.9991800707210932
2018-07-20 04:00:00+00:00,0.9991800707210932
2018-07-23 04:00:00+00:00,0.9991800707210932
2018-07-24 04:00:00+00:00,0.9991800707210932
2018-07-25 04:00:00+00:00,0.9991800707210932
2018-07-26 04:00:00+00:00,0.9991800707210932
2018-07-27 04:00:00+00:00,0.9991800707210932
2018-07-30 04:00:00+00:00,0.9991800707210932
2018-07-31 04:00:00+00:00,0.003946873364779749
2018-08-01 04:00:00+00:00,0.003946873364779749
2018-08-02 04:00:00+00:00,0.003946873364779749
2018-08-03 04:00:00+00:00,0.003946873364779749
2018-08-06 04:00:00+00:00,0.003946873364779749
2018-08-07 04:00:00+00:00,0.003946873364779749
2018-08-08 04:00:00+00:00,0.003946873364779749
2018-08-09 04:00:00+00:00,0.003946873364779749
2018-08-10 04:00:00+00:00,0.003946873364779749
2018-08-13 04:00:00+00:00,0.003946873364779749
2018-08-14 04:00:00+00:00,0.003946873364779749
2018-08-15 04:00:00+00:00,0.003946873364779749
2018-08-16 04:00:00+00:00,0.003946873364779749
2018-08-17 04:00:00+00:00,0.003946873364779749
2018-08-20 04:00:00+00:00,0.003946873364779749
2018-08-21 04:00:00+00:00,0.003946873364779749
2018-08-22 04:00:00+00:00,0.003946873364779749
2018-08-23 04:00:00+00:00,0.003946873364779749
2018-08-24 04:00:00+00:00,0.003946873364779749
2018-08-27 04:00:00+00:00,0.003946873364779749
2018-08-28 04:00:00+00:00,0.003946873364779749
2018-08-29 04:00:00+00:00,0.014529051951081904
2018-08-30 04:00:00+00:00,0.014529051951081904
2018-08-31 04:00:00+00:00,0.014529051951081904
2018-09-04 04:00:00+00:00,0.014529051951081904
2018-09-05 04:00:00+00:00,0.014529051951081904
2018-09-06 04:00:00+00:00,0.014529051951081904
2018-09-07 04:00:00+00:00,0.014529051951081904
2018-09-10 04:00:00+00:00,0.014529051951081904
2018-09-11 04:00:00+00:00,0.014529051951081904
2018-09-12 04:00:00+00:00,0.014529051951081904
2018-09-13 04:00:00+00:00,0.014529051951081904
2018-09-14 04:00:00+00:00,0.014529051951081904
2018-09-17 04:00:00+00:00,0.014529051951081904
2018-09-18 04:00:00+00:00,0.014529051951081904
2018-09-19 04:00:00+00:00,0.014529051951081904
2018-09-20 04:00:00+00:00,0.014529051951081904
2018-09-21 04:00:00+00:00,0.014529051951081904
2018-09-24 04:00:00+00:00,0.014529051951081904
2018-09-25 04:00:00+00:00,0.014529051951081904
2018-09-26 04:00:00+00:00,0.014529051951081904
2018-09-27 04:00:00+00:00,0.014529051951081904
2018-09-28 04:00:00+00:00,0.9997616466410992
2018-10-01 04:00:00+00:00,0.9997616466410992
2018-10-02 04:00:00+00:00,0.9997616466410992
2018-10-03 04:00:00+00:00,0.9997616466410992
2018-10-04 04:00:00+00:00,0.9997616466410992
2018-10-05 04:00:00+00:00,0.9997616466410992
2018-10-08 04:00:00+00:00,0.9997616466410992
2018-10-09 04:00:00+00:00,0.9997616466410992
2018-10-10 04:00:00+00:00,0.9997616466410992
2018-10-11 04:00:00+00:00,0.9997616466410992
2018-10-12 04:00:00+00:00,0.9997616466410992
2018-10-15 04:00:00+00:00,0.9997616466410992
2018-10-16 04:00:00+00:00,0.9997616466410992
2018-10-17 04:00:00+00:00,0.9997616466410992
2018-10-18 04:00:00+00:00,0.9997616466410992
2018-10-19 04:00:00+00:00,0.9997616466410992
2018-10-22 04:00:00+00:00,0.9997616466410992
2018-10-23 04:00:00+00:00,0.9997616466410992
2018-10-24 04:00:00+00:00,0.9997616466410992
2018-10-25 04:00:00+00:00,0.9997616466410992
2018-10-26 04:00:00+00:00,0.9997616466410992
2018-10-29 04:00:00+00:00,4.881948301316304e-21
2018-10-30 04:00:00+00:00,4.881948301316304e-21
2018-10-31 04:00:00+00:00,4.881948301316304e-21
2018-11-01 04:00:00+00:00,4.881948301316304e-21
2018-11-02 04:00:00+00:00,4.881948301316304e-21
2018-11-05 05:00:00+00:00,4.881948301316304e-21
2018-11-06 05:00:00+00:00,4.881948301316304e-21
2018-11-07 05:00:00+00:00,4.881948301316304e-21
2018-11-08 05:00:00+00:00,4.881948301316304e-21
2018-11-09 05:00:00+00:00,4.881948301316304e-21
2018-11-12 05:00:00+00:00,4.881948301316304e-21
2018-11-13 05:00:00+00:00,4.881948301316304e-21
2018-11-14 05:00:00+00:00,4.881948301316304e-21
2018-11-15 05:00:00+00:00,4.881948301316304e-21
2018-11-16 05:00:00+00:00,4.881948301316304e-21
2018-11-19 05:00:00+00:00,4.881948301316304e-21
2018-11-20 05:00:00+00:00,4.881948301316304e-21
2018-11-21 05:00:00+00:00,4.881948301316304e-21
2018-11-23 05:00:00+00:00,4.881948301316304e-21
2018-11-26 05:00:00+00:00,4.881948301316304e-21
2018-11-27 05:00:00+00:00,4.881948301316304e-21
2018-11-28 05:00:00+00:00,0.0006406986599082072
2018-11-29 05:00:00+00:00,0.0006406986599082072
2018-11-30 05:00:00+00:00,0.0006406986599082072
2018-12-03 05:00:00+00:00,0.0006406986599082072
2018-12-04 05:00:00+00:00,0.0006406986599082072
2018-12-06 05:00:00+00:00,0.0006406986599082072
2018-12-07 05:00:00+00:00,0.0006406986599082072
2018-12-10 05:00:00+00:00,0.0006406986599082072
2018-12-11 05:00:00+00:00,0.0006406986599082072
2018-12-12 05:00:00+00:00,0.0006406986599082072
2018-12-13 05:00:00+00:00,0.0006406986599082072
2018-12-14 05:00:00+00:00,0.0006406986599082072
2018-12-17 05:00:00+00:00,0.0006406986599082072
2018-12-18 05:00:00+00:00,0.0006406986599082072
2018-12-19 05:00:00+00:00,0.0006406986599082072
2018-12-20 05:00:00+00:00,0.0006406986599082072
2018-12-21 05:00:00+00:00,0.0006406986599082072
2018-12-24 05:00:00+00:00,0.0006406986599082072
2018-12-26 05:00:00+00:00,0.0006406986599082072
2018-12-27 05:00:00+00:00,0.0006406986599082072
2018-12-28 05:00:00+00:00,0.0006406986599082072
2018-12-31 05:00:00+00:00,9.720939723559153e-14
2019-01-02 05:00:00+00:00,9.720939723559153e-14
2019-01-03 05:00:00+00:00,9.720939723559153e-14
2019-01-04 05:00:00+00:00,9.720939723559153e-14
2019-01-07 05:00:00+00:00,9.720939723559153e-14
2019-01-08 05:00:00+00:00,9.720939723559153e-14
2019-01-09 05:00:00+00:00,9.720939723559153e-14
2019-01-10 05:00:00+00:00,9.720939723559153e-14
2019-01-11 05:00:00+00:00,9.720939723559153e-14
2019-01-14 05:00:00+00:00,9.720939723559153e-14
2019-01-15 05:00:00+00:00,9.720939723559153e-14
2019-01-16 05:00:00+00:00,9.720939723559153e-14
2019-01-17 05:00:00+00:00,9.720939723559153e-14
2019-01-18 05:00:00+00:00,9.720939723559153e-14
2019-01-22 05:00:00+00:00,9.720939723559153e-14
2019-01-23 05:00:00+00:00,9.720939723559153e-14
2019-01-24 05:00:00+00:00,9.720939723559153e-14
2019-01-25 05:00:00+00:00,9.720939723559153e-14
2019-01-28 05:00:00+00:00,9.720939723559153e-14
2019-01-29 05:00:00+00:00,9.720939723559153e-14
2019-01-30 05:00:00+00:00,9.720939723559153e-14
2019-01-31 05:00:00+00:00,0.0808361074054303
2019-02-01 05:00:00+00:00,0.0808361074054303
2019-02-04 05:00:00+00:00,0.0808361074054303
2019-02-05 05:00:00+00:00,0.0808361074054303
2019-02-06 05:00:00+00:00,0.0808361074054303
2019-02-07 05:00:00+00:00,0.0808361074054303
2019-02-08 05:00:00+00:00,0.0808361074054303
2019-02-11 05:00:00+00:00,0.0808361074054303
2019-02-12 05:00:00+00:00,0.0808361074054303
2019-02-13 05:00:00+00:00,0.0808361074054303
2019-02-14 05:00:00+00:00,0.0808361074054303
2019-02-15 05:00:00+00:00,0.0808361074054303
2019-02-19 05:00:00+00:00,0.0808361074054303
2019-02-20 05:00:00+00:00,0.0808361074054303
2019-02-21 05:00:00+00:00,0.0808361074054303
2019-02-22 05:00:00+00:00,0.0808361074054303
2019-02-25 05:00:00+00:00,0.0808361074054303
2019-02-26 05:00:00+00:00,0.0808361074054303
2019-02-27 05:00:00+00:00,0.0808361074054303
2019-02-28 05:00:00+00:00,0.0808361074054303
2019-03-01 05:00:00+00:00,0.0808361074054303
2019-03-04 05:00:00+00:00,0.7898420269920025
2019-03-05 05:00:00+00:00,0.7898420269920025
2019-03-06 05:00:00+00:00,0.7898420269920025
2019-03-07 05:00:00+00:00,0.7898420269920025
2019-03-08 05:00:00+00:00,0.7898420269920025
2019-03-11 04:00:00+00:00,0.7898420269920025
2019-03-12 04:00:00+00:00,0.7898420269920025
2019-03-13 04:00:00+00:00,0.7898420269920025
2019-03-14 04:00:00+00:00,0.7898420269920025
2019-03-15 04:00:00+00:00,0.7898420269920025
2019-03-18 04:00:00+00:00,0.7898420269920025
2019-03-19 04:00:00+00:00,0.7898420269920025
2019-03-20 04:00:00+00:00,0.7898420269920025
2019-03-21 04:00:00+00:00,0.7898420269920025
2019-03-22 04:00:00+00:00,0.7898420269920025
2019-03-25 04:00:00+00:00,0.7898420269920025
2019-03-26 04:00:00+00:00,0.7898420269920025
2019-03-27 04:00:00+00:00,0.7898420269920025
2019-03-28 04:00:00+00:00,0.7898420269920025
2019-03-29 04:00:00+00:00,0.7898420269920025
2019-04-01 04:00:00+00:00,0.7898420269920025
2019-04-02 04:00:00+00:00,0.7732971157519954
2019-04-03 04:00:00+00:00,0.7732971157519954
2019-04-04 04:00:00+00:00,0.7732971157519954
2019-04-05 04:00:00+00:00,0.7732971157519954
2019-04-08 04:00:00+00:00,0.7732971157519954
2019-04-09 04:00:00+00:00,0.7732971157519954
2019-04-10 04:00:00+00:00,0.7732971157519954
2019-04-11 04:00:00+00:00,0.7732971157519954
2019-04-12 04:00:00+00:00,0.7732971157519954
2019-04-15 04:00:00+00:00,0.7732971157519954
2019-04-16 04:00:00+00:00,0.7732971157519954
2019-04-17 04:00:00+00:00,0.7732971157519954
2019-04-18 04:00:00+00:00,0.7732971157519954
2019-04-22 04:00:00+00:00,0.7732971157519954
2019-04-23 04:00:00+00:00,0.7732971157519954
2019-04-24 04:00:00+00:00,0.7732971157519954
2019-04-25 04:00:00+00:00,0.7732971157519954
2019-04-26 04:00:00+00:00,0.7732971157519954
2019-04-29 04:00:00+00:00,0.7732971157519954
2019-04-30 04:00:00+00:00,0.7732971157519954
2019-05-01 04:00:00+00:00,0.7732971157519954
2019-05-02 04:00:00+00:00,0.9999862976754635
2019-05-03 04:00:00+00:00,0.9999862976754635
2019-05-06 04:00:00+00:00,0.9999862976754635
2019-05-07 04:00:00+00:00,0.9999862976754635
2019-05-08 04:00:00+00:00,0.9999862976754635
2019-05-09 04:00:00+00:00,0.9999862976754635
2019-05-10 04:00:00+00:00,0.9999862976754635
2019-05-13 04:00:00+00:00,0.9999862976754635
2019-05-14 04:00:00+00:00,0.9999862976754635
2019-05-15 04:00:00+00:00,0.9999862976754635
2019-05-16 04:00:00+00:00,0.9999862976754635
2019-05-17 04:00:00+00:00,0.9999862976754635
2019-05-20 04:00:00+00:00,0.9999862976754635
2019-05-21 04:00:00+00:00,0.9999862976754635
2019-05-22 04:00:00+00:00,0.9999862976754635
2019-05-23 04:00:00+00:00,0.9999862976754635
2019-05-24 04:00:00+00:00,0.9999862976754635
2019-05-28 04:00:00+00:00,0.9999862976754635
2019-05-29 04:00:00+00:00,0.9999862976754635
2019-05-30 04:00:00+00:00,0.9999862976754635
2019-05-31 04:00:00+00:00,0.9999862976754635
2019-06-03 04:00:00+00:00,0.0012545279747996285
2019-06-04 04:00:00+00:00,0.0012545279747996285
2019-06-05 04:00:00+00:00,0.0012545279747996285
2019-06-06 04:00:00+00:00,0.0012545279747996285
2019-06-07 04:00:00+00:00,0.0012545279747996285
2019-06-10 04:00:00+00:00,0.0012545279747996285
2019-06-11 04:00:00+00:00,0.0012545279747996285
2019-06-12 04:00:00+00:00,0.0012545279747996285
2019-06-13 04:00:00+00:00,0.0012545279747996285
2019-06-14 04:00:00+00:00,0.0012545279747996285
2019-06-17 04:00:00+00:00,0.0012545279747996285
2019-06-18 04:00:00+00:00,0.0012545279747996285
2019-06-19 04:00:00+00:00,0.0012545279747996285
2019-06-20 04:00:00+00:00,0.0012545279747996285
2019-06-21 04:00:00+00:00,0.0012545279747996285
2019-06-24 04:00:00+00:00,0.0012545279747996285
2019-06-25 04:00:00+00:00,0.0012545279747996285
2019-06-26 04:00:00+00:00,0.0012545279747996285
2019-06-27 04:00:00+00:00,0.0012545279747996285
2019-06-28 04:00:00+00:00,0.0012545279747996285
2019-07-01 04:00:00+00:00,0.0012545279747996285
2019-07-02 04:00:00+00:00,0.9999820359366026
2019-07-03 04:00:00+00:00,0.9999820359366026
2019-07-05 04:00:00+00:00,0.9999820359366026
2019-07-08 04:00:00+00:00,0.9999820359366026
2019-07-09 04:00:00+00:00,0.9999820359366026
2019-07-10 04:00:00+00:00,0.9999820359366026
2019-07-11 04:00:00+00:00,0.9999820359366026
2019-07-12 04:00:00+00:00,0.9999820359366026
2019-07-15 04:00:00+00:00,0.9999820359366026
2019-07-16 04:00:00+00:00,0.9999820359366026
2019-07-17 04:00:00+00:00,0.9999820359366026
2019-07-18 04:00:00+00:00,0.9999820359366026
2019-07-19 04:00:00+00:00,0.9999820359366026
2019-07-22 04:00:00+00:00,0.9999820359366026
2019-07-23 04:00:00+00:00,0.9999820359366026
2019-07-24 04:00:00+00:00,0.9999820359366026
2019-07-25 04:00:00+00:00,0.9999820359366026
2019-07-26 04:00:00+00:00,0.9999820359366026
2019-07-29 04:00:00+00:00,0.9999820359366026
2019-07-30 04:00:00+00:00,0.9999820359366026
2019-07-31 04:00:00+00:00,0.9999820359366026
2019-08-01 04:00:00+00:00,0.9999575347048025
2019-08-02 04:00:00+00:00,0.9999575347048025
2019-08-05 04:00:00+00:00,0.9999575347048025
2019-08-06 04:00:00+00:00,0.9999575347048025
2019-08-07 04:00:00+00:00,0.9999575347048025
2019-08-08 04:00:00+00:00,0.9999575347048025
2019-08-09 04:00:00+00:00,0.9999575347048025
2019-08-12 04:00:00+00:00,0.9999575347048025
2019-08-13 04:00:00+00:00,0.9999575347048025
2019-08-14 04:00:00+00:00,0.9999575347048025
2019-08-15 04:00:00+00:00,0.9999575347048025
2019-08-16 04:00:00+00:00,0.9999575347048025
2019-08-19 04:00:00+00:00,0.9999575347048025
2019-08-20 04:00:00+00:00,0.9999575347048025
2019-08-21 04:00:00+00:00,0.9999575347048025
2019-08-22 04:00:00+00:00,0.9999575347048025
2019-08-23 04:00:00+00:00,0.9999575347048025
2019-08-26 04:00:00+00:00,0.9999575347048025
2019-08-27 04:00:00+00:00,0.9999575347048025
2019-08-28 04:00:00+00:00,0.9999575347048025
2019-08-29 04:00:00+00:00,0.9999575347048025
2019-08-30 04:00:00+00:00,3.7252436339588185e-17
2019-09-03 04:00:00+00:00,3.7252436339588185e-17
2019-09-04 04:00:00+00:00,3.7252436339588185e-17
2019-09-05 04:00:00+00:00,3.7252436339588185e-17
2019-09-06 04:00:00+00:00,3.7252436339588185e-17
2019-09-09 04:00:00+00:00,3.7252436339588185e-17
2019-09-10 04:00:00+00:00,3.7252436339588185e-17
2019-09-11 04:00:00+00:00,3.7252436339588185e-17
2019-09-12 04:00:00+00:00,3.7252436339588185e-17
2019-09-13 04:00:00+00:00,3.7252436339588185e-17
2019-09-16 04:00:00+00:00,3.7252436339588185e-17
2019-09-17 04:00:00+00:00,3.7252436339588185e-17
2019-09-18 04:00:00+00:00,3.7252436339588185e-17
2019-09-19 04:00:00+00:00,3.7252436339588185e-17
2019-09-20 04:00:00+00:00,3.7252436339588185e-17
2019-09-23 04:00:00+00:00,3.7252436339588185e-17
2019-09-24 04:00:00+00:00,3.7252436339588185e-17
2019-09-25 04:00:00+00:00,3.7252436339588185e-17
2019-09-26 04:00:00+00:00,3.7252436339588185e-17
2019-09-27 04:00:00+00:00,3.7252436339588185e-17
2019-09-30 04:00:00+00:00,3.7252436339588185e-17
2019-10-01 04:00:00+00:00,0.6595691748767335
2019-10-02 04:00:00+00:00,0.6595691748767335
2019-10-03 04:00:00+00:00,0.6595691748767335
2019-10-04 04:00:00+00:00,0.6595691748767335
2019-10-07 04:00:00+00:00,0.6595691748767335
2019-10-08 04:00:00+00:00,0.6595691748767335
2019-10-09 04:00:00+00:00,0.6595691748767335
2019-10-10 04:00:00+00:00,0.6595691748767335
2019-10-11 04:00:00+00:00,0.6595691748767335
2019-10-14 04:00:00+00:00,0.6595691748767335
2019-10-15 04:00:00+00:00,0.6595691748767335
2019-10-16 04:00:00+00:00,0.6595691748767335
2019-10-17 04:00:00+00:00,0.6595691748767335
2019-10-18 04:00:00+00:00,0.6595691748767335
2019-10-21 04:00:00+00:00,0.6595691748767335
2019-10-22 04:00:00+00:00,0.6595691748767335
2019-10-23 04:00:00+00:00,0.6595691748767335
2019-10-24 04:00:00+00:00,0.6595691748767335
2019-10-25 04:00:00+00:00,0.6595691748767335
2019-10-28 04:00:00+00:00,0.6595691748767335
2019-10-29 04:00:00+00:00,0.6595691748767335
2019-10-30 04:00:00+00:00,0.9957172009792622
2019-10-31 04:00:00+00:00,0.9957172009792622
2019-11-01 04:00:00+00:00,0.9957172009792622
2019-11-04 05:00:00+00:00,0.9957172009792622
2019-11-05 05:00:00+00:00,0.9957172009792622
2019-11-06 05:00:00+00:00,0.9957172009792622
2019-11-07 05:00:00+00:00,0.9957172009792622
2019-11-08 05:00:00+00:00,0.9957172009792622
2019-11-11 05:00:00+00:00,0.9957172009792622
2019-11-12 05:00:00+00:00,0.9957172009792622
2019-11-13 05:00:00+00:00,0.9957172009792622
2019-11-14 05:00:00+00:00,0.9957172009792622
2019-11-15 05:00:00+00:00,0.9957172009792622
2019-11-18 05:00:00+00:00,0.9957172009792622
2019-11-19 05:00:00+00:00,0.9957172009792622
2019-11-20 05:00:00+00:00,0.9957172009792622
2019-11-21 05:00:00+00:00,0.9957172009792622
2019-11-22 05:00:00+00:00,0.9957172009792622
2019-11-25 05:00:00+00:00,0.9957172009792622
2019-11-26 05:00:00+00:00,0.9957172009792622
2019-11-27 05:00:00+00:00,0.9957172009792622
2019-11-29 05:00:00+00:00,0.8549950283096319
2019-12-02 05:00:00+00:00,0.8549950283096319
2019-12-03 05:00:00+00:00,0.8549950283096319
2019-12-04 05:00:00+00:00,0.8549950283096319
2019-12-05 05:00:00+00:00,0.8549950283096319
2019-12-06 05:00:00+00:00,0.8549950283096319
2019-12-09 05:00:00+00:00,0.8549950283096319
2019-12-10 05:00:00+00:00,0.8549950283096319
2019-12-11 05:00:00+00:00,0.8549950283096319
2019-12-12 05:00:00+00:00,0.8549950283096319
2019-12-13 05:00:00+00:00,0.8549950283096319
2019-12-16 05:00:00+00:00,0.8549950283096319
2019-12-17 05:00:00+00:00,0.8549950283096319
2019-12-18 05:00:00+00:00,0.8549950283096319
2019-12-19 05:00:00+00:00,0.8549950283096319
2019-12-20 05:00:00+00:00,0.8549950283096319
2019-12-23 05:00:00+00:00,0.8549950283096319
2019-12-24 05:00:00+00:00,0.8549950283096319
2019-12-26 05:00:00+00:00,0.8549950283096319
2019-12-27 05:00:00+00:00,0.8549950283096319
2019-12-30 05:00:00+00:00,0.8549950283096319
2019-12-31 05:00:00+00:00,0.9991585098701112
2020-01-02 05:00:00+00:00,0.9991585098701112
2020-01-03 05:00:00+00:00,0.9991585098701112
2020-01-06 05:00:00+00:00,0.9991585098701112
2020-01-07 05:00:00+00:00,0.9991585098701112
2020-01-08 05:00:00+00:00,0.9991585098701112
2020-01-09 05:00:00+00:00,0.9991585098701112
2020-01-10 05:00:00+00:00,0.9991585098701112
2020-01-13 05:00:00+00:00,0.9991585098701112
2020-01-14 05:00:00+00:00,0.9991585098701112
2020-01-15 05:00:00+00:00,0.9991585098701112
2020-01-16 05:00:00+00:00,0.9991585098701112
2020-01-17 05:00:00+00:00,0.9991585098701112
2020-01-21 05:00:00+00:00,0.9991585098701112
2020-01-22 05:00:00+00:00,0.9991585098701112
2020-01-23 05:00:00+00:00,0.9991585098701112
2020-01-24 05:00:00+00:00,0.9991585098701112
2020-01-27 05:00:00+00:00,0.9991585098701112
2020-01-28 05:00:00+00:00,0.9991585098701112
2020-01-29 05:00:00+00:00,0.9991585098701112
2020-01-30 05:00:00+00:00,0.9991585098701112
2020-01-31 05:00:00+00:00,0.015928779462661333
2020-02-03 05:00:00+00:00,0.015928779462661333
2020-02-04 05:00:00+00:00,0.015928779462661333
2020-02-05 05:00:00+00:00,0.015928779462661333
2020-02-06 05:00:00+00:00,0.015928779462661333
2020-02-07 05:00:00+00:00,0.015928779462661333
2020-02-10 05:00:00+00:00,0.015928779462661333
2020-02-11 05:00:00+00:00,0.015928779462661333
2020-02-12 05:00:00+00:00,0.015928779462661333
2020-02-13 05:00:00+00:00,0.015928779462661333
2020-02-14 05:00:00+00:00,0.015928779462661333
2020-02-18 05:00:00+00:00,0.015928779462661333
2020-02-19 05:00:00+00:00,0.015928779462661333
2020-02-20 05:00:00+00:00,0.015928779462661333
2020-02-21 05:00:00+00:00,0.015928779462661333
2020-02-24 05:00:00+00:00,0.015928779462661333
2020-02-25 05:00:00+00:00,0.015928779462661333
2020-02-26 05:00:00+00:00,0.015928779462661333
2020-02-27 05:00:00+00:00,0.015928779462661333
2020-02-28 05:00:00+00:00,0.015928779462661333
2020-03-02 05:00:00+00:00,0.015928779462661333
2020-03-03 05:00:00+00:00,1.7200437713483264e-52
2020-03-04 05:00:00+00:00,1.7200437713483264e-52
2020-03-05 05:00:00+00:00,1.7200437713483264e-52
2020-03-06 05:00:00+00:00,1.7200437713483264e-52
2020-03-09 04:00:00+00:00,1.7200437713483264e-52
2020-03-10 04:00:00+00:00,1.7200437713483264e-52
2020-03-11 04:00:00+00:00,1.7200437713483264e-52
2020-03-12 04:00:00+00:00,1.7200437713483264e-52
2020-03-13 04:00:00+00:00,1.7200437713483264e-52
2020-03-16 04:00:00+00:00,1.7200437713483264e-52
2020-03-17 04:00:00+00:00,1.7200437713483264e-52
2020-03-18 04:00:00+00:00,1.7200437713483264e-52
2020-03-19 04:00:00+00:00,1.7200437713483264e-52
2020-03-20 04:00:00+00:00,1.7200437713483264e-52
2020-03-23 04:00:00+00:00,1.7200437713483264e-52
2020-03-24 04:00:00+00:00,1.7200437713483264e-52
2020-03-25 04:00:00+00:00,1.7200437713483264e-52
2020-03-26 04:00:00+00:00,1.7200437713483264e-52
2020-03-27 04:00:00+00:00,1.7200437713483264e-52
2020-03-30 04:00:00+00:00,1.7200437713483264e-52
2020-03-31 04:00:00+00:00,1.7200437713483264e-52
2020-04-01 04:00:00+00:00,2.0164947362458522e-38
2020-04-02 04:00:00+00:00,2.0164947362458522e-38
2020-04-03 04:00:00+00:00,2.0164947362458522e-38
2020-04-06 04:00:00+00:00,2.0164947362458522e-38
2020-04-07 04:00:00+00:00,2.0164947362458522e-38
2020-04-08 04:00:00+00:00,2.0164947362458522e-38
2020-04-09 04:00:00+00:00,2.0164947362458522e-38
2020-04-13 04:00:00+00:00,2.0164947362458522e-38
2020-04-14 04:00:00+00:00,2.0164947362458522e-38
2020-04-15 04:00:00+00:00,2.0164947362458522e-38
2020-04-16 04:00:00+00:00,2.0164947362458522e-38
2020-04-17 04:00:00+00:00,2.0164947362458522e-38
2020-04-20 04:00:00+00:00,2.0164947362458522e-38
2020-04-21 04:00:00+00:00,2.0164947362458522e-38
2020-04-22 04:00:00+00:00,2.0164947362458522e-38
2020-04-23 04:00:00+00:00,2.0164947362458522e-38
2020-04-24 04:00:00+00:00,2.0164947362458522e-38
2020-04-27 04:00:00+00:00,2.0164947362458522e-38
2020-04-28 04:00:00+00:00,2.0164947362458522e-38
2020-04-29 04:00:00+00:00,2.0164947362458522e-38
2020-04-30 04:00:00+00:00,2.0164947362458522e-38
2020-05-01 04:00:00+00:00,3.4608084677558174e-09
2020-05-04 04:00:00+00:00,3.4608084677558174e-09
2020-05-05 04:00:00+00:00,3.4608084677558174e-09
2020-05-06 04:00:00+00:00,3.4608084677558174e-09
2020-05-07 04:00:00+00:00,3.4608084677558174e-09
2020-05-08 04:00:00+00:00,3.4608084677558174e-09
2020-05-11 04:00:00+00:00,3.4608084677558174e-09
2020-05-12 04:00:00+00:00,3.4608084677558174e-09
2020-05-13 04:00:00+00:00,3.4608084677558174e-09
2020-05-14 04:00:00+00:00,3.4608084677558174e-09
2020-05-15 04:00:00+00:00,3.4608084677558174e-09
2020-05-18 04:00:00+00:00,3.4608084677558174e-09
2020-05-19 04:00:00+00:00,3.4608084677558174e-09
2020-05-20 04:00:00+00:00,3.4608084677558174e-09
2020-05-21 04:00:00+00:00,3.4608084677558174e-09
2020-05-22 04:00:00+00:00,3.4608084677558174e-09
2020-05-26 04:00:00+00:00,3.4608084677558174e-09
2020-05-27 04:00:00+00:00,3.4608084677558174e-09
2020-05-28 04:00:00+00:00,3.4608084677558174e-09
2020-05-29 04:00:00+00:00,3.4608084677558174e-09
2020-06-01 04:00:00+00:00,3.4608084677558174e-09
2020-06-02 04:00:00+00:00,0.9997617793987532
2020-06-03 04:00:00+00:00,0.9997617793987532
2020-06-04 04:00:00+00:00,0.9997617793987532
2020-06-05 04:00:00+00:00,0.9997617793987532
2020-06-08 04:00:00+00:00,0.9997617793987532
2020-06-09 04:00:00+00:00,0.9997617793987532
2020-06-10 04:00:00+00:00,0.9997617793987532
2020-06-11 04:00:00+00:00,0.9997617793987532
2020-06-12 04:00:00+00:00,0.9997617793987532
2020-06-15 04:00:00+00:00,0.9997617793987532
2020-06-16 04:00:00+00:00,0.9997617793987532
2020-06-17 04:00:00+00:00,0.9997617793987532
2020-06-18 04:00:00+00:00,0.9997617793987532
2020-06-19 04:00:00+00:00,0.9997617793987532
2020-06-22 04:00:00+00:00,0.9997617793987532
2020-06-23 04:00:00+00:00,0.9997617793987532
2020-06-24 04:00:00+00:00,0.9997617793987532
2020-06-25 04:00:00+00:00,0.9997617793987532
2020-06-26 04:00:00+00:00,0.9997617793987532
2020-06-29 04:00:00+00:00,0.9997617793987532
2020-06-30 04:00:00+00:00,0.9997617793987532
2020-07-01 04:00:00+00:00,0.9921484550538173
2020-07-02 04:00:00+00:00,0.9921484550538173
2020-07-06 04:00:00+00:00,0.9921484550538173
2020-07-07 04:00:00+00:00,0.9921484550538173
2020-07-08 04:00:00+00:00,0.9921484550538173
2020-07-09 04:00:00+00:00,0.9921484550538173
2020-07-10 04:00:00+00:00,0.9921484550538173
2020-07-13 04:00:00+00:00,0.9921484550538173
2020-07-14 04:00:00+00:00,0.9921484550538173
2020-07-15 04:00:00+00:00,0.9921484550538173
2020-07-16 04:00:00+00:00,0.9921484550538173
2020-07-17 04:00:00+00:00,0.9921484550538173
2020-07-20 04:00:00+00:00,0.9921484550538173
2020-07-21 04:00:00+00:00,0.9921484550538173
2020-07-22 04:00:00+00:00,0.9921484550538173
2020-07-23 04:00:00+00:00,0.9921484550538173
2020-07-24 04:00:00+00:00,0.9921484550538173
2020-07-27 04:00:00+00:00,0.9921484550538173
2020-07-28 04:00:00+00:00,0.9921484550538173
2020-07-29 04:00:00+00:00,0.9921484550538173
2020-07-30 04:00:00+00:00,0.9921484550538173
2020-07-31 04:00:00+00:00,0.9987759898572981
2020-08-03 04:00:00+00:00,0.9987759898572981
2020-08-04 04:00:00+00:00,0.9987759898572981
2020-08-05 04:00:00+00:00,0.9987759898572981
2020-08-06 04:00:00+00:00,0.9987759898572981
2020-08-07 04:00:00+00:00,0.9987759898572981
2020-08-10 04:00:00+00:00,0.9987759898572981
2020-08-11 04:00:00+00:00,0.9987759898572981
2020-08-12 04:00:00+00:00,0.9987759898572981
2020-08-13 04:00:00+00:00,0.9987759898572981
2020-08-14 04:00:00+00:00,0.9987759898572981
2020-08-17 04:00:00+00:00,0.9987759898572981
2020-08-18 04:00:00+00:00,0.9987759898572981
2020-08-19 04:00:00+00:00,0.9987759898572981
2020-08-20 04:00:00+00:00,0.9987759898572981
2020-08-21 04:00:00+00:00,0.9987759898572981
2020-08-24 04:00:00+00:00,0.9987759898572981
2020-08-25 04:00:00+00:00,0.9987759898572981
2020-08-26 04:00:00+00:00,0.9987759898572981
2020-08-27 04:00:00+00:00,0.9987759898572981
2020-08-28 04:00:00+00:00,0.9987759898572981
2020-08-31 04:00:00+00:00,0.9998763492844175
2020-09-01 04:00:00+00:00,0.9998763492844175
2020-09-02 04:00:00+00:00,0.9998763492844175
2020-09-03 04:00:00+00:00,0.9998763492844175
2020-09-04 04:00:00+00:00,0.9998763492844175
2020-09-08 04:00:00+00:00,0.9998763492844175
2020-09-09 04:00:00+00:00,0.9998763492844175
2020-09-10 04:00:00+00:00,0.9998763492844175
2020-09-11 04:00:00+00:00,0.9998763492844175
2020-09-14 04:00:00+00:00,0.9998763492844175
2020-09-15 04:00:00+00:00,0.9998763492844175
2020-09-16 04:00:00+00:00,0.9998763492844175
2020-09-17 04:00:00+00:00,0.9998763492844175
2020-09-18 04:00:00+00:00,0.9998763492844175
2020-09-21 04:00:00+00:00,0.9998763492844175
2020-09-22 04:00:00+00:00,0.9998763492844175
2020-09-23 04:00:00+00:00,0.9998763492844175
2020-09-24 04:00:00+00:00,0.9998763492844175
2020-09-25 04:00:00+00:00,0.9998763492844175
2020-09-28 04:00:00+00:00,0.9998763492844175
2020-09-29 04:00:00+00:00,0.9998763492844175
2020-09-30 04:00:00+00:00,0.0002739022328000639
2020-10-01 04:00:00+00:00,0.0002739022328000639
2020-10-02 04:00:00+00:00,0.0002739022328000639
2020-10-05 04:00:00+00:00,0.0002739022328000639
2020-10-06 04:00:00+00:00,0.0002739022328000639
2020-10-07 04:00:00+00:00,0.0002739022328000639
2020-10-08 04:00:00+00:00,0.0002739022328000639
2020-10-09 04:00:00+00:00,0.0002739022328000639
2020-10-12 04:00:00+00:00,0.0002739022328000639
2020-10-13 04:00:00+00:00,0.0002739022328000639
2020-10-14 04:00:00+00:00,0.0002739022328000639
2020-10-15 04:00:00+00:00,0.0002739022328000639
2020-10-16 04:00:00+00:00,0.0002739022328000639
2020-10-19 04:00:00+00:00,0.0002739022328000639
2020-10-20 04:00:00+00:00,0.0002739022328000639
2020-10-21 04:00:00+00:00,0.0002739022328000639
2020-10-22 04:00:00+00:00,0.0002739022328000639
2020-10-23 04:00:00+00:00,0.0002739022328000639
2020-10-26 04:00:00+00:00,0.0002739022328000639
2020-10-27 04:00:00+00:00,0.0002739022328000639
2020-10-28 04:00:00+00:00,0.0002739022328000639
2020-10-29 04:00:00+00:00,0.9085201593361552
2020-10-30 04:00:00+00:00,0.9085201593361552
2020-11-02 05:00:00+00:00,0.9085201593361552
2020-11-03 05:00:00+00:00,0.9085201593361552
2020-11-04 05:00:00+00:00,0.9085201593361552
2020-11-05 05:00:00+00:00,0.9085201593361552
2020-11-06 05:00:00+00:00,0.9085201593361552
2020-11-09 05:00:00+00:00,0.9085201593361552
2020-11-10 05:00:00+00:00,0.9085201593361552
2020-11-11 05:00:00+00:00,0.9085201593361552
2020-11-12 05:00:00+00:00,0.9085201593361552
2020-11-13 05:00:00+00:00,0.9085201593361552
2020-11-16 05:00:00+00:00,0.9085201593361552
2020-11-17 05:00:00+00:00,0.9085201593361552
2020-11-18 05:00:00+00:00,0.9085201593361552
2020-11-19 05:00:00+00:00,0.9085201593361552
2020-11-20 05:00:00+00:00,0.9085201593361552
2020-11-23 05:00:00+00:00,0.9085201593361552
2020-11-24 05:00:00+00:00,0.9085201593361552
2020-11-25 05:00:00+00:00,0.9085201593361552
2020-11-27 05:00:00+00:00,0.9085201593361552
2020-11-30 05:00:00+00:00,0.9997220277816363
2020-12-01 05:00:00+00:00,0.9997220277816363
2020-12-02 05:00:00+00:00,0.9997220277816363
2020-12-03 05:00:00+00:00,0.9997220277816363
2020-12-04 05:00:00+00:00,0.9997220277816363
2020-12-07 05:00:00+00:00,0.9997220277816363
2020-12-08 05:00:00+00:00,0.9997220277816363
2020-12-09 05:00:00+00:00,0.9997220277816363
2020-12-10 05:00:00+00:00,0.9997220277816363
2020-12-11 05:00:00+00:00,0.9997220277816363
2020-12-14 05:00:00+00:00,0.9997220277816363
2020-12-15 05:00:00+00:00,0.9997220277816363
2020-12-16 05:00:00+00:00,0.9997220277816363
2020-12-17 05:00:00+00:00,0.9997220277816363
2020-12-18 05:00:00+00:00,0.9997220277816363
2020-12-21 05:00:00+00:00,0.9997220277816363
2020-12-22 05:00:00+00:00,0.9997220277816363
2020-12-23 05:00:00+00:00,0.9997220277816363
2020-12-24 05:00:00+00:00,0.9997220277816363
2020-12-28 05:00:00+00:00,0.9997220277816363
2020-12-29 05:00:00+00:00,0.9997220277816363
2020-12-30 05:00:00+00:00,0.9996087558991106
2020-12-31 05:00:00+00:00,0.9996087558991106
2021-01-04 05:00:00+00:00,0.9996087558991106
2021-01-05 05:00:00+00:00,0.9996087558991106
2021-01-06 05:00:00+00:00,0.9996087558991106
2021-01-07 05:00:00+00:00,0.9996087558991106
2021-01-08 05:00:00+00:00,0.9996087558991106
2021-01-11 05:00:00+00:00,0.9996087558991106
2021-01-12 05:00:00+00:00,0.9996087558991106
2021-01-13 05:00:00+00:00,0.9996087558991106
2021-01-14 05:00:00+00:00,0.9996087558991106
2021-01-15 05:00:00+00:00,0.9996087558991106
2021-01-19 05:00:00+00:00,0.9996087558991106
2021-01-20 05:00:00+00:00,0.9996087558991106
2021-01-21 05:00:00+00:00,0.9996087558991106
2021-01-22 05:00:00+00:00,0.9996087558991106
2021-01-25 05:00:00+00:00,0.9996087558991106
2021-01-26 05:00:00+00:00,0.9996087558991106
2021-01-27 05:00:00+00:00,0.9996087558991106
2021-01-28 05:00:00+00:00,0.9996087558991106
2021-01-29 05:00:00+00:00,0.9996087558991106
2021-02-01 05:00:00+00:00,0.9972862010544022
2021-02-02 05:00:00+00:00,0.9972862010544022
2021-02-03 05:00:00+00:00,0.9972862010544022
2021-02-04 05:00:00+00:00,0.9972862010544022
2021-02-05 05:00:00+00:00,0.9972862010544022
2021-02-08 05:00:00+00:00,0.9972862010544022
2021-02-09 05:00:00+00:00,0.9972862010544022
2021-02-10 05:00:00+00:00,0.9972862010544022
2021-02-11 05:00:00+00:00,0.9972862010544022
2021-02-12 05:00:00+00:00,0.9972862010544022
2021-02-16 05:00:00+00:00,0.9972862010544022
2021-02-17 05:00:00+00:00,0.9972862010544022
2021-02-18 05:00:00+00:00,0.9972862010544022
2021-02-19 05:00:00+00:00,0.9972862010544022
2021-02-22 05:00:00+00:00,0.9972862010544022
2021-02-23 05:00:00+00:00,0.9972862010544022
2021-02-24 05:00:00+00:00,0.9972862010544022
2021-02-25 05:00:00+00:00,0.9972862010544022
2021-02-26 05:00:00+00:00,0.9972862010544022
2021-03-01 05:00:00+00:00,0.9972862010544022
2021-03-02 05:00:00+00:00,0.9972862010544022
2021-03-03 05:00:00+00:00,0.9996513304398448
2021-03-04 05:00:00+00:00,0.9996513304398448
2021-03-05 05:00:00+00:00,0.9996513304398448
2021-03-08 05:00:00+00:00,0.9996513304398448
2021-03-09 05:00:00+00:00,0.9996513304398448
2021-03-10 05:00:00+00:00,0.9996513304398448
2021-03-11 05:00:00+00:00,0.9996513304398448
2021-03-12 05:00:00+00:00,0.9996513304398448
2021-03-15 04:00:00+00:00,0.9996513304398448
2021-03-16 04:00:00+00:00,0.9996513304398448
2021-03-17 04:00:00+00:00,0.9996513304398448
2021-03-18 04:00:00+00:00,0.9996513304398448
2021-03-19 04:00:00+00:00,0.9996513304398448
2021-03-22 04:00:00+00:00,0.9996513304398448
2021-03-23 04:00:00+00:00,0.9996513304398448
2021-03-24 04:00:00+00:00,0.9996513304398448
2021-03-25 04:00:00+00:00,0.9996513304398448
2021-03-26 04:00:00+00:00,0.9996513304398448
2021-03-29 04:00:00+00:00,0.9996513304398448
2021-03-30 04:00:00+00:00,0.9996513304398448
2021-03-31 04:00:00+00:00,0.9996513304398448
2021-04-01 04:00:00+00:00,0.9061431376356451
2021-04-05 04:00:00+00:00,0.9061431376356451
2021-04-06 04:00:00+00:00,0.9061431376356451
2021-04-07 04:00:00+00:00,0.9061431376356451
2021-04-08 04:00:00+00:00,0.9061431376356451
2021-04-09 04:00:00+00:00,0.9061431376356451
2021-04-12 04:00:00+00:00,0.9061431376356451
2021-04-13 04:00:00+00:00,0.9061431376356451
2021-04-14 04:00:00+00:00,0.9061431376356451
2021-04-15 04:00:00+00:00,0.9061431376356451
2021-04-16 04:00:00+00:00,0.9061431376356451
2021-04-19 04:00:00+00:00,0.9061431376356451
2021-04-20 04:00:00+00:00,0.9061431376356451
2021-04-21 04:00:00+00:00,0.9061431376356451
2021-04-22 04:00:00+00:00,0.9061431376356451
2021-04-23 04:00:00+00:00,0.9061431376356451
2021-04-26 04:00:00+00:00,0.9061431376356451
2021-04-27 04:00:00+00:00,0.9061431376356451
2021-04-28 04:00:00+00:00,0.9061431376356451
2021-04-29 04:00:00+00:00,0.9061431376356451
2021-04-30 04:00:00+00:00,0.9061431376356451
2021-05-03 04:00:00+00:00,0.9402223675813904
2021-05-04 04:00:00+00:00,0.9402223675813904
2021-05-05 04:00:00+00:00,0.9402223675813904
2021-05-06 04:00:00+00:00,0.9402223675813904
2021-05-07 04:00:00+00:00,0.9402223675813904
2021-05-10 04:00:00+00:00,0.9402223675813904
2021-05-11 04:00:00+00:00,0.9402223675813904
2021-05-12 04:00:00+00:00,0.9402223675813904
2021-05-13 04:00:00+00:00,0.9402223675813904
2021-05-14 04:00:00+00:00,0.9402223675813904
2021-05-17 04:00:00+00:00,0.9402223675813904
2021-05-18 04:00:00+00:00,0.9402223675813904
2021-05-19 04:00:00+00:00,0.9402223675813904
2021-05-20 04:00:00+00:00,0.9402223675813904
2021-05-21 04:00:00+00:00,0.9402223675813904
2021-05-24 04:00:00+00:00,0.9402223675813904
2021-05-25 04:00:00+00:00,0.9402223675813904
2021-05-26 04:00:00+00:00,0.9402223675813904
2021-05-27 04:00:00+00:00,0.9402223675813904
2021-05-28 04:00:00+00:00,0.9402223675813904
2021-06-01 04:00:00+00:00,0.9402223675813904
2021-06-02 04:00:00+00:00,0.9232910486275413
2021-06-03 04:00:00+00:00,0.9232910486275413
2021-06-04 04:00:00+00:00,0.9232910486275413
2021-06-07 04:00:00+00:00,0.9232910486275413
2021-06-08 04:00:00+00:00,0.9232910486275413
2021-06-09 04:00:00+00:00,0.9232910486275413
2021-06-10 04:00:00+00:00,0.9232910486275413
2021-06-11 04:00:00+00:00,0.9232910486275413
2021-06-14 04:00:00+00:00,0.9232910486275413
2021-06-15 04:00:00+00:00,0.9232910486275413
2021-06-16 04:00:00+00:00,0.9232910486275413
2021-06-17 04:00:00+00:00,0.9232910486275413
2021-06-18 04:00:00+00:00,0.9232910486275413
2021-06-21 04:00:00+00:00,0.9232910486275413
2021-06-22 04:00:00+00:00,0.9232910486275413
2021-06-23 04:00:00+00:00,0.9232910486275413
2021-06-24 04:00:00+00:00,0.9232910486275413
2021-06-25 04:00:00+00:00,0.9232910486275413
2021-06-28 04:00:00+00:00,0.9232910486275413
2021-06-29 04:00:00+00:00,0.9232910486275413
2021-06-30 04:00:00+00:00,0.9232910486275413
2021-07-01 04:00:00+00:00,0.9987513994246014
2021-07-02 04:00:00+00:00,0.9987513994246014
2021-07-06 04:00:00+00:00,0.9987513994246014
2021-07-07 04:00:00+00:00,0.9987513994246014
2021-07-08 04:00:00+00:00,0.9987513994246014
2021-07-09 04:00:00+00:00,0.9987513994246014
2021-07-12 04:00:00+00:00,0.9987513994246014
2021-07-13 04:00:00+00:00,0.9987513994246014
2021-07-14 04:00:00+00:00,0.9987513994246014
2021-07-15 04:00:00+00:00,0.9987513994246014
2021-07-16 04:00:00+00:00,0.9987513994246014
2021-07-19 04:00:00+00:00,0.9987513994246014
2021-07-20 04:00:00+00:00,0.9987513994246014
2021-07-21 04:00:00+00:00,0.9987513994246014
2021-07-22 04:00:00+00:00,0.9987513994246014
2021-07-23 04:00:00+00:00,0.9987513994246014
2021-07-26 04:00:00+00:00,0.9987513994246014
2021-07-27 04:00:00+00:00,0.9987513994246014
2021-07-28 04:00:00+00:00,0.9987513994246014
2021-07-29 04:00:00+00:00,0.9987513994246014
2021-07-30 04:00:00+00:00,0.9987513994246014
2021-08-02 04:00:00+00:00,0.9995929561172164
2021-08-03 04:00:00+00:00,0.9995929561172164
2021-08-04 04:00:00+00:00,0.9995929561172164
2021-08-05 04:00:00+00:00,0.9995929561172164
2021-08-06 04:00:00+00:00,0.9995929561172164
2021-08-09 04:00:00+00:00,0.9995929561172164
2021-08-10 04:00:00+00:00,0.9995929561172164
2021-08-11 04:00:00+00:00,0.9995929561172164
2021-08-12 04:00:00+00:00,0.9995929561172164
2021-08-13 04:00:00+00:00,0.9995929561172164
2021-08-16 04:00:00+00:00,0.9995929561172164
2021-08-17 04:00:00+00:00,0.9995929561172164
2021-08-18 04:00:00+00:00,0.9995929561172164
2021-08-19 04:00:00+00:00,0.9995929561172164
2021-08-20 04:00:00+00:00,0.9995929561172164
2021-08-23 04:00:00+00:00,0.9995929561172164
2021-08-24 04:00:00+00:00,0.9995929561172164
2021-08-25 04:00:00+00:00,0.9995929561172164
2021-08-26 04:00:00+00:00,0.9995929561172164
2021-08-27 04:00:00+00:00,0.9995929561172164
2021-08-30 04:00:00+00:00,0.9995929561172164
2021-08-31 04:00:00+00:00,0.9995290861565337
2021-09-01 04:00:00+00:00,0.9995290861565337
2021-09-02 04:00:00+00:00,0.9995290861565337
2021-09-03 04:00:00+00:00,0.9995290861565337
2021-09-07 04:00:00+00:00,0.9995290861565337
2021-09-08 04:00:00+00:00,0.9995290861565337
2021-09-09 04:00:00+00:00,0.9995290861565337
2021-09-10 04:00:00+00:00,0.9995290861565337
2021-09-13 04:00:00+00:00,0.9995290861565337
2021-09-14 04:00:00+00:00,0.9995290861565337
2021-09-15 04:00:00+00:00,0.9995290861565337
2021-09-16 04:00:00+00:00,0.9995290861565337
2021-09-17 04:00:00+00:00,0.9995290861565337
2021-09-20 04:00:00+00:00,0.9995290861565337
2021-09-21 04:00:00+00:00,0.9995290861565337
2021-09-22 04:00:00+00:00,0.9995290861565337
2021-09-23 04:00:00+00:00,0.9995290861565337
2021-09-24 04:00:00+00:00,0.9995290861565337
2021-09-27 04:00:00+00:00,0.9995290861565337
2021-09-28 04:00:00+00:00,0.9995290861565337
2021-09-29 04:00:00+00:00,0.9995290861565337
2021-09-30 04:00:00+00:00,0.9957648020603056
2021-10-01 04:00:00+00:00,0.9957648020603056
2021-10-04 04:00:00+00:00,0.9957648020603056
2021-10-05 04:00:00+00:00,0.9957648020603056
2021-10-06 04:00:00+00:00,0.9957648020603056
2021-10-07 04:00:00+00:00,0.9957648020603056
2021-10-08 04:00:00+00:00,0.9957648020603056
2021-10-11 04:00:00+00:00,0.9957648020603056
2021-10-12 04:00:00+00:00,0.9957648020603056
2021-10-13 04:00:00+00:00,0.9957648020603056
2021-10-14 04:00:00+00:00,0.9957648020603056
2021-10-15 04:00:00+00:00,0.9957648020603056
2021-10-18 04:00:00+00:00,0.9957648020603056
2021-10-19 04:00:00+00:00,0.9957648020603056
2021-10-20 04:00:00+00:00,0.9957648020603056
2021-10-21 04:00:00+00:00,0.9957648020603056
2021-10-22 04:00:00+00:00,0.9957648020603056
2021-10-25 04:00:00+00:00,0.9957648020603056
2021-10-26 04:00:00+00:00,0.9957648020603056
2021-10-27 04:00:00+00:00,0.9957648020603056
2021-10-28 04:00:00+00:00,0.9957648020603056
2021-10-29 04:00:00+00:00,0.9990191170658645
2021-11-01 04:00:00+00:00,0.9990191170658645
2021-11-02 04:00:00+00:00,0.9990191170658645
2021-11-03 04:00:00+00:00,0.9990191170658645
2021-11-04 04:00:00+00:00,0.9990191170658645
2021-11-05 04:00:00+00:00,0.9990191170658645
2021-11-08 05:00:00+00:00,0.9990191170658645
2021-11-09 05:00:00+00:00,0.9990191170658645
2021-11-10 05:00:00+00:00,0.9990191170658645
2021-11-11 05:00:00+00:00,0.9990191170658645
2021-11-12 05:00:00+00:00,0.9990191170658645
2021-11-15 05:00:00+00:00,0.9990191170658645
2021-11-16 05:00:00+00:00,0.9990191170658645
2021-11-17 05:00:00+00:00,0.9990191170658645
2021-11-18 05:00:00+00:00,0.9990191170658645
2021-11-19 05:00:00+00:00,0.9990191170658645
2021-11-22 05:00:00+00:00,0.9990191170658645
2021-11-23 05:00:00+00:00,0.9990191170658645
2021-11-24 05:00:00+00:00,0.9990191170658645
2021-11-26 05:00:00+00:00,0.9990191170658645
2021-11-29 05:00:00+00:00,0.9990191170658645
2021-11-30 05:00:00+00:00,0.7011055511100955
2021-12-01 05:00:00+00:00,0.7011055511100955
2021-12-02 05:00:00+00:00,0.7011055511100955
2021-12-03 05:00:00+00:00,0.7011055511100955
2021-12-06 05:00:00+00:00,0.7011055511100955
2021-12-07 05:00:00+00:00,0.7011055511100955
2021-12-08 05:00:00+00:00,0.7011055511100955
2021-12-09 05:00:00+00:00,0.7011055511100955
2021-12-10 05:00:00+00:00,0.7011055511100955
2021-12-13 05:00:00+00:00,0.7011055511100955
2021-12-14 05:00:00+00:00,0.7011055511100955
2021-12-15 05:00:00+00:00,0.7011055511100955
2021-12-16 05:00:00+00:00,0.7011055511100955
2021-12-17 05:00:00+00:00,0.7011055511100955
2021-12-20 05:00:00+00:00,0.7011055511100955
2021-12-21 05:00:00+00:00,0.7011055511100955
2021-12-22 05:00:00+00:00,0.7011055511100955
2021-12-23 05:00:00+00:00,0.7011055511100955
2021-12-27 05:00:00+00:00,0.7011055511100955
2021-12-28 05:00:00+00:00,0.7011055511100955
2021-12-29 05:00:00+00:00,0.7011055511100955
2021-12-30 05:00:00+00:00,4.5645893758498124e-10
2021-12-31 05:00:00+00:00,4.5645893758498124e-10
2022-01-03 05:00:00+00:00,4.5645893758498124e-10
2022-01-04 05:00:00+00:00,4.5645893758498124e-10
2022-01-05 05:00:00+00:00,4.5645893758498124e-10
2022-01-06 05:00:00+00:00,4.5645893758498124e-10
2022-01-07 05:00:00+00:00,4.5645893758498124e-10
2022-01-10 05:00:00+00:00,4.5645893758498124e-10
2022-01-11 05:00:00+00:00,4.5645893758498124e-10
2022-01-12 05:00:00+00:00,4.5645893758498124e-10
2022-01-13 05:00:00+00:00,4.5645893758498124e-10
2022-01-14 05:00:00+00:00,4.5645893758498124e-10
2022-01-18 05:00:00+00:00,4.5645893758498124e-10
2022-01-19 05:00:00+00:00,4.5645893758498124e-10
2022-01-20 05:00:00+00:00,4.5645893758498124e-10
2022-01-21 05:00:00+00:00,4.5645893758498124e-10
2022-01-24 05:00:00+00:00,4.5645893758498124e-10
2022-01-25 05:00:00+00:00,4.5645893758498124e-10
2022-01-26 05:00:00+00:00,4.5645893758498124e-10
2022-01-27 05:00:00+00:00,4.5645893758498124e-10
2022-01-28 05:00:00+00:00,4.5645893758498124e-10
2022-01-31 05:00:00+00:00,3.006934142777752e-10
2022-02-01 05:00:00+00:00,3.006934142777752e-10
2022-02-02 05:00:00+00:00,3.006934142777752e-10
2022-02-03 05:00:00+00:00,3.006934142777752e-10
2022-02-04 05:00:00+00:00,3.006934142777752e-10
2022-02-07 05:00:00+00:00,3.006934142777752e-10
2022-02-08 05:00:00+00:00,3.006934142777752e-10
2022-02-09 05:00:00+00:00,3.006934142777752e-10
2022-02-10 05:00:00+00:00,3.006934142777752e-10
2022-02-11 05:00:00+00:00,3.006934142777752e-10
2022-02-14 05:00:00+00:00,3.006934142777752e-10
2022-02-15 05:00:00+00:00,3.006934142777752e-10
2022-02-16 05:00:00+00:00,3.006934142777752e-10
2022-02-17 05:00:00+00:00,3.006934142777752e-10
2022-02-18 05:00:00+00:00,3.006934142777752e-10
2022-02-22 05:00:00+00:00,3.006934142777752e-10
2022-02-23 05:00:00+00:00,3.006934142777752e-10
2022-02-24 05:00:00+00:00,3.006934142777752e-10
2022-02-25 05:00:00+00:00,3.006934142777752e-10
2022-02-28 05:00:00+00:00,3.006934142777752e-10
2022-03-01 05:00:00+00:00,3.006934142777752e-10
2022-03-02 05:00:00+00:00,3.675844419808816e-05
2022-03-03 05:00:00+00:00,3.675844419808816e-05
2022-03-04 05:00:00+00:00,3.675844419808816e-05
2022-03-07 05:00:00+00:00,3.675844419808816e-05
2022-03-08 05:00:00+00:00,3.675844419808816e-05
2022-03-09 05:00:00+00:00,3.675844419808816e-05
2022-03-10 05:00:00+00:00,3.675844419808816e-05
2022-03-11 05:00:00+00:00,3.675844419808816e-05
2022-03-14 04:00:00+00:00,3.675844419808816e-05
2022-03-15 04:00:00+00:00,3.675844419808816e-05
2022-03-16 04:00:00+00:00,3.675844419808816e-05
2022-03-17 04:00:00+00:00,3.675844419808816e-05
2022-03-18 04:00:00+00:00,3.675844419808816e-05
2022-03-21 04:00:00+00:00,3.675844419808816e-05
2022-03-22 04:00:00+00:00,3.675844419808816e-05
2022-03-23 04:00:00+00:00,3.675844419808816e-05
2022-03-24 04:00:00+00:00,3.675844419808816e-05
2022-03-25 04:00:00+00:00,3.675844419808816e-05
2022-03-28 04:00:00+00:00,3.675844419808816e-05
2022-03-29 04:00:00+00:00,3.675844419808816e-05
2022-03-30 04:00:00+00:00,3.675844419808816e-05
2022-03-31 04:00:00+00:00,6.8183915137341385e-06
2022-04-01 04:00:00+00:00,6.8183915137341385e-06
2022-04-04 04:00:00+00:00,6.8183915137341385e-06
2022-04-05 04:00:00+00:00,6.8183915137341385e-06
2022-04-06 04:00:00+00:00,6.8183915137341385e-06
2022-04-07 04:00:00+00:00,6.8183915137341385e-06
2022-04-08 04:00:00+00:00,6.8183915137341385e-06
2022-04-11 04:00:00+00:00,6.8183915137341385e-06
2022-04-12 04:00:00+00:00,6.8183915137341385e-06
2022-04-13 04:00:00+00:00,6.8183915137341385e-06
2022-04-14 04:00:00+00:00,6.8183915137341385e-06
2022-04-18 04:00:00+00:00,6.8183915137341385e-06
2022-04-19 04:00:00+00:00,6.8183915137341385e-06
2022-04-20 04:00:00+00:00,6.8183915137341385e-06
2022-04-21 04:00:00+00:00,6.8183915137341385e-06
2022-04-22 04:00:00+00:00,6.8183915137341385e-06
2022-04-25 04:00:00+00:00,6.8183915137341385e-06
2022-04-26 04:00:00+00:00,6.8183915137341385e-06
2022-04-27 04:00:00+00:00,6.8183915137341385e-06
2022-04-28 04:00:00+00:00,6.8183915137341385e-06
2022-04-29 04:00:00+00:00,6.8183915137341385e-06
2022-05-02 04:00:00+00:00,8.382060898069993e-24
2022-05-03 04:00:00+00:00,8.382060898069993e-24
2022-05-04 04:00:00+00:00,8.382060898069993e-24
2022-05-05 04:00:00+00:00,8.382060898069993e-24
2022-05-06 04:00:00+00:00,8.382060898069993e-24
2022-05-09 04:00:00+00:00,8.382060898069993e-24
2022-05-10 04:00:00+00:00,8.382060898069993e-24
2022-05-11 04:00:00+00:00,8.382060898069993e-24
2022-05-12 04:00:00+00:00,8.382060898069993e-24
2022-05-13 04:00:00+00:00,8.382060898069993e-24
2022-05-16 04:00:00+00:00,8.382060898069993e-24
2022-05-17 04:00:00+00:00,8.382060898069993e-24
2022-05-18 04:00:00+00:00,8.382060898069993e-24
2022-05-19 04:00:00+00:00,8.382060898069993e-24
2022-05-20 04:00:00+00:00,8.382060898069993e-24
2022-05-23 04:00:00+00:00,8.382060898069993e-24
2022-05-24 04:00:00+00:00,8.382060898069993e-24
2022-05-25 04:00:00+00:00,8.382060898069993e-24
2022-05-26 04:00:00+00:00,8.382060898069993e-24
2022-05-27 04:00:00+00:00,8.382060898069993e-24
2022-05-31 04:00:00+00:00,8.382060898069993e-24
2022-06-01 04:00:00+00:00,1.4844002730217977e-25
2022-06-02 04:00:00+00:00,1.4844002730217977e-25
2022-06-03 04:00:00+00:00,1.4844002730217977e-25
2022-06-06 04:00:00+00:00,1.4844002730217977e-25
2022-06-07 04:00:00+00:00,1.4844002730217977e-25
2022-06-08 04:00:00+00:00,1.4844002730217977e-25
2022-06-09 04:00:00+00:00,1.4844002730217977e-25
2022-06-10 04:00:00+00:00,1.4844002730217977e-25
2022-06-13 04:00:00+00:00,1.4844002730217977e-25
2022-06-14 04:00:00+00:00,1.4844002730217977e-25
2022-06-15 04:00:00+00:00,1.4844002730217977e-25
2022-06-16 04:00:00+00:00,1.4844002730217977e-25
2022-06-17 04:00:00+00:00,1.4844002730217977e-25
2022-06-21 04:00:00+00:00,1.4844002730217977e-25
2022-06-22 04:00:00+00:00,1.4844002730217977e-25
2022-06-23 04:00:00+00:00,1.4844002730217977e-25
2022-06-24 04:00:00+00:00,1.4844002730217977e-25
2022-06-27 04:00:00+00:00,1.4844002730217977e-25
2022-06-28 04:00:00+00:00,1.4844002730217977e-25
2022-06-29 04:00:00+00:00,1.4844002730217977e-25
2022-06-30 04:00:00+00:00,1.4844002730217977e-25
2022-07-01 04:00:00+00:00,2.9764036345835476e-31
2022-07-05 04:00:00+00:00,2.9764036345835476e-31
2022-07-06 04:00:00+00:00,2.9764036345835476e-31
2022-07-07 04:00:00+00:00,2.9764036345835476e-31
2022-07-08 04:00:00+00:00,2.9764036345835476e-31
2022-07-11 04:00:00+00:00,2.9764036345835476e-31
2022-07-12 04:00:00+00:00,2.9764036345835476e-31
2022-07-13 04:00:00+00:00,2.9764036345835476e-31
2022-07-14 04:00:00+00:00,2.9764036345835476e-31
2022-07-15 04:00:00+00:00,2.9764036345835476e-31
2022-07-18 04:00:00+00:00,2.9764036345835476e-31
2022-07-19 04:00:00+00:00,2.9764036345835476e-31
2022-07-20 04:00:00+00:00,2.9764036345835476e-31
2022-07-21 04:00:00+00:00,2.9764036345835476e-31
2022-07-22 04:00:00+00:00,2.9764036345835476e-31
2022-07-25 04:00:00+00:00,2.9764036345835476e-31
2022-07-26 04:00:00+00:00,2.9764036345835476e-31
2022-07-27 04:00:00+00:00,2.9764036345835476e-31
2022-07-28 04:00:00+00:00,2.9764036345835476e-31
2022-07-29 04:00:00+00:00,2.9764036345835476e-31
2022-08-01 04:00:00+00:00,2.9764036345835476e-31
2022-08-02 04:00:00+00:00,3.4073602484121115e-20
2022-08-03 04:00:00+00:00,3.4073602484121115e-20
2022-08-04 04:00:00+00:00,3.4073602484121115e-20
2022-08-05 04:00:00+00:00,3.4073602484121115e-20
2022-08-08 04:00:00+00:00,3.4073602484121115e-20
2022-08-09 04:00:00+00:00,3.4073602484121115e-20
2022-08-10 04:00:00+00:00,3.4073602484121115e-20
2022-08-11 04:00:00+00:00,3.4073602484121115e-20
2022-08-12 04:00:00+00:00,3.4073602484121115e-20
2022-08-15 04:00:00+00:00,3.4073602484121115e-20
2022-08-16 04:00:00+00:00,3.4073602484121115e-20
2022-08-17 04:00:00+00:00,3.4073602484121115e-20
2022-08-18 04:00:00+00:00,3.4073602484121115e-20
2022-08-19 04:00:00+00:00,3.4073602484121115e-20
2022-08-22 04:00:00+00:00,3.4073602484121115e-20
2022-08-23 04:00:00+00:00,3.4073602484121115e-20
2022-08-24 04:00:00+00:00,3.4073602484121115e-20
2022-08-25 04:00:00+00:00,3.4073602484121115e-20
2022-08-26 04:00:00+00:00,3.4073602484121115e-20
2022-08-29 04:00:00+00:00,3.4073602484121115e-20
2022-08-30 04:00:00+00:00,3.4073602484121115e-20
2022-08-31 04:00:00+00:00,1.612530181277874e-21
2022-09-01 04:00:00+00:00,1.612530181277874e-21
2022-09-02 04:00:00+00:00,1.612530181277874e-21
2022-09-06 04:00:00+00:00,1.612530181277874e-21
2022-09-07 04:00:00+00:00,1.612530181277874e-21
2022-09-08 04:00:00+00:00,1.612530181277874e-21
2022-09-09 04:00:00+00:00,1.612530181277874e-21
2022-09-12 04:00:00+00:00,1.612530181277874e-21
2022-09-13 04:00:00+00:00,1.612530181277874e-21
2022-09-14 04:00:00+00:00,1.612530181277874e-21
2022-09-15 04:00:00+00:00,1.612530181277874e-21
2022-09-16 04:00:00+00:00,1.612530181277874e-21
2022-09-19 04:00:00+00:00,1.612530181277874e-21
2022-09-20 04:00:00+00:00,1.612530181277874e-21
2022-09-21 04:00:00+00:00,1.612530181277874e-21
2022-09-22 04:00:00+00:00,1.612530181277874e-21
2022-09-23 04:00:00+00:00,1.612530181277874e-21
2022-09-26 04:00:00+00:00,1.612530181277874e-21
2022-09-27 04:00:00+00:00,1.612530181277874e-21
2022-09-28 04:00:00+00:00,1.612530181277874e-21
2022-09-29 04:00:00+00:00,1.612530181277874e-21
2022-09-30 04:00:00+00:00,0.9047787990294759
2022-10-03 04:00:00+00:00,0.9047787990294759
2022-10-04 04:00:00+00:00,0.9047787990294759
2022-10-05 04:00:00+00:00,0.9047787990294759
2022-10-06 04:00:00+00:00,0.9047787990294759
2022-10-07 04:00:00+00:00,0.9047787990294759
2022-10-10 04:00:00+00:00,0.9047787990294759
2022-10-11 04:00:00+00:00,0.9047787990294759
2022-10-12 04:00:00+00:00,0.9047787990294759
2022-10-13 04:00:00+00:00,0.9047787990294759
2022-10-14 04:00:00+00:00,0.9047787990294759
2022-10-17 04:00:00+00:00,0.9047787990294759
2022-10-18 04:00:00+00:00,0.9047787990294759
2022-10-19 04:00:00+00:00,0.9047787990294759
2022-10-20 04:00:00+00:00,0.9047787990294759
2022-10-21 04:00:00+00:00,0.9047787990294759
2022-10-24 04:00:00+00:00,0.9047787990294759
2022-10-25 04:00:00+00:00,0.9047787990294759
2022-10-26 04:00:00+00:00,0.9047787990294759
2022-10-27 04:00:00+00:00,0.9047787990294759
2022-10-28 04:00:00+00:00,0.9047787990294759
2022-10-31 04:00:00+00:00,0.10612792274423248
2022-11-01 04:00:00+00:00,0.10612792274423248
2022-11-02 04:00:00+00:00,0.10612792274423248
2022-11-03 04:00:00+00:00,0.10612792274423248
2022-11-04 04:00:00+00:00,0.10612792274423248
2022-11-07 05:00:00+00:00,0.10612792274423248
2022-11-08 05:00:00+00:00,0.10612792274423248
2022-11-09 05:00:00+00:00,0.10612792274423248
2022-11-10 05:00:00+00:00,0.10612792274423248
2022-11-11 05:00:00+00:00,0.10612792274423248
2022-11-14 05:00:00+00:00,0.10612792274423248
2022-11-15 05:00:00+00:00,0.10612792274423248
2022-11-16 05:00:00+00:00,0.10612792274423248
2022-11-17 05:00:00+00:00,0.10612792274423248
2022-11-18 05:00:00+00:00,0.10612792274423248
2022-11-21 05:00:00+00:00,0.10612792274423248
2022-11-22 05:00:00+00:00,0.10612792274423248
2022-11-23 05:00:00+00:00,0.10612792274423248
2022-11-25 05:00:00+00:00,0.10612792274423248
2022-11-28 05:00:00+00:00,0.10612792274423248
2022-11-29 05:00:00+00:00,0.10612792274423248
2022-11-30 05:00:00+00:00,0.007805879247335646
2022-12-01 05:00:00+00:00,0.007805879247335646
2022-12-02 05:00:00+00:00,0.007805879247335646
2022-12-05 05:00:00+00:00,0.007805879247335646
2022-12-06 05:00:00+00:00,0.007805879247335646
2022-12-07 05:00:00+00:00,0.007805879247335646
2022-12-08 05:00:00+00:00,0.007805879247335646
2022-12-09 05:00:00+00:00,0.007805879247335646
2022-12-12 05:00:00+00:00,0.007805879247335646
2022-12-13 05:00:00+00:00,0.007805879247335646
2022-12-14 05:00:00+00:00,0.007805879247335646
2022-12-15 05:00:00+00:00,0.007805879247335646
2022-12-16 05:00:00+00:00,0.007805879247335646
2022-12-19 05:00:00+00:00,0.007805879247335646
2022-12-20 05:00:00+00:00,0.007805879247335646
2022-12-21 05:00:00+00:00,0.007805879247335646
2022-12-22 05:00:00+00:00,0.007805879247335646
2022-12-23 05:00:00+00:00,0.007805879247335646
2022-12-27 05:00:00+00:00,0.007805879247335646
2022-12-28 05:00:00+00:00,0.007805879247335646
2022-12-29 05:00:00+00:00,0.007805879247335646
2022-12-30 05:00:00+00:00,0.9999999982858299
2023-01-03 05:00:00+00:00,0.9999999982858299
2023-01-04 05:00:00+00:00,0.9999999982858299
2023-01-05 05:00:00+00:00,0.9999999982858299
2023-01-06 05:00:00+00:00,0.9999999982858299
2023-01-09 05:00:00+00:00,0.9999999982858299
2023-01-10 05:00:00+00:00,0.9999999982858299
2023-01-11 05:00:00+00:00,0.9999999982858299
2023-01-12 05:00:00+00:00,0.9999999982858299
2023-01-13 05:00:00+00:00,0.9999999982858299
2023-01-17 05:00:00+00:00,0.9999999982858299
2023-01-18 05:00:00+00:00,0.9999999982858299
2023-01-19 05:00:00+00:00,0.9999999982858299
2023-01-20 05:00:00+00:00,0.9999999982858299
2023-01-23 05:00:00+00:00,0.9999999982858299
2023-01-24 05:00:00+00:00,0.9999999982858299
2023-01-25 05:00:00+00:00,0.9999999982858299
2023-01-26 05:00:00+00:00,0.9999999982858299
2023-01-27 05:00:00+00:00,0.9999999982858299
2023-01-30 05:00:00+00:00,0.9999999982858299
2023-01-31 05:00:00+00:00,0.9999999982858299
2023-02-01 05:00:00+00:00,0.9951246611124218
2023-02-02 05:00:00+00:00,0.9951246611124218
2023-02-03 05:00:00+00:00,0.9951246611124218
2023-02-06 05:00:00+00:00,0.9951246611124218
2023-02-07 05:00:00+00:00,0.9951246611124218
2023-02-08 05:00:00+00:00,0.9951246611124218
2023-02-09 05:00:00+00:00,0.9951246611124218
2023-02-10 05:00:00+00:00,0.9951246611124218
2023-02-13 05:00:00+00:00,0.9951246611124218
2023-02-14 05:00:00+00:00,0.9951246611124218
2023-02-15 05:00:00+00:00,0.9951246611124218
2023-02-16 05:00:00+00:00,0.9951246611124218
2023-02-17 05:00:00+00:00,0.9951246611124218
2023-02-21 05:00:00+00:00,0.9951246611124218
2023-02-22 05:00:00+00:00,0.9951246611124218
2023-02-23 05:00:00+00:00,0.9951246611124218
2023-02-24 05:00:00+00:00,0.9951246611124218
2023-02-27 05:00:00+00:00,0.9951246611124218
2023-02-28 05:00:00+00:00,0.9951246611124218
2023-03-01 05:00:00+00:00,0.9951246611124218
2023-03-02 05:00:00+00:00,0.9951246611124218
2023-03-03 05:00:00+00:00,0.8212006996264839
2023-03-06 05:00:00+00:00,0.8212006996264839
2023-03-07 05:00:00+00:00,0.8212006996264839
2023-03-08 05:00:00+00:00,0.8212006996264839
2023-03-09 05:00:00+00:00,0.8212006996264839
2023-03-10 05:00:00+00:00,0.8212006996264839
2023-03-13 04:00:00+00:00,0.8212006996264839
2023-03-14 04:00:00+00:00,0.8212006996264839
2023-03-15 04:00:00+00:00,0.8212006996264839
2023-03-16 04:00:00+00:00,0.8212006996264839
2023-03-17 04:00:00+00:00,0.8212006996264839
2023-03-20 04:00:00+00:00,0.8212006996264839
2023-03-21 04:00:00+00:00,0.8212006996264839
2023-03-22 04:00:00+00:00,0.8212006996264839
2023-03-23 04:00:00+00:00,0.8212006996264839
2023-03-24 04:00:00+00:00,0.8212006996264839
2023-03-27 04:00:00+00:00,0.8212006996264839
2023-03-28 04:00:00+00:00,0.8212006996264839
2023-03-29 04:00:00+00:00,0.8212006996264839
2023-03-30 04:00:00+00:00,0.8212006996264839
2023-03-31 04:00:00+00:00,0.8212006996264839
2023-04-03 04:00:00+00:00,0.9999999999795364
2023-04-04 04:00:00+00:00,0.9999999999795364
2023-04-05 04:00:00+00:00,0.9999999999795364
2023-04-06 04:00:00+00:00,0.9999999999795364
2023-04-10 04:00:00+00:00,0.9999999999795364
2023-04-11 04:00:00+00:00,0.9999999999795364
2023-04-12 04:00:00+00:00,0.9999999999795364
2023-04-13 04:00:00+00:00,0.9999999999795364
2023-04-14 04:00:00+00:00,0.9999999999795364
2023-04-17 04:00:00+00:00,0.9999999999795364
2023-04-18 04:00:00+00:00,0.9999999999795364
2023-04-19 04:00:00+00:00,0.9999999999795364
2023-04-20 04:00:00+00:00,0.9999999999795364
2023-04-21 04:00:00+00:00,0.9999999999795364
2023-04-24 04:00:00+00:00,0.9999999999795364
2023-04-25 04:00:00+00:00,0.9999999999795364
2023-04-26 04:00:00+00:00,0.9999999999795364
2023-04-27 04:00:00+00:00,0.9999999999795364
2023-04-28 04:00:00+00:00,0.9999999999795364
2023-05-01 04:00:00+00:00,0.9999999999795364
2023-05-02 04:00:00+00:00,0.9999999999795364
2023-05-03 04:00:00+00:00,0.731363306145582
2023-05-04 04:00:00+00:00,0.731363306145582
2023-05-05 04:00:00+00:00,0.731363306145582
2023-05-08 04:00:00+00:00,0.731363306145582
2023-05-09 04:00:00+00:00,0.731363306145582
2023-05-10 04:00:00+00:00,0.731363306145582
2023-05-11 04:00:00+00:00,0.731363306145582
2023-05-12 04:00:00+00:00,0.731363306145582
2023-05-15 04:00:00+00:00,0.731363306145582
2023-05-16 04:00:00+00:00,0.731363306145582
2023-05-17 04:00:00+00:00,0.731363306145582
2023-05-18 04:00:00+00:00,0.731363306145582
2023-05-19 04:00:00+00:00,0.731363306145582
2023-05-22 04:00:00+00:00,0.731363306145582
2023-05-23 04:00:00+00:00,0.731363306145582
2023-05-24 04:00:00+00:00,0.731363306145582
2023-05-25 04:00:00+00:00,0.731363306145582
2023-05-26 04:00:00+00:00,0.731363306145582
2023-05-30 04:00:00+00:00,0.731363306145582
2023-05-31 04:00:00+00:00,0.731363306145582
2023-06-01 04:00:00+00:00,0.731363306145582
2023-06-02 04:00:00+00:00,0.8502200993050271
2023-06-05 04:00:00+00:00,0.8502200993050271
2023-06-06 04:00:00+00:00,0.8502200993050271
2023-06-07 04:00:00+00:00,0.8502200993050271
2023-06-08 04:00:00+00:00,0.8502200993050271
2023-06-09 04:00:00+00:00,0.8502200993050271
2023-06-12 04:00:00+00:00,0.8502200993050271
2023-06-13 04:00:00+00:00,0.8502200993050271
2023-06-14 04:00:00+00:00,0.8502200993050271
2023-06-15 04:00:00+00:00,0.8502200993050271
2023-06-16 04:00:00+00:00,0.8502200993050271
2023-06-20 04:00:00+00:00,0.8502200993050271
2023-06-21 04:00:00+00:00,0.8502200993050271
2023-06-22 04:00:00+00:00,0.8502200993050271
2023-06-23 04:00:00+00:00,0.8502200993050271
2023-06-26 04:00:00+00:00,0.8502200993050271
2023-06-27 04:00:00+00:00,0.8502200993050271
2023-06-28 04:00:00+00:00,0.8502200993050271
2023-06-29 04:00:00+00:00,0.8502200993050271
2023-06-30 04:00:00+00:00,0.8502200993050271
2023-07-03 04:00:00+00:00,0.8502200993050271
2023-07-05 04:00:00+00:00,0.7324840970257477
2023-07-06 04:00:00+00:00,0.7324840970257477
2023-07-07 04:00:00+00:00,0.7324840970257477
2023-07-10 04:00:00+00:00,0.7324840970257477
2023-07-11 04:00:00+00:00,0.7324840970257477
2023-07-12 04:00:00+00:00,0.7324840970257477
2023-07-13 04:00:00+00:00,0.7324840970257477
2023-07-14 04:00:00+00:00,0.7324840970257477
2023-07-17 04:00:00+00:00,0.7324840970257477
2023-07-18 04:00:00+00:00,0.7324840970257477
2023-07-19 04:00:00+00:00,0.7324840970257477
2023-07-20 04:00:00+00:00,0.7324840970257477
2023-07-21 04:00:00+00:00,0.7324840970257477
2023-07-24 04:00:00+00:00,0.7324840970257477
2023-07-25 04:00:00+00:00,0.7324840970257477
2023-07-26 04:00:00+00:00,0.7324840970257477
2023-07-27 04:00:00+00:00,0.7324840970257477
2023-07-28 04:00:00+00:00,0.7324840970257477
2023-07-31 04:00:00+00:00,0.7324840970257477
2023-08-01 04:00:00+00:00,0.7324840970257477
2023-08-02 04:00:00+00:00,0.7324840970257477
2023-08-03 04:00:00+00:00,0.9999750032880117
2023-08-04 04:00:00+00:00,0.9999750032880117
2023-08-07 04:00:00+00:00,0.9999750032880117
2023-08-08 04:00:00+00:00,0.9999750032880117
2023-08-09 04:00:00+00:00,0.9999750032880117
2023-08-10 04:00:00+00:00,0.9999750032880117
2023-08-11 04:00:00+00:00,0.9999750032880117
2023-08-14 04:00:00+00:00,0.9999750032880117
2023-08-15 04:00:00+00:00,0.9999750032880117
2023-08-16 04:00:00+00:00,0.9999750032880117
2023-08-17 04:00:00+00:00,0.9999750032880117
2023-08-18 04:00:00+00:00,0.9999750032880117
2023-08-21 04:00:00+00:00,0.9999750032880117
2023-08-22 04:00:00+00:00,0.9999750032880117
2023-08-23 04:00:00+00:00,0.9999750032880117
2023-08-24 04:00:00+00:00,0.9999750032880117
2023-08-25 04:00:00+00:00,0.9999750032880117
2023-08-28 04:00:00+00:00,0.9999750032880117
2023-08-29 04:00:00+00:00,0.9999750032880117
2023-08-30 04:00:00+00:00,0.9999750032880117
2023-08-31 04:00:00+00:00,0.9999750032880117
2023-09-01 04:00:00+00:00,0.9998375943203197
2023-09-05 04:00:00+00:00,0.9998375943203197
2023-09-06 04:00:00+00:00,0.9998375943203197
2023-09-07 04:00:00+00:00,0.9998375943203197
2023-09-08 04:00:00+00:00,0.9998375943203197
2023-09-11 04:00:00+00:00,0.9998375943203197
2023-09-12 04:00:00+00:00,0.9998375943203197
2023-09-13 04:00:00+00:00,0.9998375943203197
2023-09-14 04:00:00+00:00,0.9998375943203197
2023-09-15 04:00:00+00:00,0.9998375943203197
2023-09-18 04:00:00+00:00,0.9998375943203197
2023-09-19 04:00:00+00:00,0.9998375943203197
2023-09-20 04:00:00+00:00,0.9998375943203197
2023-09-21 04:00:00+00:00,0.9998375943203197
2023-09-22 04:00:00+00:00,0.9998375943203197
2023-09-25 04:00:00+00:00,0.9998375943203197
2023-09-26 04:00:00+00:00,0.9998375943203197
2023-09-27 04:00:00+00:00,0.9998375943203197
2023-09-28 04:00:00+00:00,0.9998375943203197
2023-09-29 04:00:00+00:00,0.9998375943203197
2023-10-02 04:00:00+00:00,0.9998375943203197
2023-10-03 04:00:00+00:00,0.9999999999996589
2023-10-04 04:00:00+00:00,0.9999999999996589
2023-10-05 04:00:00+00:00,0.9999999999996589
2023-10-06 04:00:00+00:00,0.9999999999996589
2023-10-09 04:00:00+00:00,0.9999999999996589
2023-10-10 04:00:00+00:00,0.9999999999996589
2023-10-11 04:00:00+00:00,0.9999999999996589
2023-10-12 04:00:00+00:00,0.9999999999996589
2023-10-13 04:00:00+00:00,0.9999999999996589
2023-10-16 04:00:00+00:00,0.9999999999996589
2023-10-17 04:00:00+00:00,0.9999999999996589
2023-10-18 04:00:00+00:00,0.9999999999996589
2023-10-19 04:00:00+00:00,0.9999999999996589
2023-10-20 04:00:00+00:00,0.9999999999996589
2023-10-23 04:00:00+00:00,0.9999999999996589
2023-10-24 04:00:00+00:00,0.9999999999996589
2023-10-25 04:00:00+00:00,0.9999999999996589
2023-10-26 04:00:00+00:00,0.9999999999996589
2023-10-27 04:00:00+00:00,0.9999999999996589
2023-10-30 04:00:00+00:00,0.9999999999996589
2023-10-31 04:00:00+00:00,0.9999999999996589
2023-11-01 04:00:00+00:00,0.9999999999999432
2023-11-02 04:00:00+00:00,0.9999999999999432
2023-11-03 04:00:00+00:00,0.9999999999999432
2023-11-06 05:00:00+00:00,0.9999999999999432
2023-11-07 05:00:00+00:00,0.9999999999999432
2023-11-08 05:00:00+00:00,0.9999999999999432
2023-11-09 05:00:00+00:00,0.9999999999999432
2023-11-10 05:00:00+00:00,0.9999999999999432
2023-11-13 05:00:00+00:00,0.9999999999999432
2023-11-14 05:00:00+00:00,0.9999999999999432
2023-11-15 05:00:00+00:00,0.9999999999999432
2023-11-16 05:00:00+00:00,0.9999999999999432
2023-11-17 05:00:00+00:00,0.9999999999999432
2023-11-20 05:00:00+00:00,0.9999999999999432
2023-11-21 05:00:00+00:00,0.9999999999999432
2023-11-22 05:00:00+00:00,0.9999999999999432
2023-11-24 05:00:00+00:00,0.9999999999999432
2023-11-27 05:00:00+00:00,0.9999999999999432
2023-11-28 05:00:00+00:00,0.9999999999999432
2023-11-29 05:00:00+00:00,0.9999999999999432
2023-11-30 05:00:00+00:00,0.9999999999999432
2023-12-01 05:00:00+00:00,0.9496800806292048
2023-12-04 05:00:00+00:00,0.9496800806292048
2023-12-05 05:00:00+00:00,0.9496800806292048
2023-12-06 05:00:00+00:00,0.9496800806292048
2023-12-07 05:00:00+00:00,0.9496800806292048
2023-12-08 05:00:00+00:00,0.9496800806292048
2023-12-11 05:00:00+00:00,0.9496800806292048
2023-12-12 05:00:00+00:00,0.9496800806292048
2023-12-13 05:00:00+00:00,0.9496800806292048
2023-12-14 05:00:00+00:00,0.9496800806292048
2023-12-15 05:00:00+00:00,0.9496800806292048
2023-12-18 05:00:00+00:00,0.9496800806292048
2023-12-19 05:00:00+00:00,0.9496800806292048
2023-12-20 05:00:00+00:00,0.9496800806292048
2023-12-21 05:00:00+00:00,0.9496800806292048
2023-12-22 05:00:00+00:00,0.9496800806292048
2023-12-26 05:00:00+00:00,0.9496800806292048
2023-12-27 05:00:00+00:00,0.9496800806292048
2023-12-28 05:00:00+00:00,0.9496800806292048
2023-12-29 05:00:00+00:00,0.9496800806292048
2024-01-02 05:00:00+00:00,0.9496800806292048
2024-01-03 05:00:00+00:00,0.9670335407925686
2024-01-04 05:00:00+00:00,0.9670335407925686
2024-01-05 05:00:00+00:00,0.9670335407925686
2024-01-08 05:00:00+00:00,0.9670335407925686
2024-01-09 05:00:00+00:00,0.9670335407925686
2024-01-10 05:00:00+00:00,0.9670335407925686
2024-01-11 05:00:00+00:00,0.9670335407925686
2024-01-12 05:00:00+00:00,0.9670335407925686
2024-01-16 05:00:00+00:00,0.9670335407925686
2024-01-17 05:00:00+00:00,0.9670335407925686
2024-01-18 05:00:00+00:00,0.9670335407925686
2024-01-19 05:00:00+00:00,0.9670335407925686
2024-01-22 05:00:00+00:00,0.9670335407925686
2024-01-23 05:00:00+00:00,0.9670335407925686
2024-01-24 05:00:00+00:00,0.9670335407925686
2024-01-25 05:00:00+00:00,0.9670335407925686
2024-01-26 05:00:00+00:00,0.9670335407925686
2024-01-29 05:00:00+00:00,0.9670335407925686
2024-01-30 05:00:00+00:00,0.9670335407925686
2024-01-31 05:00:00+00:00,0.9670335407925686
2024-02-01 05:00:00+00:00,0.9670335407925686
2024-02-02 05:00:00+00:00,0.9762162372146518
2024-02-05 05:00:00+00:00,0.9762162372146518
2024-02-06 05:00:00+00:00,0.9762162372146518
2024-02-07 05:00:00+00:00,0.9762162372146518
2024-02-08 05:00:00+00:00,0.9762162372146518
2024-02-09 05:00:00+00:00,0.9762162372146518
2024-02-12 05:00:00+00:00,0.9762162372146518
2024-02-13 05:00:00+00:00,0.9762162372146518
2024-02-14 05:00:00+00:00,0.9762162372146518
2024-02-15 05:00:00+00:00,0.9762162372146518
2024-02-16 05:00:00+00:00,0.9762162372146518
2024-02-20 05:00:00+00:00,0.9762162372146518
2024-02-21 05:00:00+00:00,0.9762162372146518
2024-02-22 05:00:00+00:00,0.9762162372146518
2024-02-23 05:00:00+00:00,0.9762162372146518
2024-02-26 05:00:00+00:00,0.9762162372146518
2024-02-27 05:00:00+00:00,0.9762162372146518
2024-02-28 05:00:00+00:00,0.9762162372146518
2024-02-29 05:00:00+00:00,0.9762162372146518
2024-03-01 05:00:00+00:00,0.9762162372146518
2024-03-04 05:00:00+00:00,0.9762162372146518
2024-03-05 05:00:00+00:00,0.9999999993148663
2024-03-06 05:00:00+00:00,0.9999999993148663
2024-03-07 05:00:00+00:00,0.9999999993148663
2024-03-08 05:00:00+00:00,0.9999999993148663
2024-03-11 04:00:00+00:00,0.9999999993148663
2024-03-12 04:00:00+00:00,0.9999999993148663
2024-03-13 04:00:00+00:00,0.9999999993148663
2024-03-14 04:00:00+00:00,0.9999999993148663
2024-03-15 04:00:00+00:00,0.9999999993148663
2024-03-18 04:00:00+00:00,0.9999999993148663
2024-03-19 04:00:00+00:00,0.9999999993148663
2024-03-20 04:00:00+00:00,0.9999999993148663
2024-03-21 04:00:00+00:00,0.9999999993148663
2024-03-22 04:00:00+00:00,0.9999999993148663
2024-03-25 04:00:00+00:00,0.9999999993148663
2024-03-26 04:00:00+00:00,0.9999999993148663
2024-03-27 04:00:00+00:00,0.9999999993148663
2024-03-28 04:00:00+00:00,0.9999999993148663
2024-04-01 04:00:00+00:00,0.9999999993148663
2024-04-02 04:00:00+00:00,0.9999999993148663
2024-04-03 04:00:00+00:00,0.9999999993148663
2024-04-04 04:00:00+00:00,0.3251388726941724
2024-04-05 04:00:00+00:00,0.3251388726941724
2024-04-08 04:00:00+00:00,0.3251388726941724
2024-04-09 04:00:00+00:00,0.3251388726941724
2024-04-10 04:00:00+00:00,0.3251388726941724
2024-04-11 04:00:00+00:00,0.3251388726941724
2024-04-12 04:00:00+00:00,0.3251388726941724
2024-04-15 04:00:00+00:00,0.3251388726941724
2024-04-16 04:00:00+00:00,0.3251388726941724
2024-04-17 04:00:00+00:00,0.3251388726941724
2024-04-18 04:00:00+00:00,0.3251388726941724
2024-04-19 04:00:00+00:00,0.3251388726941724
2024-04-22 04:00:00+00:00,0.3251388726941724
2024-04-23 04:00:00+00:00,0.3251388726941724
2024-04-24 04:00:00+00:00,0.3251388726941724
2024-04-25 04:00:00+00:00,0.3251388726941724
2024-04-26 04:00:00+00:00,0.3251388726941724
2024-04-29 04:00:00+00:00,0.3251388726941724
2024-04-30 04:00:00+00:00,0.3251388726941724
2024-05-01 04:00:00+00:00,0.3251388726941724
2024-05-02 04:00:00+00:00,0.3251388726941724
2024-05-03 04:00:00+00:00,1.9794216762402445e-13
2024-05-06 04:00:00+00:00,1.9794216762402445e-13
2024-05-07 04:00:00+00:00,1.9794216762402445e-13
2024-05-08 04:00:00+00:00,1.9794216762402445e-13
2024-05-09 04:00:00+00:00,1.9794216762402445e-13
2024-05-10 04:00:00+00:00,1.9794216762402445e-13
2024-05-13 04:00:00+00:00,1.9794216762402445e-13
2024-05-14 04:00:00+00:00,1.9794216762402445e-13
2024-05-15 04:00:00+00:00,1.9794216762402445e-13
2024-05-16 04:00:00+00:00,1.9794216762402445e-13
2024-05-17 04:00:00+00:00,1.9794216762402445e-13
2024-05-20 04:00:00+00:00,1.9794216762402445e-13
2024-05-21 04:00:00+00:00,1.9794216762402445e-13
2024-05-22 04:00:00+00:00,1.9794216762402445e-13
2024-05-23 04:00:00+00:00,1.9794216762402445e-13
2024-05-24 04:00:00+00:00,1.9794216762402445e-13
2024-05-28 04:00:00+00:00,1.9794216762402445e-13
2024-05-29 04:00:00+00:00,1.9794216762402445e-13
2024-05-30 04:00:00+00:00,1.9794216762402445e-13
2024-05-31 04:00:00+00:00,1.9794216762402445e-13
2024-06-03 04:00:00+00:00,1.9794216762402445e-13
2024-06-04 04:00:00+00:00,0.9996764420588639
2024-06-05 04:00:00+00:00,0.9996764420588639
2024-06-06 04:00:00+00:00,0.9996764420588639
2024-06-07 04:00:00+00:00,0.9996764420588639
2024-06-10 04:00:00+00:00,0.9996764420588639
2024-06-11 04:00:00+00:00,0.9996764420588639
2024-06-12 04:00:00+00:00,0.9996764420588639
2024-06-13 04:00:00+00:00,0.9996764420588639
2024-06-14 04:00:00+00:00,0.9996764420588639
2024-06-17 04:00:00+00:00,0.9996764420588639
2024-06-18 04:00:00+00:00,0.9996764420588639
2024-06-20 04:00:00+00:00,0.9996764420588639
2024-06-21 04:00:00+00:00,0.9996764420588639
2024-06-24 04:00:00+00:00,0.9996764420588639
2024-06-25 04:00:00+00:00,0.9996764420588639
2024-06-26 04:00:00+00:00,0.9996764420588639
2024-06-27 04:00:00+00:00,0.9996764420588639
2024-06-28 04:00:00+00:00,0.9996764420588639
2024-07-01 04:00:00+00:00,0.9996764420588639
2024-07-02 04:00:00+00:00,0.9996764420588639
2024-07-03 04:00:00+00:00,0.9996764420588639
2024-07-05 04:00:00+00:00,0.0012185551888889191
2024-07-08 04:00:00+00:00,0.0012185551888889191
2024-07-09 04:00:00+00:00,0.0012185551888889191
2024-07-10 04:00:00+00:00,0.0012185551888889191
2024-07-11 04:00:00+00:00,0.0012185551888889191
2024-07-12 04:00:00+00:00,0.0012185551888889191
2024-07-15 04:00:00+00:00,0.0012185551888889191
2024-07-16 04:00:00+00:00,0.0012185551888889191
2024-07-17 04:00:00+00:00,0.0012185551888889191
2024-07-18 04:00:00+00:00,0.0012185551888889191
2024-07-19 04:00:00+00:00,0.0012185551888889191
2024-07-22 04:00:00+00:00,0.0012185551888889191
2024-07-23 04:00:00+00:00,0.0012185551888889191
2024-07-24 04:00:00+00:00,0.0012185551888889191
2024-07-25 04:00:00+00:00,0.0012185551888889191
2024-07-26 04:00:00+00:00,0.0012185551888889191
2024-07-29 04:00:00+00:00,0.0012185551888889191
2024-07-30 04:00:00+00:00,0.0012185551888889191
2024-07-31 04:00:00+00:00,0.0012185551888889191
2024-08-01 04:00:00+00:00,0.0012185551888889191
2024-08-02 04:00:00+00:00,0.0012185551888889191
2024-08-05 04:00:00+00:00,5.970038813876995e-28
2024-08-06 04:00:00+00:00,5.970038813876995e-28
2024-08-07 04:00:00+00:00,5.970038813876995e-28
2024-08-08 04:00:00+00:00,5.970038813876995e-28
2024-08-09 04:00:00+00:00,5.970038813876995e-28
2024-08-12 04:00:00+00:00,5.970038813876995e-28
2024-08-13 04:00:00+00:00,5.970038813876995e-28
2024-08-14 04:00:00+00:00,5.970038813876995e-28
2024-08-15 04:00:00+00:00,5.970038813876995e-28
2024-08-16 04:00:00+00:00,5.970038813876995e-28
2024-08-19 04:00:00+00:00,5.970038813876995e-28
2024-08-20 04:00:00+00:00,5.970038813876995e-28
2024-08-21 04:00:00+00:00,5.970038813876995e-28
2024-08-22 04:00:00+00:00,5.970038813876995e-28
2024-08-23 04:00:00+00:00,5.970038813876995e-28
2024-08-26 04:00:00+00:00,5.970038813876995e-28
2024-08-27 04:00:00+00:00,5.970038813876995e-28
2024-08-28 04:00:00+00:00,5.970038813876995e-28
2024-08-29 04:00:00+00:00,5.970038813876995e-28
2024-08-30 04:00:00+00:00,5.970038813876995e-28
2024-09-03 04:00:00+00:00,5.970038813876995e-28
2024-09-04 04:00:00+00:00,0.020238513334395813
2024-09-05 04:00:00+00:00,0.020238513334395813
2024-09-06 04:00:00+00:00,0.020238513334395813
2024-09-09 04:00:00+00:00,0.020238513334395813
2024-09-10 04:00:00+00:00,0.020238513334395813
2024-09-11 04:00:00+00:00,0.020238513334395813
2024-09-12 04:00:00+00:00,0.020238513334395813
2024-09-13 04:00:00+00:00,0.020238513334395813
2024-09-16 04:00:00+00:00,0.020238513334395813
2024-09-17 04:00:00+00:00,0.020238513334395813
2024-09-18 04:00:00+00:00,0.020238513334395813
2024-09-19 04:00:00+00:00,0.020238513334395813
2024-09-20 04:00:00+00:00,0.020238513334395813
2024-09-23 04:00:00+00:00,0.020238513334395813
2024-09-24 04:00:00+00:00,0.020238513334395813
2024-09-25 04:00:00+00:00,0.020238513334395813
2024-09-26 04:00:00+00:00,0.020238513334395813
2024-09-27 04:00:00+00:00,0.020238513334395813
2024-09-30 04:00:00+00:00,0.020238513334395813
2024-10-01 04:00:00+00:00,0.020238513334395813
2024-10-02 04:00:00+00:00,0.020238513334395813
2024-10-03 04:00:00+00:00,0.06459306454453112
2024-10-04 04:00:00+00:00,0.06459306454453112
2024-10-07 04:00:00+00:00,0.06459306454453112
2024-10-08 04:00:00+00:00,0.06459306454453112
2024-10-09 04:00:00+00:00,0.06459306454453112
2024-10-10 04:00:00+00:00,0.06459306454453112
2024-10-11 04:00:00+00:00,0.06459306454453112
2024-10-14 04:00:00+00:00,0.06459306454453112
2024-10-15 04:00:00+00:00,0.06459306454453112
2024-10-16 04:00:00+00:00,0.06459306454453112
2024-10-17 04:00:00+00:00,0.06459306454453112
2024-10-18 04:00:00+00:00,0.06459306454453112
2024-10-21 04:00:00+00:00,0.06459306454453112
2024-10-22 04:00:00+00:00,0.06459306454453112
2024-10-23 04:00:00+00:00,0.06459306454453112
2024-10-24 04:00:00+00:00,0.06459306454453112
2024-10-25 04:00:00+00:00,0.06459306454453112
2024-10-28 04:00:00+00:00,0.06459306454453112
2024-10-29 04:00:00+00:00,0.06459306454453112
2024-10-30 04:00:00+00:00,0.06459306454453112
2024-10-31 04:00:00+00:00,0.06459306454453112
2024-11-01 04:00:00+00:00,0.00014649211105724206
2024-11-04 05:00:00+00:00,0.00014649211105724206
2024-11-05 05:00:00+00:00,0.00014649211105724206
2024-11-06 05:00:00+00:00,0.00014649211105724206
2024-11-07 05:00:00+00:00,0.00014649211105724206
2024-11-08 05:00:00+00:00,0.00014649211105724206
2024-11-11 05:00:00+00:00,0.00014649211105724206
2024-11-12 05:00:00+00:00,0.00014649211105724206
2024-11-13 05:00:00+00:00,0.00014649211105724206
2024-11-14 05:00:00+00:00,0.00014649211105724206
2024-11-15 05:00:00+00:00,0.00014649211105724206
2024-11-18 05:00:00+00:00,0.00014649211105724206
2024-11-19 05:00:00+00:00,0.00014649211105724206
2024-11-20 05:00:00+00:00,0.00014649211105724206
2024-11-21 05:00:00+00:00,0.00014649211105724206
2024-11-22 05:00:00+00:00,0.00014649211105724206
2024-11-25 05:00:00+00:00,0.00014649211105724206
2024-11-26 05:00:00+00:00,0.00014649211105724206
2024-11-27 05:00:00+00:00,0.00014649211105724206
2024-11-29 05:00:00+00:00,0.00014649211105724206
2024-12-02 05:00:00+00:00,0.00014649211105724206
2024-12-03 05:00:00+00:00,0.999999999692136
2024-12-04 05:00:00+00:00,0.999999999692136
2024-12-05 05:00:00+00:00,0.999999999692136
2024-12-06 05:00:00+00:00,0.999999999692136
2024-12-09 05:00:00+00:00,0.999999999692136
2024-12-10 05:00:00+00:00,0.999999999692136
2024-12-11 05:00:00+00:00,0.999999999692136
2024-12-12 05:00:00+00:00,0.999999999692136
2024-12-13 05:00:00+00:00,0.999999999692136
2024-12-16 05:00:00+00:00,0.999999999692136
2024-12-17 05:00:00+00:00,0.999999999692136
2024-12-18 05:00:00+00:00,0.999999999692136
2024-12-19 05:00:00+00:00,0.999999999692136
2024-12-20 05:00:00+00:00,0.999999999692136
2024-12-23 05:00:00+00:00,0.999999999692136
2024-12-24 05:00:00+00:00,0.999999999692136
2024-12-26 05:00:00+00:00,0.999999999692136
2024-12-27 05:00:00+00:00,0.999999999692136
2024-12-30 05:00:00+00:00,0.999999999692136
2024-12-31 05:00:00+00:00,0.999999999692136
2025-01-02 05:00:00+00:00,0.999999999692136
2025-01-03 05:00:00+00:00,0.8522166369600304
2025-01-06 05:00:00+00:00,0.8522166369600304
2025-01-07 05:00:00+00:00,0.8522166369600304
2025-01-08 05:00:00+00:00,0.8522166369600304
2025-01-10 05:00:00+00:00,0.8522166369600304
2025-01-13 05:00:00+00:00,0.8522166369600304
2025-01-14 05:00:00+00:00,0.8522166369600304
2025-01-15 05:00:00+00:00,0.8522166369600304
2025-01-16 05:00:00+00:00,0.8522166369600304
2025-01-17 05:00:00+00:00,0.8522166369600304
2025-01-21 05:00:00+00:00,0.8522166369600304
2025-01-22 05:00:00+00:00,0.8522166369600304
2025-01-23 05:00:00+00:00,0.8522166369600304
2025-01-24 05:00:00+00:00,0.8522166369600304
2025-01-27 05:00:00+00:00,0.8522166369600304
2025-01-28 05:00:00+00:00,0.8522166369600304
2025-01-29 05:00:00+00:00,0.8522166369600304
2025-01-30 05:00:00+00:00,0.8522166369600304
2025-01-31 05:00:00+00:00,0.8522166369600304
2025-02-03 05:00:00+00:00,0.8522166369600304
2025-02-04 05:00:00+00:00,0.8522166369600304
2025-02-05 05:00:00+00:00,0.7087121471992449
2025-02-06 05:00:00+00:00,0.7087121471992449
2025-02-07 05:00:00+00:00,0.7087121471992449
2025-02-10 05:00:00+00:00,0.7087121471992449
2025-02-11 05:00:00+00:00,0.7087121471992449
2025-02-12 05:00:00+00:00,0.7087121471992449
2025-02-13 05:00:00+00:00,0.7087121471992449
2025-02-14 05:00:00+00:00,0.7087121471992449
2025-02-18 05:00:00+00:00,0.7087121471992449
2025-02-19 05:00:00+00:00,0.7087121471992449
2025-02-20 05:00:00+00:00,0.7087121471992449
2025-02-21 05:00:00+00:00,0.7087121471992449
2025-02-24 05:00:00+00:00,0.7087121471992449
2025-02-25 05:00:00+00:00,0.7087121471992449
2025-02-26 05:00:00+00:00,0.7087121471992449
2025-02-27 05:00:00+00:00,0.7087121471992449
2025-02-28 05:00:00+00:00,0.7087121471992449
2025-03-03 05:00:00+00:00,0.7087121471992449
2025-03-04 05:00:00+00:00,0.7087121471992449
2025-03-05 05:00:00+00:00,0.7087121471992449
2025-03-06 05:00:00+00:00,0.7087121471992449
2025-03-07 05:00:00+00:00,0.9979216306827013
2025-03-10 04:00:00+00:00,0.9979216306827013
2025-03-11 04:00:00+00:00,0.9979216306827013
2025-03-12 04:00:00+00:00,0.9979216306827013
2025-03-13 04:00:00+00:00,0.9979216306827013
2025-03-14 04:00:00+00:00,0.9979216306827013
2025-03-17 04:00:00+00:00,0.9979216306827013
2025-03-18 04:00:00+00:00,0.9979216306827013
2025-03-19 04:00:00+00:00,0.9979216306827013
2025-03-20 04:00:00+00:00,0.9979216306827013
2025-03-21 04:00:00+00:00,0.9979216306827013
2025-03-24 04:00:00+00:00,0.9979216306827013
2025-03-25 04:00:00+00:00,0.9979216306827013
2025-03-26 04:00:00+00:00,0.9979216306827013
2025-03-27 04:00:00+00:00,0.9979216306827013
2025-03-28 04:00:00+00:00,0.9979216306827013
2025-03-31 04:00:00+00:00,0.9979216306827013
2025-04-01 04:00:00+00:00,0.9979216306827013
2025-04-02 04:00:00+00:00,0.9979216306827013
2025-04-03 04:00:00+00:00,0.9979216306827013
2025-04-04 04:00:00+00:00,0.9979216306827013
2025-04-07 04:00:00+00:00,2.8526262629215715e-10
2025-04-08 04:00:00+00:00,2.8526262629215715e-10
2025-04-09 04:00:00+00:00,2.8526262629215715e-10
2025-04-10 04:00:00+00:00,2.8526262629215715e-10
2025-04-11 04:00:00+00:00,2.8526262629215715e-10
2025-04-14 04:00:00+00:00,2.8526262629215715e-10
2025-04-15 04:00:00+00:00,2.8526262629215715e-10
2025-04-16 04:00:00+00:00,2.8526262629215715e-10
2025-04-17 04:00:00+00:00,2.8526262629215715e-10
2025-04-21 04:00:00+00:00,2.8526262629215715e-10
2025-04-22 04:00:00+00:00,2.8526262629215715e-10
2025-04-23 04:00:00+00:00,2.8526262629215715e-10
2025-04-24 04:00:00+00:00,2.8526262629215715e-10
2025-04-25 04:00:00+00:00,2.8526262629215715e-10
2025-04-28 04:00:00+00:00,2.8526262629215715e-10
2025-04-29 04:00:00+00:00,2.8526262629215715e-10
2025-04-30 04:00:00+00:00,2.8526262629215715e-10
2025-05-01 04:00:00+00:00,2.8526262629215715e-10
2025-05-02 04:00:00+00:00,2.8526262629215715e-10
2025-05-05 04:00:00+00:00,2.8526262629215715e-10
2025-05-06 04:00:00+00:00,2.8526262629215715e-10
2025-05-07 04:00:00+00:00,5.851862820652645e-23
2025-05-08 04:00:00+00:00,5.851862820652645e-23
2025-05-09 04:00:00+00:00,5.851862820652645e-23
2025-05-12 04:00:00+00:00,5.851862820652645e-23
2025-05-13 04:00:00+00:00,5.851862820652645e-23
2025-05-14 04:00:00+00:00,5.851862820652645e-23
2025-05-15 04:00:00+00:00,5.851862820652645e-23
2025-05-16 04:00:00+00:00,5.851862820652645e-23
2025-05-19 04:00:00+00:00,5.851862820652645e-23
2025-05-20 04:00:00+00:00,5.851862820652645e-23
2025-05-21 04:00:00+00:00,5.851862820652645e-23
2025-05-22 04:00:00+00:00,5.851862820652645e-23
2025-05-23 04:00:00+00:00,5.851862820652645e-23
2025-05-27 04:00:00+00:00,5.851862820652645e-23
2025-05-28 04:00:00+00:00,5.851862820652645e-23
2025-05-29 04:00:00+00:00,5.851862820652645e-23
2025-05-30 04:00:00+00:00,5.851862820652645e-23
2025-06-02 04:00:00+00:00,5.851862820652645e-23
2025-06-03 04:00:00+00:00,5.851862820652645e-23
2025-06-04 04:00:00+00:00,5.851862820652645e-23
2025-06-05 04:00:00+00:00,5.851862820652645e-23
2025-06-06 04:00:00+00:00,1.0
2025-06-09 04:00:00+00:00,1.0
2025-06-10 04:00:00+00:00,1.0
2025-06-11 04:00:00+00:00,1.0
2025-06-12 04:00:00+00:00,1.0
2025-06-13 04:00:00+00:00,1.0
2025-06-16 04:00:00+00:00,1.0
2025-06-17 04:00:00+00:00,1.0
2025-06-18 04:00:00+00:00,1.0
2025-06-20 04:00:00+00:00,1.0
2025-06-23 04:00:00+00:00,1.0
2025-06-24 04:00:00+00:00,1.0
2025-06-25 04:00:00+00:00,1.0
2025-06-26 04:00:00+00:00,1.0
2025-06-27 04:00:00+00:00,1.0
2025-06-30 04:00:00+00:00,1.0
2025-07-01 04:00:00+00:00,1.0
2025-07-02 04:00:00+00:00,1.0
2025-07-03 04:00:00+00:00,1.0
2025-07-07 04:00:00+00:00,1.0
2025-07-08 04:00:00+00:00,1.0
2025-07-09 04:00:00+00:00,1.0
2025-07-10 04:00:00+00:00,1.0
2025-07-11 04:00:00+00:00,1.0
2025-07-14 04:00:00+00:00,1.0
2025-07-15 04:00:00+00:00,1.0
2025-07-16 04:00:00+00:00,1.0
2025-07-17 04:00:00+00:00,1.0
2025-07-18 04:00:00+00:00,1.0
2025-07-21 04:00:00+00:00,1.0
2025-07-22 04:00:00+00:00,1.0
2025-07-23 04:00:00+00:00,1.0
2025-07-24 04:00:00+00:00,1.0
2025-07-25 04:00:00+00:00,1.0
2025-07-28 04:00:00+00:00,1.0
2025-07-29 04:00:00+00:00,1.0
2025-07-30 04:00:00+00:00,1.0
2025-07-31 04:00:00+00:00,1.0
2025-08-01 04:00:00+00:00,1.0
2025-08-04 04:00:00+00:00,1.0
2025-08-05 04:00:00+00:00,1.0
2025-08-06 04:00:00+00:00,1.0
2025-08-07 04:00:00+00:00,0.9999999999955662
2025-08-08 04:00:00+00:00,0.9999999999955662
2025-08-11 04:00:00+00:00,0.9999999999955662
2025-08-12 04:00:00+00:00,0.9999999999955662
2025-08-13 04:00:00+00:00,0.9999999999955662
2025-08-14 04:00:00+00:00,0.9999999999955662
2025-08-15 04:00:00+00:00,0.9999999999955662
2025-08-18 04:00:00+00:00,0.9999999999955662
2025-08-19 04:00:00+00:00,0.9999999999955662
2025-08-20 04:00:00+00:00,0.9999999999955662
2025-08-21 04:00:00+00:00,0.9999999999955662
2025-08-22 04:00:00+00:00,0.9999999999955662
2025-08-25 04:00:00+00:00,0.9999999999955662
2025-08-26 04:00:00+00:00,0.9999999999955662
2025-08-27 04:00:00+00:00,0.9999999999955662
2025-08-28 04:00:00+00:00,0.9999999999955662
2025-08-29 04:00:00+00:00,0.9999999999955662
2025-09-02 04:00:00+00:00,0.9999999999955662
2025-09-03 04:00:00+00:00,0.9999999999955662
2025-09-04 04:00:00+00:00,0.9999999999955662
2025-09-05 04:00:00+00:00,0.9999999999955662
2025-09-08 04:00:00+00:00,0.9999035673261244
2025-09-09 04:00:00+00:00,0.9999035673261244
2025-09-10 04:00:00+00:00,0.9999035673261244
2025-09-11 04:00:00+00:00,0.9999035673261244
2025-09-12 04:00:00+00:00,0.9999035673261244
2025-09-15 04:00:00+00:00,0.9999035673261244
2025-09-16 04:00:00+00:00,0.9999035673261244
2025-09-17 04:00:00+00:00,0.9999035673261244
2025-09-18 04:00:00+00:00,0.9999035673261244
2025-09-19 04:00:00+00:00,0.9999035673261244
2025-09-22 04:00:00+00:00,0.9999035673261244
2025-09-23 04:00:00+00:00,0.9999035673261244
2025-09-24 04:00:00+00:00,0.9999035673261244
2025-09-25 04:00:00+00:00,0.9999035673261244
2025-09-26 04:00:00+00:00,0.9999035673261244
2025-09-29 04:00:00+00:00,0.9999035673261244
2025-09-30 04:00:00+00:00,0.9999035673261244
2025-10-01 04:00:00+00:00,0.9999035673261244
2025-10-02 04:00:00+00:00,0.9999035673261244
2025-10-03 04:00:00+00:00,0.9999035673261244
2025-10-06 04:00:00+00:00,0.9999035673261244
2025-10-07 04:00:00+00:00,0.9998457949583051
2025-10-08 04:00:00+00:00,0.9998457949583051
2025-10-09 04:00:00+00:00,0.9998457949583051
2025-10-10 04:00:00+00:00,0.9998457949583051
2025-10-13 04:00:00+00:00,0.9998457949583051
2025-10-14 04:00:00+00:00,0.9998457949583051
2025-10-15 04:00:00+00:00,0.9998457949583051
2025-10-16 04:00:00+00:00,0.9998457949583051
2025-10-17 04:00:00+00:00,0.9998457949583051
2025-10-20 04:00:00+00:00,0.9998457949583051
2025-10-21 04:00:00+00:00,0.9998457949583051
2025-10-22 04:00:00+00:00,0.9998457949583051
2025-10-23 04:00:00+00:00,0.9998457949583051
2025-10-24 04:00:00+00:00,0.9998457949583051
2025-10-27 04:00:00+00:00,0.9998457949583051
2025-10-28 04:00:00+00:00,0.9998457949583051
2025-10-29 04:00:00+00:00,0.9998457949583051
2025-10-30 04:00:00+00:00,0.9998457949583051
2025-10-31 04:00:00+00:00,0.9998457949583051
2025-11-03 05:00:00+00:00,0.9998457949583051
2025-11-04 05:00:00+00:00,0.9998457949583051
2025-11-05 05:00:00+00:00,0.9997333153625904
2025-11-06 05:00:00+00:00,0.9997333153625904
2025-11-07 05:00:00+00:00,0.9997333153625904
2025-11-10 05:00:00+00:00,0.9997333153625904
2025-11-11 05:00:00+00:00,0.9997333153625904
2025-11-12 05:00:00+00:00,0.9997333153625904
2025-11-13 05:00:00+00:00,0.9997333153625904
2025-11-14 05:00:00+00:00,0.9997333153625904
2025-11-17 05:00:00+00:00,0.9997333153625904
2025-11-18 05:00:00+00:00,0.9997333153625904
2025-11-19 05:00:00+00:00,0.9997333153625904
2025-11-20 05:00:00+00:00,0.9997333153625904
2025-11-21 05:00:00+00:00,0.9997333153625904
2025-11-24 05:00:00+00:00,0.9997333153625904
2025-11-25 05:00:00+00:00,0.9997333153625904
2025-11-26 05:00:00+00:00,0.9997333153625904
2025-11-28 05:00:00+00:00,0.9997333153625904
2025-12-01 05:00:00+00:00,0.9997333153625904
2025-12-02 05:00:00+00:00,0.9997333153625904
2025-12-03 05:00:00+00:00,0.9997333153625904
2025-12-04 05:00:00+00:00,0.9997333153625904
2025-12-05 05:00:00+00:00,0.9999048511677258
2025-12-08 05:00:00+00:00,0.9999048511677258
2025-12-09 05:00:00+00:00,0.9999048511677258
2025-12-10 05:00:00+00:00,0.9999048511677258
2025-12-11 05:00:00+00:00,0.9999048511677258
2025-12-12 05:00:00+00:00,0.9999048511677258
2025-12-15 05:00:00+00:00,0.9999048511677258
2025-12-16 05:00:00+00:00,0.9999048511677258
2025-12-17 05:00:00+00:00,0.9999048511677258
2025-12-18 05:00:00+00:00,0.9999048511677258
2025-12-19 05:00:00+00:00,0.9999048511677258
