date,open,high,low,close,volume,dividends,stock splits
2004-08-19 00:00:00-04:00,2.48373665849628,2.5845758758698962,2.383392945764689,2.492180824279785,893181924,0.0,0.0
2004-08-20 00:00:00-04:00,2.508822176838228,2.709259725371138,2.4961548630046986,2.690134286880493,456686856,0.0,0.0
2004-08-23 00:00:00-04:00,2.750738233475586,2.818543803647125,2.708514331099461,2.717207431793213,365122512,0.0,0.0
2004-08-24 00:00:00-04:00,2.7629082304989256,2.7718497936549373,2.5724056328047977,2.604693651199341,304946748,0.0,0.0
2004-08-25 00:00:00-04:00,2.6069294492649737,2.6824349729969517,2.580105236780774,2.6327602863311768,183772044,0.0,0.0
2004-08-26 00:00:00-04:00,2.60668036899786,2.6811925199357978,2.599477805387151,2.680198907852173,141897960,0.0,0.0
2004-08-27 00:00:00-04:00,2.6849181856956164,2.6978337225959135,2.6250605725477185,2.6364850997924805,124235640,0.0,0.0
2004-08-30 00:00:00-04:00,2.614877975060048,2.6200935520992212,2.5336596965789795,2.5336596965789795,103935960,0.0,0.0
2004-08-31 00:00:00-04:00,2.540861631416068,2.575882018334557,2.5373848175495217,2.542600393295288,98357544,0.0,0.0
2004-09-01 00:00:00-04:00,2.5507971250653956,2.557503475252065,2.4755398125387496,2.489945888519287,182765052,0.0,0.0
2004-09-02 00:00:00-04:00,2.463617593692112,2.5426006469681823,2.4574084053057876,2.521240234375,302373324,0.0,0.0
2004-09-03 00:00:00-04:00,2.507331399830005,2.526953050986558,2.466846259800643,2.4839847087860107,103048848,0.0,0.0
2004-09-07 00:00:00-04:00,2.508821882108756,2.533411120229148,2.4740497169137177,2.5229790210723877,116950932,0.0,0.0
2004-09-08 00:00:00-04:00,2.5021159384850895,2.558993202385704,2.496154974630751,2.5408623218536377,99712188,0.0,0.0
2004-09-09 00:00:00-04:00,2.54657478745778,2.5510449774508652,2.5085740314798244,2.541110038757324,81234684,0.0,0.0
2004-09-10 00:00:00-04:00,2.5234763467210923,2.646669587766678,2.5160246102065797,2.616119384765625,173977848,0.0,0.0
2004-09-13 00:00:00-04:00,2.6484076487722934,2.6926187812356024,2.644185683918569,2.6700165271759033,156882960,0.0,0.0
2004-09-14 00:00:00-04:00,2.6687745949896304,2.781784668121256,2.6523812957593176,2.7691173553466797,216579204,0.0,0.0
2004-09-15 00:00:00-04:00,2.7460187576362287,2.837171961726561,2.737077195116372,2.7817845344543457,214261524,0.0,0.0
2004-09-16 00:00:00-04:00,2.790228611624603,2.8761662367702,2.7730911103141507,2.8307137489318848,185326488,0.0,0.0
2004-09-17 00:00:00-04:00,2.841890679942553,2.9181416034698486,2.820282986106447,2.9181416034698486,189450360,0.0,0.0
2004-09-20 00:00:00-04:00,2.904729361700266,3.0202226243882913,2.900258225769054,2.9645872116088867,212575212,0.0,0.0
2004-09-21 00:00:00-04:00,2.9757641283823455,2.990915590149016,2.9186386452023436,2.92683482170105,144575280,0.0,0.0
2004-09-22 00:00:00-04:00,2.9159062762743235,2.9722873194728017,2.901251975517025,2.940246343612671,151624224,0.0,0.0
2004-09-23 00:00:00-04:00,2.951671727254667,3.04580552695513,2.906467228884901,3.000850200653076,170713116,0.0,0.0
2004-09-24 00:00:00-04:00,3.0038307401920843,3.0823168699369887,2.974522376844617,2.9762611389160156,182469348,0.0,0.0
2004-09-27 00:00:00-04:00,2.969555077616707,3.0023402583964685,2.9258413454899053,2.9372661113739014,141322536,0.0,0.0
2004-09-28 00:00:00-04:00,3.0127721839772974,3.1642794524540827,2.985698798258223,3.1508677005767822,338581080,0.0,0.0
2004-09-29 00:00:00-04:00,3.146893878214167,3.3535405937283445,3.135220177881103,3.255681037902832,610329060,0.0,0.0
2004-09-30 00:00:00-04:00,3.226373636481643,3.2859832706183245,3.204019609576701,3.2189218997955322,275160564,0.0,0.0
2004-10-01 00:00:00-04:00,3.2487266256523477,3.3341670988494236,3.2015360807227546,3.2929375171661377,302497200,0.0,0.0
2004-10-04 00:00:00-04:00,3.359253272545343,3.3994892393206344,3.3289512973200877,3.3545339107513428,260455284,0.0,0.0
2004-10-05 00:00:00-04:00,3.3445990627201807,3.4407198573703504,3.2844922716587877,3.4367458820343018,299464236,0.0,0.0
2004-10-06 00:00:00-04:00,3.4163789851631123,3.43873301145352,3.377880831298679,3.404705047607422,267628104,0.0,0.0
2004-10-07 00:00:00-04:00,3.4007308891470958,3.474250378461884,3.391541337507568,3.4486677646636963,282301416,0.0,0.0
2004-10-08 00:00:00-04:00,3.4454383310228187,3.4692821834422523,3.403215374782403,3.4208500385284424,221390388,0.0,0.0
2004-10-11 00:00:00-04:00,3.4027179314614733,3.4489160456385233,3.3244812087038986,3.359501600265503,209442348,0.0,0.0
2004-10-12 00:00:00-04:00,3.3391341899605944,3.417869490320029,3.3133033512374777,3.4126527309417725,233310456,0.0,0.0
2004-10-13 00:00:00-04:00,3.5596907482148925,3.565402538901445,3.4792178692232034,3.4995839595794678,395324280,0.0,0.0
2004-10-14 00:00:00-04:00,3.50231677279724,3.536343554979813,3.4414645899780387,3.5269060134887695,208842948,0.0,0.0
2004-10-15 00:00:00-04:00,3.599678883672522,3.6138357863329467,3.525662942039867,3.5793116092681885,263895840,0.0,0.0
2004-10-18 00:00:00-04:00,3.556710995582202,3.705734853615388,3.507284286327139,3.7047414779663086,280726992,0.0,0.0
2004-10-19 00:00:00-04:00,3.738022800244137,3.785214055411076,3.6597848908543233,3.6744391918182373,362197440,0.0,0.0
2004-10-20 00:00:00-04:00,3.676673915007202,3.700517766522795,3.4672950643070695,3.489400863647461,454453092,0.0,0.0
2004-10-21 00:00:00-04:00,3.586515157784773,3.7288326392886657,3.5174668074816258,3.710204601287842,582996420,0.0,0.0
2004-10-22 00:00:00-04:00,4.235763468117378,4.474947366096519,4.075313687387716,4.282705783843994,1474200324,0.0,0.0
2004-10-25 00:00:00-04:00,4.381309616159099,4.829127905079634,4.285686226177317,4.654521465301514,1309257432,0.0,0.0
2004-10-26 00:00:00-04:00,4.628193486045653,4.784668813237575,4.470725256665048,4.515432357788086,891391716,0.0,0.0
2004-10-27 00:00:00-04:00,4.538283374348482,4.707177097975742,4.51468751008172,4.619004249572754,533725740,0.0,0.0
2004-10-28 00:00:00-04:00,4.636639270754883,4.8281354978184785,4.609815288771947,4.801062107086182,593278128,0.0,0.0
2004-10-29 00:00:00-04:00,4.939902354824761,4.966230353986023,4.73400103600807,4.734994411468506,845653500,0.0,0.0
2004-11-01 00:00:00-05:00,4.80727196562636,4.909601955952334,4.7506429314697955,4.868868350982666,488507004,0.0,0.0
2004-11-02 00:00:00-05:00,4.937170121586848,4.9488440588693905,4.802054957752929,4.840056896209717,453398148,0.0,0.0
2004-11-03 00:00:00-05:00,4.922267402941706,5.007211656359834,4.737726725832256,4.760577201843262,554992452,0.0,0.0
2004-11-04 00:00:00-05:00,4.6803527301379875,4.729033813019946,4.5539299507971105,4.587460517883301,575807616,0.0,0.0
2004-11-05 00:00:00-05:00,4.51990339514923,4.527851347178569,4.186337872154437,4.206207752227783,792530676,0.0,0.0
2004-11-08 00:00:00-05:00,4.245450761239434,4.357466521926258,4.207449292916572,4.28568696975708,447224328,0.0,0.0
2004-11-09 00:00:00-05:00,4.324185291964189,4.351506200206279,4.10487169277559,4.190063953399658,442125432,0.0,0.0
2004-11-10 00:00:00-05:00,4.238992265097989,4.284941207600749,4.131198005288422,4.1691999435424805,425334240,0.0,0.0
2004-11-11 00:00:00-05:00,4.200742497122175,4.563865044170618,4.161996117327912,4.54573392868042,598820580,0.0,0.0
2004-11-12 00:00:00-05:00,4.600623994553181,4.714131464379162,4.406147190886917,4.520400047302246,669174156,0.0,0.0
2004-11-15 00:00:00-05:00,4.481901902802854,4.677371598761075,4.439678002661467,4.591682434082031,475583940,0.0,0.0
2004-11-16 00:00:00-05:00,4.408631772608699,4.457560840932205,4.242966173493613,4.285438537597656,835859304,0.0,0.0
2004-11-17 00:00:00-05:00,4.1980111982084125,4.408631896230029,4.1975138005447805,4.284444808959961,724590684,0.0,0.0
2004-11-18 00:00:00-05:00,4.22955403249147,4.332131994885771,4.116295036296117,4.161251544952393,664518816,0.0,0.0
2004-11-19 00:00:00-05:00,4.199998408905926,4.221855512817479,4.135917870541295,4.207449436187744,350421228,0.0,0.0
2004-11-22 00:00:00-05:00,4.085000489225329,4.209932470427208,4.006514368275334,4.100647926330566,494233272,0.0,0.0
2004-11-23 00:00:00-05:00,4.171930742307965,4.242965841434504,4.135420527198963,4.160754203796387,496035468,0.0,0.0
2004-11-24 00:00:00-05:00,4.342067898828115,4.401429544267155,4.284693477832781,4.340577125549316,610628760,0.0,0.0
2004-11-26 00:00:00-05:00,4.366407811560966,4.471470415281053,4.354485884461443,4.4555745124816895,258944796,0.0,0.0
2004-11-29 00:00:00-05:00,4.479666971266217,4.5439950178425415,4.408879854028324,4.496804237365723,426237336,0.0,0.0
2004-11-30 00:00:00-05:00,4.4883593650747065,4.545237331796889,4.476934363247158,4.51990270614624,307692000,0.0,0.0
2004-12-01 00:00:00-05:00,4.519157328324253,4.532818489974329,4.459548170336525,4.46973180770874,314249436,0.0,0.0
2004-12-02 00:00:00-05:00,4.468240841079075,4.50822905571407,4.434710277058844,4.455821990966797,250185564,0.0,0.0
2004-12-03 00:00:00-05:00,4.46948295216537,4.4970527916358645,4.4111151576115,4.480660438537598,234533232,0.0,0.0
2004-12-06 00:00:00-05:00,4.449115884273966,4.488110246057487,4.371871600673978,4.378578186035156,249909840,0.0,0.0
2004-12-07 00:00:00-05:00,4.3713752908517005,4.376342641768805,4.236011665531278,4.257868766784668,274561164,0.0,0.0
2004-12-08 00:00:00-05:00,4.2310449570465085,4.313753066115309,4.190808272681318,4.221855640411377,301370328,0.0,0.0
2004-12-09 00:00:00-05:00,4.228561166665777,4.30928251314964,4.184350512456899,4.3075432777404785,305853840,0.0,0.0
2004-12-10 00:00:00-05:00,4.307543507499127,4.343557750553782,4.254392470560151,4.263333797454834,172515312,0.0,0.0
2004-12-13 00:00:00-05:00,4.276249450928196,4.301335144691691,4.208690912830003,4.233529090881348,192551256,0.0,0.0
2004-12-14 00:00:00-05:00,4.247188337368731,4.441416664551665,4.2124159372180525,4.438188076019287,443092464,0.0,0.0
2004-12-15 00:00:00-05:00,4.4208018655876895,4.487862997651911,4.387768223963959,4.465260982513428,458381160,0.0,0.0
2004-12-16 00:00:00-05:00,4.39497093808578,4.482895799378072,4.370133708785887,4.383049011230469,342569088,0.0,0.0
2004-12-17 00:00:00-05:00,4.390251460038905,4.483143670088922,4.38503612001745,4.472712516784668,295152552,0.0,0.0
2004-12-20 00:00:00-05:00,4.520400301251583,4.680849151289883,4.517170765777636,4.5954084396362305,392986620,0.0,0.0
2004-12-21 00:00:00-05:00,4.627448311843321,4.666443624233635,4.555172317414684,4.563864707946777,220431348,0.0,0.0
2004-12-22 00:00:00-05:00,4.567590023732251,4.640860810275902,4.545485408550239,4.627199649810791,156123720,0.0,0.0
2004-12-23 00:00:00-05:00,4.65576319593036,4.684326410018731,4.619749428781824,4.666939735412598,144439416,0.0,0.0
2004-12-27 00:00:00-05:00,4.697986712274216,4.801062094922428,4.696745347667166,4.766539096832275,243919836,0.0,0.0
2004-12-28 00:00:00-05:00,4.771505741601679,4.807271518785786,4.74418389275863,4.787649631500244,165666168,0.0,0.0
2004-12-29 00:00:00-05:00,4.763307950208827,4.8065256961012555,4.763307950208827,4.791125774383545,107016876,0.0,0.0
2004-12-30 00:00:00-05:00,4.792865368407345,4.923510098226555,4.765047542149816,4.907862186431885,235935828,0.0,0.0
2004-12-31 00:00:00-05:00,4.948347802937155,4.964491694139626,4.782682667048758,4.788395404815674,306433260,0.0,0.0
2005-01-03 00:00:00-05:00,4.902895351474547,5.057880399782594,4.854710246618772,5.0347819328308105,633134232,0.0,0.0
2005-01-04 00:00:00-05:00,5.00224468321109,5.040245676527203,4.80553313004735,4.83086633682251,549685764,0.0,0.0
2005-01-05 00:00:00-05:00,4.804786978909017,4.890475191946342,4.774485952569936,4.806277751922607,329134536,0.0,0.0
2005-01-06 00:00:00-05:00,4.845272557604802,4.865638411877565,4.66246969461347,4.683084011077881,415068516,0.0,0.0
2005-01-07 00:00:00-05:00,4.734995036490409,4.824657713694077,4.68879715571581,4.814722537994385,386129484,0.0,0.0
2005-01-10 00:00:00-05:00,4.83086604965637,4.920280730878428,4.764551253528227,4.844775199890137,301282416,0.0,0.0
2005-01-11 00:00:00-05:00,4.858684254678232,4.910595346528475,4.798081244724626,4.807022571563721,278069652,0.0,0.0
2005-01-12 00:00:00-05:00,4.826644530961179,4.866384287781328,4.731517576809454,4.852723598480225,326784888,0.0,0.0
2005-01-13 00:00:00-05:00,4.852723275422227,4.902647140232535,4.8196896343434465,4.8514814376831055,273702024,0.0,0.0
2005-01-14 00:00:00-05:00,4.868123247377279,4.967721105681718,4.8216773751321025,4.966727256774902,385226388,0.0,0.0
2005-01-18 00:00:00-05:00,4.99156480997067,5.0921565141435625,4.934189914313215,5.064338684082031,526377096,0.0,0.0
2005-01-19 00:00:00-05:00,5.0829650469345475,5.0991103562455855,4.885757535734194,4.9004106521606445,449857692,0.0,0.0
2005-01-20 00:00:00-05:00,4.78119175835655,4.874331955885332,4.768773380860271,4.816461086273193,359703936,0.0,0.0
2005-01-21 00:00:00-05:00,4.831859733223788,4.85222653349068,4.672404274942772,4.67637825012207,369965664,0.0,0.0
2005-01-24 00:00:00-05:00,4.6865617467714396,4.7024576486186,4.478673658266722,4.488608360290527,560347092,0.0,0.0
2005-01-25 00:00:00-05:00,4.518909967265063,4.526361941256277,4.378579443708189,4.39919376373291,425941632,0.0,0.0
2005-01-26 00:00:00-05:00,4.452593247859603,4.704444452668264,4.449612648214224,4.700222015380859,491823684,0.0,0.0
2005-01-27 00:00:00-05:00,4.688299835579484,4.69078303746745,4.5998790125693105,4.67141056060791,264830904,0.0,0.0
2005-01-28 00:00:00-05:00,4.719594927050308,4.835833579634238,4.628193500360297,4.727542877197266,487839672,0.0,0.0
2005-01-31 00:00:00-05:00,4.810748368407299,4.87706458685942,4.761819298305323,4.858684062957764,383484132,0.0,0.0
2005-02-01 00:00:00-05:00,4.827886090310381,4.884515122197388,4.734746839263986,4.766289234161377,752806440,0.0,0.0
2005-02-02 00:00:00-05:00,5.353692883352887,5.384739298757731,5.0583773506775005,5.11550235748291,1310660028,0.0,0.0
2005-02-03 00:00:00-05:00,5.1162479576937265,5.299548224333244,5.111777057881576,5.237205982208252,519004476,0.0,0.0
2005-02-04 00:00:00-05:00,5.128169333215975,5.159961133102472,5.032048547037168,5.0757622718811035,592179228,0.0,0.0
2005-02-07 00:00:00-05:00,5.098117571943769,5.1264313791300165,4.855953048558799,4.868868350982666,517897584,0.0,0.0
2005-02-08 00:00:00-05:00,4.891966431703864,4.967969360017056,4.83161141565232,4.9336934089660645,458740800,0.0,0.0
2005-02-09 00:00:00-05:00,4.9863491875144925,5.007212442544881,4.705686727212191,4.7583417892456055,686173140,0.0,0.0
2005-02-10 00:00:00-05:00,4.768027145446393,4.77398834419246,4.6011206794753,4.668926239013672,758548692,0.0,0.0
2005-02-11 00:00:00-05:00,4.6361414166174,4.776720842971748,4.621486880800948,4.654521465301514,524115360,0.0,0.0
2005-02-14 00:00:00-05:00,4.5415114124804665,4.795597353728974,4.495562473818193,4.793362140655518,1540945512,0.0,0.0
2005-02-15 00:00:00-05:00,4.808512930371821,4.963497966356409,4.795597629021768,4.848998069763184,1030280688,0.0,0.0
2005-02-16 00:00:00-05:00,4.835833609184781,4.950830424839797,4.8258984348097265,4.927980422973633,660630708,0.0,0.0
2005-02-17 00:00:00-05:00,4.913575905010778,4.9612631388364745,4.888241278201758,4.915313720703125,416159424,0.0,0.0
2005-02-18 00:00:00-05:00,4.930465032272893,4.938660972153149,4.8845151422824875,4.916555881500244,339096564,0.0,0.0
2005-02-22 00:00:00-05:00,4.880540863610739,4.940150491944555,4.728785365124033,4.7531256675720215,538808652,0.0,0.0
2005-02-23 00:00:00-05:00,4.801061545785691,4.8303701466080335,4.685816259860663,4.817206382751465,622816560,0.0,0.0
2005-02-24 00:00:00-05:00,4.554426889134078,4.715372648392482,4.5261116650489255,4.691528797149658,1031539428,0.0,0.0
2005-02-25 00:00:00-05:00,4.6979861867761885,4.7171116236380755,4.607578601673665,4.616519927978516,398541060,0.0,0.0
2005-02-28 00:00:00-05:00,4.619750097814645,4.715870906893278,4.616024110852975,4.669175624847412,312423264,0.0,0.0
2005-03-01 00:00:00-05:00,4.701464562961478,4.712889092384222,4.520400442713399,4.62123966217041,372075552,0.0,0.0
2005-03-02 00:00:00-05:00,4.618506891732643,4.661227247422876,4.579016544767383,4.599382400512695,291128580,0.0,0.0
2005-03-03 00:00:00-05:00,4.6229783693491555,4.66321457711296,4.577773863803626,4.644835472106934,304039656,0.0,0.0
2005-03-04 00:00:00-05:00,4.6371346221135505,4.650795308722269,4.59664948662272,4.617264747619629,270693036,0.0,0.0
2005-03-07 00:00:00-05:00,4.663959678909005,4.709163708432352,4.6453311663027606,4.689542293548584,346349304,0.0,0.0
2005-03-08 00:00:00-05:00,4.696744494009059,4.715372531911188,4.594166527718243,4.599879264831543,321522156,0.0,0.0
2005-03-09 00:00:00-05:00,4.575290885822167,4.586219437737027,4.474700124848685,4.504255771636963,453961584,0.0,0.0
2005-03-10 00:00:00-05:00,4.4958108094646825,4.500530171414195,4.406147191775884,4.47022819519043,437981580,0.0,0.0
2005-03-11 00:00:00-05:00,4.481653685762963,4.494320051954008,4.399938491770639,4.416082382202148,320810868,0.0,0.0
2005-03-14 00:00:00-05:00,4.429246667321632,4.430984956199378,4.286184025572976,4.34628963470459,445418136,0.0,0.0
2005-03-15 00:00:00-05:00,4.353989452289051,4.47072550871163,4.326917011867922,4.436201095581055,416467116,0.0,0.0
2005-03-16 00:00:00-05:00,4.388761552149284,4.43620079011364,4.346786588983524,4.3614397048950195,283967748,0.0,0.0
2005-03-17 00:00:00-05:00,4.399441763352214,4.46178258115677,4.366407178195193,4.453090190887451,330093576,0.0,0.0
2005-03-18 00:00:00-05:00,4.441168824537417,4.48066059182192,4.428749973240619,4.471719264984131,283316400,0.0,0.0
2005-03-21 00:00:00-05:00,4.452593631214715,4.524622113698818,4.402422723591504,4.492582321166992,299048652,0.0,0.0
2005-03-22 00:00:00-05:00,4.500033199639381,4.518909702701235,4.417325569102534,4.435952663421631,225042732,0.0,0.0
2005-03-23 00:00:00-05:00,4.420305487061274,4.4766865313623345,4.420305487061274,4.4453911781311035,193606200,0.0,0.0
2005-03-24 00:00:00-05:00,4.4881116665070095,4.492085642592049,4.450855581552081,4.4520978927612305,148059792,0.0,0.0
2005-03-28 00:00:00-05:00,4.512451966955473,4.58994472086465,4.494319906271455,4.505993843078613,349170480,0.0,0.0
2005-03-29 00:00:00-05:00,4.496804013200349,4.552191677189423,4.422788310844014,4.460044860839844,258661080,0.0,0.0
2005-03-30 00:00:00-05:00,4.4866214844367125,4.506739350127796,4.460789461500007,4.481902122497559,249194556,0.0,0.0
2005-03-31 00:00:00-05:00,4.41980815881643,4.505248388667786,4.412108197370275,4.483391761779785,270473256,0.0,0.0
2005-04-01 00:00:00-05:00,4.514439621253305,4.543995266325381,4.4704764806578705,4.471719264984131,247032720,0.0,0.0
2005-04-04 00:00:00-04:00,4.469482719999011,4.602860064003922,4.466751528936965,4.602114677429199,322732944,0.0,0.0
2005-04-05 00:00:00-04:00,4.662717623746912,4.725555840884824,4.658743648515455,4.6835808753967285,349118532,0.0,0.0
2005-04-06 00:00:00-04:00,4.700222552317265,4.710405716797421,4.658992023455844,4.69972562789917,209893896,0.0,0.0
2005-04-07 00:00:00-04:00,4.688796961634363,4.833846829407284,4.685319910577142,4.8124871253967285,387300312,0.0,0.0
2005-04-08 00:00:00-04:00,4.810747889044943,4.845768278152176,4.755112238045346,4.770014762878418,204459336,0.0,0.0
2005-04-11 00:00:00-04:00,4.795845561427275,4.838317924589537,4.7767210718192015,4.799323558807373,216203580,0.0,0.0
2005-04-12 00:00:00-04:00,4.79361096279921,4.828879343313411,4.704444742945751,4.817454814910889,292491216,0.0,0.0
2005-04-13 00:00:00-04:00,4.805284246427716,4.826395960114263,4.712392516902386,4.791871547698975,261969768,0.0,0.0
2005-04-14 00:00:00-04:00,4.8003166693935,4.827389107977208,4.721581609085555,4.755112171173096,245861892,0.0,0.0
2005-04-15 00:00:00-04:00,4.721581861820063,4.727543061293063,4.58646670406025,4.594912052154541,462632904,0.0,0.0
2005-04-18 00:00:00-04:00,4.584480098513734,4.666443754299816,4.557407657622067,4.64384126663208,261749988,0.0,0.0
2005-04-19 00:00:00-04:00,4.702457276061846,4.768773015905372,4.670168077258604,4.753870964050293,336862800,0.0,0.0
2005-04-20 00:00:00-04:00,4.932202859816312,4.979891512083732,4.8658880609588815,4.920280933380127,617441940,0.0,0.0
2005-04-21 00:00:00-04:00,4.97790409668462,5.091658607978833,4.9505827205284945,5.072286128997803,709365924,0.0,0.0
2005-04-22 00:00:00-04:00,5.536247575488987,5.563569425805116,5.321653374075626,5.360151290893555,1326875796,0.0,0.0
2005-04-25 00:00:00-04:00,5.410074801074477,5.581949140060032,5.402622827228436,5.551896095275879,792806400,0.0,0.0
2005-04-26 00:00:00-04:00,5.46968386869073,5.513894523341702,5.421747700766879,5.433172702789307,690189120,0.0,0.0
2005-04-27 00:00:00-04:00,5.4142954289740866,5.48533052627954,5.383249016198781,5.458754539489746,410181408,0.0,0.0
2005-04-28 00:00:00-04:00,5.4518005036936374,5.515881506183353,5.407341388785631,5.450559139251709,346964688,0.0,0.0
2005-04-29 00:00:00-04:00,5.511658343821215,5.52010369241332,5.4100742172171445,5.46422004699707,366441192,0.0,0.0
2005-05-02 00:00:00-04:00,5.515135980217698,5.556117096650495,5.469435028761467,5.521096706390381,390305304,0.0,0.0
2005-05-03 00:00:00-04:00,5.510168576276009,5.666642960986352,5.497004813124698,5.617961883544922,710496792,0.0,0.0
2005-05-04 00:00:00-04:00,5.643793969828408,5.709613270637825,5.638082178135601,5.675337314605713,482856660,0.0,0.0
2005-05-05 00:00:00-04:00,5.678317820010282,5.678317820010282,5.610264253324083,5.637584686279297,300083616,0.0,0.0
2005-05-06 00:00:00-04:00,5.672853679543434,5.693965395194769,5.6249170371994275,5.66341495513916,270285444,0.0,0.0
2005-05-09 00:00:00-04:00,5.662918442836908,5.675336346280148,5.599085430964472,5.613739967346191,221250528,0.0,0.0
2005-05-10 00:00:00-04:00,5.600079539846977,5.657951354980469,5.58145197392486,5.657951354980469,253578168,0.0,0.0
2005-05-11 00:00:00-04:00,5.687010788921519,5.761770937770491,5.661180184468865,5.744633197784424,458692848,0.0,0.0
2005-05-12 00:00:00-04:00,5.732711060810885,5.767980861584234,5.667886089849068,5.6808013916015625,357570072,0.0,0.0
2005-05-13 00:00:00-04:00,5.6922262261405665,5.739665467412942,5.646029295828395,5.693716526031494,296323380,0.0,0.0
2005-05-16 00:00:00-04:00,5.704645713988405,5.752829873961039,5.677076346078159,5.738672733306885,227028744,0.0,0.0
2005-05-17 00:00:00-04:00,5.726502626145709,5.7982821759015595,5.717560826098982,5.790334224700928,312043644,0.0,0.0
2005-05-18 00:00:00-04:00,5.802255755245912,5.960221392885782,5.800020542017558,5.940103054046631,491987520,0.0,0.0
2005-05-19 00:00:00-04:00,5.969411590561614,5.990025907046374,5.91799790076973,5.94059944152832,388271340,0.0,0.0
2005-05-20 00:00:00-04:00,5.99101850076636,6.0024444472732315,5.952272601726574,6.000953674316406,326213460,0.0,0.0
2005-05-23 00:00:00-04:00,6.03945203441224,6.410522488417071,6.028275495754672,6.344703674316406,854676468,0.0,0.0
2005-05-24 00:00:00-04:00,6.3822079581960915,6.592829605966868,6.296271270530386,6.358364105224609,1160562276,0.0,0.0
2005-05-25 00:00:00-04:00,6.277146791107302,6.482054755060191,6.224987711902793,6.477832317352295,721593684,0.0,0.0
2005-05-26 00:00:00-04:00,6.48155847781401,6.55110328760415,6.415490719208835,6.4378437995910645,541322136,0.0,0.0
2005-05-27 00:00:00-04:00,6.469138782410656,6.607979931818781,6.4390862147452586,6.606738567352295,486876636,0.0,0.0
2005-05-31 00:00:00-04:00,6.691930524951417,6.914722103701497,6.69044069814039,6.886656284332275,888582528,0.0,0.0
2005-06-01 00:00:00-04:00,7.033940831283797,7.2746150457117675,7.004633176337753,7.153160095214844,1406260332,0.0,0.0
2005-06-02 00:00:00-04:00,7.171291049175993,7.197371062924297,7.068713069247786,7.15067720413208,718245036,0.0,0.0
2005-06-03 00:00:00-04:00,7.123106986079258,7.185448755163901,6.890132262587348,6.960919380187988,750540708,0.0,0.0
2005-06-06 00:00:00-04:00,7.013822521282515,7.295974780440334,6.999913843729349,7.226181983947754,900134964,0.0,0.0
2005-06-07 00:00:00-04:00,7.379179768763385,7.441024610037593,7.210285585809478,7.2803263664245605,971947080,0.0,0.0
2005-06-08 00:00:00-04:00,7.2736218509363955,7.282066253219714,6.904786563669676,6.943532943725586,1027007964,0.0,0.0
2005-06-09 00:00:00-04:00,7.071693308447175,7.165578892191346,6.968369947149692,7.111185073852539,656986356,0.0,0.0
2005-06-10 00:00:00-04:00,7.128074130106852,7.13527669414908,6.954957978502783,7.016554832458496,507356136,0.0,0.0
2005-06-13 00:00:00-04:00,6.949990338810964,7.05852950541054,6.868026687318597,7.022763729095459,511615872,0.0,0.0
2005-06-14 00:00:00-04:00,6.919440527636592,6.985258871287824,6.898577275975455,6.913479328155518,403272324,0.0,0.0
2005-06-15 00:00:00-04:00,6.830274239494261,6.887399245519139,6.642254621263091,6.825306415557861,834488676,0.0,0.0
2005-06-16 00:00:00-04:00,6.811894192185236,6.912237427739448,6.782338548258359,6.890877723693848,497997504,0.0,0.0
2005-06-17 00:00:00-04:00,6.929623430122139,6.961912155151367,6.852627130453682,6.961912155151367,416958624,0.0,0.0
2005-06-20 00:00:00-04:00,6.857346863192461,7.14496338460913,6.7490556813510265,7.120871543884277,840147012,0.0,0.0
2005-06-21 00:00:00-04:00,7.15489791753786,7.210285104560566,7.077901620610623,7.1491851806640625,604686708,0.0,0.0
2005-06-22 00:00:00-04:00,7.194638912448829,7.260457262670333,7.169801683074721,7.185449123382568,418541040,0.0,0.0
2005-06-23 00:00:00-04:00,7.153159614558467,7.3223022592622735,7.115904011187076,7.195631504058838,561693744,0.0,0.0
2005-06-24 00:00:00-04:00,7.225188778461584,7.401533530482406,7.19240359828617,7.382906436920166,710137152,0.0,0.0
2005-06-27 00:00:00-04:00,7.423886552391174,7.562230292149267,7.2987065753635525,7.553040504455566,711403884,0.0,0.0
2005-06-28 00:00:00-04:00,7.60718705652696,7.680953349462639,7.500883102416992,7.500883102416992,760698540,0.0,0.0
2005-06-29 00:00:00-04:00,7.513301362330982,7.559995691108519,7.256234801750116,7.270391941070557,731216052,0.0,0.0
2005-06-30 00:00:00-04:00,7.310628995521691,7.4246324416877485,7.228665340734411,7.305909633636475,603172224,0.0,0.0
2005-07-01 00:00:00-04:00,7.328014094658318,7.357819145450718,7.183461633338808,7.23388147354126,368734896,0.0,0.0
2005-07-05 00:00:00-04:00,7.254993317375089,7.35136209991018,7.208546978300328,7.344655513763428,299460240,0.0,0.0
2005-07-06 00:00:00-04:00,7.384147265610439,7.391597818537869,7.237110180018745,7.240586757659912,319691988,0.0,0.0
2005-07-07 00:00:00-04:00,7.187683306439655,7.346890297782142,7.1658266802367265,7.340433120727539,426457116,0.0,0.0
2005-07-08 00:00:00-04:00,7.358067572534714,7.389113985598732,7.303425771959338,7.357570648193359,298005696,0.0,0.0
2005-07-11 00:00:00-04:00,7.361793349747645,7.366760700613843,7.228168961183498,7.28603982925415,335276388,0.0,0.0
2005-07-12 00:00:00-04:00,7.287033259655415,7.312118476370902,7.22593380236611,7.247045516967773,234361404,0.0,0.0
2005-07-13 00:00:00-04:00,7.265175879680381,7.432331301220098,7.25499318932778,7.422893524169922,457058484,0.0,0.0
2005-07-14 00:00:00-04:00,7.583840218568573,7.61886061332415,7.452947482279506,7.47331428527832,426281292,0.0,0.0
2005-07-15 00:00:00-04:00,7.482007176893756,7.535656082439857,7.445743999948057,7.480764865875244,337198464,0.0,0.0
2005-07-18 00:00:00-04:00,7.451208093751709,7.498398870899267,7.395323506545377,7.439782619476318,248063688,0.0,0.0
2005-07-19 00:00:00-04:00,7.503366833647127,7.708275741424202,7.495916280412428,7.697098255157471,504351144,0.0,0.0
2005-07-20 00:00:00-04:00,7.589551744390609,7.764406647807272,7.495915577778895,7.749256134033203,571843584,0.0,0.0
2005-07-21 00:00:00-04:00,7.800172666399423,7.893312858076369,7.729634488259265,7.797440528869629,790784424,0.0,0.0
2005-07-22 00:00:00-04:00,7.609421999939074,7.680953554910455,7.360055406304276,7.510818004608154,934536528,0.0,0.0
2005-07-25 00:00:00-04:00,7.510569641899463,7.532923668636353,7.326028003044482,7.3481340408325195,385965648,0.0,0.0
2005-07-26 00:00:00-04:00,7.327270050954918,7.401532795184513,7.254744648976747,7.3540940284729,392283324,0.0,0.0
2005-07-27 00:00:00-04:00,7.3950759039312715,7.407245818865396,7.262443944755568,7.374958038330078,288427284,0.0,0.0
2005-07-28 00:00:00-04:00,7.386880001832967,7.386880001832967,7.284300609440849,7.289765357971191,236786976,0.0,0.0
2005-07-29 00:00:00-04:00,7.255986300400801,7.2733720272627425,7.128073711373177,7.14719820022583,334197468,0.0,0.0
2005-08-01 00:00:00-04:00,7.156140576345505,7.264928692490395,7.155644598437567,7.242823600769043,226269504,0.0,0.0
2005-08-02 00:00:00-04:00,7.242573805306304,7.439285340548334,7.230651879738262,7.431089401245117,291316392,0.0,0.0
2005-08-03 00:00:00-04:00,7.401533372707719,7.444254674062438,7.341923740358836,7.384147644042969,236986776,0.0,0.0
2005-08-04 00:00:00-04:00,7.3406815419572995,7.426370236354857,7.333230989014073,7.394827842712402,209250540,0.0,0.0
2005-08-05 00:00:00-04:00,7.389114451400203,7.414200140255724,7.235371256367274,7.261201858520508,237350412,0.0,0.0
2005-08-08 00:00:00-04:00,7.292248317664224,7.3431660287649825,7.215004972923494,7.23388147354126,179092728,0.0,0.0
2005-08-09 00:00:00-04:00,7.251515161229923,7.269398286286778,7.165826942009849,7.2418293952941895,230940828,0.0,0.0
2005-08-10 00:00:00-04:00,7.235123237807268,7.260705850930682,7.0756668329255685,7.095536708831787,274884840,0.0,0.0
2005-08-11 00:00:00-04:00,7.1007527563139545,7.117890968531853,6.969860506454366,7.055051803588867,300295404,0.0,0.0
2005-08-12 00:00:00-04:00,7.03791430097059,7.207801384917443,6.995193949483381,7.1958794593811035,263172564,0.0,0.0
2005-08-15 00:00:00-04:00,7.197867573019274,7.271635295019073,7.0480978621223,7.053811073303223,326661012,0.0,0.0
2005-08-16 00:00:00-04:00,7.075666922760454,7.14794386349646,7.037417943574331,7.094791412353516,284083632,0.0,0.0
2005-08-17 00:00:00-04:00,7.091314621613459,7.117641674313163,7.053810083597433,7.081131458282471,155176668,0.0,0.0
2005-08-18 00:00:00-04:00,6.852877000566255,6.966880455911964,6.830274984615339,6.9542131423950195,474437088,0.0,0.0
2005-08-19 00:00:00-04:00,6.979049857796436,6.990474385370386,6.945021897684814,6.954460620880127,221494284,0.0,0.0
2005-08-22 00:00:00-04:00,6.985258841383218,6.990972051912549,6.789292691354807,6.805685043334961,272247480,0.0,0.0
2005-08-23 00:00:00-04:00,6.859085547423631,6.948003776146553,6.808417244622256,6.944028854370117,232635132,0.0,0.0
2005-08-24 00:00:00-04:00,6.894105820810313,7.07243825307828,6.866287994507081,7.018292427062988,343380276,0.0,0.0
2005-08-25 00:00:00-04:00,7.017795919484468,7.053810158055895,6.953715392650012,7.018789768218994,174888936,0.0,0.0
2005-08-26 00:00:00-04:00,7.0408951615196305,7.079145563968467,7.020529305654582,7.043379783630371,150061788,0.0,0.0
2005-08-29 00:00:00-04:00,7.01009702386645,7.180977969940213,7.01009702386645,7.164336681365967,235883880,0.0,0.0
2005-08-30 00:00:00-04:00,7.138009916002415,7.1906649750688,7.100504899636309,7.135029315948486,191488320,0.0,0.0
2005-08-31 00:00:00-04:00,7.158871813419858,7.165577925639867,7.0627510293534925,7.103484153747559,201158640,0.0,0.0
2005-09-01 00:00:00-04:00,7.101249602401086,7.140741366159018,7.07864758848129,7.109694004058838,109574316,0.0,0.0
2005-09-02 00:00:00-04:00,7.116152524336995,7.202586609561734,7.114413762165912,7.164336681365967,137242620,0.0,0.0
2005-09-06 00:00:00-04:00,7.17799719636645,7.187683909283378,7.123354916384246,7.131054878234863,168323508,0.0,0.0
2005-09-07 00:00:00-04:00,7.100752910836545,7.339440370239112,7.085602395837211,7.323792457580566,299680020,0.0,0.0
2005-09-08 00:00:00-04:00,7.3227984391285075,7.433324354000948,7.286287277145905,7.33670711517334,264267468,0.0,0.0
2005-09-09 00:00:00-04:00,7.38364952305559,7.428854022244182,7.365766871733416,7.428606033325195,175444380,0.0,0.0
2005-09-12 00:00:00-04:00,7.49467304580143,7.73485032053254,7.476045953941936,7.693123817443848,415044540,0.0,0.0
2005-09-13 00:00:00-04:00,7.674744483907109,7.836932086139517,7.6044547655548325,7.741308689117432,411584004,0.0,0.0
2005-09-14 00:00:00-04:00,7.668037835078,7.781047898720977,7.458658994562335,7.525720119476318,450580968,0.0,0.0
2005-09-15 00:00:00-04:00,7.4392857753908315,7.61886005596545,7.399298032235466,7.516282081604004,618029352,0.0,0.0
2005-09-16 00:00:00-04:00,7.5510547739014795,7.562976700622737,7.447979397932428,7.4561767578125,302888808,0.0,0.0
2005-09-19 00:00:00-04:00,7.47604656871828,7.600233185970365,7.468843057742182,7.545341968536377,230245524,0.0,0.0
2005-09-20 00:00:00-04:00,7.603957493258963,7.731870092737323,7.581107489640427,7.647671222686768,373665960,0.0,0.0
2005-09-21 00:00:00-04:00,7.66009022070531,7.792970165468985,7.599239227782779,7.746772289276123,404383212,0.0,0.0
2005-09-22 00:00:00-04:00,7.736837311436639,7.928581976277289,7.703804144307897,7.733608722686768,519735744,0.0,0.0
2005-09-23 00:00:00-04:00,7.77409401049753,7.878659208899527,7.7639113196643965,7.832710266113281,339012648,0.0,0.0
2005-09-26 00:00:00-04:00,7.935536206751856,7.971551394064432,7.763165911185341,7.8058857917785645,395380224,0.0,0.0
2005-09-27 00:00:00-04:00,7.8225266910109355,7.908463372322216,7.783531379034079,7.797440528869629,274649076,0.0,0.0
2005-09-28 00:00:00-04:00,7.804394691364207,7.82625179177294,7.590297426454172,7.6002326011657715,319576104,0.0,0.0
2005-09-29 00:00:00-04:00,7.617122673619805,7.717465440408388,7.6022201466256645,7.690144062042236,224327448,0.0,0.0
2005-09-30 00:00:00-04:00,7.804394995669922,7.885861727740833,7.756459302085095,7.860030651092529,365685948,0.0,0.0
2005-10-03 00:00:00-04:00,7.789742213884926,7.950688460634535,7.76887896051818,7.915170669555664,366045588,0.0,0.0
2005-10-04 00:00:00-04:00,7.946713265154126,7.97974690430147,7.717960993194441,7.724419116973877,365406228,0.0,0.0
2005-10-05 00:00:00-04:00,7.7663944999953545,7.821284768984562,7.64990737569096,7.717216968536377,332802864,0.0,0.0
2005-10-06 00:00:00-04:00,7.802408202175734,7.810853550562209,7.701816980309836,7.767885208129883,319432248,0.0,0.0
2005-10-07 00:00:00-04:00,7.8185537348088685,7.865248067826348,7.712994679396951,7.773846626281738,270541188,0.0,0.0
2005-10-10 00:00:00-04:00,7.7817946131554105,7.81929821054881,7.678470297459574,7.715726852416992,222665112,0.0,0.0
2005-10-11 00:00:00-04:00,7.714732180738189,7.7654000079322545,7.57191706714221,7.602715492248535,341362296,0.0,0.0
2005-10-12 00:00:00-04:00,7.580363393076022,7.6297889157562215,7.426370774411774,7.475301265716553,371875752,0.0,0.0
2005-10-13 00:00:00-04:00,7.500883749022045,7.500883749022045,7.219723916677112,7.387624263763428,422285292,0.0,0.0
2005-10-14 00:00:00-04:00,7.448723890577054,7.4569203029507,7.265921036124174,7.355335712432861,340423236,0.0,0.0
2005-10-17 00:00:00-04:00,7.389114720879403,7.580362934969178,7.316092391542876,7.575395584106445,302365332,0.0,0.0
2005-10-18 00:00:00-04:00,7.574401291448521,7.648913443068235,7.519262091014962,7.532674789428711,282828888,0.0,0.0
2005-10-19 00:00:00-04:00,7.550558428572519,7.696354162318236,7.549565052980496,7.667293548583984,280147572,0.0,0.0
2005-10-20 00:00:00-04:00,7.6993335310554905,7.7276478088393015,7.4812613440712825,7.5306878089904785,555911532,0.0,0.0
2005-10-21 00:00:00-04:00,8.58875941093774,8.60440637619724,8.270840450298582,8.442218780517578,914780304,0.0,0.0
2005-10-24 00:00:00-04:00,8.528405178849223,8.675690736070248,8.499096103554736,8.6595458984375,376890732,0.0,0.0
2005-10-25 00:00:00-04:00,8.588261945636683,8.628498619236995,8.515736548288373,8.616327285766602,274856868,0.0,0.0
2005-10-26 00:00:00-04:00,8.600681772609276,8.8421009084211,8.598446085968979,8.828191757202148,355943700,0.0,0.0
2005-10-27 00:00:00-04:00,8.857002622329047,8.869172063040414,8.734802772161787,8.76907730102539,205170624,0.0,0.0
2005-10-28 00:00:00-04:00,8.82396951491495,8.915370472597473,8.817759379945189,8.895997047424316,235903860,0.0,0.0
2005-10-31 00:00:00-05:00,8.94741029178941,9.307800677013903,8.929279650771175,9.242975234985352,573142284,0.0,0.0
2005-11-01 00:00:00-05:00,9.236020844430413,9.535062355904188,9.165233258555414,9.422797203063965,653589756,0.0,0.0
2005-11-02 00:00:00-05:00,9.480419644924844,9.562383770026457,9.367907449224125,9.430249214172363,422193384,0.0,0.0
2005-11-03 00:00:00-05:00,9.498056023119826,9.601627374665908,9.472472461519988,9.585979461669922,297638064,0.0,0.0
2005-11-04 00:00:00-05:00,9.686073833984482,9.731029873474963,9.573560687314583,9.697251319885254,352643004,0.0,0.0
2005-11-07 00:00:00-05:00,9.813240272102343,9.872105457212017,9.739970906532488,9.811502456665039,383276340,0.0,0.0
2005-11-08 00:00:00-05:00,9.792128570161067,9.825411144911648,9.651301149244462,9.684086799621582,315584100,0.0,0.0
2005-11-09 00:00:00-05:00,9.603862020267307,9.644098699127534,9.389267346202107,9.417085647583008,418257324,0.0,0.0
2005-11-10 00:00:00-05:00,9.397462835562338,9.72010116432256,9.374364843862539,9.71389102935791,364782852,0.0,0.0
2005-11-11 00:00:00-05:00,9.813737090983492,9.85794726667699,9.658006680846574,9.696504592895508,282273444,0.0,0.0
2005-11-14 00:00:00-05:00,9.739225754910558,9.890732794033164,9.724571691426542,9.859686851501465,312003684,0.0,0.0
2005-11-15 00:00:00-05:00,9.795355882069325,9.86043024996825,9.710165071632023,9.75611400604248,344651004,0.0,0.0
2005-11-16 00:00:00-05:00,9.840561603776647,9.906379943397823,9.788651466729549,9.888994216918945,347460192,0.0,0.0
2005-11-17 00:00:00-05:00,9.979651152641498,10.029574543313686,9.923270584448346,10.02063274383545,368119512,0.0,0.0
2005-11-18 00:00:00-05:00,10.021625089773897,10.046711722337847,9.931217045856817,9.94015884399414,280742976,0.0,0.0
2005-11-21 00:00:00-05:00,9.91432875712016,10.182821264420975,9.773253342566369,10.167421340942383,412990596,0.0,0.0
2005-11-22 00:00:00-05:00,10.14978677915473,10.364879320392886,10.089681643899107,10.344015121459961,383456160,0.0,0.0
2005-11-23 00:00:00-05:00,10.358171721984283,10.54892347664616,10.32687779151953,10.502725601196289,402996600,0.0,0.0
2005-11-25 00:00:00-05:00,10.575250491844525,10.649016781208765,10.563328093650771,10.645788192749023,193410396,0.0,0.0
2005-11-28 00:00:00-05:00,10.67559473583484,10.71086406448456,10.49229588339371,10.518126487731934,439895664,0.0,0.0
2005-11-29 00:00:00-05:00,10.5424655447785,10.59065111858215,9.988096708425472,10.022869110107422,858972168,0.0,0.0
2005-11-30 00:00:00-05:00,10.040752318926055,10.144819647770431,9.824666870744675,10.056896209716797,623240136,0.0,0.0
2005-12-01 00:00:00-05:00,10.163448570968454,10.318433146994625,10.140846555035187,10.284903526306152,389406204,0.0,0.0
2005-12-02 00:00:00-05:00,10.355689576751525,10.420018096382154,10.279190668741768,10.374566078186035,301438260,0.0,0.0
2005-12-05 00:00:00-05:00,10.357178574636032,10.369597897481286,10.04124731950214,10.080242156982422,411164424,0.0,0.0
2005-12-06 00:00:00-05:00,10.15102900442388,10.34252567179538,9.977167946230427,10.04770565032959,604406988,0.0,0.0
2005-12-07 00:00:00-05:00,10.08794236669975,10.101355539848761,9.910355778158538,10.039758682250977,466169364,0.0,0.0
2005-12-08 00:00:00-05:00,10.066581529664244,10.199461936950684,10.000513309381878,10.199461936950684,356043600,0.0,0.0
2005-12-09 00:00:00-05:00,10.30750532231766,10.326879697155412,10.147553383802983,10.16344928741455,305430264,0.0,0.0
2005-12-12 00:00:00-05:00,10.298315531781249,10.312721607207708,10.182076865630023,10.248144149780273,277725996,0.0,0.0
2005-12-13 00:00:00-05:00,10.245409917335682,10.382014890708433,10.224049743045354,10.369348526000977,326225448,0.0,0.0
2005-12-14 00:00:00-05:00,10.358172242772131,10.424985383982849,10.319675273325167,10.40585994720459,264950784,0.0,0.0
2005-12-15 00:00:00-05:00,10.409585878552692,10.509680644297845,10.344760438208919,10.495025634765625,241590168,0.0,0.0
2005-12-16 00:00:00-05:00,10.564323907278444,10.74215943891343,10.499994435894445,10.683792114257812,652566780,0.0,0.0
2005-12-19 00:00:00-05:00,10.734706353493353,11.082677387562583,10.434422072356934,10.545942306518555,876594528,0.0,0.0
2005-12-20 00:00:00-05:00,10.626913972330975,10.734708717447255,10.547682444700527,10.673608779907227,402984612,0.0,0.0
2005-12-21 00:00:00-05:00,10.768238303882386,10.85044947767656,10.449326417697542,10.588912010192871,448427124,0.0,0.0
2005-12-22 00:00:00-05:00,10.724025858907105,10.751098297242416,10.578976008802393,10.730732917785645,301562136,0.0,0.0
2005-12-23 00:00:00-05:00,10.733466078190075,10.742158942616758,10.649764129788936,10.703164100646973,183620196,0.0,0.0
2005-12-27 00:00:00-05:00,10.726263296932311,10.726263296932311,10.50024408382131,10.546937942504883,267843888,0.0,0.0
2005-12-28 00:00:00-05:00,10.539485393892136,10.624926101862423,10.462986485542928,10.597853660583496,284431284,0.0,0.0
2005-12-29 00:00:00-05:00,10.629892537825189,10.648521048801618,10.411076393370145,10.435416221618652,277554168,0.0,0.0
2005-12-30 00:00:00-05:00,10.363885651252732,10.387233526042898,10.27621020251805,10.304027557373047,303180516,0.0,0.0
2006-01-03 00:00:00-05:00,10.494281847576087,10.820892730206104,10.387480967329065,10.809964179992676,524323152,0.0,0.0
2006-01-04 00:00:00-05:00,11.025304492743683,11.15098092476133,10.92222912750505,11.058586120605469,610844544,0.0,0.0
2006-01-05 00:00:00-05:00,11.07746326446492,11.215310092154787,10.965695029122436,11.207610130310059,431899668,0.0,0.0
2006-01-06 00:00:00-05:00,11.347444257690231,11.685977540642662,11.257285137852765,11.565765380859375,709565724,0.0,0.0
2006-01-09 00:00:00-05:00,11.584392951283602,11.758006024741965,11.44853287936246,11.596563339233398,511164324,0.0,0.0
2006-01-10 00:00:00-05:00,11.534967239616341,11.679769120261602,11.475855004596385,11.66759967803955,363520116,0.0,0.0
2006-01-11 00:00:00-05:00,11.70510372476381,11.800479136895552,11.653193580986855,11.714045524597168,359935704,0.0,0.0
2006-01-12 00:00:00-05:00,11.765953513055653,11.797497324914607,11.462441579109415,11.515344619750977,404606988,0.0,0.0
2006-01-13 00:00:00-05:00,11.532233966083997,11.59631544154363,11.465173783890862,11.580419540405273,305957736,0.0,0.0
2006-01-17 00:00:00-05:00,11.501188235664447,11.671075800527795,11.488024945131734,11.601778984069824,330481188,0.0,0.0
2006-01-18 00:00:00-05:00,11.109751409080996,11.359614447940599,11.009159718593823,11.050390243530273,818608572,0.0,0.0
2006-01-19 00:00:00-05:00,11.205872930293411,11.263496286519182,10.75457847306518,10.840266227722168,580910508,0.0,0.0
2006-01-20 00:00:00-05:00,10.896149945215063,10.9291835852306,9.804299169573767,9.921531677246094,1643023332,0.0,0.0
2006-01-23 00:00:00-05:00,10.118244394558726,10.640076509411873,10.077261858424372,10.617971420288086,908746344,0.0,0.0
2006-01-24 00:00:00-05:00,10.829834427989928,11.051383190357457,10.791336513676127,11.003695487976074,617965416,0.0,0.0
2006-01-25 00:00:00-05:00,11.20810873921649,11.281875041111924,10.660693001497231,10.754578590393066,748842408,0.0,0.0
2006-01-26 00:00:00-05:00,10.917013136367876,10.928190622120622,10.520112534007783,10.786120414733887,516526956,0.0,0.0
2006-01-27 00:00:00-05:00,10.80425153210575,10.884227011832666,10.654730305072102,10.766746520996094,337749912,0.0,0.0
2006-01-30 00:00:00-05:00,10.660940898304931,10.761532599823882,10.555879716526535,10.601082801818848,343212444,0.0,0.0
2006-01-31 00:00:00-05:00,10.694222702005233,10.918504082609804,10.530296337940863,10.746131896972656,881757360,0.0,0.0
2006-02-01 00:00:00-05:00,9.662477468832442,9.98461791520814,9.624973404065798,9.979154586791992,1083815100,0.0,0.0
2006-02-02 00:00:00-05:00,10.02982334189181,10.096387546372096,9.83509713272977,9.836587905883789,471835692,0.0,0.0
2006-02-03 00:00:00-05:00,9.776482462624815,9.783436564895622,9.2536564518974,9.47669506072998,730540728,0.0,0.0
2006-02-06 00:00:00-05:00,9.570082358982496,9.68408626923707,9.427267248393838,9.56486701965332,357258384,0.0,0.0
2006-02-07 00:00:00-05:00,9.51246022451746,9.53009488690604,9.024654663004213,9.138160705566406,664542792,0.0,0.0
2006-02-08 00:00:00-05:00,9.152070108258007,9.206961794383108,8.809066402757818,9.166972160339355,831331836,0.0,0.0
2006-02-09 00:00:00-05:00,9.219628343451726,9.299106902655952,8.844832828837328,8.91089916229248,476019504,0.0,0.0
2006-02-10 00:00:00-05:00,8.989882344950555,9.053217958169407,8.771064303889675,9.006274223327637,608331060,0.0,0.0
2006-02-13 00:00:00-05:00,8.609623931034228,8.707979949460848,8.49164649601889,8.586276054382324,787923288,0.0,0.0
2006-02-14 00:00:00-05:00,8.577085940359161,8.73505109854411,8.504312549580508,8.527162551879883,585573840,0.0,0.0
2006-02-15 00:00:00-05:00,8.476245333178476,8.593726773118494,8.390804630139412,8.503814697265625,517362120,0.0,0.0
2006-02-16 00:00:00-05:00,8.585530342122745,9.115311380292047,8.556222214446821,9.101900100708008,851767380,0.0,0.0
2006-02-17 00:00:00-05:00,9.186346594238275,9.242975149750473,9.031361086839091,9.15877628326416,572235192,0.0,0.0
2006-02-21 00:00:00-05:00,9.101401828716808,9.277747511398362,9.068368189302792,9.105128288269043,347092560,0.0,0.0
2006-02-22 00:00:00-05:00,9.119036042369968,9.163743143045387,9.037321802147884,9.077805519104004,258788952,0.0,0.0
2006-02-23 00:00:00-05:00,9.08078660596359,9.468995287799343,9.075323277380914,9.390260696411133,501561936,0.0,0.0
2006-02-24 00:00:00-05:00,9.371134443866907,9.439933374333798,9.2765039693424,9.373617172241211,259112628,0.0,0.0
2006-02-27 00:00:00-05:00,9.469740547781479,9.728794334083023,9.445151782168773,9.696008682250977,408079512,0.0,0.0
2006-02-28 00:00:00-05:00,9.76604978601988,9.87384356550344,8.407694259952656,9.006524085998535,1575926496,0.0,0.0
2006-03-01 00:00:00-05:00,9.154057614167817,9.176162705187208,8.97373936163121,9.060669898986816,481965552,0.0,0.0
2006-03-02 00:00:00-05:00,9.047754093225308,9.465518942530634,8.996092882002282,9.35002613067627,732478788,0.0,0.0
2006-03-03 00:00:00-05:00,9.544997898180112,9.618020230353897,9.332886896877621,9.392993927001953,478001520,0.0,0.0
2006-03-06 00:00:00-05:00,9.460798495275805,9.52264428410395,9.118788632792787,9.142632484436035,357230412,0.0,0.0
2006-03-07 00:00:00-05:00,9.066134290571751,9.151326066827258,8.895501802588765,9.051976203918457,414736848,0.0,0.0
2006-03-08 00:00:00-05:00,8.79068676106507,8.94219474218672,8.706487895778706,8.789444923400879,469354176,0.0,0.0
2006-03-09 00:00:00-05:00,8.8269499547826,8.904938685397576,8.481958553596387,8.519214630126953,555859584,0.0,0.0
2006-03-10 00:00:00-05:00,8.531634655973813,8.556472360636226,8.234827824023013,8.382610321044922,772250976,0.0,0.0
2006-03-13 00:00:00-05:00,8.46780248987436,8.59621154980897,8.331693467513698,8.371681213378906,545150304,0.0,0.0
2006-03-14 00:00:00-05:00,8.373667608642354,8.751939680572365,8.261402457889497,8.721887588500977,737289972,0.0,0.0
2006-03-15 00:00:00-05:00,8.712201317299218,8.75020231209063,8.457867818658265,8.556471824645996,510241248,0.0,0.0
2006-03-16 00:00:00-05:00,8.65855086392282,8.662027440930629,8.392543030396075,8.414151191711426,400267332,0.0,0.0
2006-03-17 00:00:00-05:00,8.414898689171611,8.488913928967253,8.318778356978724,8.43948745727539,341725932,0.0,0.0
2006-03-20 00:00:00-05:00,8.5028220752361,8.69531165234106,8.482951725411084,8.648119926452637,415887696,0.0,0.0
2006-03-21 00:00:00-05:00,8.693325523338363,8.734306170581748,8.42185239841868,8.442716598510742,392850756,0.0,0.0
2006-03-22 00:00:00-05:00,8.438492292443064,8.546535008396793,8.38260865123809,8.450166702270508,303536160,0.0,0.0
2006-03-23 00:00:00-05:00,8.503071296608285,8.587518165928435,8.449671320970689,8.491646766662598,297090612,0.0,0.0
2006-03-24 00:00:00-05:00,9.155547209431328,9.192058371171212,9.0037912452649,9.085505485534668,606616776,0.0,0.0
2006-03-27 00:00:00-05:00,9.11754573898555,9.232294569427754,9.065636545380631,9.182124137878418,280667052,0.0,0.0
2006-03-28 00:00:00-05:00,9.23229439725163,9.385045161573261,9.218883118478583,9.368651390075684,357474168,0.0,0.0
2006-03-29 00:00:00-05:00,9.43670708012062,9.9101075566967,9.42602651825044,9.810260772705078,760338900,0.0,0.0
2006-03-30 00:00:00-05:00,9.666451860943873,9.773501683209307,9.527860116830368,9.647825241088867,587879532,0.0,0.0
2006-03-31 00:00:00-05:00,9.65527529534854,9.73301698908745,9.538291717849901,9.68657112121582,1459395144,0.0,0.0
2006-04-03 00:00:00-04:00,9.674896665716112,9.74791898989428,9.635156915098852,9.679118156433105,324583092,0.0,0.0
2006-04-04 00:00:00-04:00,9.684085440393709,10.056646155032732,9.64037124602647,10.042737007141113,627999372,0.0,0.0
2006-04-05 00:00:00-04:00,10.138610535000508,10.29682558785363,10.004986141498188,10.133395195007324,535883580,0.0,0.0
2006-04-06 00:00:00-04:00,10.096137917074339,10.279934616710285,10.069810391722353,10.212625503540039,343596060,0.0,0.0
2006-04-07 00:00:00-04:00,10.243177543054118,10.254106094891267,10.034792037778265,10.087943077087402,280754964,0.0,0.0
2006-04-10 00:00:00-04:00,10.110792227664446,10.361401122270182,10.065339266098615,10.341779708862305,372431196,0.0,0.0
2006-04-11 00:00:00-04:00,10.34277513500737,10.409339346698621,10.089433591029813,10.174874305725098,443843712,0.0,0.0
2006-04-12 00:00:00-04:00,10.158479844226921,10.216351181764326,10.063849355471794,10.157238006591797,240439320,0.0,0.0
2006-04-13 00:00:00-04:00,10.149291848937212,10.177358141665993,9.947364470494382,9.988594055175781,261853884,0.0,0.0
2006-04-17 00:00:00-04:00,10.020632892649736,10.245411201957271,9.955807448407093,10.10433578491211,330049620,0.0,0.0
2006-04-18 00:00:00-04:00,10.131902567294508,10.179094286674992,9.972199610011995,10.040252685546875,325178496,0.0,0.0
2006-04-19 00:00:00-04:00,10.247152008865589,10.273726582040764,10.102100234560984,10.195737838745117,270996732,0.0,0.0
2006-04-20 00:00:00-04:00,10.208402782526976,10.332340444714474,10.138609049544547,10.307502746582031,490369140,0.0,0.0
2006-04-21 00:00:00-04:00,11.149490311836127,11.194693388728712,10.833310136835467,10.856409072875977,901149948,0.0,0.0
2006-04-24 00:00:00-04:00,10.913537462927012,11.045175108777961,10.842005902187168,10.940858840942383,353102544,0.0,0.0
2006-04-25 00:00:00-04:00,10.919249694545837,10.954270088176246,10.580716383217093,10.609527587890625,382377240,0.0,0.0
2006-04-26 00:00:00-04:00,10.623931602309087,10.681058027764093,10.519367356809772,10.579970359802246,290820888,0.0,0.0
2006-04-27 00:00:00-04:00,10.50396754314228,10.603316450106524,10.416540088543794,10.432435989379883,333182484,0.0,0.0
2006-04-28 00:00:00-04:00,10.39766428231807,10.574009976413365,10.3397938856277,10.380526542663574,296555148,0.0,0.0
2006-05-01 00:00:00-04:00,10.393691098039865,10.417782940565496,9.898931372974024,9.907623291015625,414033552,0.0,0.0
2006-05-02 00:00:00-04:00,9.961769328229478,9.996789722682163,9.64683187406486,9.805790901184082,523647828,0.0,0.0
2006-05-03 00:00:00-04:00,9.84428788690935,9.972200956389132,9.708427813349711,9.790142059326172,322565112,0.0,0.0
2006-05-04 00:00:00-04:00,9.811504266346438,9.906879684114674,9.741462529819186,9.804549217224121,185893920,0.0,0.0
2006-05-05 00:00:00-04:00,9.875335333138938,9.9518342436885,9.730781440981707,9.793371200561523,242357400,0.0,0.0
2006-05-08 00:00:00-04:00,9.813489969277638,9.863412413027275,9.68781258581084,9.805293083190918,204539256,0.0,0.0
2006-05-09 00:00:00-04:00,9.828143883946476,10.15848125961883,9.77971220942863,10.15351390838623,365258376,0.0,0.0
2006-05-10 00:00:00-04:00,10.141342315096214,10.225789169068811,9.9811414707759,10.008959770202637,247240512,0.0,0.0
2006-05-11 00:00:00-04:00,10.019888745668801,10.051928537284226,9.561887260076817,9.612058639526367,355356288,0.0,0.0
2006-05-12 00:00:00-04:00,9.52612045847317,9.559154096960034,9.27799523992013,9.292401313781738,403100496,0.0,0.0
2006-05-15 00:00:00-04:00,9.33710873705289,9.441921919971357,9.146356978888122,9.343814849853516,343260396,0.0,0.0
2006-05-16 00:00:00-04:00,9.338598345703494,9.36020745673595,9.187091312167267,9.222111701965332,259384356,0.0,0.0
2006-05-17 00:00:00-04:00,9.204973681209319,9.434222395206149,9.19528696918483,9.301590919494629,425326248,0.0,0.0
2006-05-18 00:00:00-04:00,9.407895153374222,9.483152218995652,9.20745763397232,9.214411735534668,233166600,0.0,0.0
2006-05-19 00:00:00-04:00,9.271290307609473,9.30159228575119,8.955607945334547,9.19032096862793,455472072,0.0,0.0
2006-05-22 00:00:00-04:00,9.136423131047048,9.265081123964185,9.071846618898823,9.213419914245605,343831824,0.0,0.0
2006-05-23 00:00:00-04:00,9.294390279012827,9.534567580115567,9.278244494423411,9.32841682434082,358960680,0.0,0.0
2006-05-24 00:00:00-04:00,9.372377819703942,9.523637810442656,9.229811639053304,9.469243049621582,381769848,0.0,0.0
2006-05-25 00:00:00-04:00,9.415347483278726,9.512710597771479,9.247198666136452,9.51246166229248,327456216,0.0,0.0
2006-05-26 00:00:00-04:00,9.551206879425681,9.584241466969237,9.438941719133252,9.47172737121582,146533320,0.0,0.0
2006-05-30 00:00:00-04:00,9.395476747319917,9.463035751207133,9.225838110331594,9.238008499145508,172467360,0.0,0.0
2006-05-31 00:00:00-04:00,9.28420484326009,9.39473218440242,9.109847801699217,9.235027313232422,318932748,0.0,0.0
2006-06-01 00:00:00-04:00,9.277748813048545,9.512461845979807,9.229564179306976,9.50327205657959,250868880,0.0,0.0
2006-06-02 00:00:00-04:00,9.608084490696884,9.614045689929114,9.37486132606983,9.424286842346191,255200544,0.0,0.0
2006-06-05 00:00:00-04:00,9.343317601590961,9.474211264391002,9.292898236131434,9.300100326538086,222117660,0.0,0.0
2006-06-06 00:00:00-04:00,9.353253217816572,9.686570201137652,9.346298169829943,9.686322212219238,409981608,0.0,0.0
2006-06-07 00:00:00-04:00,9.767044710691511,9.807280444217255,9.599639866104164,9.599888801574707,356095548,0.0,0.0
2006-06-08 00:00:00-04:00,9.630685938206254,9.792626493464663,9.403175974887928,9.768533706665039,413965620,0.0,0.0
2006-06-09 00:00:00-04:00,9.740965955311212,9.821439321890102,9.571077421470408,9.601380348205566,246053700,0.0,0.0
2006-06-12 00:00:00-04:00,9.64533888901391,9.698739796097064,9.463033920586268,9.476445198059082,200563236,0.0,0.0
2006-06-13 00:00:00-04:00,9.460550228763433,9.612058209107493,9.391502351248134,9.600136756896973,306057636,0.0,0.0
2006-06-14 00:00:00-04:00,9.682348741137725,9.713891609611924,9.40143784566857,9.547232627868652,310569120,0.0,0.0
2006-06-15 00:00:00-04:00,9.602619090306662,9.742453601605105,9.512708911755615,9.711407661437988,271156572,0.0,0.0
2006-06-16 00:00:00-04:00,9.664216850321425,9.709669814751257,9.636896420399044,9.703956604003906,211971816,0.0,0.0
2006-06-19 00:00:00-04:00,9.70768235066258,9.805790372766044,9.61156202618304,9.640373229980469,305018676,0.0,0.0
2006-06-20 00:00:00-04:00,9.637641696214137,9.733018064529,9.599889634980194,9.61628246307373,161434404,0.0,0.0
2006-06-21 00:00:00-04:00,9.712898582638354,10.034294142260423,9.680361865762663,9.987847328186035,349426224,0.0,0.0
2006-06-22 00:00:00-04:00,9.97418712568882,10.08396765456417,9.636895695878648,9.933701515197754,236239524,0.0,0.0
2006-06-23 00:00:00-04:00,10.003494497554552,10.17710756633234,9.953324067014231,10.05565357208252,212379408,0.0,0.0
2006-06-26 00:00:00-04:00,10.102597377628134,10.141095295311414,10.015665893503892,10.039758682250977,141905952,0.0,0.0
2006-06-27 00:00:00-04:00,10.076764974680481,10.133642465298495,9.960029393721433,9.992566108703613,164119716,0.0,0.0
2006-06-28 00:00:00-04:00,10.03454136503122,10.09588928085856,9.963009812545344,10.086700439453125,148271580,0.0,0.0
2006-06-29 00:00:00-04:00,10.133395541771858,10.386984122067425,10.079498645210284,10.377298355102539,266061672,0.0,0.0
2006-06-30 00:00:00-04:00,10.322405818481595,10.41504955291748,10.241188504304706,10.41504955291748,250069680,0.0,0.0
2006-07-03 00:00:00-04:00,10.432684740375228,10.525327532957462,10.418030677472215,10.511171340942383,86181732,0.0,0.0
2006-07-05 00:00:00-04:00,10.46944445512197,10.501236257941766,10.32339979608055,10.4679536819458,199224576,0.0,0.0
2006-07-06 00:00:00-04:00,10.51564179406942,10.565317197794212,10.480869390071142,10.5109224319458,147336516,0.0,0.0
2006-07-07 00:00:00-04:00,10.581956887400342,10.627657837495208,10.329360297504994,10.44286823272705,241434324,0.0,0.0
2006-07-10 00:00:00-04:00,10.517132634977317,10.56159080593054,10.34178078714629,10.386983871459961,177278544,0.0,0.0
2006-07-11 00:00:00-04:00,10.394683388281189,10.557119926989316,10.258575323710984,10.544950485229492,238613148,0.0,0.0
2006-07-12 00:00:00-04:00,10.48360213794013,10.499746029121706,10.35047466662227,10.36338996887207,196071732,0.0,0.0
2006-07-13 00:00:00-04:00,10.282666819343014,10.390461548148627,10.10458332062824,10.154257774353027,276703020,0.0,0.0
2006-07-14 00:00:00-04:00,10.191514954481702,10.220326157015467,9.9004204363163,10.021875381469727,301781916,0.0,0.0
2006-07-17 00:00:00-04:00,10.049941534934595,10.208154684541078,10.027338574679241,10.13090991973877,232243524,0.0,0.0
2006-07-18 00:00:00-04:00,10.177107393758819,10.197474666771939,9.878810800670037,10.010697364807129,341130528,0.0,0.0
2006-07-19 00:00:00-04:00,9.811006685542209,9.963260552540904,9.802313820404969,9.91010856628418,340399260,0.0,0.0
2006-07-20 00:00:00-04:00,10.041248587807058,10.045223036645874,9.57877664756074,9.615039825439453,501046452,0.0,0.0
2006-07-21 00:00:00-04:00,9.590697510927543,9.730035096024107,9.380822225578607,9.689302444458008,469713816,0.0,0.0
2006-07-24 00:00:00-04:00,9.756611999600253,9.783188463642484,9.468251023040043,9.708924293518066,323120556,0.0,0.0
2006-07-25 00:00:00-04:00,9.562879598686894,9.719107885049787,9.532578570960771,9.670674324035645,230213556,0.0,0.0
2006-07-26 00:00:00-04:00,9.641863527110814,9.734010344837918,9.512709567544277,9.57480239868164,221054724,0.0,0.0
2006-07-27 00:00:00-04:00,9.621249210372582,9.624229810431734,9.387281097695087,9.497807502746582,225418356,0.0,0.0
2006-07-28 00:00:00-04:00,9.48787240183821,9.67564262549853,9.48116628861739,9.639877319335938,163180656,0.0,0.0
2006-07-31 00:00:00-04:00,9.636897574799558,9.665956770320703,9.52040996418128,9.60212516784668,183628188,0.0,0.0
2006-08-01 00:00:00-04:00,9.56511584233946,9.581508668059142,9.326677322387695,9.326677322387695,218309472,0.0,0.0
2006-08-02 00:00:00-04:00,9.328912708325603,9.367908497550738,9.070604767086303,9.121025085449219,283628088,0.0,0.0
2006-08-03 00:00:00-04:00,9.065140221146427,9.386286849157802,9.024903541845285,9.323697090148926,252826920,0.0,0.0
2006-08-04 00:00:00-04:00,9.427268407146265,9.455087655252388,9.233288995502534,9.28544807434082,203604192,0.0,0.0
2006-08-07 00:00:00-04:00,9.227079610832902,9.431491591122903,9.218386746718625,9.387280464172363,157718124,0.0,0.0
2006-08-08 00:00:00-04:00,9.508237708816205,9.54996421036342,9.415594917963816,9.463034629821777,229498272,0.0,0.0
2006-08-09 00:00:00-04:00,9.507741786229394,9.554435638563307,9.347787987482935,9.362194061279297,172267560,0.0,0.0
2006-08-10 00:00:00-04:00,9.286190958363818,9.38032546754316,9.250922580873631,9.29413890838623,170305524,0.0,0.0
2006-08-11 00:00:00-04:00,9.299107561801062,9.320964664055897,9.14014948560261,9.152567863464355,150509340,0.0,0.0
2006-08-14 00:00:00-04:00,9.227079070270191,9.317239134494027,9.1567893550947,9.175665855407715,198533268,0.0,0.0
2006-08-15 00:00:00-04:00,9.291903441766092,9.479673628042486,9.254398434376117,9.462287902832031,267660072,0.0,0.0
2006-08-16 00:00:00-04:00,9.524630887292343,9.648072581057813,9.490852334619294,9.629941940307617,233893872,0.0,0.0
2006-08-17 00:00:00-04:00,9.596906571571639,9.68656970535004,9.535558659604728,9.582253456115723,203004792,0.0,0.0
2006-08-18 00:00:00-04:00,9.594919683883484,9.614294055408354,9.456824873078657,9.521650314331055,197889912,0.0,0.0
2006-08-21 00:00:00-04:00,9.39100606922838,9.413359148598039,9.319474511504666,9.371136665344238,160771068,0.0,0.0
2006-08-22 00:00:00-04:00,9.381817998664884,9.419818047413708,9.310036553053392,9.395726203918457,166397436,0.0,0.0
2006-08-23 00:00:00-04:00,9.379580070380259,9.395227982283469,9.255890387844117,9.275014877319336,145546308,0.0,0.0
2006-08-24 00:00:00-04:00,9.300099649368509,9.348781195803472,9.245954774927196,9.282465934753418,139160700,0.0,0.0
2006-08-25 00:00:00-04:00,9.266321588483331,9.321957238831832,9.251916461437043,9.270792961120605,98569332,0.0,0.0
2006-08-28 00:00:00-04:00,9.329162393808605,9.461793899536133,9.314011403534346,9.461793899536133,166393440,0.0,0.0
2006-08-29 00:00:00-04:00,9.457569975226566,9.495819901618912,9.368651745409192,9.412117958068848,178221600,0.0,0.0
2006-08-30 00:00:00-04:00,9.418576275691525,9.553691438762103,9.401189600965653,9.456825256347656,161614224,0.0,0.0
2006-08-31 00:00:00-04:00,9.47520401636399,9.491595894361744,9.393488829200225,9.40168571472168,118277604,0.0,0.0
2006-09-01 00:00:00-04:00,9.462784471382138,9.469988454550567,9.368402921302433,9.403423309326172,106809084,0.0,0.0
2006-09-05 00:00:00-04:00,9.434968511466316,9.572319366245612,9.374613491826166,9.546488761901855,162809028,0.0,0.0
2006-09-06 00:00:00-04:00,9.490354827112808,9.517427265372978,9.429751827165811,9.441673278808594,148815036,0.0,0.0
2006-09-07 00:00:00-04:00,9.423046975444505,9.481663238267682,9.373620502308547,9.400693893432617,153526320,0.0,0.0
2006-09-08 00:00:00-04:00,9.356730805402767,9.457818482337014,9.356730805402767,9.384797096252441,123212664,0.0,0.0
2006-09-11 00:00:00-04:00,9.394980644565102,9.554684577222876,9.382810255912938,9.539782524108887,180986832,0.0,0.0
2006-09-12 00:00:00-04:00,9.56238345624815,9.754376095431263,9.559402856658386,9.733760833740234,217470312,0.0,0.0
2006-09-13 00:00:00-04:00,9.814483855868357,10.102844819678898,9.813241071633561,10.098125457763672,390337272,0.0,0.0
2006-09-14 00:00:00-04:00,10.041744260589072,10.090921788126836,9.982879074371864,10.033796310424805,214429356,0.0,0.0
2006-09-15 00:00:00-04:00,10.120726852629272,10.184559389476888,10.102348223527859,10.180336952209473,313214472,0.0,0.0
2006-09-18 00:00:00-04:00,10.183318043427956,10.399155512815781,10.170154751930374,10.299806594848633,283983732,0.0,0.0
2006-09-19 00:00:00-04:00,10.31892916905173,10.319674082295682,9.754623785206766,10.029573440551758,571144284,0.0,0.0
2006-09-20 00:00:00-04:00,10.111289510073998,10.118492547281978,9.801318493383055,9.860431671142578,365546088,0.0,0.0
2006-09-21 00:00:00-04:00,9.942396069550648,10.144819404549114,9.931467518976008,10.105079650878906,427256316,0.0,0.0
2006-09-22 00:00:00-04:00,10.05863462615845,10.11998254488194,9.968722547049275,10.028829574584961,185798016,0.0,0.0
2006-09-25 00:00:00-04:00,10.073536061246136,10.169656376493416,9.997037159230397,10.033796310424805,229262508,0.0,0.0
2006-09-26 00:00:00-04:00,10.071549979602995,10.1256948612761,9.97890623566201,10.10557746887207,211364424,0.0,0.0
2006-09-27 00:00:00-04:00,10.091421016558263,10.213619938565431,9.993808968582359,10.00747013092041,234832932,0.0,0.0
2006-09-28 00:00:00-04:00,10.036280261755744,10.108308739573639,9.948356829694688,10.0238618850708,204091704,0.0,0.0
2006-09-29 00:00:00-04:00,10.062360207785058,10.074531543706945,9.969965390457508,9.982136726379395,132303564,0.0,0.0
2006-10-02 00:00:00-04:00,9.98213527506131,10.083967855830183,9.95481390012504,9.970709800720215,145929924,0.0,0.0
2006-10-03 00:00:00-04:00,9.966982988048002,10.095392972436908,9.889988109633409,10.035285949707031,218369412,0.0,0.0
2006-10-04 00:00:00-04:00,10.058385337071547,10.326629845279392,10.010697634839621,10.32489013671875,266205528,0.0,0.0
2006-10-05 00:00:00-04:00,10.300053891209117,10.387977327484519,10.204678482042947,10.22827434539795,231360408,0.0,0.0
2006-10-06 00:00:00-04:00,10.188782589743811,10.479130308562436,10.177108179262676,10.444109916687012,293166540,0.0,0.0
2006-10-09 00:00:00-04:00,10.550911402252773,10.728497977800119,10.516634978309185,10.655227661132812,303028668,0.0,0.0
2006-10-10 00:00:00-04:00,10.718812771247821,10.875039192589538,10.491053838734064,10.596860885620117,391152456,0.0,0.0
2006-10-11 00:00:00-04:00,10.556374773445347,10.67782971804841,10.525079895655102,10.593133926391602,225190584,0.0,0.0
2006-10-12 00:00:00-04:00,10.644299134595009,10.67211743470679,10.53104107619163,10.61648178100586,193566240,0.0,0.0
2006-10-13 00:00:00-04:00,10.624429204880899,10.667645533004183,10.569786456128057,10.613003730773926,144755100,0.0,0.0
2006-10-16 00:00:00-04:00,10.622939259600514,10.66019533791786,10.464973146786807,10.475156784057617,172603224,0.0,0.0
2006-10-17 00:00:00-04:00,10.439143098472384,10.524831799201193,10.349728884366034,10.447588920593262,208231560,0.0,0.0
2006-10-18 00:00:00-04:00,10.50595652558135,10.5496707354268,10.369600448361197,10.414555549621582,240451308,0.0,0.0
2006-10-19 00:00:00-04:00,10.43740389512658,10.667646480568184,10.421012015567287,10.582205772399902,459679860,0.0,0.0
2006-10-20 00:00:00-04:00,11.400099576319498,11.427669888053929,11.265978263408993,11.41698932647705,465450084,0.0,0.0
2006-10-23 00:00:00-04:00,11.481815753151396,12.037178454301324,11.43437603780621,11.941307067871094,603575820,0.0,0.0
2006-10-24 00:00:00-04:00,11.829536973998367,11.868779800143926,11.708578960520478,11.755770683288574,346061592,0.0,0.0
2006-10-25 00:00:00-04:00,11.85959023231638,12.133050075826569,11.800478003086177,12.085859298706055,367132500,0.0,0.0
2006-10-26 00:00:00-04:00,12.112683595550125,12.218987555382714,12.02624998589798,12.048604011535645,280986732,0.0,0.0
2006-10-27 00:00:00-04:00,12.018799814272747,12.052081446375503,11.735405230877094,11.802715301513672,263895840,0.0,0.0
2006-10-30 00:00:00-05:00,11.793275228628351,11.933358683062858,11.673807036816202,11.836740493774414,262261476,0.0,0.0
2006-10-31 00:00:00-05:00,11.873749148863688,11.975582690760504,11.768935953385201,11.832271575927734,251164584,0.0,0.0
2006-11-01 00:00:00-05:00,11.891135473125347,11.900325262124156,11.555830749359876,11.611466407775879,216834948,0.0,0.0
2006-11-02 00:00:00-05:00,11.611465690863803,11.766203214065754,11.583648336634647,11.671324729919434,209258532,0.0,0.0
2006-11-03 00:00:00-05:00,11.728947048650914,11.766700050880525,11.55086259903219,11.718266487121582,196111692,0.0,0.0
2006-11-06 00:00:00-05:00,11.767195483485796,11.913488123716062,11.731430180468543,11.846179008483887,199460340,0.0,0.0
2006-11-07 00:00:00-05:00,11.846181019196555,11.89759329606435,11.717523019715566,11.73739242553711,195688116,0.0,0.0
2006-11-08 00:00:00-05:00,11.682254796025113,11.96515246957528,11.638788577146126,11.797747611999512,318281400,0.0,0.0
2006-11-09 00:00:00-05:00,11.835002388545151,11.909266557283297,11.719756627736453,11.738882064819336,194972832,0.0,0.0
2006-11-10 00:00:00-05:00,11.767444372928782,11.79079224772474,11.680762772979904,11.761733055114746,111756132,0.0,0.0
2006-11-13 00:00:00-05:00,11.795262591192676,11.95099301910178,11.776386089641026,11.947516441345215,173502324,0.0,0.0
2006-11-14 00:00:00-05:00,11.939318026333346,12.16906365783153,11.934350676011986,12.15291976928711,288647064,0.0,0.0
2006-11-15 00:00:00-05:00,12.255497774245736,12.414953701683828,12.218242645263672,12.218242645263672,334493172,0.0,0.0
2006-11-16 00:00:00-05:00,12.294492823237809,12.361057025238159,12.23388982058617,12.31684684753418,203500296,0.0,0.0
2006-11-17 00:00:00-05:00,12.251028214689736,12.410235217949769,12.244818079564178,12.388627052307129,220219560,0.0,0.0
2006-11-20 00:00:00-05:00,12.378940386987122,12.378940386987122,12.236126209004238,12.295736312866211,204775020,0.0,0.0
2006-11-21 00:00:00-05:00,12.332744365750345,12.667055246178144,12.315109700835524,12.658361434936523,336762900,0.0,0.0
2006-11-22 00:00:00-05:00,12.691146406783284,12.741566723182896,12.562240430133702,12.61762809753418,179847972,0.0,0.0
2006-11-24 00:00:00-05:00,12.53044928951481,12.60496145151571,12.518030911355568,12.542868614196777,69238692,0.0,0.0
2006-11-27 00:00:00-05:00,12.452708776241936,12.462892414440574,12.039912223815918,12.039912223815918,292695012,0.0,0.0
2006-11-28 00:00:00-05:00,11.949998910979955,12.166829265395783,11.848166325518125,12.157888412475586,311592096,0.0,0.0
2006-11-29 00:00:00-05:00,12.275617491011994,12.288036815257282,11.977817788956207,12.037426948547363,252359388,0.0,0.0
2006-11-30 00:00:00-05:00,12.026002884821947,12.180242549584337,11.960432522778584,12.041401863098145,222876900,0.0,0.0
2006-12-01 00:00:00-05:00,12.070461926331802,12.130320023321593,11.884677499778148,11.941803932189941,225030744,0.0,0.0
2006-12-04 00:00:00-05:00,11.996443792602975,12.106474201676278,11.905787753993609,12.04239273071289,195800004,0.0,0.0
2006-12-05 00:00:00-05:00,12.105728425012023,12.156396724998647,12.043386662102327,12.095793724060059,163955880,0.0,0.0
2006-12-06 00:00:00-05:00,12.09480130225188,12.229916469315695,12.034198294163593,12.138267517089844,177833988,0.0,0.0
2006-12-07 00:00:00-05:00,12.176021073492548,12.215015919957326,11.982041636635289,11.987505912780762,186385428,0.0,0.0
2006-12-08 00:00:00-05:00,11.970118532576675,12.135534727995706,11.92193295632788,12.024015426635742,158837004,0.0,0.0
2006-12-11 00:00:00-05:00,12.044133368566483,12.142986308019513,12.016316012454867,12.01954460144043,130405464,0.0,0.0
2006-12-12 00:00:00-05:00,12.017556824613562,12.079898591484453,11.928887530633569,11.966143608093262,167072760,0.0,0.0
2006-12-13 00:00:00-05:00,12.038420061870674,12.058538400465737,11.847917237327072,11.89684772491455,186297516,0.0,0.0
2006-12-14 00:00:00-05:00,11.928140632283245,12.01507210313567,11.853877419282687,11.974587440490723,189766044,0.0,0.0
2006-12-15 00:00:00-05:00,11.987503559872245,12.02401472333383,11.917958757047115,11.929384231567383,207424368,0.0,0.0
2006-12-18 00:00:00-05:00,11.984276294665808,11.989988559295448,11.44306974636526,11.494731903076172,320343336,0.0,0.0
2006-12-19 00:00:00-05:00,11.467907646878494,11.656422794657338,11.3879312080708,11.639533042907715,263216520,0.0,0.0
2006-12-20 00:00:00-05:00,11.673560014378737,11.710816094234563,11.483058123873345,11.497214317321777,174537288,0.0,0.0
2006-12-21 00:00:00-05:00,11.529005716836577,11.555582180174941,11.234932483640854,11.330803871154785,277853868,0.0,0.0
2006-12-22 00:00:00-05:00,11.363092596778632,11.391406875721747,11.244619194609987,11.315404891967773,159372468,0.0,0.0
2006-12-26 00:00:00-05:00,11.338751559714558,11.41202187738112,11.290815867066252,11.363838195800781,82889028,0.0,0.0
2006-12-27 00:00:00-05:00,11.425186292451716,11.625871812090047,11.402832266882449,11.624629974365234,169090740,0.0,0.0
2006-12-28 00:00:00-05:00,11.602027589092334,11.638289817411593,11.481069569688643,11.48876953125,124523352,0.0,0.0
2006-12-29 00:00:00-05:00,11.477344726180094,11.536208971716151,11.421709069509182,11.437108993530273,102265632,0.0,0.0
2007-01-03 00:00:00-05:00,11.574211951198365,11.838977085438088,11.452756989413754,11.613702774047852,307951740,0.0,0.0
2007-01-04 00:00:00-05:00,11.648722726489323,12.020040723778282,11.632577889593406,12.00290298461914,315188496,0.0,0.0
2007-01-05 00:00:00-05:00,11.984026814348828,12.108213419640387,11.874990249866524,12.100513458251953,274609116,0.0,0.0
2007-01-08 00:00:00-05:00,12.112933389532351,12.167079222078268,11.976576379089254,12.010851860046387,189985824,0.0,0.0
2007-01-09 00:00:00-05:00,12.057297552765611,12.12684141599605,11.951738500337534,12.058539390563965,215040744,0.0,0.0
2007-01-10 00:00:00-05:00,12.03196221459893,12.258478319726873,11.972600104362154,12.156893730163574,238501260,0.0,0.0
2007-01-11 00:00:00-05:00,12.349135294423412,12.462145366626126,12.323801615605158,12.411725997924805,288039672,0.0,0.0
2007-01-12 00:00:00-05:00,12.468107516719058,12.542868614196777,12.418681993036188,12.542868614196777,178769052,0.0,0.0
2007-01-16 00:00:00-05:00,12.606201678350937,12.741565769079026,12.500642637918887,12.524984359741211,302453244,0.0,0.0
2007-01-17 00:00:00-05:00,12.50287882425101,12.61166645763731,12.279094368943996,12.35112190246582,267696036,0.0,0.0
2007-01-18 00:00:00-05:00,12.282570397689769,12.331251948060164,12.106474600546745,12.116409301757812,237042720,0.0,0.0
2007-01-19 00:00:00-05:00,12.120136544663044,12.189184431676104,12.089338587903788,12.164098739624023,198932868,0.0,0.0
2007-01-22 00:00:00-05:00,12.232402406116387,12.236127919813317,11.884678329175177,11.942798614501953,215955828,0.0,0.0
2007-01-23 00:00:00-05:00,11.94155464048229,12.039910645446403,11.854623163536006,11.898337364196777,186433380,0.0,0.0
2007-01-24 00:00:00-05:00,12.032459185244875,12.407255655908887,12.003647982001862,12.395581245422363,242129628,0.0,0.0
2007-01-25 00:00:00-05:00,12.443518235145163,12.530448771713031,12.062513511650463,12.122867584228516,254485260,0.0,0.0
2007-01-26 00:00:00-05:00,12.193405334202593,12.366521481111064,12.096539156198217,12.315356254577637,219640140,0.0,0.0
2007-01-29 00:00:00-05:00,12.369005973257986,12.387633539572027,12.18272557750418,12.23165512084961,190836972,0.0,0.0
2007-01-30 00:00:00-05:00,12.269656152131395,12.369006012355019,12.200609215557623,12.277604103088379,167052780,0.0,0.0
2007-01-31 00:00:00-05:00,12.331502772866532,12.542868874042876,12.30716199395198,12.455937385559082,487755756,0.0,0.0
2007-02-01 00:00:00-05:00,12.567704219332235,12.567952208244938,11.95993261347271,11.965397834777832,625721652,0.0,0.0
2007-02-02 00:00:00-05:00,11.986758788924636,12.046120906819203,11.86753952176139,11.959190368652344,251208540,0.0,0.0
2007-02-05 00:00:00-05:00,11.85983779549714,11.872257118047049,11.578927882709658,11.603020668029785,287987724,0.0,0.0
2007-02-06 00:00:00-05:00,11.626367685346182,11.75552163661778,11.605504434846525,11.710317611694336,212663124,0.0,0.0
2007-02-07 00:00:00-05:00,11.768437636825652,11.78160187351933,11.64325717986211,11.673807144165039,164627208,0.0,0.0
2007-02-08 00:00:00-05:00,11.625127221858012,11.766700512511937,11.553098738771723,11.699142456054688,162904932,0.0,0.0
2007-02-09 00:00:00-05:00,11.71454088795999,11.740123501828723,11.462442155422377,11.472128868103027,194149656,0.0,0.0
2007-02-12 00:00:00-05:00,11.442076388238316,11.484546861100277,11.301495999540368,11.38271427154541,229949820,0.0,0.0
2007-02-13 00:00:00-05:00,11.404074822727328,11.494234897489521,11.357132028641715,11.402832984924316,162341496,0.0,0.0
2007-02-14 00:00:00-05:00,11.425185129027318,11.65195016431791,11.405811705274921,11.572470664978027,227724048,0.0,0.0
2007-02-15 00:00:00-05:00,11.574211683563993,11.57744027264469,11.443070010822993,11.461697578430176,161534304,0.0,0.0
2007-02-16 00:00:00-05:00,11.494730952846801,11.677285828700768,11.476350429620112,11.67206859588623,246832920,0.0,0.0
2007-02-20 00:00:00-05:00,11.635558422603987,11.741863336346517,11.5421707044865,11.72571849822998,162541296,0.0,0.0
2007-02-21 00:00:00-05:00,11.669586755232583,11.889148790139584,11.617427674434085,11.819107055664062,225398376,0.0,0.0
2007-02-22 00:00:00-05:00,11.889395853555243,12.02724362511981,11.782595917710285,11.81885814666748,229526244,0.0,0.0
2007-02-23 00:00:00-05:00,11.816374311832208,11.846179362920084,11.6189173864743,11.688958168029785,155148696,0.0,0.0
2007-02-26 00:00:00-05:00,11.743851133991598,11.803956274049126,11.518326948530783,11.547635078430176,158637204,0.0,0.0
2007-02-27 00:00:00-05:00,11.300997779439117,11.42021797704277,11.106521464849601,11.146261215209961,372139488,0.0,0.0
2007-02-28 00:00:00-05:00,11.18699654144805,11.2679658812046,11.003944726091294,11.163151741027832,320970708,0.0,0.0
2007-03-01 00:00:00-05:00,10.99475488028324,11.236918910596826,10.928438664841682,11.13284969329834,347060592,0.0,0.0
2007-03-02 00:00:00-05:00,11.05535860640658,11.144524830619954,10.89565372467041,10.89565372467041,263080656,0.0,0.0
2007-03-05 00:00:00-05:00,10.854421961438987,11.065044061219844,10.853925983601806,10.952033996582031,253949796,0.0,0.0
2007-03-06 00:00:00-05:00,11.113975069341627,11.400349302909413,11.111739382688379,11.364335060119629,301046652,0.0,0.0
2007-03-07 00:00:00-05:00,11.491999349881077,11.503175890243405,11.283365863837334,11.316895484924316,261102636,0.0,0.0
2007-03-08 00:00:00-05:00,11.405812728071217,11.561791141197508,11.278645517723907,11.294044494628906,214297488,0.0,0.0
2007-03-09 00:00:00-05:00,11.375511391338211,11.385446093574183,11.179297236086976,11.250330924987793,198908892,0.0,0.0
2007-03-12 00:00:00-04:00,11.2406444333574,11.30720863778681,11.204381258098254,11.29478931427002,138477384,0.0,0.0
2007-03-13 00:00:00-04:00,11.179544245453405,11.224748272493422,10.998728137293341,11.003695487976074,254836908,0.0,0.0
2007-03-14 00:00:00-04:00,11.008662841457378,11.143530009313825,10.903600724227527,11.127137184143066,320355324,0.0,0.0
2007-03-15 00:00:00-04:00,11.123661401217916,11.172342009312246,11.026298291983892,11.082182884216309,157610232,0.0,0.0
2007-03-16 00:00:00-04:00,11.06876989514288,11.094850381575426,10.925706775365954,10.94955062866211,226137636,0.0,0.0
2007-03-19 00:00:00-04:00,11.009159274934825,11.139556010665842,10.944085848048937,11.108012199401855,207700092,0.0,0.0
2007-03-20 00:00:00-04:00,11.072247162221872,11.117203203261749,11.017853343575277,11.059579849243164,136723140,0.0,0.0
2007-03-21 00:00:00-04:00,11.06007744624993,11.339994483464302,11.057840813220912,11.339496612548828,231700068,0.0,0.0
2007-03-22 00:00:00-04:00,11.316150941606837,11.479083462515108,11.239652032171806,11.475854873657227,227000772,0.0,0.0
2007-03-23 00:00:00-04:00,11.46120049777145,11.50938417995513,11.352660852083966,11.470638275146484,164287548,0.0,0.0
2007-03-26 00:00:00-04:00,11.438846278173562,11.549372673034668,11.316398430697719,11.549372673034668,188223588,0.0,0.0
2007-03-27 00:00:00-04:00,11.51335790242445,11.555084404436313,11.43362946480615,11.515096664428711,149498352,0.0,0.0
2007-03-28 00:00:00-04:00,11.471631030803511,11.560301271821874,11.42891162444269,11.471880912780762,183480336,0.0,0.0
2007-03-29 00:00:00-04:00,11.538194361629195,11.574209545395286,11.300997698779929,11.448036193847656,159380460,0.0,0.0
2007-03-30 00:00:00-04:00,11.477345167546984,11.509633897008177,11.329314693670346,11.379485130310059,135072792,0.0,0.0
2007-04-02 00:00:00-04:00,11.369550251963883,11.388675689697266,11.229467731513157,11.388675689697266,137802060,0.0,0.0
2007-04-03 00:00:00-04:00,11.525776373723396,11.779117880572015,11.524535482593102,11.738136291503906,259811928,0.0,0.0
2007-04-04 00:00:00-04:00,11.726711848757173,11.748072026179521,11.663128240899516,11.698893547058105,151000848,0.0,0.0
2007-04-05 00:00:00-04:00,11.705847099162082,11.725468511904323,11.6641196519483,11.711063385009766,108523368,0.0,0.0
2007-04-09 00:00:00-04:00,11.747574188051736,11.748071112422478,11.564025469861841,11.62909984588623,122361516,0.0,0.0
2007-04-10 00:00:00-04:00,11.601282022673644,11.693180845767271,11.553346333508287,11.586627960205078,119052828,0.0,0.0
2007-04-11 00:00:00-04:00,11.575700691851674,11.658657725384403,11.490011993872145,11.537699699401855,152327520,0.0,0.0
2007-04-12 00:00:00-04:00,11.524537154322221,11.623886074010336,11.480822948163077,11.608735084533691,108207684,0.0,0.0
2007-04-13 00:00:00-04:00,11.635062175843709,11.643010126980016,11.508640817552704,11.581413269042969,111680208,0.0,0.0
2007-04-16 00:00:00-04:00,11.635309505634398,11.84717345631437,11.627609543882468,11.77961540222168,202912884,0.0,0.0
2007-04-17 00:00:00-04:00,11.767942637006783,11.832271159639056,11.713299881219646,11.743104934692383,128275596,0.0,0.0
2007-04-18 00:00:00-04:00,11.704854681235092,11.919450303073006,11.66188633768819,11.822832107543945,226593180,0.0,0.0
2007-04-19 00:00:00-04:00,11.785327121141716,11.970365664857185,11.663376202127507,11.714540481567383,439943616,0.0,0.0
2007-04-20 00:00:00-04:00,12.183221699843832,12.232400175416121,11.972104562903258,11.983529090881348,485973540,0.0,0.0
2007-04-23 00:00:00-04:00,11.924417763777853,12.046120704471663,11.878715862312918,11.899083137512207,226757016,0.0,0.0
2007-04-24 00:00:00-04:00,11.887409665666995,11.921437156277198,11.811407679963606,11.86058521270752,147640212,0.0,0.0
2007-04-25 00:00:00-04:00,11.921932675195011,11.955960164495224,11.825316375603375,11.872010231018066,158513328,0.0,0.0
2007-04-26 00:00:00-04:00,11.874742588740832,12.032459774225579,11.850153821879784,11.951242446899414,164831004,0.0,0.0
2007-04-27 00:00:00-04:00,11.923672109009974,11.98154250255281,11.88045388576552,11.897343635559082,116910972,0.0,0.0
2007-04-30 00:00:00-04:00,11.900820735745565,11.955463485176605,11.707834243774414,11.707834243774414,145502352,0.0,0.0
2007-05-01 00:00:00-04:00,11.727954166346429,11.743352196766025,11.528757528785896,11.648722648620605,146181672,0.0,0.0
2007-05-02 00:00:00-04:00,11.640028222715046,11.700383236103058,11.56750376829936,11.568744659423828,122385492,0.0,0.0
2007-05-03 00:00:00-04:00,11.579675119667433,11.774649341557742,11.556577124925992,11.753786087036133,143624232,0.0,0.0
2007-05-04 00:00:00-04:00,11.67654016752469,11.793772678132772,11.571230056345135,11.701377868652344,157842000,0.0,0.0
2007-05-07 00:00:00-04:00,11.726711926325333,11.743600730697558,11.58588354777231,11.605753898620605,120683196,0.0,0.0
2007-05-08 00:00:00-04:00,11.577439130128111,11.628107434151303,11.542666727503462,11.594328880310059,116087796,0.0,0.0
2007-05-09 00:00:00-04:00,11.577935243116622,11.71652793084095,11.521555620760166,11.654932022094727,155440404,0.0,0.0
2007-05-10 00:00:00-04:00,11.600042289255052,11.660893289961264,11.450521037865865,11.461697578430176,147304548,0.0,0.0
2007-05-11 00:00:00-04:00,11.470639394965174,11.599049403247237,11.450025076088714,11.59259033203125,117646236,0.0,0.0
2007-05-14 00:00:00-04:00,11.561294462024497,11.611712880676032,11.425185460510013,11.469395637512207,154753092,0.0,0.0
2007-05-15 00:00:00-04:00,11.473868127132755,11.488273255789371,11.360858051834995,11.375511169433594,164595240,0.0,0.0
2007-05-16 00:00:00-04:00,11.47486098285169,11.751548491348409,11.400845749197073,11.738385200500488,261905832,0.0,0.0
2007-05-17 00:00:00-04:00,11.734659987759583,11.80321094776415,11.693678394429778,11.697403907775879,186237576,0.0,0.0
2007-05-18 00:00:00-04:00,11.723979473923611,11.740619341709861,11.66734997166061,11.681507110595703,147688164,0.0,0.0
2007-05-21 00:00:00-04:00,11.661886746340508,11.902064045046535,11.592093947618208,11.68846321105957,246125628,0.0,0.0
2007-05-22 00:00:00-04:00,11.748072418859255,11.897344730339094,11.748072418859255,11.819107055664062,153406440,0.0,0.0
2007-05-23 00:00:00-04:00,11.942299890246147,12.00662840885024,11.76670006239938,11.772163391113281,202205592,0.0,0.0
2007-05-24 00:00:00-04:00,11.801474226193362,11.902064988909167,11.710817220132077,11.781106948852539,166777056,0.0,0.0
2007-05-25 00:00:00-04:00,11.914481828367418,12.044877619929979,11.85412681541774,12.009359359741211,213726060,0.0,0.0
2007-05-29 00:00:00-04:00,12.04612083955116,12.215014563791943,12.021283137418168,12.098527908325195,208511280,0.0,0.0
2007-05-30 00:00:00-04:00,12.033700592551655,12.389867563470514,11.996443571877952,12.383906364440918,289542168,0.0,0.0
2007-05-31 00:00:00-04:00,12.432590028553623,12.63675212256165,12.345658549673622,12.366769790649414,356615028,0.0,0.0
2007-06-01 00:00:00-04:00,12.44351857732775,12.543364418697715,12.367267654134153,12.428616523742676,191768040,0.0,0.0
2007-06-04 00:00:00-04:00,12.366769329741336,12.679720938304909,12.358821379424494,12.594279289245605,283755960,0.0,0.0
2007-06-05 00:00:00-04:00,12.660843616667183,12.89058924766141,12.58285394513879,12.886614799499512,417466116,0.0,0.0
2007-06-06 00:00:00-04:00,12.83470551729889,12.934800282975472,12.797697429892851,12.87196159362793,315152532,0.0,0.0
2007-06-07 00:00:00-04:00,12.909218886780316,13.076871719325258,12.729396611931746,12.792731285095215,424794780,0.0,0.0
2007-06-08 00:00:00-04:00,12.82104710260278,12.906486870749536,12.653643197809542,12.803412437438965,254073672,0.0,0.0
2007-06-11 00:00:00-04:00,12.766900664818456,12.871962790908205,12.667054825300362,12.700336456298828,185722092,0.0,0.0
2007-06-12 00:00:00-04:00,12.635015202070472,12.708534465848967,12.497416346183984,12.537156105041504,256523220,0.0,0.0
2007-06-13 00:00:00-04:00,12.594778021692576,12.630791316243176,12.386143601711712,12.548829078674316,281078640,0.0,0.0
2007-06-14 00:00:00-04:00,12.552306351503098,12.564725676144706,12.460904438284471,12.489219665527344,184663152,0.0,0.0
2007-06-15 00:00:00-04:00,12.622097401781204,12.642215739459408,12.449229248318073,12.564971923828125,246717036,0.0,0.0
2007-06-18 00:00:00-04:00,12.572174985682915,12.816078731947506,12.52399130292673,12.796208381652832,193242564,0.0,0.0
2007-06-19 00:00:00-04:00,12.76665118521419,12.847123588816734,12.705302323906732,12.774102210998535,174037788,0.0,0.0
2007-06-20 00:00:00-04:00,12.839921460829025,12.884380573010226,12.643705436614352,12.66630744934082,173354472,0.0,0.0
2007-06-21 00:00:00-04:00,12.69139378546978,12.79844360187269,12.574659149517146,12.769135475158691,176211612,0.0,0.0
2007-06-22 00:00:00-04:00,12.826508015174559,13.039364848347118,12.818560065226585,13.039116859436035,287859852,0.0,0.0
2007-06-25 00:00:00-04:00,13.138466859185426,13.287739158734047,12.999378196726349,13.09972095489502,316683000,0.0,0.0
2007-06-26 00:00:00-04:00,13.231607386329848,13.243279903409233,13.070412689309649,13.170258522033691,227352420,0.0,0.0
2007-06-27 00:00:00-04:00,13.039614526908547,13.113878696698052,12.904499360285023,13.071654319763184,244679076,0.0,0.0
2007-06-28 00:00:00-04:00,13.036631183532695,13.151379997415933,13.009806736312068,13.039859771728516,166569264,0.0,0.0
2007-06-29 00:00:00-04:00,13.064948739301204,13.099224217650026,12.902015276153966,12.982488632202148,155068776,0.0,0.0
2007-07-02 00:00:00-04:00,13.051784758164118,13.209750873520445,13.01974496569591,13.173239707946777,139364496,0.0,0.0
2007-07-03 00:00:00-04:00,13.190129693533702,13.27308578160827,13.101708383450045,13.27159595489502,74797128,0.0,0.0
2007-07-05 00:00:00-04:00,13.301896531577283,13.521459499315133,13.217201684213927,13.452659606933594,197518284,0.0,0.0
2007-07-06 00:00:00-04:00,13.443221999481151,13.508295432984145,13.380632241461967,13.397272109985352,109770120,0.0,0.0
2007-07-09 00:00:00-04:00,13.486687103156353,13.629253292372391,13.418632124072207,13.47575855255127,149042808,0.0,0.0
2007-07-10 00:00:00-04:00,13.506308986218025,13.586037432003621,13.453157004535191,13.495132446289062,154085760,0.0,0.0
2007-07-11 00:00:00-04:00,13.501838896181109,13.573618446201834,13.412424681474734,13.523198127746582,132239628,0.0,0.0
2007-07-12 00:00:00-04:00,13.557722770364224,13.593985949191437,13.417640245909984,13.544559478759766,137526336,0.0,0.0
2007-07-13 00:00:00-04:00,13.608637165488634,13.726863517062647,13.59224528714365,13.71419620513916,209274516,0.0,0.0
2007-07-16 00:00:00-04:00,13.667998644183688,13.873652453253252,13.64340987957875,13.734811782836914,263716020,0.0,0.0
2007-07-17 00:00:00-04:00,13.785728581890714,13.852540776482323,13.719661300627957,13.784735679626465,172970856,0.0,0.0
2007-07-18 00:00:00-04:00,13.757165084624342,13.772316072438212,13.506805115129254,13.6481294631958,242956800,0.0,0.0
2007-07-19 00:00:00-04:00,13.746485401834892,13.747976174977202,13.467810209098866,13.625527381896973,444642912,0.0,0.0
2007-07-20 00:00:00-04:00,12.714245345811854,12.994411325130024,12.654635240757715,12.918408393859863,710181108,0.0,0.0
2007-07-23 00:00:00-04:00,12.890838554074532,12.915427319233439,12.720455013530428,12.729395866394043,254013732,0.0,0.0
2007-07-24 00:00:00-04:00,12.649666667759657,12.882889832459075,12.595272854424506,12.766402244567871,222661116,0.0,0.0
2007-07-25 00:00:00-04:00,12.840418096106065,12.841411944867652,12.556776499117428,12.661092758178711,221578200,0.0,0.0
2007-07-26 00:00:00-04:00,12.635756862923584,12.731381195057704,12.39086024789931,12.617378234863281,275060664,0.0,0.0
2007-07-27 00:00:00-04:00,12.63054387282841,12.831477393044135,12.555286798603863,12.713996887207031,220143636,0.0,0.0
2007-07-30 00:00:00-04:00,12.739578942087597,12.899033925195981,12.6794719174869,12.818809509277344,158373468,0.0,0.0
2007-07-31 00:00:00-04:00,12.921140608580325,12.926355948362088,12.667054176330566,12.667054176330566,170649180,0.0,0.0
2007-08-01 00:00:00-04:00,12.679472108035865,12.828745349790719,12.62085585564761,12.74007511138916,176950872,0.0,0.0
2007-08-02 00:00:00-04:00,12.759449701437939,12.790993516924974,12.64221718595567,12.692140579223633,126069804,0.0,0.0
2007-08-03 00:00:00-04:00,12.66829653713076,12.746534209268905,12.493193626403809,12.493193626403809,126920952,0.0,0.0
2007-08-06 00:00:00-04:00,12.493193110545908,12.670779689466867,12.480773786902258,12.667054176330566,145913940,0.0,0.0
2007-08-07 00:00:00-04:00,12.660845565280702,12.912447387060157,12.643210901050901,12.816575050354004,170401428,0.0,0.0
2007-08-08 00:00:00-04:00,12.899034753229323,13.058987617492676,12.843151108877748,13.058987617492676,162589248,0.0,0.0
2007-08-09 00:00:00-04:00,12.93529849031828,13.084819734833154,12.78205173245325,12.78453540802002,193666140,0.0,0.0
2007-08-10 00:00:00-04:00,12.67152412129477,12.883635105683997,12.558514054219861,12.809868812561035,234772992,0.0,0.0
2007-08-13 00:00:00-04:00,12.90400410770409,12.909219447986272,12.742312468069859,12.80366039276123,127044828,0.0,0.0
2007-08-14 00:00:00-04:00,12.809121995392905,12.850849441555978,12.617378298866267,12.632280349731445,145202652,0.0,0.0
2007-08-15 00:00:00-04:00,12.642216557505892,12.709028751981645,12.33696489510288,12.357829093933105,216163620,0.0,0.0
2007-08-16 00:00:00-04:00,12.220479589677804,12.330012149603595,11.933360430143669,12.208060264587402,345478176,0.0,0.0
2007-08-17 00:00:00-04:00,12.355096465277475,12.443517771783926,12.211288439313845,12.419673919677734,218956824,0.0,0.0
2007-08-20 00:00:00-04:00,12.479779827407015,12.48226444933182,12.319330042422914,12.36701774597168,107784108,0.0,0.0
2007-08-21 00:00:00-04:00,12.392352398914827,12.621353139952625,12.36329320733926,12.582855224609375,144279576,0.0,0.0
2007-08-22 00:00:00-04:00,12.666060467789093,12.822287818400712,12.648425804168427,12.735357284545898,129977892,0.0,0.0
2007-08-23 00:00:00-04:00,12.816078438900451,12.819307027635046,12.592541972440658,12.721447944641113,122944932,0.0,0.0
2007-08-24 00:00:00-04:00,12.731879524809296,12.804901853392995,12.629798004673667,12.791240692138672,98809092,0.0,0.0
2007-08-27 00:00:00-04:00,12.777084126194596,12.852092262640562,12.701827054283303,12.748023986816406,92910996,0.0,0.0
2007-08-28 00:00:00-04:00,12.705055738700192,12.790744437732593,12.562488598242243,12.577640533447266,130825044,0.0,0.0
2007-08-29 00:00:00-04:00,12.613405015106974,12.749016151457418,12.598254027415214,12.738585472106934,101870028,0.0,0.0
2007-08-30 00:00:00-04:00,12.725670902124442,12.801175962948493,12.681459774195364,12.701827049255371,105961932,0.0,0.0
2007-08-31 00:00:00-04:00,12.744050100266708,12.828496964621385,12.703566376855358,12.79745101928711,118984896,0.0,0.0
2007-09-04 00:00:00-04:00,12.791736040216332,13.114125421410856,12.781801339082412,13.043339729309082,147600252,0.0,0.0
2007-09-05 00:00:00-04:00,12.999874905902818,13.15088597603729,12.971311690572481,13.109159469604492,132383484,0.0,0.0
2007-09-06 00:00:00-04:00,13.14790420451316,13.159578614378036,12.871713639690618,13.002854347229004,144890964,0.0,0.0
2007-09-07 00:00:00-04:00,12.862277222325423,12.946227167176295,12.835949691223453,12.899285316467285,146397456,0.0,0.0
2007-09-10 00:00:00-04:00,12.947218790458482,12.966840204297263,12.688910875387059,12.778325080871582,128902968,0.0,0.0
2007-09-11 00:00:00-04:00,12.840667743412748,12.956409483558183,12.809371917436769,12.948461532592773,108035856,0.0,0.0
2007-09-12 00:00:00-04:00,12.928590938727824,13.113630440550475,12.890590893306102,12.981245994567871,119320560,0.0,0.0
2007-09-13 00:00:00-04:00,13.016266519634833,13.09450323295596,12.99540232335699,13.034149169921875,75568356,0.0,0.0
2007-09-14 00:00:00-04:00,12.994905613750758,13.170505424194939,12.970565786315738,13.132753372192383,110485404,0.0,0.0
2007-09-17 00:00:00-04:00,13.077615708606325,13.145918679518784,13.01651672194617,13.047066688537598,87812100,0.0,0.0
2007-09-18 00:00:00-04:00,13.077367611774209,13.343873379912125,13.021483965639487,13.294694900512695,168459372,0.0,0.0
2007-09-19 00:00:00-04:00,13.394043531448586,13.646888132248673,13.383860840566218,13.582310676574707,220854924,0.0,0.0
2007-09-20 00:00:00-04:00,13.586036900544347,13.82944277305634,13.561944112923817,13.730838775634766,220779000,0.0,0.0
2007-09-21 00:00:00-04:00,13.818016908387253,13.928543302034235,13.730838388374051,13.911405563354492,320147532,0.0,0.0
2007-09-24 00:00:00-04:00,13.933759118216562,14.1935587646434,13.908922363641551,14.108118057250977,211668120,0.0,0.0
2007-09-25 00:00:00-04:00,14.00827112206693,14.146366883478061,13.979956843551442,14.132457733154297,109114776,0.0,0.0
2007-09-26 00:00:00-04:00,14.16723081123386,14.201755226494184,14.003552427866985,14.111595153808594,133710156,0.0,0.0
2007-09-27 00:00:00-04:00,14.200265526574842,14.20051351552286,14.052483044009852,14.095203399658203,82169748,0.0,0.0
2007-09-28 00:00:00-04:00,14.082783823602234,14.14611944257611,14.01125226469509,14.089489936828613,105474420,0.0,0.0
2007-10-01 00:00:00-04:00,14.156550871284136,14.513711736419422,14.14761001812235,14.46900463104248,188263548,0.0,0.0
2007-10-02 00:00:00-04:00,14.489619015425362,14.823184943142452,14.405917074078443,14.514704704284668,282417300,0.0,0.0
2007-10-03 00:00:00-04:00,14.5609027631167,14.628955846929108,14.414611065506271,14.505515098571777,155024820,0.0,0.0
2007-10-04 00:00:00-04:00,14.532092583926987,14.532092583926987,14.332647947652523,14.381577491760254,119348532,0.0,0.0
2007-10-05 00:00:00-04:00,14.582261717538696,14.803066511721914,14.579778988735788,14.754632949829102,202545252,0.0,0.0
2007-10-08 00:00:00-04:00,14.778228715087712,15.157247600417277,14.752150124340696,15.141351699829102,200918880,0.0,0.0
2007-10-09 00:00:00-04:00,15.277708793401795,15.493049325916779,15.110801825782799,15.279447555541992,350361288,0.0,0.0
2007-10-10 00:00:00-04:00,15.432942411823074,15.540239269106143,15.319683408578713,15.533036231994629,215208576,0.0,0.0
2007-10-11 00:00:00-04:00,15.737945046979382,15.93092964922791,15.125951921950787,15.448838233947754,471488040,0.0,0.0
2007-10-12 00:00:00-04:00,15.49801712717633,15.856171849738073,15.355449985809765,15.831086158752441,272675052,0.0,0.0
2007-10-15 00:00:00-04:00,15.85791027073511,15.892433738769812,15.288637459392278,15.401895523071289,277474248,0.0,0.0
2007-10-16 00:00:00-04:00,15.361660016713877,15.546201652257649,15.2002173208618,15.299814224243164,240770988,0.0,0.0
2007-10-17 00:00:00-04:00,15.658715473775702,15.746887852076146,15.438655564934374,15.733972549438477,240978780,0.0,0.0
2007-10-18 00:00:00-04:00,15.78190656832997,15.929937974796072,15.610280245783516,15.886473655700684,491076432,0.0,0.0
2007-10-19 00:00:00-04:00,16.257543296727214,16.355154392837903,15.976136429978924,16.012895584106445,630928440,0.0,0.0
2007-10-22 00:00:00-04:00,15.862877926468144,16.26847236556848,15.803516755787932,16.162912368774414,266309424,0.0,0.0
2007-10-23 00:00:00-04:00,16.423703467674926,16.82979382518558,16.392657527897775,16.78434181213379,271476252,0.0,0.0
2007-10-24 00:00:00-04:00,16.708339684199093,16.8265660292696,16.381728828552376,16.78558349609375,295871832,0.0,0.0
2007-10-25 00:00:00-04:00,16.856619580294883,16.863822617490243,16.480829273675283,16.604022979736328,231588180,0.0,0.0
2007-10-26 00:00:00-04:00,16.74112906871112,16.803468950518162,16.592848706679494,16.755285263061523,134021844,0.0,0.0
2007-10-29 00:00:00-04:00,16.83401804151495,16.88940665730897,16.69294261806172,16.870281219482422,122529348,0.0,0.0
2007-10-30 00:00:00-04:00,16.827557092035125,17.3839135495453,16.827557092035125,17.256250381469727,275747976,0.0,0.0
2007-10-31 00:00:00-04:00,17.403287616804686,17.560012817382812,17.2877948306944,17.560012817382812,274796928,0.0,0.0
2007-11-01 00:00:00-04:00,17.455448775078786,17.726920934482028,17.43036213893352,17.46588134765625,260826912,0.0,0.0
2007-11-02 00:00:00-04:00,17.64719354331581,17.723443514886785,17.320084780992865,17.665573120117188,233426340,0.0,0.0
2007-11-05 00:00:00-05:00,17.559764792977766,18.13698458177702,17.536913843632387,18.023229598999023,354992652,0.0,0.0
2007-11-06 00:00:00-05:00,18.31904257137844,18.424104690551758,18.007085749080918,18.424104690551758,337114548,0.0,0.0
2007-11-07 00:00:00-05:00,18.407713296389815,18.559469274071226,17.96089023849605,18.204296112060547,330609060,0.0,0.0
2007-11-08 00:00:00-05:00,18.245522617174256,18.252725653757622,16.819361127614243,17.233152389526367,659827512,0.0,0.0
2007-11-09 00:00:00-05:00,16.784591701715353,16.936099691074688,16.422711478686406,16.491262435913086,455068476,0.0,0.0
2007-11-12 00:00:00-05:00,16.336524543589118,16.63929059842766,15.553402090671526,15.698948860168457,408682908,0.0,0.0
2007-11-13 00:00:00-05:00,16.019849653249686,16.4155094001295,15.698951949667583,16.40631866455078,337478184,0.0,0.0
2007-11-14 00:00:00-05:00,16.722497695354438,16.777388436788073,15.803268027393388,15.937637329101562,323464212,0.0,0.0
2007-11-15 00:00:00-05:00,15.860394216713741,16.082192878843887,15.498513982439126,15.63884449005127,278429292,0.0,0.0
2007-11-16 00:00:00-05:00,15.745394715844018,15.783893575547172,15.300310453242009,15.737696647644043,361350288,0.0,0.0
2007-11-19 00:00:00-05:00,15.637354895908388,15.815687345684916,15.361908270090918,15.544463157653809,220874904,0.0,0.0
2007-11-20 00:00:00-05:00,15.808485166158809,16.370306052923105,15.718822958505353,16.10802459716797,393230376,0.0,0.0
2007-11-21 00:00:00-05:00,15.989547773328768,16.64028782416719,15.947573276677858,16.405574798583984,280259460,0.0,0.0
2007-11-23 00:00:00-05:00,16.641031678596597,16.84668453877032,16.594087943310065,16.80744171142578,109438452,0.0,0.0
2007-11-26 00:00:00-05:00,16.894372674325297,17.222225397747227,16.516844550094333,16.541683197021484,271332396,0.0,0.0
2007-11-27 00:00:00-05:00,16.760250052328594,16.80073471749264,16.1507424954129,16.729700088500977,355823820,0.0,0.0
2007-11-28 00:00:00-05:00,16.941813754739208,17.244579866717054,16.694184483606865,17.193912506103516,316343340,0.0,0.0
2007-11-29 00:00:00-05:00,17.156406286291276,17.455448756945867,17.082390108686024,17.3116397857666,248071680,0.0,0.0
2007-11-30 00:00:00-05:00,17.6593627153128,17.66085254185997,16.941811516585144,17.212289810180664,315504180,0.0,0.0
2007-12-03 00:00:00-05:00,17.162867108024905,17.261966145770405,16.917721504671135,16.92740821838379,172830996,0.0,0.0
2007-12-04 00:00:00-05:00,16.847428489254984,17.187449660383272,16.81787048458949,16.992725372314453,169102728,0.0,0.0
2007-12-05 00:00:00-05:00,17.205584899492596,17.359576554008918,17.075684138140964,17.349143981933594,168215616,0.0,0.0
2007-12-06 00:00:00-05:00,17.33151217664626,17.79746263736936,17.311892651928687,17.765172958374023,196163640,0.0,0.0
2007-12-07 00:00:00-05:00,17.758463280355034,17.833223418656058,17.646942098661235,17.755483627319336,153929916,0.0,0.0
2007-12-10 00:00:00-05:00,17.78330056590146,18.00211765912105,17.73387504910182,17.84365463256836,154093752,0.0,0.0
2007-12-11 00:00:00-05:00,17.881411353638242,17.907489946806596,17.355850843653478,17.366283416748047,245318436,0.0,0.0
2007-12-12 00:00:00-05:00,17.733878338079663,17.741825343250536,17.100525878334953,17.370010375976562,246117636,0.0,0.0
2007-12-13 00:00:00-05:00,17.294501579620345,17.327039241103073,16.919457136987493,17.238370895385742,201430368,0.0,0.0
2007-12-14 00:00:00-05:00,17.075935464829872,17.378703493528366,17.06972816841877,17.13678741455078,146793060,0.0,0.0
2007-12-17 00:00:00-05:00,17.08810274103042,17.272396372441346,16.48381052468267,16.621906280517578,219220560,0.0,0.0
2007-12-18 00:00:00-05:00,16.74435483443424,16.807690451082113,16.206377862419657,16.7242374420166,286381332,0.0,0.0
2007-12-19 00:00:00-05:00,16.745595766946366,16.876986355075925,16.616192876275793,16.824081420898438,176667156,0.0,0.0
2007-12-20 00:00:00-05:00,17.03420978672925,17.16261885983992,16.90455887566657,17.130083084106445,176711112,0.0,0.0
2007-12-21 00:00:00-05:00,17.333497844355147,17.367773324182433,17.21825302711635,17.30394172668457,215064720,0.0,0.0
2007-12-24 00:00:00-05:00,17.26171828185636,17.404285430908203,17.21378258390665,17.404285430908203,65070864,0.0,0.0
2007-12-26 00:00:00-05:00,17.361064810143546,17.714500102362095,17.341691387359834,17.65538787841797,101098800,0.0,0.0
2007-12-27 00:00:00-05:00,17.56175460013242,17.78355138173441,17.40453338623047,17.40453338623047,117582300,0.0,0.0
2007-12-28 00:00:00-05:00,17.508599986122125,17.58361001334481,17.300215451833658,17.448991775512695,102405492,0.0,0.0
2007-12-31 00:00:00-05:00,17.3506363349521,17.447999449651526,17.152186485110445,17.17453956604004,94952952,0.0,0.0
2008-01-02 00:00:00-05:00,17.209059433500016,17.320828600839466,16.833023066685286,17.018308639526367,172103724,0.0,0.0
2008-01-03 00:00:00-05:00,17.02005173505623,17.059542556232273,16.802972426974215,17.02178955078125,129969900,0.0,0.0
2008-01-04 00:00:00-05:00,16.88170338573694,16.913247197070127,16.26847033987048,16.318143844604492,214177608,0.0,0.0
2008-01-07 00:00:00-05:00,16.24214277468832,16.449287358738054,15.830092132603605,16.125656127929688,255879864,0.0,0.0
2008-01-08 00:00:00-05:00,16.218796399635693,16.39166551217181,15.672374547139887,15.689264297485352,213350436,0.0,0.0
2008-01-09 00:00:00-05:00,15.648529500369893,16.22724003619452,15.461504209205971,16.22376251220703,269318412,0.0,0.0
2008-01-10 00:00:00-05:00,16.02034612996834,16.32311221804085,15.898642249652575,16.063066482543945,253114632,0.0,0.0
2008-01-11 00:00:00-05:00,15.962971038593981,16.13111888441447,15.650269315659473,15.852444648742676,198880920,0.0,0.0
2008-01-14 00:00:00-05:00,16.17259539798762,16.328076859228613,16.026302776955358,16.239160537719727,177722100,0.0,0.0
2008-01-15 00:00:00-05:00,16.042450469626043,16.120688133872974,15.7811610156023,15.837541580200195,222505272,0.0,0.0
2008-01-16 00:00:00-05:00,15.621955806172744,15.895663667821696,14.950352518796064,15.298572540283203,421977600,0.0,0.0
2008-01-17 00:00:00-05:00,15.418040544894838,15.541729282335641,14.85298925260575,14.922038078308105,328343328,0.0,0.0
2008-01-18 00:00:00-05:00,15.110056019054195,15.15054068419484,14.86391754653714,14.908624649047852,341242416,0.0,0.0
2008-01-22 00:00:00-05:00,13.95934302878578,14.84032380816444,13.938727763356244,14.513712882995605,379679940,0.0,0.0
2008-01-23 00:00:00-05:00,13.926555529163117,14.107619615236803,12.890589429780007,13.62627124786377,677949372,0.0,0.0
2008-01-24 00:00:00-05:00,13.879116539160192,14.397968996758111,13.763373861800941,14.268815040588379,375659964,0.0,0.0
2008-01-25 00:00:00-05:00,14.698997296417465,14.778228810950413,14.062416355472871,14.067880630493164,278361360,0.0,0.0
2008-01-28 00:00:00-05:00,14.181388144355692,14.212931011454605,13.625776512977946,13.809075355529785,232435332,0.0,0.0
2008-01-29 00:00:00-05:00,13.920595197380278,13.941954426738745,13.42881517426443,13.673463821411133,251068680,0.0,0.0
2008-01-30 00:00:00-05:00,13.640429463004088,13.919601580710722,13.499353104266625,13.617579460144043,317266416,0.0,0.0
2008-01-31 00:00:00-05:00,13.387585272217715,14.231806757193581,13.270352769890518,14.015722274780273,594257148,0.0,0.0
2008-02-01 00:00:00-05:00,13.13076890136352,13.32946673615559,12.66705511762995,12.813594818115234,703315980,0.0,0.0
2008-02-04 00:00:00-05:00,12.643955176268566,12.736102001915924,12.233642312936139,12.305173873901367,525757716,0.0,0.0
2008-02-05 00:00:00-05:00,12.156149005667466,12.64221580809711,12.133546992586963,12.587574005126953,447683868,0.0,0.0
2008-02-06 00:00:00-05:00,12.695368146210303,12.696113059514929,12.36726649055321,12.461151123046875,305150544,0.0,0.0
2008-02-07 00:00:00-05:00,12.340691512500399,12.771122694249762,12.288532434542223,12.541625022888184,316838844,0.0,0.0
2008-02-08 00:00:00-05:00,12.652401479968072,12.85904821951011,12.634766814637011,12.833216667175293,272882844,0.0,0.0
2008-02-11 00:00:00-05:00,12.92834180881647,13.007573321044898,12.751500155400137,12.94423770904541,232806960,0.0,0.0
2008-02-12 00:00:00-05:00,12.99962621581222,13.178703567204117,12.742311195817287,12.867987632751465,266225508,0.0,0.0
2008-02-13 00:00:00-05:00,12.977520923821734,13.287738982531055,12.882890431043561,13.278549194335938,264723012,0.0,0.0
2008-02-14 00:00:00-05:00,13.371193545424893,13.438006687733763,13.188638664369057,13.219685554504395,258808932,0.0,0.0
2008-02-15 00:00:00-05:00,13.121826854327885,13.229869580844134,13.022973916695674,13.154860496520996,209394396,0.0,0.0
2008-02-19 00:00:00-05:00,13.286497782610768,13.289478382509369,12.580123055799927,12.640974998474121,253761984,0.0,0.0
2008-02-20 00:00:00-05:00,12.5058596812372,12.692140073713666,12.389372083759055,12.642216682434082,266221512,0.0,0.0
2008-02-21 00:00:00-05:00,12.737839854776038,12.746781654204346,12.406261613923917,12.489714622497559,226884888,0.0,0.0
2008-02-22 00:00:00-05:00,12.469845317719555,12.642216557982463,12.357829094398957,12.612412452697754,220415364,0.0,0.0
2008-02-25 00:00:00-05:00,12.566462333548932,12.580122548220576,12.06449961006568,12.08188533782959,334577088,0.0,0.0
2008-02-26 00:00:00-05:00,11.454991690013792,11.585883472508334,11.0985747870117,11.529254913330078,930560508,0.0,0.0
2008-02-27 00:00:00-05:00,11.428415294915807,11.809916944405018,11.416245852685737,11.74459457397461,404471124,0.0,0.0
2008-02-28 00:00:00-05:00,11.685978184820291,11.899331022478535,11.6079894486282,11.80743408203125,263212524,0.0,0.0
2008-02-29 00:00:00-05:00,11.720006193469317,11.915475424475956,11.540679906174784,11.70286750793457,376638984,0.0,0.0
2008-03-03 00:00:00-05:00,11.711064977229043,11.741118019230058,11.179545159406942,11.351171493530273,301877820,0.0,0.0
2008-03-04 00:00:00-05:00,11.200407446658986,11.26026459003084,10.82362424453407,11.04269027709961,544323132,0.0,0.0
2008-03-05 00:00:00-05:00,11.058834187956673,11.280383896277362,11.027787299746773,11.119686126708984,297166536,0.0,0.0
2008-03-06 00:00:00-05:00,11.119438451507975,11.258777007596784,10.709373574086971,10.747126579284668,298505196,0.0,0.0
2008-03-07 00:00:00-05:00,10.652247059902999,10.928438576752209,10.586676704827093,10.763270378112793,322549128,0.0,0.0
2008-03-10 00:00:00-04:00,10.651004781838175,10.704902622423088,10.258823523911612,10.273229598999023,319184496,0.0,0.0
2008-03-11 00:00:00-04:00,10.562336945279167,10.932165141765559,10.547185956109967,10.92446517944336,352722924,0.0,0.0
2008-03-12 00:00:00-04:00,10.928687534847418,11.124157726243912,10.880503849657892,10.932910919189453,265809924,0.0,0.0
2008-03-13 00:00:00-04:00,10.746380534213472,11.101803564120035,10.649763291252698,11.003198623657227,308754936,0.0,0.0
2008-03-14 00:00:00-04:00,11.002453115219623,11.160419213252174,10.69546271786214,10.876775741577148,262713024,0.0,0.0
2008-03-17 00:00:00-04:00,10.630142377513954,10.772213549068155,10.235725401552866,10.42846393585205,315212472,0.0,0.0
2008-03-18 00:00:00-04:00,10.654730079488484,10.949301154603498,10.569041391222012,10.907574653625488,289198512,0.0,0.0
2008-03-19 00:00:00-04:00,10.95600925088352,11.114720291122854,10.721545156078445,10.729741096496582,246912840,0.0,0.0
2008-03-20 00:00:00-04:00,10.6135014900062,10.821638036428023,10.369598691903395,10.768238067626953,396139464,0.0,0.0
2008-03-24 00:00:00-04:00,10.889445016837746,11.56874640304958,10.871810351677997,11.439096450805664,270269460,0.0,0.0
2008-03-25 00:00:00-04:00,11.362100136695314,11.36234812564269,11.077463723424358,11.196186065673828,233030736,0.0,0.0
2008-03-26 00:00:00-04:00,11.241140342377895,11.496468608167984,11.159177161673153,11.380229949951172,208818972,0.0,0.0
2008-03-27 00:00:00-04:00,11.077463324456074,11.142287822269946,10.940609398296125,11.029775619506836,233054712,0.0,0.0
2008-03-28 00:00:00-04:00,11.113725865726904,11.265482795512575,10.78711495941706,10.880751609802246,174872952,0.0,0.0
2008-03-31 00:00:00-04:00,10.820148885405288,10.995251801993941,10.729988810502396,10.940113067626953,177678144,0.0,0.0
2008-04-01 00:00:00-04:00,11.120680914888162,11.586629426754987,11.099071801821212,11.567007064819336,243480276,0.0,0.0
2008-04-02 00:00:00-04:00,11.671076322249787,11.816126192664626,11.434872530203371,11.56675910949707,239720040,0.0,0.0
2008-04-03 00:00:00-04:00,11.468155182723374,11.506902036024488,11.130366786736248,11.303979873657227,270864864,0.0,0.0
2008-04-04 00:00:00-04:00,11.350923205035324,11.868036933835103,11.330803919220216,11.700632095336914,235652112,0.0,0.0
2008-04-07 00:00:00-04:00,11.848166153478449,12.057047607674727,11.76123467530501,11.842949867248535,237502260,0.0,0.0
2008-04-08 00:00:00-04:00,11.749066204555813,11.776386636089134,11.475110350189993,11.619166374206543,181698120,0.0,0.0
2008-04-09 00:00:00-04:00,11.651951702420774,11.723235272325729,11.364086704855689,11.529254913330078,241682076,0.0,0.0
2008-04-10 00:00:00-04:00,11.548379644517063,11.76943148529963,11.471134879467565,11.65070915222168,202693104,0.0,0.0
2008-04-11 00:00:00-04:00,11.526273062123114,11.605504574409975,11.301246783498861,11.361849784851074,166621212,0.0,0.0
2008-04-14 00:00:00-04:00,11.3546483248923,11.361851362740996,11.180538311337228,11.218043327331543,153550296,0.0,0.0
2008-04-15 00:00:00-04:00,11.378740651129588,11.418232416692653,11.020833925131203,11.098326683044434,182920896,0.0,0.0
2008-04-16 00:00:00-04:00,11.037725190300803,11.382466779718879,10.953277372185077,11.301746368408203,304922772,0.0,0.0
2008-04-17 00:00:00-04:00,11.316646200727291,11.409537930539067,11.090378075651229,11.165387153625488,533585880,0.0,0.0
2008-04-18 00:00:00-04:00,13.293204755822693,13.603422827405357,13.033902031557531,13.397521018981934,728694576,0.0,0.0
2008-04-21 00:00:00-04:00,13.397024300694941,13.47650381028795,13.171005096024167,13.357284545898438,297290412,0.0,0.0
2008-04-22 00:00:00-04:00,13.351820827187028,13.929537554833061,13.351570945206321,13.784735679626465,317222460,0.0,0.0
2008-04-23 00:00:00-04:00,13.8577564782534,13.891783966236266,13.435769247657763,13.573369026184082,196663140,0.0,0.0
2008-04-24 00:00:00-04:00,13.692588384868516,13.772067889385175,13.412671357004747,13.487680435180664,165238596,0.0,0.0
2008-04-25 00:00:00-04:00,13.636207558337114,13.735060492844351,13.479981152247156,13.513014793395996,166409424,0.0,0.0
2008-04-28 00:00:00-04:00,13.558217925563866,13.829690074296282,13.387336520300607,13.713203430175781,160183656,0.0,0.0
2008-04-29 00:00:00-04:00,13.6811641685378,13.993368983175051,13.66079689430706,13.87092113494873,173666160,0.0,0.0
2008-04-30 00:00:00-04:00,13.963811050235922,14.526377694523852,13.870920270370533,14.263847351074219,315803880,0.0,0.0
2008-05-01 00:00:00-04:00,14.363694602612167,14.776491126314228,14.330412972216765,14.730542182922363,263847888,0.0,0.0
2008-05-02 00:00:00-04:00,14.864912406375856,14.963268417198544,14.388283340735837,14.43770980834961,279672048,0.0,0.0
2008-05-05 00:00:00-04:00,14.874102357416458,14.877579881765744,14.582759835020228,14.77574634552002,250988760,0.0,0.0
2008-05-06 00:00:00-04:00,14.67888159263467,14.703718348743848,14.480182811147651,14.56363582611084,184986828,0.0,0.0
2008-05-07 00:00:00-04:00,14.660748743551846,14.889748537116986,14.31699917122817,14.380830764770508,264255480,0.0,0.0
2008-05-08 00:00:00-04:00,14.55966212559184,14.636657015005147,14.378597064797468,14.480430603027344,204711084,0.0,0.0
2008-05-09 00:00:00-04:00,14.380830454089525,14.529855707331842,14.18958366652487,14.236774444580078,179216604,0.0,0.0
2008-05-12 00:00:00-04:00,14.2752725564116,14.57332022745149,14.130222696149005,14.528365135192871,194361444,0.0,0.0
2008-05-13 00:00:00-04:00,14.560405167292505,14.603125520331764,14.369654351781008,14.480181694030762,206333460,0.0,0.0
2008-05-14 00:00:00-04:00,14.566864810913073,14.683601353889063,14.287693606914837,14.313772201538086,174856968,0.0,0.0
2008-05-15 00:00:00-04:00,14.380831310509478,14.47893933200086,14.29663433273074,14.43050765991211,173534292,0.0,0.0
2008-05-16 00:00:00-04:00,14.441184403369196,14.521906685656388,14.363940591438407,14.407405853271484,170793036,0.0,0.0
2008-05-19 00:00:00-04:00,14.369654957033472,14.626226021531364,14.24472342791677,14.344072341918945,223955820,0.0,0.0
2008-05-20 00:00:00-04:00,14.272293289022295,14.467267503546658,14.229572932702364,14.37089729309082,132411456,0.0,0.0
2008-05-21 00:00:00-04:00,14.368909713623037,14.440690206269954,13.608142123494856,13.660300254821777,258465276,0.0,0.0
2008-05-22 00:00:00-04:00,13.708981524054732,13.765113156355287,13.418383928277324,13.647135734558105,202848948,0.0,0.0
2008-05-23 00:00:00-04:00,13.585042507788119,13.735059716692,13.357780534753099,13.526923179626465,177082740,0.0,0.0
2008-05-27 00:00:00-04:00,13.535367685006365,13.97349784741827,13.507798321536097,13.931275367736816,154465380,0.0,0.0
2008-05-28 00:00:00-04:00,14.106129671074768,14.194302032640863,13.93624212477453,14.113579750061035,161853984,0.0,0.0
2008-05-29 00:00:00-04:00,14.276266641578822,14.551713249847573,14.236774877280132,14.480181694030762,193606200,0.0,0.0
2008-05-30 00:00:00-04:00,14.491855148603976,14.652056956124236,14.43795825269183,14.549727439880371,128878992,0.0,0.0
2008-06-02 00:00:00-04:00,14.467763094922956,14.502287510111932,14.188839895012947,14.281482696533203,146821032,0.0,0.0
2008-06-03 00:00:00-04:00,14.318738589801644,14.418088449823683,13.924072707212257,14.090235710144043,172039788,0.0,0.0
2008-06-04 00:00:00-04:00,14.041305366612418,14.355994818667329,14.02193288672645,14.212435722351074,134393472,0.0,0.0
2008-06-05 00:00:00-04:00,14.333143531874027,14.605362504469287,14.311536312424709,14.56214427947998,156511332,0.0,0.0
2008-06-06 00:00:00-04:00,14.39945989805855,14.423552686280763,14.082783699035645,14.082783699035645,189190620,0.0,0.0
2008-06-09 00:00:00-04:00,14.109111594199357,14.157295275618974,13.546296928738245,13.85601806640625,211320468,0.0,0.0
2008-06-10 00:00:00-04:00,13.649620205587974,13.879612900511026,13.580571379541164,13.764120101928711,146149704,0.0,0.0
2008-06-11 00:00:00-04:00,13.815535148083958,13.842855580969243,13.522950765762225,13.54133129119873,152363484,0.0,0.0
2008-06-12 00:00:00-04:00,13.629750737884294,13.859248416320305,13.583056880352432,13.733819961547852,219444336,0.0,0.0
2008-06-13 00:00:00-04:00,13.945929278014276,14.298868641358576,13.942204711411723,14.194799423217773,247128624,0.0,0.0
2008-06-16 00:00:00-04:00,14.070364657274302,14.383315328266375,14.070364657274302,14.227088928222656,141570288,0.0,0.0
2008-06-17 00:00:00-04:00,14.31501407821997,14.357734435831741,14.117061150718472,14.143884658813477,138377484,0.0,0.0
2008-06-18 00:00:00-04:00,14.020938742985702,14.132210054977296,13.888059264970053,13.968035697937012,135112752,0.0,0.0
2008-06-19 00:00:00-04:00,13.793427838798982,14.002807157910754,13.680665761199323,13.913888931274414,227096676,0.0,0.0
2008-06-20 00:00:00-04:00,13.8339137828038,13.8339137828038,13.524191680565927,13.571879386901855,239084676,0.0,0.0
2008-06-23 00:00:00-04:00,13.545303806150319,13.738787241608508,13.462346771601496,13.54157829284668,145290564,0.0,0.0
2008-06-24 00:00:00-04:00,13.539838923788931,13.690105073057959,13.290471853430512,13.469300270080566,186717096,0.0,0.0
2008-06-25 00:00:00-04:00,13.535616479238637,13.854279418905188,13.503327752215064,13.685385704040527,164723112,0.0,0.0
2008-06-26 00:00:00-04:00,13.514007773279232,13.534623037128895,13.120584677118684,13.134493827819824,226153620,0.0,0.0
2008-06-27 00:00:00-04:00,13.106178994057315,13.163801403156535,12.793476288743253,13.115865707397461,217682100,0.0,0.0
2008-06-30 00:00:00-04:00,13.225149611695427,13.362499514235337,12.991430451508226,13.074883460998535,150461388,0.0,0.0
2008-07-01 00:00:00-04:00,12.904997069224851,13.330707945821354,12.840915591274605,13.281282424926758,198197604,0.0,0.0
2008-07-02 00:00:00-04:00,13.32549334440319,13.421613673610251,13.06594356199647,13.090283393859863,168751080,0.0,0.0
2008-07-03 00:00:00-04:00,13.185658727545976,13.393050373921065,13.10170878805492,13.337663650512695,95923980,0.0,0.0
2008-07-07 00:00:00-04:00,13.469301043299236,13.635712038902742,13.302890994218432,13.509288787841797,170037792,0.0,0.0
2008-07-08 00:00:00-04:00,13.560949811700256,13.789454570455561,13.412174439474349,13.77306079864502,197098704,0.0,0.0
2008-07-09 00:00:00-04:00,13.67942588712776,13.80162575917104,13.430307727173869,13.450674057006836,165993840,0.0,0.0
2008-07-10 00:00:00-04:00,13.53636385780566,13.648131157432433,13.1816856916648,13.4263334274292,173094732,0.0,0.0
2008-07-11 00:00:00-04:00,13.325243652101182,13.39975580450329,12.901269675307264,13.258182525634766,199056744,0.0,0.0
2008-07-14 00:00:00-04:00,13.387337664504727,13.413665193051045,12.802417879022705,12.95566463470459,176815008,0.0,0.0
2008-07-15 00:00:00-04:00,12.823033914709802,13.101709141062619,12.446002670437007,12.818314552307129,242597160,0.0,0.0
2008-07-16 00:00:00-04:00,12.767396546065763,13.325243848572843,12.681955842422504,13.302889823913574,189498312,0.0,0.0
2008-07-17 00:00:00-04:00,13.267125436917949,13.338905936224783,13.027197064030485,13.249242782592773,351144504,0.0,0.0
2008-07-18 00:00:00-04:00,12.377697760864596,12.3933456724254,11.876976895712584,11.954717636108398,451244304,0.0,0.0
2008-07-21 00:00:00-04:00,11.94379035637517,12.023517856179085,11.566759130957356,11.643755912780762,235823940,0.0,0.0
2008-07-22 00:00:00-04:00,11.592093970219915,11.928142662075789,11.564276614170646,11.850153923034668,187472340,0.0,0.0
2008-07-23 00:00:00-04:00,11.961921213385438,12.34988096612801,11.874741745722163,12.150933265686035,195568236,0.0,0.0
2008-07-24 00:00:00-04:00,12.336716511934162,12.340938949352267,11.81314468383789,11.81314468383789,141494364,0.0,0.0
2008-07-25 00:00:00-04:00,12.083127337196954,12.248048496843465,11.959189661681632,12.21948528289795,127212660,0.0,0.0
2008-07-28 00:00:00-04:00,12.222216793263435,12.222216793263435,11.800974466306647,11.850401878356934,126273600,0.0,0.0
2008-07-29 00:00:00-04:00,11.90454743380074,12.102253307114422,11.872258705290285,11.999177932739258,111999888,0.0,0.0
2008-07-30 00:00:00-04:00,12.058538456230636,12.071454704159962,11.743352096639676,11.988994598388672,139488372,0.0,0.0
2008-07-31 00:00:00-04:00,11.78681812933559,11.944037430288807,11.709325375555737,11.76669979095459,114489396,0.0,0.0
2008-08-01 00:00:00-04:00,11.735900831540814,11.753534546520886,11.487277755114858,11.620406150817871,120195684,0.0,0.0
2008-08-04 00:00:00-04:00,11.626865852909548,11.74831985605646,11.47237726199626,11.499698638916016,99380520,0.0,0.0
2008-08-05 00:00:00-04:00,11.613701366387811,11.923920379303128,11.582406487963608,11.918207168579102,143236620,0.0,0.0
2008-08-06 00:00:00-04:00,11.881448121018511,12.16459469558684,11.735902278130816,12.079402923583984,134896968,0.0,0.0
2008-08-07 00:00:00-04:00,11.971608424523849,12.021282881208421,11.832766798921574,11.900076866149902,110841048,0.0,0.0
2008-08-08 00:00:00-04:00,11.925658396985563,12.313120259729763,11.814883071913059,12.2947416305542,149422428,0.0,0.0
2008-08-11 00:00:00-04:00,12.231654230684025,12.639235385113695,12.214516492313244,12.439543724060059,169402428,0.0,0.0
2008-08-12 00:00:00-04:00,12.468355214933311,12.570933658613187,12.36900535994991,12.483506202697754,110117772,0.0,0.0
2008-08-13 00:00:00-04:00,12.458420797470716,12.50660447965498,12.266675184906259,12.419425010681152,144874980,0.0,0.0
2008-08-14 00:00:00-04:00,12.361555017700008,12.607693509058969,12.32653462491495,12.555038452148438,116627256,0.0,0.0
2008-08-15 00:00:00-04:00,12.592293574470949,12.683446548431379,12.555286430603106,12.670780181884766,141686172,0.0,0.0
2008-08-18 00:00:00-04:00,12.663079401517678,12.667053850007598,12.307160392999409,12.376456260681152,133222644,0.0,0.0
2008-08-19 00:00:00-04:00,12.180985237088212,12.37595847185978,12.086603686947125,12.182723999023438,121738140,0.0,0.0
2008-08-20 00:00:00-04:00,12.287539798926078,12.336470292906172,11.98576657361965,12.046121597290039,159124716,0.0,0.0
2008-08-21 00:00:00-04:00,11.99445854924615,12.167823644765209,11.903802499242742,12.084120750427246,140423436,0.0,0.0
2008-08-22 00:00:00-04:00,12.207562378669573,12.291512308406773,12.157391001270566,12.18496036529541,91796112,0.0,0.0
2008-08-25 00:00:00-04:00,12.073690394304661,12.344168724860168,11.959190488198246,11.99669361114502,80491428,0.0,0.0
2008-08-26 00:00:00-04:00,12.007872545043789,12.007872545043789,11.688215720545099,11.776884078979492,132195672,0.0,0.0
2008-08-27 00:00:00-04:00,11.766202515237081,11.793523889973722,11.545398670539733,11.638289451599121,175308516,0.0,0.0
2008-08-28 00:00:00-04:00,11.735402915283235,11.833758911935702,11.681754017741426,11.76744270324707,121066812,0.0,0.0
2008-08-29 00:00:00-04:00,11.667349619133477,11.69864449581116,11.483056936572053,11.506900787353516,153774072,0.0,0.0
2008-09-02 00:00:00-04:00,11.841708272114287,11.976079467401073,11.460454626908524,11.555582046508789,244215540,0.0,0.0
2008-09-03 00:00:00-04:00,11.642017281286419,11.780112104744004,11.414755286167855,11.534719467163086,172411416,0.0,0.0
2008-09-04 00:00:00-04:00,11.425187479759348,11.505660844344332,11.161911229080944,11.183271408081055,193746060,0.0,0.0
2008-09-05 00:00:00-04:00,11.064796437915211,11.237912600594994,10.930426182053457,11.033997535705566,181190628,0.0,0.0
2008-09-08 00:00:00-04:00,11.226984255044894,11.249834258092708,10.37083938296843,10.430449485778809,360355284,0.0,0.0
2008-09-09 00:00:00-04:00,10.510426066859285,10.739177875637965,10.307503914768738,10.398409843444824,288894816,0.0,0.0
2008-09-10 00:00:00-04:00,10.542714317492177,10.542964199483807,10.175369805865119,10.286641120910645,248822928,0.0,0.0
2008-09-11 00:00:00-04:00,10.142337027428526,10.806487387890678,10.093407483603716,10.773205757141113,258597144,0.0,0.0
2008-09-12 00:00:00-04:00,10.68528080923001,10.977865154479895,10.655227768950407,10.870318412780762,240878880,0.0,0.0
2008-09-15 00:00:00-04:00,10.531041380069993,10.9773684602477,10.523837396121024,10.7759370803833,262433304,0.0,0.0
2008-09-16 00:00:00-04:00,10.579722748317275,11.158929294730713,10.568048338059478,11.001212120056152,279348372,0.0,0.0
2008-09-17 00:00:00-04:00,10.890685288779899,10.907077167225806,10.268757467845713,10.294837951660156,364710924,0.0,0.0
2008-09-18 00:00:00-04:00,10.49726392607132,10.908072786564798,10.195737743538933,10.905590057373047,343232424,0.0,0.0
2008-09-19 00:00:00-04:00,11.450023791360131,11.476598360983896,11.009904961879212,11.15570068359375,399839760,0.0,0.0
2008-09-22 00:00:00-04:00,11.279391514936364,11.279391514936364,10.655227972851517,10.683542251586914,176115708,0.0,0.0
2008-09-23 00:00:00-04:00,10.760786839128913,10.948061092598827,10.57376246765802,10.661933898925781,207959832,0.0,0.0
2008-09-24 00:00:00-04:00,10.688510550252335,11.052626490079412,10.68279828551609,10.806985855102539,169510320,0.0,0.0
2008-09-25 00:00:00-04:00,10.899628212737758,11.17681265314176,10.828592630542808,10.91850471496582,200611188,0.0,0.0
2008-09-26 00:00:00-04:00,10.630390371530728,10.857901291904561,10.457274215669381,10.705896377563477,211488300,0.0,0.0
2008-09-29 00:00:00-04:00,10.41952030949015,10.51886921284281,9.455830646442868,9.463034629821777,430085484,0.0,0.0
2008-09-30 00:00:00-04:00,9.83509673363052,10.557865176366148,9.744192703216418,9.947858810424805,123328548,0.0,0.0
2008-10-01 00:00:00-04:00,10.211879886998688,10.356681753145056,10.011940240127503,10.22603702545166,249142608,0.0,0.0
2008-10-02 00:00:00-04:00,10.178101663729825,10.182821025540703,9.5872216634279,9.69874095916748,239156604,0.0,0.0
2008-10-03 00:00:00-04:00,9.869125953149998,10.245411309746355,9.51444781616496,9.609823226928711,319396284,0.0,0.0
2008-10-06 00:00:00-04:00,9.288677147869704,9.33859959621854,8.870912303571332,9.219878196716309,448375176,0.0,0.0
2008-10-07 00:00:00-04:00,9.27253344733014,9.313515042816109,8.57808011775755,8.593976020812988,441733824,0.0,0.0
2008-10-08 00:00:00-04:00,8.20030159054679,8.916362881241694,8.09970991438231,8.397758483886719,472582944,0.0,0.0
2008-10-09 00:00:00-04:00,8.556968753634413,8.657559510897816,7.989434667551475,8.170995712280273,322677000,0.0,0.0
2008-10-10 00:00:00-04:00,7.778066107021896,8.49164369287076,7.707031017935661,8.246001243591309,423488088,0.0,0.0
2008-10-13 00:00:00-04:00,8.83688521286892,9.486629486896279,8.58751718937073,9.463531494140625,355863780,0.0,0.0
2008-10-14 00:00:00-04:00,9.77424542039077,9.798337259311394,8.86693728248394,9.008758544921875,311080608,0.0,0.0
2008-10-15 00:00:00-04:00,8.808570753359776,8.916613486155788,8.415643602077568,8.424088478088379,268587144,0.0,0.0
2008-10-16 00:00:00-04:00,8.264879943484841,8.854519092121263,7.685673367925795,8.768085479736328,648938412,0.0,0.0
2008-10-17 00:00:00-04:00,9.412366560908643,9.587222432155743,9.029623069180237,9.252910614013672,569398032,0.0,0.0
2008-10-20 00:00:00-04:00,9.431988126113987,9.462538093309634,8.931267197370149,9.421307563781738,269865864,0.0,0.0
2008-10-21 00:00:00-04:00,9.249184651639046,9.53208228942872,8.991124714851573,9.009753227233887,231048720,0.0,0.0
2008-10-22 00:00:00-04:00,8.866688960157003,9.182123273182043,8.544051610661139,8.833903312683105,262137600,0.0,0.0
2008-10-23 00:00:00-04:00,8.783732693197651,8.89177542160767,8.394780006748842,8.750699996948242,258896844,0.0,0.0
2008-10-24 00:00:00-04:00,8.10865373718353,8.704751025055277,8.0656853921208,8.427068710327148,294065640,0.0,0.0
2008-10-27 00:00:00-04:00,8.315797940451658,8.519216096531366,8.087045155778581,8.183662414550781,247779972,0.0,0.0
2008-10-28 00:00:00-04:00,8.42110671629276,9.172685433214882,8.15932127520595,9.15877628326416,323891784,0.0,0.0
2008-10-29 00:00:00-04:00,9.085258565802734,9.214660521585555,8.751940602412851,8.891775131225586,389873736,0.0,0.0
2008-10-30 00:00:00-04:00,9.15157435427905,9.239497788841511,8.900964501379761,8.93375015258789,319236444,0.0,0.0
2008-10-31 00:00:00-04:00,8.84607476886642,9.238504004725092,8.799131978201633,8.925554275512695,296635068,0.0,0.0
2008-11-03 00:00:00-05:00,8.881343579157722,9.01571383363836,8.48022051337018,8.605897903442383,237941820,0.0,0.0
2008-11-04 00:00:00-05:00,8.778517261383069,9.248440228625979,8.581308309137876,9.113821983337402,293702004,0.0,0.0
2008-11-05 00:00:00-05:00,8.994850264247003,9.16200521935359,8.4772396154052,8.500338554382324,277582140,0.0,0.0
2008-11-06 00:00:00-05:00,8.443959437293856,8.554484907219116,8.092261845367945,8.226632118225098,342649008,0.0,0.0
2008-11-07 00:00:00-05:00,8.273820277715844,8.473263931216334,8.080336876531751,8.224642753601074,187064748,0.0,0.0
2008-11-10 00:00:00-05:00,8.146654307298801,8.18241961265804,7.6864176007084355,7.917653560638428,322880796,0.0,0.0
2008-11-11 00:00:00-05:00,7.667045660967569,7.856057258186022,7.464124912231517,7.735844612121582,405458136,0.0,0.0
2008-11-12 00:00:00-05:00,7.502124859774219,7.76142663487649,7.147198740139849,7.2276716232299805,401641956,0.0,0.0
2008-11-13 00:00:00-05:00,7.246797175998852,7.774094071989129,6.954461282206685,7.751244068145752,528858612,0.0,0.0
2008-11-14 00:00:00-05:00,7.531929685271462,8.071893869316455,7.514791946547759,7.700078010559082,380303316,0.0,0.0
2008-11-17 00:00:00-05:00,7.525720858630113,7.703556378315553,7.40029145987325,7.454189300537109,301450248,0.0,0.0
2008-11-18 00:00:00-05:00,7.490203738665862,7.543852648666201,7.087341882260177,7.387128829956055,333510156,0.0,0.0
2008-11-19 00:00:00-05:00,7.336707564740101,7.455926823549514,6.919191223453489,6.958931922912598,313070616,0.0,0.0
2008-11-20 00:00:00-05:00,6.827542182454498,7.027483742478855,6.433869671037276,6.446784973144531,390784824,0.0,0.0
2008-11-21 00:00:00-05:00,6.520055064655218,6.690440027886488,6.142279888403136,6.518068313598633,409370220,0.0,0.0
2008-11-24 00:00:00-05:00,6.687706983841207,6.704845668477553,6.184750432713528,6.394129276275635,401785812,0.0,0.0
2008-11-25 00:00:00-05:00,6.673302131134591,7.11987813572107,6.6395235778793875,7.005377292633057,430417152,0.0,0.0
2008-11-26 00:00:00-05:00,6.961415268827613,7.3384469516489315,6.860079133377357,7.254745006561279,254009736,0.0,0.0
2008-11-28 00:00:00-05:00,7.2172406479162206,7.363036376026906,7.160114218031765,7.276352882385254,102517380,0.0,0.0
2008-12-01 00:00:00-05:00,7.1203743184724155,7.137760993244722,6.606241192581195,6.606489181518555,228219552,0.0,0.0
2008-12-02 00:00:00-05:00,6.699381051945384,6.899321176115088,6.521794005829859,6.833006381988525,233354412,0.0,0.0
2008-12-03 00:00:00-05:00,6.702361738794244,6.988239494381054,6.590345045312983,6.940303802490234,235955808,0.0,0.0
2008-12-04 00:00:00-05:00,6.868274735268988,7.041142892241562,6.67553717565635,6.813880920410156,195268536,0.0,0.0
2008-12-05 00:00:00-05:00,6.7314207649181474,7.0597708757463655,6.557559707075011,7.053561687469482,260587152,0.0,0.0
2008-12-08 00:00:00-05:00,7.2025866138874255,7.685673335058492,7.004135828207156,7.503614902496338,325446228,0.0,0.0
2008-12-09 00:00:00-05:00,7.39383396565874,7.898280837223387,7.376944689036252,7.5994873046875,275320404,0.0,0.0
2008-12-10 00:00:00-05:00,7.680706357939213,7.821285333725823,7.563224903094909,7.670274257659912,209270520,0.0,0.0
2008-12-11 00:00:00-05:00,7.554780209278442,7.7711136366836,7.396565637979645,7.456672191619873,246920832,0.0,0.0
2008-12-12 00:00:00-05:00,7.344655475102835,7.860279831467584,7.302183584805755,7.842645168304443,228655116,0.0,0.0
2008-12-15 00:00:00-05:00,7.7991798037859095,7.910451116742244,7.57812700456809,7.71622371673584,269246484,0.0,0.0
2008-12-16 00:00:00-05:00,7.811846599847199,8.183909968766615,7.731125258181002,8.079095840454102,282101616,0.0,0.0
2008-12-17 00:00:00-05:00,7.91417640629218,8.000857998968337,7.75968735473428,7.829729080200195,231356412,0.0,0.0
2008-12-18 00:00:00-05:00,7.8659912710687685,7.956647784962524,7.677475679632062,7.706535816192627,190349460,0.0,0.0
2008-12-19 00:00:00-05:00,7.724171290098528,7.893065002378084,7.674744351541386,7.703804016113281,224279496,0.0,0.0
2008-12-22 00:00:00-05:00,7.663816315137853,7.687162769229637,7.218482147255025,7.379427909851074,156547296,0.0,0.0
2008-12-23 00:00:00-05:00,7.461889048220237,7.53342061333275,7.368500379359321,7.402031421661377,150956892,0.0,0.0
2008-12-24 00:00:00-05:00,7.487968213371695,7.608676828432893,7.41097190780019,7.524477958679199,76783140,0.0,0.0
2008-12-26 00:00:00-05:00,7.5522956408223685,7.58185270336022,7.409233002854745,7.460150241851807,78285636,0.0,0.0
2008-12-29 00:00:00-05:00,7.456673169915651,7.48548437618771,7.2420784764370545,7.387128829956055,147927924,0.0,0.0
2008-12-30 00:00:00-05:00,7.471077975419808,7.620350268314445,7.4191673632974595,7.528451442718506,153586260,0.0,0.0
2008-12-31 00:00:00-05:00,7.555526143614199,7.7244198687888215,7.5160343768437,7.641214370727539,115356528,0.0,0.0
2009-01-02 00:00:00-05:00,7.664810665365464,7.993160356262388,7.587814351919995,7.98074197769165,144275580,0.0,0.0
2009-01-05 00:00:00-05:00,7.972792913485737,8.227127328867322,7.823768605342433,8.147895812988281,195364440,0.0,0.0
2009-01-06 00:00:00-05:00,8.270345232143336,8.464573582522286,8.106666848318469,8.29716968536377,256750992,0.0,0.0
2009-01-07 00:00:00-05:00,8.154602838725333,8.218931363078303,7.916909684261457,7.997878551483154,179600220,0.0,0.0
2009-01-08 00:00:00-05:00,7.905235055411456,8.076861381530762,7.881887654512387,8.076861381530762,143883972,0.0,0.0
2009-01-09 00:00:00-05:00,8.134235387039448,8.134235387039448,7.784028650614405,7.825507164001465,173446380,0.0,0.0
2009-01-12 00:00:00-05:00,7.856306706370332,7.921877068821473,7.705295629697039,7.766395092010498,132039828,0.0,0.0
2009-01-13 00:00:00-05:00,7.743543903944725,7.962857460849539,7.709268899074908,7.80687952041626,177122700,0.0,0.0
2009-01-14 00:00:00-05:00,7.699582660554373,7.793964225695386,7.395324356382131,7.475301265716553,218497284,0.0,0.0
2009-01-15 00:00:00-05:00,7.390853334269041,7.54012514935238,7.123106235684705,7.426121711730957,237142620,0.0,0.0
2009-01-16 00:00:00-05:00,7.575891226395883,7.656116116277497,7.344407291267165,7.443011283874512,208767024,0.0,0.0
2009-01-20 00:00:00-05:00,7.429847956020302,7.438789281783747,7.022763729095459,7.022763729095459,201726072,0.0,0.0
2009-01-21 00:00:00-05:00,7.1618529245275395,7.5381387291864455,7.1618529245275395,7.527707576751709,196783020,0.0,0.0
2009-01-22 00:00:00-05:00,7.402526161283297,7.6834365610315185,7.330746619213099,7.612650394439697,330349320,0.0,0.0
2009-01-23 00:00:00-05:00,7.681449741261773,8.245009771004097,7.556021298824616,8.064690589904785,428882688,0.0,0.0
2009-01-26 00:00:00-05:00,8.068416743013204,8.146654414352644,7.96186479234874,8.044075965881348,184243572,0.0,0.0
2009-01-27 00:00:00-05:00,8.10815507985874,8.292448691757027,8.054010206177244,8.233086585998535,196894908,0.0,0.0
2009-01-28 00:00:00-05:00,8.394531789982151,8.750947748411887,8.353053272667701,8.660042762756348,307348344,0.0,0.0
2009-01-29 00:00:00-05:00,8.557463580155842,8.570130892229598,8.447434112971663,8.527162551879883,291060648,0.0,0.0
2009-01-30 00:00:00-05:00,8.561191413185451,8.663272946400918,8.345353935024418,8.40819263458252,186693120,0.0,0.0
2009-02-02 00:00:00-05:00,8.302881039085614,8.568888908979302,8.246002603443149,8.45885944366455,208067724,0.0,0.0
2009-02-03 00:00:00-05:00,8.508533305934444,8.519213866130322,8.291454990000075,8.455878257751465,261997740,0.0,0.0
2009-02-04 00:00:00-05:00,8.446440292581435,8.803354092588284,8.424087214576662,8.519214630126953,272423304,0.0,0.0
2009-02-05 00:00:00-05:00,8.467305867759485,8.826701508512146,8.37019073892784,8.785472869873047,290285424,0.0,0.0
2009-02-06 00:00:00-05:00,8.853525415242549,9.284454487336506,8.828191734981358,9.2216157913208,281242476,0.0,0.0
2009-02-09 00:00:00-05:00,9.221614741587226,9.463034795832282,9.122762760856453,9.407647132873535,198892908,0.0,0.0
2009-02-10 00:00:00-05:00,9.338349518760387,9.376102515926123,8.889041904971219,8.904440879821777,283863852,0.0,0.0
2009-02-11 00:00:00-05:00,8.915371830842124,9.06563800024609,8.767589337195394,8.892769813537598,209054736,0.0,0.0
2009-02-12 00:00:00-05:00,8.77156178962153,9.031360461740068,8.729835289180057,9.017202377319336,221789988,0.0,0.0
2009-02-13 00:00:00-05:00,8.995844383475577,9.015713787736551,8.822976212400734,8.883827209472656,165702132,0.0,0.0
2009-02-17 00:00:00-05:00,8.606393238450435,8.620799312755029,8.437002603521108,8.510769844055176,226988784,0.0,0.0
2009-02-18 00:00:00-05:00,8.624526105365641,8.77702701325631,8.457619121033034,8.7703218460083,240739020,0.0,0.0
2009-02-19 00:00:00-05:00,8.878612316518947,8.936482716561075,8.479723972754575,8.510274887084961,199348452,0.0,0.0
2009-02-20 00:00:00-05:00,8.396268832371414,8.66625112303248,8.320513904406296,8.604902267456055,248435316,0.0,0.0
2009-02-23 00:00:00-05:00,8.61856613606413,8.688110005273227,8.185153348906324,8.197820663452148,208635156,0.0,0.0
2009-02-24 00:00:00-05:00,8.221663042776346,8.683638018794692,8.21843445410737,8.580065727233887,243592164,0.0,0.0
2009-02-25 00:00:00-05:00,8.498101850550064,8.750200558489787,8.417876492598426,8.485435485839844,257306436,0.0,0.0
2009-02-26 00:00:00-05:00,8.592732669360224,8.754920260443969,8.374163567587393,8.37466049194336,223999776,0.0,0.0
2009-02-27 00:00:00-05:00,8.26959874857543,8.539581076088911,8.223897796664263,8.394779205322266,216583200,0.0,0.0
2009-03-02 00:00:00-05:00,8.279037339174517,8.462088186283276,8.096979394283608,8.1257905960083,231308460,0.0,0.0
2009-03-03 00:00:00-05:00,8.198067458382175,8.287979538489642,8.00632373836438,8.084064483642578,260731008,0.0,0.0
2009-03-04 00:00:00-05:00,8.026440763039645,8.171491567282933,7.833206278695023,7.921130657196045,312423264,0.0,0.0
2009-03-05 00:00:00-05:00,7.860528393814034,7.925105378377619,7.516779744350753,7.591291904449463,260934804,0.0,0.0
2009-03-06 00:00:00-05:00,7.630533842497053,7.704301558431854,7.308393850771741,7.664064407348633,289078632,0.0,0.0
2009-03-09 00:00:00-04:00,7.450711505815223,7.614389879915069,7.18917357571673,7.224940299987793,258593148,0.0,0.0
2009-03-10 00:00:00-04:00,7.407743040338137,7.711999898420249,7.3083936593626,7.654129505157471,268938792,0.0,0.0
2009-03-11 00:00:00-04:00,7.702066264923535,7.9479563127214785,7.593030156289752,7.8960466384887695,236707056,0.0,0.0
2009-03-12 00:00:00-04:00,7.886854388167531,8.072141387905354,7.790237623163542,8.035630226135254,200763036,0.0,0.0
2009-03-13 00:00:00-04:00,8.099461940033565,8.133241434226957,7.923862143400188,8.057735443115234,156099744,0.0,0.0
2009-03-16 00:00:00-04:00,8.096731930395432,8.189623665360894,7.912935211551653,7.940255641937256,197674128,0.0,0.0
2009-03-17 00:00:00-04:00,7.9524261662464495,8.328960418701172,7.925352781038101,8.328960418701172,188311500,0.0,0.0
2009-03-18 00:00:00-04:00,8.315796381903866,8.444702347937158,8.147895577898053,8.273324966430664,200287512,0.0,0.0
2009-03-19 00:00:00-04:00,8.238054853454067,8.345352657174015,8.131254920629996,8.194838523864746,164283552,0.0,0.0
2009-03-20 00:00:00-04:00,8.20378060190619,8.270592796054526,8.105424593993462,8.200303077697754,189326484,0.0,0.0
2009-03-23 00:00:00-04:00,8.284750513839894,8.679416410765178,8.271586275933416,8.658305168151855,170689140,0.0,0.0
2009-03-24 00:00:00-04:00,8.60614570681262,8.788451652603984,8.544052872997169,8.622786521911621,152647200,0.0,0.0
2009-03-25 00:00:00-04:00,8.703011873936129,8.726357855600023,8.351563273826146,8.545790672302246,173278548,0.0,0.0
2009-03-26 00:00:00-04:00,8.770817268702073,8.920587448942406,8.655820439501161,8.774791717529297,239891868,0.0,0.0
2009-03-27 00:00:00-04:00,8.693076526878924,8.742751931386007,8.580563373154657,8.635951042175293,132779088,0.0,0.0
2009-03-30 00:00:00-04:00,8.508037139621871,8.539332963246414,8.346595403447395,8.511514663696289,123640236,0.0,0.0
2009-03-31 00:00:00-04:00,8.666500851812888,8.78025584126124,8.598197881746055,8.644891738891602,146065788,0.0,0.0
2009-04-01 00:00:00-04:00,8.538587385943947,8.823223782027698,8.459853739474369,8.794660568237305,131915952,0.0,0.0
2009-04-02 00:00:00-04:00,9.0236612458661,9.183862095060663,8.949398026365259,9.003543853759766,179340480,0.0,0.0
2009-04-03 00:00:00-04:00,9.053218831670685,9.232544181094811,8.891775188920477,9.184359550476074,151440408,0.0,0.0
2009-04-06 00:00:00-04:00,9.115312576282694,9.185354315865704,8.976222946041151,9.146110534667969,131080788,0.0,0.0
2009-04-07 00:00:00-04:00,9.006025994876229,9.03458920659981,8.824961905554872,8.907918930053711,147056796,0.0,0.0
2009-04-08 00:00:00-04:00,9.028382144303652,9.065638228121463,8.847317065826775,8.99112606048584,110497392,0.0,0.0
2009-04-09 00:00:00-04:00,9.177404731929638,9.29786582581261,9.096682443593924,9.251916885375977,135168696,0.0,0.0
2009-04-13 00:00:00-04:00,9.222858570288663,9.415844138447818,9.197275008047571,9.391254425048828,121881996,0.0,0.0
2009-04-14 00:00:00-04:00,9.362194882979294,9.363436720724348,9.08053907813348,9.162751197814941,137006856,0.0,0.0
2009-04-15 00:00:00-04:00,9.117795083331313,9.464523336526678,9.044772760438319,9.425777435302734,197030772,0.0,0.0
2009-04-16 00:00:00-04:00,9.475454008187087,9.75859967144961,9.463532553803093,9.65527629852295,406996596,0.0,0.0
2009-04-17 00:00:00-04:00,9.587717984584044,9.930473716535273,9.557664943624852,9.742206573486328,428802768,0.0,0.0
2009-04-20 00:00:00-04:00,9.590946248688336,9.702714480096688,9.336115854765353,9.42081069946289,176978844,0.0,0.0
2009-04-21 00:00:00-04:00,9.343069028453737,9.54499635962985,9.341330266559961,9.474706649780273,147668184,0.0,0.0
2009-04-22 00:00:00-04:00,9.481662943209031,9.68657186774482,9.4136089038476,9.534070014953613,139931928,0.0,0.0
2009-04-23 00:00:00-04:00,9.624724464227464,9.680361062313839,9.465765459759517,9.554683685302734,104255640,0.0,0.0
2009-04-24 00:00:00-04:00,9.5884627590877,9.765553360010175,9.450615933579163,9.673903465270996,135280584,0.0,0.0
2009-04-27 00:00:00-04:00,9.545991717879609,9.6739038467427,9.50649995197521,9.585979461669922,91532376,0.0,0.0
2009-04-28 00:00:00-04:00,9.53133500416788,9.662973569313586,9.476445217063244,9.530342102050781,117626256,0.0,0.0
2009-04-29 00:00:00-04:00,9.586474719117959,9.810011156210328,9.582997195385172,9.7230806350708,144255600,0.0,0.0
2009-04-30 00:00:00-04:00,9.829634017759124,10.028084797813872,9.805790165480186,9.83484935760498,174053772,0.0,0.0
2009-05-01 00:00:00-04:00,9.811503707720542,9.87508731594585,9.725069148712583,9.778221130371094,97010892,0.0,0.0
2009-05-04 00:00:00-04:00,9.889491783651305,9.994553902175593,9.805541852316734,9.984122276306152,127991880,0.0,0.0
2009-05-05 00:00:00-04:00,9.934448530716946,10.0591311256618,9.866641537946599,10.009208679199219,95935968,0.0,0.0
2009-05-06 00:00:00-04:00,10.10358971443934,10.140597803325102,9.959781689459653,10.021129608154297,105210684,0.0,0.0
2009-05-07 00:00:00-04:00,10.03677760279638,10.0588826928223,9.748663679563982,9.85074520111084,119872008,0.0,0.0
2009-05-08 00:00:00-04:00,10.00573022891498,10.186546335509778,9.810756983692421,10.1170015335083,154449396,0.0,0.0
2009-05-11 00:00:00-04:00,10.004489250282944,10.232993078466617,9.964749495230249,10.133147239685059,102269628,0.0,0.0
2009-05-12 00:00:00-04:00,10.183567445780307,10.207907276435174,9.813490330150378,9.910355567932129,151480368,0.0,0.0
2009-05-13 00:00:00-04:00,9.788156183533742,9.845282616016261,9.645589037803845,9.675146102905273,113598288,0.0,0.0
2009-05-14 00:00:00-04:00,9.656765157913224,9.7414609457897,9.554683643103488,9.624476432800293,117362520,0.0,0.0
2009-05-15 00:00:00-04:00,9.713891551830182,9.78865264565208,9.663969106157605,9.68657112121582,120227652,0.0,0.0
2009-05-18 00:00:00-04:00,9.804051596377734,9.868132128111986,9.572319182058324,9.85645866394043,133933932,0.0,0.0
2009-05-19 00:00:00-04:00,9.838076654187084,9.975676421005097,9.761081778681069,9.907125473022461,113386500,0.0,0.0
2009-05-20 00:00:00-04:00,9.98685436985561,10.075772602279832,9.810757613669912,9.86490249633789,91268640,0.0,0.0
2009-05-21 00:00:00-04:00,9.843045580293706,10.005483070925129,9.78194659443729,9.848013877868652,108683208,0.0,0.0
2009-05-22 00:00:00-04:00,9.851987054648498,9.901413521117485,9.736245317995285,9.7735013961792,68675256,0.0,0.0
2009-05-26 00:00:00-04:00,9.735005378999523,10.059131681814609,9.686571810057176,10.043235778808594,124055820,0.0,0.0
2009-05-27 00:00:00-04:00,10.075026759627262,10.229515350101961,10.054411495895305,10.073040008544922,121250628,0.0,0.0
2009-05-28 00:00:00-04:00,10.150533161341935,10.223555495058166,10.049444536349798,10.193253517150879,106645248,0.0,0.0
2009-05-29 00:00:00-04:00,10.235723990385642,10.36289119720459,10.200703600029755,10.36289119720459,105822072,0.0,0.0
2009-06-01 00:00:00-04:00,10.400149132710633,10.670130535432493,10.395181781573905,10.594625473022461,132763104,0.0,0.0
2009-06-02 00:00:00-04:00,10.586925581815777,10.679072406978788,10.516139881120207,10.640326499938965,104839056,0.0,0.0
2009-06-03 00:00:00-04:00,10.580715943591066,10.7411647870519,10.531041487477305,10.721046447753906,141170688,0.0,0.0
2009-06-04 00:00:00-04:00,10.811702695482676,10.959237186392752,10.791833291279275,10.935393333435059,145378476,0.0,0.0
2009-06-05 00:00:00-04:00,11.054366507495203,11.110748033953891,10.915027932587787,11.035737991333008,147084768,0.0,0.0
2009-06-08 00:00:00-04:00,10.916020734347413,10.951290065308424,10.782396330689801,10.897890090942383,123824052,0.0,0.0
2009-06-09 00:00:00-04:00,10.893168946405636,10.940857594655968,10.72377831505125,10.819649696350098,130065804,0.0,0.0
2009-06-10 00:00:00-04:00,10.83480328908837,10.876032873416202,10.597357646303543,10.744643211364746,134221644,0.0,0.0
2009-06-11 00:00:00-04:00,10.724026604903383,10.772708156729154,10.639579749039493,10.655227661132812,114493392,0.0,0.0
2009-06-12 00:00:00-04:00,10.602076058565233,10.622939311080428,10.461744608701213,10.551904678344727,116619264,0.0,0.0
2009-06-15 00:00:00-04:00,10.468947632170064,10.468947632170064,10.282667239929507,10.35146713256836,149326524,0.0,0.0
2009-06-16 00:00:00-04:00,10.414554270165812,10.458765399059471,10.317937018823473,10.332342147827148,121866012,0.0,0.0
2009-06-17 00:00:00-04:00,10.33706122970649,10.424737625226987,10.222064403652654,10.311478614807129,139464396,0.0,0.0
2009-06-18 00:00:00-04:00,10.324394441162482,10.399155538560224,10.257830230559252,10.284158706665039,123284592,0.0,0.0
2009-06-19 00:00:00-04:00,10.387232729382674,10.443116370269774,10.297072665544666,10.433926582336426,170193636,0.0,0.0
2009-06-22 00:00:00-04:00,10.355937882404296,10.36935010892525,9.981887259577475,10.117499351501465,164811024,0.0,0.0
2009-06-23 00:00:00-04:00,10.100112081400034,10.158232357249869,9.998279497242969,10.076020240783691,115868016,0.0,0.0
2009-06-24 00:00:00-04:00,10.152022571653953,10.23870416290195,10.097876747531158,10.165681838989258,98213688,0.0,0.0
2009-06-25 00:00:00-04:00,10.108805447834527,10.329858227236414,10.096635060334423,10.326629638671875,121658220,0.0,0.0
2009-06-26 00:00:00-04:00,10.274718800200166,10.636102081383687,10.260561661437665,10.563826560974121,130137732,0.0,0.0
2009-06-29 00:00:00-04:00,10.580715163156432,10.625422265013484,10.487327457577196,10.534517288208008,86685228,0.0,0.0
2009-06-30 00:00:00-04:00,10.531040906219134,10.610768399148569,10.387480874638499,10.471181869506836,103652244,0.0,0.0
2009-07-01 00:00:00-04:00,10.53600765224332,10.590650399686922,10.385741516557259,10.406604766845703,92339568,0.0,0.0
2009-07-02 00:00:00-04:00,10.317688246622042,10.317688246622042,10.104086484648285,10.14581298828125,100603296,0.0,0.0
2009-07-06 00:00:00-04:00,10.096385953529557,10.199211424029313,9.976172864922555,10.173629760742188,90413496,0.0,0.0
2009-07-07 00:00:00-04:00,10.139604964789413,10.163200830150478,9.835098187896094,9.85124397277832,130241628,0.0,0.0
2009-07-08 00:00:00-04:00,9.93494413458565,10.083968448048061,9.886759505603722,9.99678897857666,137510352,0.0,0.0
2009-07-09 00:00:00-04:00,10.086948634497103,10.293844281350273,10.079000684058483,10.19300365447998,130892976,0.0,0.0
2009-07-10 00:00:00-04:00,10.172886349929767,10.366369772918818,10.151029249405523,10.292601585388184,116946936,0.0,0.0
2009-07-13 00:00:00-04:00,10.336563913523229,10.543955523788204,10.311974204095163,10.538491249084473,161666172,0.0,0.0
2009-07-14 00:00:00-04:00,10.52383695062878,10.598846975043527,10.4532992455831,10.548178672790527,115716168,0.0,0.0
2009-07-15 00:00:00-04:00,10.671619984804849,10.895653381589932,10.642560792378019,10.882986068725586,150928920,0.0,0.0
2009-07-16 00:00:00-04:00,10.845978675376525,11.071253904707618,10.781898145715369,10.99301528930664,261917820,0.0,0.0
2009-07-17 00:00:00-04:00,10.754578454050003,10.81617436599202,10.598102159033125,10.686275482177734,273889836,0.0,0.0
2009-07-20 00:00:00-04:00,10.677085933432169,10.750852236052305,10.586925857088358,10.684288024902344,126013860,0.0,0.0
2009-07-21 00:00:00-04:00,10.703411859560081,10.727255712245874,10.573761916261422,10.627906799316406,118609272,0.0,0.0
2009-07-22 00:00:00-04:00,10.630390169690946,10.685032922104158,10.518621935961358,10.62269115447998,103364532,0.0,0.0
2009-07-23 00:00:00-04:00,10.647279846626434,10.958491758218683,10.568296318364974,10.862370491027832,138988872,0.0,0.0
2009-07-24 00:00:00-04:00,10.824370251332224,11.188984049086784,10.804252857734184,11.095346450805664,144930924,0.0,0.0
2009-07-27 00:00:00-04:00,11.078454007596353,11.09608866785079,10.869075663676888,11.047656059265137,100075824,0.0,0.0
2009-07-28 00:00:00-04:00,10.953275401783221,10.998231440829743,10.831572467966426,10.924713134765625,101198700,0.0,0.0
2009-07-29 00:00:00-04:00,10.8596402957472,10.873797435562773,10.727007857838714,10.835050582885742,79400520,0.0,0.0
2009-07-30 00:00:00-04:00,10.993264429168601,11.21332337628896,10.993264429168601,11.068521499633789,127816056,0.0,0.0
2009-07-31 00:00:00-04:00,11.176316557148688,11.243873667703228,10.988794321156114,11.004192352294922,114301584,0.0,0.0
2009-08-03 00:00:00-04:00,11.145516245307942,11.27367729451483,11.11819487128572,11.23170280456543,103508388,0.0,0.0
2009-08-04 00:00:00-04:00,11.161165196737327,11.276162030492403,11.13781921335898,11.26945686340332,95496408,0.0,0.0
2009-08-05 00:00:00-04:00,11.32583584390199,11.348437857227754,11.12415648599864,11.205126762390137,93586320,0.0,0.0
2009-08-06 00:00:00-04:00,11.283613867847357,11.298018997251255,11.140301808059291,11.185754776000977,84351564,0.0,0.0
2009-08-07 00:00:00-04:00,11.317639729711628,11.410779445817992,11.300749980578459,11.353157043457031,101622276,0.0,0.0
2009-08-10 00:00:00-04:00,11.304476041269098,11.38569430926365,11.270945476819728,11.340987205505371,69610320,0.0,0.0
2009-08-11 00:00:00-04:00,11.26796449538009,11.356385797654559,11.235924705170698,11.27467155456543,68431500,0.0,0.0
2009-08-12 00:00:00-04:00,11.311182776171787,11.468650063794033,11.299011441919578,11.38991641998291,93562344,0.0,0.0
2009-08-13 00:00:00-04:00,11.47858580296104,11.542418341818262,11.398112449951045,11.481815338134766,79728192,0.0,0.0
2009-08-14 00:00:00-04:00,11.494234997087474,11.504169699597647,11.347943284447936,11.425187110900879,66936996,0.0,0.0
2009-08-17 00:00:00-04:00,11.214068687572446,11.226239076413709,11.005932132537566,11.049893379211426,104703192,0.0,0.0
2009-08-18 00:00:00-04:00,11.055110369165046,11.11968687876471,10.986061539919236,11.059579849243164,93949956,0.0,0.0
2009-08-19 00:00:00-04:00,10.928191351945985,11.05262595797698,10.892673087835286,11.027043342590332,90109800,0.0,0.0
2009-08-20 00:00:00-04:00,11.226487083471474,11.479331691996244,11.207362592342648,11.435370445251465,159796044,0.0,0.0
2009-08-21 00:00:00-04:00,11.56278511752701,11.576445332484568,11.49100557198194,11.555334091186523,142277580,0.0,0.0
2009-08-24 00:00:00-04:00,11.60773998658338,11.675794964164966,11.53496659365765,11.642016410827637,98037864,0.0,0.0
2009-08-25 00:00:00-04:00,11.651952534943616,11.781603435462015,11.641768896651671,11.707588195800781,93546360,0.0,0.0
2009-08-26 00:00:00-04:00,11.742109604663964,11.748070803911089,11.591595476070902,11.623884201049805,79432488,0.0,0.0
2009-08-27 00:00:00-04:00,11.638289559986477,11.638289559986477,11.443317261643722,11.575699806213379,79876044,0.0,0.0
2009-08-28 00:00:00-04:00,11.65518047496536,11.732424299432903,11.50913675503325,11.543163299560547,70793136,0.0,0.0
2009-08-31 00:00:00-04:00,11.419970456756309,11.471383676419606,11.375511339321855,11.46666431427002,78237684,0.0,0.0
2009-09-01 00:00:00-04:00,11.417238827806138,11.59457742715927,11.286594086112078,11.319875717163086,103692204,0.0,0.0
2009-09-02 00:00:00-04:00,11.321364440176522,11.38370619976284,11.241139084002935,11.251571655273438,72119808,0.0,0.0
2009-09-03 00:00:00-04:00,11.321366801203855,11.381721822597013,11.30099952526348,11.3635892868042,65782152,0.0,0.0
2009-09-04 00:00:00-04:00,11.364830959445706,11.48976342787587,11.320371845001286,11.457473754882812,59908032,0.0,0.0
2009-09-08 00:00:00-04:00,11.531737567260224,11.598797747005346,11.321861324891172,11.390910148620605,106161732,0.0,0.0
2009-09-09 00:00:00-04:00,11.4018394332278,11.580915841704824,11.39538036258366,11.52379035949707,87728184,0.0,0.0
2009-09-10 00:00:00-04:00,11.590355089556617,11.696907043457031,11.474861335666,11.696907043457031,101282616,0.0,0.0
2009-09-11 00:00:00-04:00,11.683494942583074,11.755522475774429,11.614694105064995,11.72671127319336,76039884,0.0,0.0
2009-09-14 00:00:00-04:00,11.686226045383371,11.842453385385166,11.674800571167893,11.800725936889648,78948972,0.0,0.0
2009-09-15 00:00:00-04:00,11.799734182211905,11.89486065854353,11.740869936452523,11.860833168029785,95828076,0.0,0.0
2009-09-16 00:00:00-04:00,11.91696423001992,12.154657815857615,11.884179527970884,12.127833366394043,103308588,0.0,0.0
2009-09-17 00:00:00-04:00,12.184465677684031,12.353359403782077,12.099520943690088,12.213027000427246,179144676,0.0,0.0
2009-09-18 00:00:00-04:00,12.338455287245047,12.343671573422176,12.200856453924793,12.206568717956543,131208660,0.0,0.0
2009-09-21 00:00:00-04:00,12.114173131303836,12.3913584775883,12.076421078905799,12.34416675567627,84571344,0.0,0.0
2009-09-22 00:00:00-04:00,12.441531168207078,12.468106684999608,12.364287346772999,12.395333290100098,121526352,0.0,0.0
2009-09-23 00:00:00-04:00,12.438053581585324,12.592542170201593,12.36180266280641,12.380431175231934,108059832,0.0,0.0
2009-09-24 00:00:00-04:00,12.43035212026797,12.453699991848119,12.244816664339096,12.338454246520996,101002896,0.0,0.0
2009-09-25 00:00:00-04:00,12.276859106532388,12.416941612084376,12.219980670323343,12.231902122497559,81902016,0.0,0.0
2009-09-28 00:00:00-04:00,12.290518882674435,12.455936019039319,12.252269902738723,12.382169723510742,73498428,0.0,0.0
2009-09-29 00:00:00-04:00,12.40700647761896,12.412470752827296,12.245067811960924,12.382169723510742,83884032,0.0,0.0
2009-09-30 00:00:00-04:00,12.418682453030696,12.422159031130423,12.101757290572346,12.315607070922852,125542332,0.0,0.0
2009-10-01 00:00:00-04:00,12.244817420981578,12.331003983026877,12.095794062959062,12.100761413574219,112415472,0.0,0.0
2009-10-02 00:00:00-04:00,12.014825148355468,12.213523912435623,11.986509923739733,12.035688400268555,103927968,0.0,0.0
2009-10-05 00:00:00-04:00,12.11193867061362,12.23066195414124,12.004890744073613,12.13354778289795,85698216,0.0,0.0
2009-10-06 00:00:00-04:00,12.212529510206608,12.403032326159833,12.212529510206608,12.387384414672852,109182708,0.0,0.0
2009-10-07 00:00:00-04:00,12.393842050850742,12.890341441271085,12.36428688182833,12.854327201843262,194773032,0.0,0.0
2009-10-08 00:00:00-04:00,12.90474638866036,12.996148291363506,12.750009818314613,12.770873069763184,171979848,0.0,0.0
2009-10-09 00:00:00-04:00,12.832223215528712,12.952933256503638,12.778822297378289,12.822288513183594,109414476,0.0,0.0
2009-10-12 00:00:00-04:00,13.00037192831862,13.058490310969052,12.898538397908991,13.015769958496094,132755112,0.0,0.0
2009-10-13 00:00:00-04:00,13.024463144144022,13.100714057198367,12.949703004163581,13.067183494567871,121374504,0.0,0.0
2009-10-14 00:00:00-04:00,13.224901943348922,13.302393755033384,13.163801064887128,13.29593563079834,130205664,0.0,0.0
2009-10-15 00:00:00-04:00,13.256941187867112,13.335178856187223,13.095995424801426,13.161565780639648,243771984,0.0,0.0
2009-10-16 00:00:00-04:00,13.594232449408075,13.778526083869881,13.524687645968804,13.656822204589844,353322324,0.0,0.0
2009-10-19 00:00:00-04:00,13.727359700680834,13.749961712568945,13.629003703305347,13.712456703186035,128587284,0.0,0.0
2009-10-20 00:00:00-04:00,13.701282253693776,13.733819917712914,13.429561145276113,13.703269004821777,161586252,0.0,0.0
2009-10-21 00:00:00-04:00,13.658313908094971,13.892778936853619,13.63571189276375,13.687870025634766,146677176,0.0,0.0
2009-10-22 00:00:00-04:00,13.660548047748513,13.784734650273322,13.610872649520521,13.762131690979004,93366540,0.0,0.0
2009-10-23 00:00:00-04:00,13.790945071241769,13.856515429076275,13.690353374686559,13.752198219299316,95612292,0.0,0.0
2009-10-26 00:00:00-04:00,13.803363758968008,13.94965546627459,13.682653720388013,13.765113830566406,118697184,0.0,0.0
2009-10-27 00:00:00-04:00,13.684641486603233,13.773807710482844,13.515498827681506,13.618077278137207,128531340,0.0,0.0
2009-10-28 00:00:00-04:00,13.607643479847962,13.660548414551467,13.368708991585452,13.419625282287598,102609288,0.0,0.0
2009-10-29 00:00:00-04:00,13.486934775000375,13.706000813301525,13.437012331642324,13.686627388000488,100803096,0.0,0.0
2009-10-30 00:00:00-04:00,13.660548857506168,13.664770348478879,13.269110633800226,13.315805435180664,138601260,0.0,0.0
2009-11-02 00:00:00-05:00,13.339648195058526,13.398761368631996,13.12008619588607,13.262901306152344,127955916,0.0,0.0
2009-11-03 00:00:00-05:00,13.164050623752622,13.350082092829734,13.121579202636733,13.344866752624512,95112792,0.0,0.0
2009-11-04 00:00:00-05:00,13.432044518863714,13.548779151470582,13.323256890030198,13.420371055603027,93214692,0.0,0.0
2009-11-05 00:00:00-05:00,13.498856919395635,13.654835328059907,13.478241656785979,13.627017974853516,73834092,0.0,0.0
2009-11-06 00:00:00-05:00,13.603920088628522,13.704758830004923,13.5487804092818,13.687870025634766,72994932,0.0,0.0
2009-11-09 00:00:00-05:00,13.795912047288814,13.973002647592144,13.765611017937516,13.971263885498047,105890004,0.0,0.0
2009-11-10 00:00:00-05:00,13.976727509335808,14.126994607649216,13.958596867737684,14.076822280883789,89142768,0.0,0.0
2009-11-11 00:00:00-05:00,14.16921782293612,14.24422785476242,14.054469928120682,14.171205520629883,92695212,0.0,0.0
2009-11-12 00:00:00-05:00,14.14636755368601,14.22932458864557,14.045528811998597,14.10389518737793,75376548,0.0,0.0
2009-11-13 00:00:00-05:00,14.139661897849178,14.219638335433935,14.073097687266918,14.208213806152344,66605328,0.0,0.0
2009-11-16 00:00:00-05:00,14.281481628071784,14.330908092825048,14.226342899299945,14.313273429870605,87880032,0.0,0.0
2009-11-17 00:00:00-05:00,14.278253145070343,14.343575511206405,14.24968993172086,14.343327522277832,76591332,0.0,0.0
2009-11-18 00:00:00-05:00,14.322464942932129,14.37536798814806,14.208709008573255,14.322464942932129,61922016,0.0,0.0
2009-11-19 00:00:00-05:00,14.250932224228045,14.256643541569204,14.157294636901876,14.231558799743652,86633280,0.0,0.0
2009-11-20 00:00:00-05:00,14.144877923017072,14.19703605677188,14.142394247434591,14.156302452087402,80167752,0.0,0.0
2009-11-23 00:00:00-05:00,14.318491097705463,14.569596947665907,14.302843184222837,14.464037895202637,101798100,0.0,0.0
2009-11-24 00:00:00-05:00,14.468259014034249,14.512221203930048,14.319731630055891,14.482416152954102,64143792,0.0,0.0
2009-11-25 00:00:00-05:00,14.56487575328994,14.581019642643144,14.472480950334203,14.548234939575195,58389552,0.0,0.0
2009-11-27 00:00:00-05:00,14.206969288413825,14.46676797449716,14.181387621866996,14.399707794189453,55328616,0.0,0.0
2009-11-30 00:00:00-05:00,14.42131650424336,14.496821562122005,14.333889047133924,14.480181694030762,68934996,0.0,0.0
2009-12-01 00:00:00-05:00,14.607596779306105,14.684343674295466,14.48018158102659,14.650814056396484,92719188,0.0,0.0
2009-12-02 00:00:00-05:00,14.67887899250795,14.728801431358075,14.560155722549661,14.592195510864258,66461472,0.0,0.0
2009-12-03 00:00:00-05:00,14.630198117028957,14.690056205836218,14.529855363856356,14.548234939575195,57090852,0.0,0.0
2009-12-04 00:00:00-05:00,14.72905139907275,14.77400838666587,14.385302758438746,14.530104637145996,100443456,0.0,0.0
2009-12-07 00:00:00-05:00,14.510234293374875,14.621505599040356,14.430506800402771,14.56090259552002,65382552,0.0,0.0
2009-12-08 00:00:00-05:00,14.492599081816255,14.670434583703207,14.45534300654722,14.580771446228027,60899040,0.0,0.0
2009-12-09 00:00:00-05:00,14.591948613130864,14.637401575899231,14.494586456798372,14.629701614379883,71168760,0.0,0.0
2009-12-10 00:00:00-05:00,14.664971910040952,14.771027883657819,14.664226996689207,14.691299438476562,66665268,0.0,0.0
2009-12-11 00:00:00-05:00,14.770281246021804,14.772020008099444,14.597662020315157,14.666709899902344,68731200,0.0,0.0
2009-12-14 00:00:00-05:00,14.786923192247118,14.835603798417813,14.71886821404967,14.796360969543457,76459464,0.0,0.0
2009-12-15 00:00:00-05:00,14.736006270877944,14.812505179244019,14.678632799495388,14.73203182220459,91124784,0.0,0.0
2009-12-16 00:00:00-05:00,14.867644976265161,14.911606221826727,14.818963422131832,14.846780776977539,112263624,0.0,0.0
2009-12-17 00:00:00-05:00,14.813995404205441,14.843800455323239,14.747431200202165,14.751901626586914,105446448,0.0,0.0
2009-12-18 00:00:00-05:00,14.80381177724855,14.875840256447583,14.778229163568932,14.813497543334961,141118740,0.0,0.0
2009-12-21 00:00:00-05:00,14.843053399640969,14.89844105995868,14.794869722485041,14.869629859924316,102745152,0.0,0.0
2009-12-22 00:00:00-05:00,14.935698230491111,14.939672678988893,14.87385244224508,14.9302339553833,75156768,0.0,0.0
2009-12-23 00:00:00-05:00,14.989348079569844,15.22207339789953,14.973203242154138,15.192517280578613,82825092,0.0,0.0
2009-12-24 00:00:00-05:00,15.223562372563336,15.387240734825664,15.207169548141206,15.361409187316895,34313652,0.0,0.0
2009-12-28 00:00:00-05:00,15.440393539662766,15.547938386580428,15.361410012886102,15.47044563293457,67848084,0.0,0.0
2009-12-29 00:00:00-05:00,15.516892615256307,15.519376290645683,15.356691766550956,15.384261131286621,56935008,0.0,0.0
2009-12-30 00:00:00-05:00,15.361906421823878,15.466968536376953,15.34973698087171,15.466968536376953,58565376,0.0,0.0
2009-12-31 00:00:00-05:00,15.517139766713173,15.533284602395407,15.398665428161621,15.398665428161621,48743208,0.0,0.0
2010-01-04 00:00:00-05:00,15.571781773183265,15.635366321512796,15.504473604967039,15.566814422607422,78169752,0.0,0.0
2010-01-05 00:00:00-05:00,15.577497747489797,15.593890575212225,15.437415218219272,15.498266220092773,120067812,0.0,0.0
2010-01-06 00:00:00-05:00,15.544709831970051,15.544709831970051,15.060381777036955,15.107572555541992,158988852,0.0,0.0
2010-01-07 00:00:00-05:00,15.13588739809554,15.150790397379204,14.719862293290957,14.755875587463379,256315428,0.0,0.0
2010-01-08 00:00:00-05:00,14.703716055325774,14.983136143630398,14.631935569711716,14.952587127685547,188783028,0.0,0.0
2010-01-11 00:00:00-05:00,15.013191977014573,15.013191977014573,14.754386171891024,14.929986953735352,288227484,0.0,0.0
2010-01-12 00:00:00-05:00,14.844047617013738,14.856714928674329,14.60436727678221,14.665964126586914,193937868,0.0,0.0
2010-01-13 00:00:00-05:00,14.318491784267318,14.613807831242212,14.254163258074918,14.581768035888672,259604136,0.0,0.0
2010-01-14 00:00:00-05:00,14.50253377503138,14.758358951277794,14.475461336214453,14.65031623840332,169434396,0.0,0.0
2010-01-15 00:00:00-05:00,14.736998510045005,14.742463731670952,14.356986714265911,14.405669212341309,217162620,0.0,0.0
2010-01-19 00:00:00-05:00,14.435475646342866,14.664475458678867,14.313523766848967,14.594930648803711,172495332,0.0,0.0
2010-01-20 00:00:00-05:00,14.554195336642007,14.554195336642007,14.288685334809548,14.415851593017578,129897972,0.0,0.0
2010-01-21 00:00:00-05:00,14.491110304601714,14.575060237863331,14.21318001976065,14.479684829711914,252055692,0.0,0.0
2010-01-22 00:00:00-05:00,14.020689611221409,14.172196643025258,13.284509894932766,13.660796165466309,271743984,0.0,0.0
2010-01-25 00:00:00-05:00,13.575851646618764,13.65756778282382,13.30065398480839,13.412174224853516,176619204,0.0,0.0
2010-01-26 00:00:00-05:00,13.361755055902147,13.650612936237033,13.320028552691946,13.472280502319336,174045780,0.0,0.0
2010-01-27 00:00:00-05:00,13.443717317843992,13.602180349245996,13.295686858789391,13.464332580566406,158417424,0.0,0.0
2010-01-28 00:00:00-05:00,13.523694832444887,13.586036599107526,13.178703423807415,13.270353317260742,129034836,0.0,0.0
2010-01-29 00:00:00-05:00,13.374672463201462,13.436765303418806,13.054766697486635,13.162312507629395,165454380,0.0,0.0
2010-02-01 00:00:00-05:00,13.278051457652543,13.308105442297764,13.17125152997999,13.238808631896973,89941968,0.0,0.0
2010-02-02 00:00:00-05:00,13.286994327311543,13.286994327311543,13.104439451028506,13.191618919372559,163684152,0.0,0.0
2010-02-03 00:00:00-05:00,13.130768641086755,13.464333651609195,13.119840090015726,13.432541847229004,119844036,0.0,0.0
2010-02-04 00:00:00-05:00,13.337661635549273,13.362498387936204,13.053522183975694,13.083824157714844,134972892,0.0,0.0
2010-02-05 00:00:00-05:00,13.12406034699688,13.250731574711105,12.976527760980792,13.195840835571289,126113760,0.0,0.0
2010-02-08 00:00:00-05:00,13.22589480689563,13.461850605146473,13.201802965231689,13.24998664855957,107664228,0.0,0.0
2010-02-09 00:00:00-05:00,13.400749187409495,13.45017565302085,13.289725868112894,13.323753356933594,112671216,0.0,0.0
2010-02-10 00:00:00-05:00,13.264889507789528,13.357284317798253,13.106426469194837,13.274328231811523,106873020,0.0,0.0
2010-02-11 00:00:00-05:00,13.246261669713274,13.424346132235321,13.151383179398584,13.322760581970215,96303600,0.0,0.0
2010-02-12 00:00:00-05:00,13.237567433590064,13.341386759279992,13.176218574634031,13.241291999816895,91096812,0.0,0.0
2010-02-16 00:00:00-05:00,13.334434256540868,13.514753449229671,13.270601714766864,13.444463729858398,146029824,0.0,0.0
2010-02-17 00:00:00-05:00,13.4618513138653,13.496623719232195,13.352814735455247,13.367716789245605,81106812,0.0,0.0
2010-02-18 00:00:00-05:00,13.351074899057757,13.53661037573877,13.316302496488449,13.492151260375977,93382524,0.0,0.0
2010-02-19 00:00:00-05:00,13.425338990115952,13.512268576263077,13.404723726929747,13.431051254272461,102021876,0.0,0.0
2010-02-22 00:00:00-05:00,13.594728137051888,13.598454596551786,13.437011914778694,13.481719017028809,85698216,0.0,0.0
2010-02-23 00:00:00-05:00,13.486688180030473,13.502335147333248,13.220680270655981,13.289727210998535,114789096,0.0,0.0
2010-02-24 00:00:00-05:00,13.262654385946536,13.373428777793631,13.176468760954977,13.200312614440918,92970936,0.0,0.0
2010-02-25 00:00:00-05:00,13.092269162638301,13.126296652034736,12.915427495700774,13.075132369995117,132235632,0.0,0.0
2010-02-26 00:00:00-05:00,13.099721900180823,13.207267703404572,13.001861863836629,13.084321975708008,81890028,0.0,0.0
2010-03-01 00:00:00-05:00,13.143931164874616,13.245516707505923,13.107668935908874,13.230613708496094,89426484,0.0,0.0
2010-03-02 00:00:00-05:00,13.299909626283327,13.552754220760313,13.2882371090105,13.438502311706543,174097728,0.0,0.0
2010-03-03 00:00:00-05:00,13.470790366261427,13.613853471000759,13.393546550007162,13.544309616088867,123452424,0.0,0.0
2010-03-04 00:00:00-05:00,13.573616946403918,13.812800370250452,13.566165920422131,13.774551391601562,127224648,0.0,0.0
2010-03-05 00:00:00-05:00,13.94245317493071,14.099425442010585,13.906438933638617,14.013486862182617,156331512,0.0,0.0
2010-03-08 00:00:00-05:00,14.027645497670076,14.037581146587174,13.934008845253024,13.970519065856934,95360544,0.0,0.0
2010-03-09 00:00:00-05:00,13.90519706091082,14.024666214361261,13.82199203311616,13.913642883300781,126936936,0.0,0.0
2010-03-10 00:00:00-05:00,14.002309943514069,14.368413546340266,13.963812027762417,14.317497253417969,225969804,0.0,0.0
2010-03-11 00:00:00-05:00,14.263101448420183,14.559908213310226,14.261610675354955,14.433982849121094,169162668,0.0,0.0
2010-03-12 00:00:00-05:00,14.607845014640455,14.611322538868063,14.384805470133728,14.394244194030762,110025864,0.0,0.0
2010-03-15 00:00:00-04:00,14.074836039828766,14.143635935083093,13.80957305408131,13.987905502319336,185969844,0.0,0.0
2010-03-16 00:00:00-04:00,13.954373507061378,14.118051874150927,13.927797992027356,14.03807544708252,137122740,0.0,0.0
2010-03-17 00:00:00-04:00,14.115073041743976,14.193311663114955,14.014481339857904,14.047019004821777,132731136,0.0,0.0
2010-03-18 00:00:00-04:00,14.026153181286578,14.11854893226197,13.98243992764684,14.067880630493164,71016912,0.0,0.0
2010-03-19 00:00:00-04:00,13.908921241760254,14.107619994946782,13.841363192415544,13.908921241760254,191576232,0.0,0.0
2010-03-22 00:00:00-04:00,13.812304993532857,14.079057793035005,13.76685202932508,13.84682846069336,160031808,0.0,0.0
2010-03-23 00:00:00-04:00,13.835403323688091,13.866946189634083,13.46184965733012,13.635710716247559,219831948,0.0,0.0
2010-03-24 00:00:00-04:00,13.549027402044507,13.905195345663667,13.404723402798322,13.842605590820312,262345392,0.0,0.0
2010-03-25 00:00:00-04:00,13.884581161148475,14.206970577022519,13.875640307775214,13.980454444885254,157078764,0.0,0.0
2010-03-26 00:00:00-04:00,14.039815241935136,14.092470298034456,13.909419439429103,13.97573471069336,107740152,0.0,0.0
2010-03-29 00:00:00-04:00,13.983434454015553,14.026153860986266,13.923079436944066,13.969773292541504,124055820,0.0,0.0
2010-03-30 00:00:00-04:00,13.979211344002627,14.098430599229706,13.91587573013843,14.075580596923828,79036884,0.0,0.0
2010-03-31 00:00:00-04:00,14.034350713843176,14.150838310147256,13.978715058859732,14.085763931274414,121110768,0.0,0.0
2010-04-01 00:00:00-04:00,14.190826616591885,14.242985695946013,14.046769649267437,14.127490997314453,84023892,0.0,0.0
2010-04-05 00:00:00-04:00,14.17964901914167,14.278501001942843,14.132457294384153,14.182381629943848,75983940,0.0,0.0
2010-04-06 00:00:00-04:00,14.143883701786116,14.179401965421318,14.04304401483332,14.113085746765137,82321596,0.0,0.0
2010-04-07 00:00:00-04:00,14.09023581358126,14.126249108760211,13.95512064659482,13.996847152709961,103136760,0.0,0.0
2010-04-08 00:00:00-04:00,13.991383136806665,14.15357169520622,13.910164863132646,14.094954490661621,77822100,0.0,0.0
2010-04-09 00:00:00-04:00,14.094953626152916,14.126745428789585,14.008271082224546,14.063410758972168,82181736,0.0,0.0
2010-04-12 00:00:00-04:00,14.091477089670025,14.256644345371896,14.063410800086292,14.225102424621582,94001904,0.0,0.0
2010-04-13 00:00:00-04:00,14.220134863520299,14.626226229196519,14.185363405691726,14.573819160461426,156335508,0.0,0.0
2010-04-14 00:00:00-04:00,14.655533239418835,14.71216274524419,14.505268030284398,14.629206657409668,135971892,0.0,0.0
2010-04-15 00:00:00-04:00,14.707940024539305,14.848768399777164,14.611571712087834,14.785680770874023,270201528,0.0,0.0
2010-04-16 00:00:00-04:00,13.983434073978977,14.127738074411685,13.651358914427036,13.664274215698242,488930580,0.0,0.0
2010-04-19 00:00:00-04:00,13.629501013575814,13.75964976948971,13.536362239371195,13.663031578063965,155604240,0.0,0.0
2010-04-20 00:00:00-04:00,13.764120289116779,13.9004772879435,13.68687552254394,13.785728454589844,118976904,0.0,0.0
2010-04-21 00:00:00-04:00,13.820996244218687,13.91513075685401,13.714196312605825,13.767348289489746,95564340,0.0,0.0
2010-04-22 00:00:00-04:00,13.710223102788913,13.722641479631104,13.495379504283246,13.587526321411133,131096772,0.0,0.0
2010-04-23 00:00:00-04:00,13.592246312222553,13.643659530555603,13.468555676364371,13.536112785339355,83492424,0.0,0.0
2010-04-26 00:00:00-04:00,13.53561777942148,13.536113757335634,13.144180461993216,13.204535484313965,174577248,0.0,0.0
2010-04-27 00:00:00-04:00,13.137722634965117,13.370696890359046,13.095002279866332,13.14045524597168,153634212,0.0,0.0
2010-04-28 00:00:00-04:00,13.215960862866801,13.283766911672968,12.941011154177007,13.143684387207031,136107756,0.0,0.0
2010-04-29 00:00:00-04:00,13.247503663411111,13.325244408828985,13.081092675450698,13.213475227355957,122233644,0.0,0.0
2010-04-30 00:00:00-04:00,13.191868290660882,13.354551875880727,13.050542989662045,13.057001113891602,97318584,0.0,0.0
2010-05-03 00:00:00-04:00,13.076871671371672,13.236326670261048,13.041601396276608,13.178704261779785,74237688,0.0,0.0
2010-05-04 00:00:00-04:00,13.077365705598503,13.082829980290848,12.523244901061842,12.576892852783203,242808948,0.0,0.0
2010-05-05 00:00:00-04:00,12.44302056986634,12.80912321838768,12.430353257507958,12.661092758178711,183104712,0.0,0.0
2010-05-06 00:00:00-04:00,12.636005828847717,12.853830023170797,11.425185712896738,12.385645866394043,199803996,0.0,0.0
2010-05-07 00:00:00-04:00,12.417936336565921,12.550816771137626,11.954967454322999,12.248297691345215,203356440,0.0,0.0
2010-05-10 00:00:00-04:00,12.76565863160596,12.985469593679968,12.73163208776753,12.956409454345703,164954880,0.0,0.0
2010-05-11 00:00:00-04:00,12.807883568161222,12.912447826282703,12.622844055187793,12.64345932006836,132771096,0.0,0.0
2010-05-12 00:00:00-04:00,12.717722323164098,12.717722323164098,12.468355255906866,12.552553176879883,153917928,0.0,0.0
2010-05-13 00:00:00-04:00,12.828497045111288,12.9651029915301,12.6762450779731,12.688912391662598,132898968,0.0,0.0
2010-05-14 00:00:00-04:00,12.661339957761218,12.69164193135153,12.325539305654145,12.605704307556152,164475360,0.0,0.0
2010-05-17 00:00:00-04:00,12.587077300110533,12.626320127642988,12.377697979424884,12.616633415222168,111640248,0.0,0.0
2010-05-18 00:00:00-04:00,12.667053631240988,12.691145471123544,12.345906083312151,12.378194808959961,112906980,0.0,0.0
2010-05-19 00:00:00-04:00,12.325788397936513,12.404770980949941,12.114174327778777,12.280336380004883,137690172,0.0,0.0
2010-05-20 00:00:00-04:00,12.047858601390097,12.060525913613173,11.767941573940753,11.797994613647461,196335468,0.0,0.0
2010-05-21 00:00:00-04:00,11.650211691564724,12.04611937158261,11.534469963566305,11.724474906921387,387244368,0.0,0.0
2010-05-24 00:00:00-04:00,11.940064907192413,12.165091214358599,11.842454753551827,11.851395606994629,173650176,0.0,0.0
2010-05-25 00:00:00-04:00,11.627610467009422,11.85859892615658,11.524784970840976,11.849161148071289,120575304,0.0,0.0
2010-05-26 00:00:00-04:00,11.9733459851326,12.164344777237718,11.797745222414301,11.809419631958008,138884976,0.0,0.0
2010-05-27 00:00:00-04:00,12.04487731236071,12.227680162017018,11.948011139498886,12.181731224060059,112251636,0.0,0.0
2010-05-28 00:00:00-04:00,12.23836126117821,12.255996871764246,11.996445208364689,12.061767578125,115676208,0.0,0.0
2010-06-01 00:00:00-04:00,11.932614082158347,12.196635236062546,11.924914119847687,11.98079776763916,106565328,0.0,0.0
2010-06-02 00:00:00-04:00,12.08784624850815,12.2664266698293,11.958195367123269,12.254008293151855,101530368,0.0,0.0
2010-06-03 00:00:00-04:00,12.297225215860895,12.61737987936339,12.287042525103185,12.557769775390625,145881972,0.0,0.0
2010-06-04 00:00:00-04:00,12.411727160977952,12.64842694266188,12.336718073235149,12.386889457702637,156655188,0.0,0.0
2010-06-07 00:00:00-04:00,12.395332899521195,12.441281840720103,12.000171058687945,12.059035301208496,145162692,0.0,0.0
2010-06-08 00:00:00-04:00,12.116907981757711,12.141497697870427,11.860834753887099,12.040657997131348,107296596,0.0,0.0
2010-06-09 00:00:00-04:00,12.101258745416583,12.14248832482424,11.723234642866286,11.773405075073242,109050840,0.0,0.0
2010-06-10 00:00:00-04:00,11.931122420010096,12.133050722049322,11.818610219430258,12.09604263305664,103012884,0.0,0.0
2010-06-11 00:00:00-04:00,11.98402755098263,12.138267204973696,11.962170449653655,12.133050918579102,71196732,0.0,0.0
2010-06-14 00:00:00-04:00,12.281578403010736,12.282075327412528,12.001164436340332,12.001164436340332,81534384,0.0,0.0
2010-06-15 00:00:00-04:00,11.998434008336265,12.42861724794615,11.976080926656161,12.368758201599121,170213616,0.0,0.0
2010-06-16 00:00:00-04:00,12.323554579473626,12.518030924967904,12.322063806179262,12.450224876403809,91480428,0.0,0.0
2010-06-17 00:00:00-04:00,12.504370552174434,12.564475691081356,12.336469727379836,12.420668601989746,79012908,0.0,0.0
2010-06-18 00:00:00-04:00,12.481021865384044,12.504865717541035,12.372235177282755,12.419425010681152,114801084,0.0,0.0
2010-06-21 00:00:00-04:00,12.416196355753366,12.442772818668564,12.04338758727502,12.134540557861328,119220660,0.0,0.0
2010-06-22 00:00:00-04:00,12.167824513988618,12.334234572684561,12.064252207987067,12.077167510986328,88699212,0.0,0.0
2010-06-23 00:00:00-04:00,12.093061037478565,12.093061037478565,11.876231647254585,11.972847938537598,81082836,0.0,0.0
2010-06-24 00:00:00-04:00,11.913490962017589,11.99023787239291,11.754530971941472,11.80023193359375,75668256,0.0,0.0
2010-06-25 00:00:00-04:00,11.848910421469872,11.863564484074335,11.687467743904474,11.74012279510498,89718192,0.0,0.0
2010-06-28 00:00:00-04:00,11.737887037169973,11.861079780014943,11.648968820545367,11.7252197265625,70421508,0.0,0.0
2010-06-29 00:00:00-04:00,11.510627332698187,11.538195752377794,11.20463074696305,11.282620429992676,139943916,0.0,0.0
2010-06-30 00:00:00-04:00,11.300006167082685,11.371289742923883,11.045672660964623,11.051384925842285,143983872,0.0,0.0
2010-07-01 00:00:00-04:00,11.059827498692837,11.137072265422786,10.77022469688754,10.915771484375,140403456,0.0,0.0
2010-07-02 00:00:00-04:00,10.968675927522249,10.985067807406258,10.829089387382815,10.842750549316406,77362560,0.0,0.0
2010-07-06 00:00:00-04:00,11.02778772513463,11.118941642317056,10.770224714521406,10.830828666687012,102301596,0.0,0.0
2010-07-07 00:00:00-04:00,10.88646290746869,11.208852293940623,10.813689516730783,11.181778907775879,125062812,0.0,0.0
2010-07-08 00:00:00-04:00,11.264984422868842,11.358870951063391,11.16836812335116,11.339744567871094,106649244,0.0,0.0
2010-07-09 00:00:00-04:00,11.72224178065694,11.754529563460036,11.494234870723343,11.611218452453613,173086740,0.0,0.0
2010-07-12 00:00:00-04:00,11.732424598370084,11.908025387116297,11.70038480417285,11.81836223602295,133242624,0.0,0.0
2010-07-13 00:00:00-04:00,11.977818113923355,12.24457093238716,11.928888568541598,12.150437355041504,158892948,0.0,0.0
2010-07-14 00:00:00-04:00,12.167327214374525,12.26543429496059,12.082383425343796,12.203590393066406,124595280,0.0,0.0
2010-07-15 00:00:00-04:00,12.213276497863069,12.287042796341378,11.988497238536835,12.270153045654297,194133672,0.0,0.0
2010-07-16 00:00:00-04:00,11.651703471730075,11.68746877715085,11.413264000660027,11.415499687194824,312679008,0.0,0.0
2010-07-19 00:00:00-04:00,11.450271942950904,11.664866612281264,11.363588451880709,11.578680992126465,181829988,0.0,0.0
2010-07-20 00:00:00-04:00,11.450767355711797,11.996196274882873,11.440088687669405,11.961423873901367,162017820,0.0,0.0
2010-07-21 00:00:00-04:00,12.021282116081807,12.06350649007729,11.80842621666795,11.859838485717773,131052816,0.0,0.0
2010-07-22 00:00:00-04:00,12.002159030758659,12.14497416618343,11.983530516931513,12.041401863098145,85822092,0.0,0.0
2010-07-23 00:00:00-04:00,11.941057308482037,12.18496008832663,11.922180808524955,12.171796798706055,90485424,0.0,0.0
2010-07-26 00:00:00-04:00,12.14770449934234,12.188935028106044,12.043140243750424,12.14472484588623,79728192,0.0,0.0
2010-07-27 00:00:00-04:00,12.184712789308449,12.356587103041731,12.174529152215868,12.235629081726074,97949952,0.0,0.0
2010-07-28 00:00:00-04:00,12.293003160346526,12.300703121818023,11.98824843448758,12.029974937438965,99740160,0.0,0.0
2010-07-29 00:00:00-04:00,12.069714632021164,12.142488022914911,11.905291349816242,12.045870780944824,106912980,0.0,0.0
2010-07-30 00:00:00-04:00,11.913238779656423,12.104734493194538,11.9005714681161,12.04239273071289,85678236,0.0,0.0
2010-08-02 00:00:00-04:00,12.145222117634006,12.251774073940783,12.094305820636437,12.18049144744873,74273652,0.0,0.0
2010-08-03 00:00:00-04:00,12.18272510411591,12.231406656627922,12.089833372051654,12.166084289550781,72019908,0.0,0.0
2010-08-04 00:00:00-04:00,12.224452477809304,12.59254187956281,12.196386188611969,12.575653076171875,152347500,0.0,0.0
2010-08-05 00:00:00-04:00,12.564972761207036,12.632281880205715,12.507101419595235,12.61986255645752,96719184,0.0,0.0
2010-08-06 00:00:00-04:00,12.552803696960634,12.561247626451058,12.320574339212019,12.424145698547363,132647220,0.0,0.0
2010-08-09 00:00:00-04:00,12.474564563782614,12.555285907890811,12.452459473959406,12.551559448242188,74813112,0.0,0.0
2010-08-10 00:00:00-04:00,12.477045661469958,12.567703588440411,12.383161039228654,12.510825157165527,82877040,0.0,0.0
2010-08-11 00:00:00-04:00,12.362299238403038,12.369005351243391,12.207562665216308,12.213523864746094,88831080,0.0,0.0
2010-08-12 00:00:00-04:00,12.019793513144245,12.288285092863617,11.984276194805137,12.220231056213379,88095816,0.0,0.0
2010-08-13 00:00:00-04:00,12.145470183794043,12.19986400563256,12.071206010243136,12.079651832580566,77310612,0.0,0.0
2010-08-16 00:00:00-04:00,12.013335085906165,12.1670787665487,11.934352499984744,12.060774803161621,52147800,0.0,0.0
2010-08-17 00:00:00-04:00,12.133796301848822,12.287043059501777,12.071703466242809,12.183222770690918,75552372,0.0,0.0
2010-08-18 00:00:00-04:00,12.181234042130052,12.19191365601419,11.960430209170934,11.975332260131836,107348544,0.0,0.0
2010-08-19 00:00:00-04:00,11.947018623202862,11.984275648593155,11.605256735730228,11.623140335083008,156843000,0.0,0.0
2010-08-20 00:00:00-04:00,11.623139523065307,11.713050651859607,11.450519355979974,11.475357055664062,156547296,0.0,0.0
2010-08-23 00:00:00-04:00,11.462442133853527,11.630094009329301,11.368805488987826,11.526273727416992,119328552,0.0,0.0
2010-08-24 00:00:00-04:00,11.368059458627586,11.38470121937373,11.199661725840203,11.211336135864258,110397492,0.0,0.0
2010-08-25 00:00:00-04:00,11.17681229033391,11.370792646400854,11.17681229033391,11.291561126708984,103580316,0.0,0.0
2010-08-26 00:00:00-04:00,11.327326145631762,11.357130248231758,11.187739623060331,11.201151847839355,71008920,0.0,0.0
2010-08-27 00:00:00-04:00,11.240395372295517,11.424936995675091,11.118443504094214,11.396125793457031,92403504,0.0,0.0
2010-08-30 00:00:00-04:00,11.40407448778751,11.419225476452883,11.236919527625298,11.24362564086914,49206744,0.0,0.0
2010-08-31 00:00:00-04:00,11.179545676631683,11.29777109897448,11.12713860578363,11.1773099899292,77794128,0.0,0.0
2010-09-01 00:00:00-04:00,11.30050350306877,11.547882894732055,11.238906644105242,11.433382987976074,129002868,0.0,0.0
2010-09-02 00:00:00-04:00,11.49572553506416,11.535215408820115,11.432885892710004,11.504169464111328,67300632,0.0,0.0
2010-09-03 00:00:00-04:00,11.686475475552239,11.720254978003451,11.60997656366002,11.681011199951172,101514384,0.0,0.0
2010-09-07 00:00:00-04:00,11.536954240909857,11.613702088349344,11.500195084933832,11.53447151184082,68327604,0.0,0.0
2010-09-08 00:00:00-04:00,11.554091116833693,11.735652143013752,11.537202313377671,11.68796443939209,95975928,0.0,0.0
2010-09-09 00:00:00-04:00,11.8680356039226,11.931867192403878,11.687963472747164,11.82705307006836,97126776,0.0,0.0
2010-09-10 00:00:00-04:00,11.897591851116086,11.916717287723875,11.799733714197872,11.82606029510498,78893028,0.0,0.0
2010-09-13 00:00:00-04:00,11.944287856345765,12.029975606910652,11.910259419926959,11.978314399719238,89570340,0.0,0.0
2010-09-14 00:00:00-04:00,11.971856202356774,12.039911181732931,11.923920508677691,11.932613372802734,88571340,0.0,0.0
2010-09-15 00:00:00-04:00,11.920693176716627,11.968876864413241,11.884677985641781,11.937829971313477,96015888,0.0,0.0
2010-09-16 00:00:00-04:00,11.92069189547546,11.982784728478462,11.907278722863982,11.948261260986328,78701220,0.0,0.0
2010-09-17 00:00:00-04:00,12.015074140442179,12.20011175878541,11.951242541676853,12.174033164978027,225438336,0.0,0.0
2010-09-20 00:00:00-04:00,12.232401061567089,12.677237381226817,12.221472510648217,12.624334335327148,175963860,0.0,0.0
2010-09-21 00:00:00-04:00,12.65910608889505,12.914931280482254,12.639980652508166,12.75299072265625,178473348,0.0,0.0
2010-09-22 00:00:00-04:00,12.738090403639513,12.860289332168268,12.708782272744301,12.816080093383789,101382516,0.0,0.0
2010-09-23 00:00:00-04:00,12.781553876051264,12.907727235906624,12.699341759826773,12.753487586975098,92603304,0.0,0.0
2010-09-24 00:00:00-04:00,12.95864404112135,13.109903085228616,12.872209490326398,13.096490859985352,134141724,0.0,0.0
2010-09-27 00:00:00-04:00,13.135238633737039,13.33393836538819,13.135238633737039,13.173986434936523,124171704,0.0,0.0
2010-09-28 00:00:00-04:00,13.250235862834176,13.252967527333652,12.876930151261137,13.093511581420898,146041812,0.0,0.0
2010-09-29 00:00:00-04:00,13.110400687616991,13.236822985236026,13.032411953949337,13.106426239013672,86801112,0.0,0.0
2010-09-30 00:00:00-04:00,13.142936565330526,13.210245679655623,12.888602159666071,13.059235572814941,129634236,0.0,0.0
2010-10-01 00:00:00-04:00,13.163800341641208,13.179200264773439,12.989939279525615,13.055013656616211,88911000,0.0,0.0
2010-10-04 00:00:00-04:00,13.0383714410707,13.120334618526368,12.886863462585195,12.973794937133789,77542380,0.0,0.0
2010-10-05 00:00:00-04:00,13.123564989581743,13.412174891065066,13.078112025227197,13.368212699890137,140143716,0.0,0.0
2010-10-06 00:00:00-04:00,13.393794823829607,13.410932562370547,13.16231041254119,13.271842956542969,110381508,0.0,0.0
2010-10-07 00:00:00-04:00,13.318041771027607,13.342630537358609,13.142441935840385,13.164050102233887,95736168,0.0,0.0
2010-10-08 00:00:00-04:00,13.232600658625575,13.352563878112274,13.104687595911598,13.321516990661621,114253632,0.0,0.0
2010-10-11 00:00:00-04:00,13.374421917074374,13.526426829928864,13.341885200783047,13.383362770080566,104946948,0.0,0.0
2010-10-12 00:00:00-04:00,13.415154370306862,13.560949135526958,13.35728303356955,13.446697235107422,149993856,0.0,0.0
2010-10-13 00:00:00-04:00,13.586036592840317,13.598206034319908,13.47004592342482,13.49413776397705,122101776,0.0,0.0
2010-10-14 00:00:00-04:00,13.515993552060051,13.542569065417903,13.340392797379168,13.435272216796875,265098636,0.0,0.0
2010-10-15 00:00:00-04:00,14.884285902724155,14.943150148217203,14.693783068934092,14.938430786132812,592399008,0.0,0.0
2010-10-18 00:00:00-04:00,14.916077368359439,15.391464587714106,14.916077368359439,15.342286109924316,283644072,0.0,0.0
2010-10-19 00:00:00-04:00,15.122226989220371,15.270506387686797,14.973451612886397,15.096893310546875,183332484,0.0,0.0
2010-10-20 00:00:00-04:00,15.104591864381653,15.334089524694077,15.088696910039456,15.100618362426758,140862996,0.0,0.0
2010-10-21 00:00:00-04:00,15.188293894355768,15.299813189983626,15.051439974158438,15.200216293334961,116703180,0.0,0.0
2010-10-22 00:00:00-04:00,15.198476834497662,15.270506260889086,15.152031915069012,15.213628768920898,90153756,0.0,0.0
2010-10-25 00:00:00-04:00,15.28963095676327,15.51689293876521,15.274231979723556,15.312232971191406,126209664,0.0,0.0
2010-10-26 00:00:00-04:00,15.227787281267975,15.42971465343273,15.176374059864905,15.364392280578613,100415484,0.0,0.0
2010-10-27 00:00:00-04:00,15.294102423355803,15.39916454542309,15.208661716002789,15.311488151550293,89586324,0.0,0.0
2010-10-28 00:00:00-04:00,15.400404679302993,15.424000541500687,15.23275280815275,15.36389446258545,87284628,0.0,0.0
2010-10-29 00:00:00-04:00,15.326390123805606,15.374325817079674,15.225053515454997,15.242688179016113,91040868,0.0,0.0
2010-11-01 00:00:00-04:00,15.293109272898468,15.415557128751622,15.180844108272286,15.274977684020996,123360516,0.0,0.0
2010-11-02 00:00:00-04:00,15.366131679967756,15.39916627097977,15.264547070765346,15.289880752563477,79824096,0.0,0.0
2010-11-03 00:00:00-04:00,15.33706986214992,15.44461470681325,15.237720010182441,15.403633117675781,135084780,0.0,0.0
2010-11-04 00:00:00-04:00,15.514409240805506,15.64555090069442,15.451321613037276,15.505218505859375,142689168,0.0,0.0
2010-11-05 00:00:00-04:00,15.478146445393921,15.535520863847772,15.426733226745773,15.525338172912598,70557372,0.0,0.0
2010-11-08 00:00:00-05:00,15.499009273216673,15.634870294659878,15.476905129798858,15.567312240600586,83967948,0.0,0.0
2010-11-09 00:00:00-05:00,15.647536915162616,15.668648155388052,15.411830069489234,15.518878936767578,89398512,0.0,0.0
2010-11-10 00:00:00-05:00,15.450827051110066,15.473678003056845,15.337320044339382,15.470697402954102,99780120,0.0,0.0
2010-11-11 00:00:00-05:00,15.391711308252924,15.395436821131444,15.255354318722352,15.32936954498291,90373536,0.0,0.0
2010-11-12 00:00:00-05:00,15.249891719917011,15.322168192140026,14.932469658381894,14.984131813049316,135584280,0.0,0.0
2010-11-15 00:00:00-05:00,14.978915711716402,15.001766662659044,14.754634319175937,14.789904594421387,139016844,0.0,0.0
2010-11-16 00:00:00-05:00,14.722593405538515,14.85000860213001,14.491357928342216,14.498064041137695,132163704,0.0,0.0
2010-11-17 00:00:00-05:00,14.529856358409106,14.641623646934518,14.439696289125054,14.493841171264648,97602300,0.0,0.0
2010-11-18 00:00:00-05:00,14.629206327402867,14.901920330801731,14.618277776708219,14.816976547241211,103496400,0.0,0.0
2010-11-19 00:00:00-05:00,14.827905531955933,14.850009676407897,14.66248838654171,14.67465877532959,91808100,0.0,0.0
2010-11-22 00:00:00-05:00,14.591204567228582,14.739483970233444,14.473972054550755,14.684344291687012,87376536,0.0,0.0
2010-11-23 00:00:00-05:00,14.579780465680104,14.629454923745133,14.36096240028632,14.480430603027344,86417496,0.0,0.0
2010-11-24 00:00:00-05:00,14.58723099192149,14.817970517836198,14.58077381383263,14.777485847473145,95760144,0.0,0.0
2010-11-26 00:00:00-05:00,14.665468680711005,14.728059389572199,14.579531988604518,14.654044151306152,52391556,0.0,0.0
2010-11-29 00:00:00-05:00,14.633428325595771,14.649076238842337,14.404427570517063,14.458076477050781,114273612,0.0,0.0
2010-11-30 00:00:00-05:00,14.264592095690666,14.264592095690666,13.742759968869084,13.802370071411133,284411304,0.0,0.0
2010-12-01 00:00:00-05:00,13.983435299022927,14.196291219500631,13.968532298925448,14.016965866088867,150013836,0.0,0.0
2010-12-02 00:00:00-05:00,14.124015628823564,14.240006315276219,14.041803500500528,14.20250129699707,101814084,0.0,0.0
2010-12-03 00:00:00-05:00,14.143634389414233,14.318240358713801,14.107620151263633,14.231806755065918,105142752,0.0,0.0
2010-12-06 00:00:00-05:00,14.41982660872804,14.45534392427261,14.321470601634367,14.364934921264648,83668248,0.0,0.0
2010-12-07 00:00:00-05:00,14.685586255361224,14.728554596403615,14.554693534723498,14.5830078125,121566312,0.0,0.0
2010-12-08 00:00:00-05:00,14.702972034614024,14.716633195695293,14.497319170313512,14.667454719543457,70205724,0.0,0.0
2010-12-09 00:00:00-05:00,14.750412619615842,14.792635103471879,14.629206603930296,14.691299438476562,74681244,0.0,0.0
2010-12-10 00:00:00-05:00,14.732030867701914,14.753144000915501,14.661245174732393,14.708932876586914,68119812,0.0,0.0
2010-12-13 00:00:00-05:00,14.83088402189758,14.976927729372173,14.755626954995883,14.768790245056152,95844060,0.0,0.0
2010-12-14 00:00:00-05:00,14.83014013816393,14.859945190977905,14.715640235535904,14.775995254516602,65666268,0.0,0.0
2010-12-15 00:00:00-05:00,14.758361399062752,14.814245047943745,14.632931992123277,14.661495208740234,86621292,0.0,0.0
2010-12-16 00:00:00-05:00,14.724828406112909,14.747678407729696,14.606105132313347,14.696514129638672,63812124,0.0,0.0
2010-12-17 00:00:00-05:00,14.67888130681359,14.717627213503096,14.596172260316893,14.673913955688477,123360516,0.0,0.0
2010-12-20 00:00:00-05:00,14.769536662004537,14.84976108263609,14.620760338117318,14.779719352722168,78853068,0.0,0.0
2010-12-21 00:00:00-05:00,14.866899023086166,15.019648851145094,14.843055170572642,14.978667259216309,75104820,0.0,0.0
2010-12-22 00:00:00-05:00,15.001764490298575,15.076276639234761,14.983881839580208,15.038771629333496,48251700,0.0,0.0
2010-12-23 00:00:00-05:00,15.035048071279537,15.051439950065753,14.952835955808105,15.007477760314941,44387568,0.0,0.0
2010-12-27 00:00:00-05:00,14.970471538671642,14.99630214264223,14.889999126836704,14.961530685424805,48275676,0.0,0.0
2010-12-28 00:00:00-05:00,14.953332986978268,14.998537964117409,14.85299022359389,14.875593185424805,42549408,0.0,0.0
2010-12-29 00:00:00-05:00,14.952091423929948,14.962274114568626,14.875592517059848,14.927253723144531,40727232,0.0,0.0
2010-12-30 00:00:00-05:00,14.8527414623653,14.935449557216698,14.837591420981115,14.874101638793945,39540420,0.0,0.0
2010-12-31 00:00:00-05:00,14.821446347847312,14.863173800453781,14.704463716055571,14.752647399902344,61510428,0.0,0.0
2011-01-03 00:00:00-05:00,14.814988765615375,15.04125784706262,14.814988765615375,15.010458946228027,94513392,0.0,0.0
2011-01-04 00:00:00-05:00,15.042001971712255,15.055911121472054,14.90539604248917,14.955070495605469,72907020,0.0,0.0
2011-01-05 00:00:00-05:00,14.904155740751706,15.158988049410565,14.903658816330038,15.127692222595215,101190708,0.0,0.0
2011-01-06 00:00:00-05:00,15.167679710497874,15.360169297737457,15.152032743877966,15.23772144317627,82229688,0.0,0.0
2011-01-07 00:00:00-05:00,15.297579087546307,15.355698418685254,15.154019995094082,15.310742378234863,83963952,0.0,0.0
2011-01-10 00:00:00-05:00,15.270008952492613,15.284663963069638,15.11502438316544,15.255355834960938,63104832,0.0,0.0
2011-01-11 00:00:00-05:00,15.342286563780807,15.369359005672251,15.262559064815695,15.300063133239746,57514428,0.0,0.0
2011-01-12 00:00:00-05:00,15.383020388359585,15.383020388359585,15.26926539716711,15.321423530578613,65242692,0.0,0.0
2011-01-13 00:00:00-05:00,15.323905853375722,15.39096698078668,15.254112115169626,15.316951751708984,53306640,0.0,0.0
2011-01-14 00:00:00-05:00,15.334586305908244,15.505218786956755,15.326638355059451,15.502984046936035,94529376,0.0,0.0
2011-01-18 00:00:00-05:00,15.549678142004243,15.945338821422542,15.530056726781485,15.886722564697266,144535320,0.0,0.0
2011-01-19 00:00:00-05:00,15.948566825214893,15.969430078670836,15.639093654747239,15.691003799438477,136107756,0.0,0.0
2011-01-20 00:00:00-05:00,15.702427402196523,15.748874215096608,15.48087863187859,15.567312240600586,219212568,0.0,0.0
2011-01-21 00:00:00-05:00,15.88548025281815,15.938879274919872,15.184568868554983,15.196242332458496,355819824,0.0,0.0
2011-01-24 00:00:00-05:00,15.0904356871732,15.212635551173722,14.932967441615764,15.177614212036133,183784032,0.0,0.0
2011-01-25 00:00:00-05:00,15.106083181194197,15.41630221410994,15.064356673938402,15.396928787231445,145726128,0.0,0.0
2011-01-26 00:00:00-05:00,15.407360390851213,15.461009294816487,15.281930994982087,15.312232971191406,81442476,0.0,0.0
2011-01-27 00:00:00-05:00,15.346756494418909,15.391711585208835,15.231510742459566,15.319435119628906,80687232,0.0,0.0
2011-01-28 00:00:00-05:00,15.37606352598459,15.408104262140359,14.896454851069645,14.92700481414795,169074756,0.0,0.0
2011-01-31 00:00:00-05:00,14.991831235416505,15.01343940101345,14.791890630212526,14.911357879638672,112083804,0.0,0.0
2011-02-01 00:00:00-05:00,15.013935013690192,15.233994899008643,14.979660482812847,15.176620483398438,109702188,0.0,0.0
2011-02-02 00:00:00-05:00,15.17562654852057,15.258583577245739,15.0894409311301,15.200464248657227,70357572,0.0,0.0
2011-02-03 00:00:00-05:00,15.137874458342562,15.186804948257086,15.054669435682225,15.154516220092773,59744196,0.0,0.0
2011-02-04 00:00:00-05:00,15.154515581026986,15.186555372375484,15.066591199994647,15.175130844116211,61969968,0.0,0.0
2011-02-07 00:00:00-05:00,15.154762951686594,15.359174919105296,15.131167089768097,15.257342338562012,71912016,0.0,0.0
2011-02-08 00:00:00-05:00,15.273238075774126,15.389972706897916,15.262805503778289,15.358925819396973,67728204,0.0,0.0
2011-02-09 00:00:00-05:00,15.321422759628224,15.385503289750895,15.208909611880307,15.312232971191406,73626300,0.0,0.0
2011-02-10 00:00:00-05:00,15.247655696155128,15.3370708526573,15.189536365016181,15.310742378234863,93282624,0.0,0.0
2011-02-11 00:00:00-05:00,15.244923140634844,15.523350338163334,15.225300780433988,15.510931015014648,103492404,0.0,0.0
2011-02-14 00:00:00-05:00,15.48212099597901,15.638596339510887,15.400157810940664,15.601588249206543,85034880,0.0,0.0
2011-02-15 00:00:00-05:00,15.580973815730532,15.649772762809322,15.476159680907914,15.502238273620605,83596320,0.0,0.0
2011-02-16 00:00:00-05:00,15.538998167520294,15.560606333355805,15.451321773401258,15.50397777557373,67292640,0.0,0.0
2011-02-17 00:00:00-05:00,15.430210199540799,15.579234510220783,15.40611835876098,15.529808044433594,59092848,0.0,0.0
2011-02-18 00:00:00-05:00,15.548188078753547,15.676845119032972,15.502984049136955,15.649524688720703,128587284,0.0,0.0
2011-02-22 00:00:00-05:00,15.39990866723619,15.521612551913227,15.095402859649868,15.156006813049316,145450404,0.0,0.0
2011-02-23 00:00:00-05:00,15.158985905931896,15.2675245960268,15.00176472028318,15.183573722839355,115468416,0.0,0.0
2011-02-24 00:00:00-05:00,15.185314446720332,15.227538824206347,14.935947363219862,15.121482849121094,108359532,0.0,0.0
2011-02-25 00:00:00-05:00,15.19698796430153,15.268021648921886,15.138371710205169,15.151782989501953,77218704,0.0,0.0
2011-02-28 00:00:00-05:00,15.15079026363648,15.31198496427809,15.101362850761088,15.235237121582031,91168740,0.0,0.0
2011-03-01 00:00:00-05:00,15.344024457407848,15.379790708154154,14.885029129863863,14.921292304992676,132795072,0.0,0.0
2011-03-02 00:00:00-05:00,14.897448366958942,15.051440026330669,14.7829484711894,14.922038078308105,80986932,0.0,0.0
2011-03-03 00:00:00-05:00,15.060878527358273,15.187797744651947,15.02660210394224,15.139861106872559,77734188,0.0,0.0
2011-03-04 00:00:00-05:00,15.109310947733182,15.12545673128336,14.907383589340583,14.917816162109375,120319560,0.0,0.0
2011-03-07 00:00:00-05:00,14.916078217801566,14.994066956725037,14.579531655505694,14.695273399353027,138369492,0.0,0.0
2011-03-08 00:00:00-05:00,14.726815220435942,14.852243660736244,14.659009182041853,14.711416244506836,91304604,0.0,0.0
2011-03-09 00:00:00-05:00,14.678879280424768,14.766058741594584,14.548482545300738,14.698003768920898,85953960,0.0,0.0
2011-03-10 00:00:00-05:00,14.540784401892802,14.570091581936483,14.392008082620583,14.41312026977539,124998876,0.0,0.0
2011-03-11 00:00:00-05:00,14.361459605750678,14.405670735629398,14.240005595998431,14.323955535888672,121158720,0.0,0.0
2011-03-14 00:00:00-04:00,14.226841023280059,14.363198030101575,14.108118680899937,14.157048225402832,112531356,0.0,0.0
2011-03-15 00:00:00-04:00,13.846828618567875,14.182133324867701,13.797153216249088,14.146367073059082,160063776,0.0,0.0
2011-03-16 00:00:00-04:00,14.107869270507077,14.152080397857429,13.692341086164848,13.836893081665039,151788060,0.0,0.0
2011-03-17 00:00:00-04:00,14.020192180741143,14.132456381809831,13.922333106486759,13.942699432373047,115856028,0.0,0.0
2011-03-18 00:00:00-04:00,14.024165650382114,14.107371608721719,13.902463673163123,13.935248374938965,131812056,0.0,0.0
2011-03-21 00:00:00-04:00,14.16276051469271,14.400703070810135,14.132956407833039,14.31873893737793,120715164,0.0,0.0
2011-03-22 00:00:00-04:00,14.33786090748869,14.386542454569234,14.219635510107775,14.339102745056152,75400524,0.0,0.0
2011-03-23 00:00:00-04:00,14.286201065730268,14.466520251673238,14.20696954973918,14.459318161010742,72575352,0.0,0.0
2011-03-24 00:00:00-04:00,14.540536216014626,14.614054525148095,14.375863987286069,14.576799392700195,83864052,0.0,0.0
2011-03-25 00:00:00-04:00,14.576551425483666,14.577295392306524,14.386792559521107,14.399211883544922,114221664,0.0,0.0
2011-03-28 00:00:00-04:00,14.45708238164344,14.529607789110305,14.274279509536068,14.290424346923828,88647264,0.0,0.0
2011-03-29 00:00:00-04:00,14.306320707502303,14.45261336488498,14.232057482010335,14.448638916015625,64127808,0.0,0.0
2011-03-30 00:00:00-04:00,14.51445597241722,14.542274272455556,14.420074415084029,14.451370239257812,56835108,0.0,0.0
2011-03-31 00:00:00-04:00,14.480181595376276,14.608341707098246,14.448885770869994,14.573570251464844,81094824,0.0,0.0
2011-04-01 00:00:00-04:00,14.62324543478363,14.782949367901901,14.62324543478363,14.698750495910645,104423472,0.0,0.0
2011-04-04 00:00:00-04:00,14.728553886362121,14.771770214248626,14.482663411366728,14.596419334411621,82097820,0.0,0.0
2011-04-05 00:00:00-04:00,14.432493774875065,14.44267646533328,14.049997354258037,14.134693145751953,241658100,0.0,0.0
2011-04-06 00:00:00-04:00,14.211441571619739,14.285455858275414,14.10762128610495,14.261116027832031,106625268,0.0,0.0
2011-04-07 00:00:00-04:00,14.299613245464945,14.421565113274138,14.261363319741678,14.405669212341309,101158740,0.0,0.0
2011-04-08 00:00:00-04:00,14.527124090813063,14.527124090813063,14.357485456433675,14.359968185424805,75995928,0.0,0.0
2011-04-11 00:00:00-04:00,14.311287151565045,14.358477931445805,14.231807644442926,14.340347290039062,74253672,0.0,0.0
2011-04-12 00:00:00-04:00,14.281480911636145,14.328920623027807,14.10886075031069,14.172445297241211,83340576,0.0,0.0
2011-04-13 00:00:00-04:00,14.294148940310489,14.346059080421622,14.200760285895797,14.313273429870605,82693224,0.0,0.0
2011-04-14 00:00:00-04:00,14.286201771749077,14.392008808743967,14.20945487385887,14.368661880493164,218033748,0.0,0.0
2011-04-15 00:00:00-04:00,13.543565760527091,13.554990289986952,13.165292680495073,13.181188583374023,561186252,0.0,0.0
2011-04-18 00:00:00-04:00,13.074884077667413,13.105682979807407,12.890591375335823,13.085315704345703,201390408,0.0,0.0
2011-04-19 00:00:00-04:00,13.162559628191225,13.185658568339864,12.937782255232769,12.953429222106934,107256636,0.0,0.0
2011-04-20 00:00:00-04:00,13.061968371167378,13.084819321487045,12.949952145685609,13.057745933532715,122277600,0.0,0.0
2011-04-21 00:00:00-04:00,13.101459221947703,13.121080636962214,12.97478893216734,13.042098999023438,98705196,0.0,0.0
2011-04-25 00:00:00-04:00,13.045823712433734,13.08928898059644,12.965350353857197,13.04085636138916,65166768,0.0,0.0
2011-04-26 00:00:00-04:00,13.077364678798146,13.348587855192935,13.044827022107457,13.233839988708496,139860000,0.0,0.0
2011-04-27 00:00:00-04:00,13.362499972471786,13.36523258347193,13.271843922464264,13.356538772583008,91844064,0.0,0.0
2011-04-28 00:00:00-04:00,13.36398915722008,13.393546217683793,13.265136232484782,13.361754417419434,79920000,0.0,0.0
2011-04-29 00:00:00-04:00,13.41217592793749,13.514008522033691,13.37516783583845,13.514008522033691,168970860,0.0,0.0
2011-05-02 00:00:00-04:00,13.55374620117459,13.55449206096906,13.340641374491998,13.376407623291016,85262652,0.0,0.0
2011-05-03 00:00:00-04:00,13.340890328868694,13.462096323132963,13.154609018584177,13.260416984558105,83176740,0.0,0.0
2011-05-04 00:00:00-04:00,13.292210581209194,13.387337053460262,13.238809666676394,13.307609558105469,84595320,0.0,0.0
2011-05-05 00:00:00-04:00,13.259674715358587,13.39776953841244,13.201058457299279,13.269857406616211,79832088,0.0,0.0
2011-05-06 00:00:00-04:00,13.36622636554214,13.448437539717105,13.292459120224304,13.295439720153809,82161756,0.0,0.0
2011-05-09 00:00:00-04:00,13.287986161875665,13.374669645387987,13.19112093507443,13.3545503616333,77870052,0.0,0.0
2011-05-10 00:00:00-04:00,13.412174640475545,13.522204110824742,13.35107471127384,13.478241920471191,81634284,0.0,0.0
2011-05-11 00:00:00-04:00,13.415651406067619,13.500346246751576,13.25545056593082,13.299163818359375,93458448,0.0,0.0
2011-05-12 00:00:00-04:00,13.293947808177116,13.33617218145927,13.186402017075011,13.289229393005371,57874068,0.0,0.0
2011-05-13 00:00:00-04:00,13.278301514674947,13.31083823076979,13.140204806557957,13.152624130249023,84263652,0.0,0.0
2011-05-16 00:00:00-04:00,13.072151556827096,13.095995408604473,12.826013077392068,12.87618350982666,118209672,0.0,0.0
2011-05-17 00:00:00-04:00,12.801920535916219,13.19410175781267,12.791985834850122,13.175225257873535,132011856,0.0,0.0
2011-05-18 00:00:00-04:00,13.152376299663512,13.171997714434905,13.05700089020743,13.159082412719727,78049872,0.0,0.0
2011-05-19 00:00:00-04:00,13.231607213004668,13.326236758272415,13.15684612401358,13.19484806060791,98649252,0.0,0.0
2011-05-20 00:00:00-04:00,13.208507556589206,13.213226918444573,12.993167978116022,13.015522003173828,92607300,0.0,0.0
2011-05-23 00:00:00-04:00,12.830981479056911,12.91542834270267,12.751501966622936,12.87544059753418,91908000,0.0,0.0
2011-05-24 00:00:00-04:00,12.9246185276247,13.013784756261865,12.869479791657763,12.872211456298828,75924000,0.0,0.0
2011-05-25 00:00:00-04:00,12.849110105484694,12.984225255421146,12.84712335461627,12.907230377197266,52011936,0.0,0.0
2011-05-26 00:00:00-04:00,12.858300799988266,12.968082281158173,12.7912406178993,12.86898136138916,84655260,0.0,0.0
2011-05-27 00:00:00-04:00,12.877674306722746,12.959886423655206,12.823528479108143,12.93778133392334,69762168,0.0,0.0
2011-05-31 00:00:00-04:00,13.039614730878506,13.140205484175274,13.002359597452072,13.139461517333984,107384508,0.0,0.0
2011-06-01 00:00:00-04:00,13.11512075488102,13.24328087497619,13.047314708225104,13.05451774597168,118117764,0.0,0.0
2011-06-02 00:00:00-04:00,13.103445463819769,13.171252452444195,12.977024114415364,13.115616798400879,88091820,0.0,0.0
2011-06-03 00:00:00-04:00,12.965102693373202,13.104192312235714,12.952685261969867,12.991927146911621,69870060,0.0,0.0
2011-06-06 00:00:00-04:00,13.003352158005102,13.084819364553313,12.896799261028782,12.941756248474121,77606316,0.0,0.0
2011-06-07 00:00:00-04:00,12.987207833425181,13.030425113901774,12.890342592193143,12.891336441040039,76227696,0.0,0.0
2011-06-08 00:00:00-04:00,12.829241276483287,12.94622484534606,12.810612765007813,12.894811630249023,66069864,0.0,0.0
2011-06-09 00:00:00-04:00,12.915427712840446,12.915427712840446,12.807137000745637,12.834209442138672,67496436,0.0,0.0
2011-06-10 00:00:00-04:00,12.76839133907266,12.833215838376473,12.649420062903548,12.654884338378906,97498404,0.0,0.0
2011-06-13 00:00:00-04:00,12.667054146145441,12.672021496982007,12.472577817585229,12.536161422729492,96994908,0.0,0.0
2011-06-14 00:00:00-04:00,12.621104526061274,12.768391024803966,12.59229332268337,12.626569747924805,93566340,0.0,0.0
2011-06-15 00:00:00-04:00,12.543612197550665,12.626072308356889,12.433831655629406,12.491950988769531,82849068,0.0,0.0
2011-06-16 00:00:00-04:00,12.48847375594495,12.581861466385837,12.335971920110048,12.427870750427246,110169720,0.0,0.0
2011-06-17 00:00:00-04:00,12.572173181103887,12.584840492103906,12.041150379505902,12.046615600585938,209606184,0.0,0.0
2011-06-20 00:00:00-04:00,12.046120026225099,12.076669990781253,11.902807980634472,12.035688400268555,121022856,0.0,0.0
2011-06-21 00:00:00-04:00,12.100513733749453,12.26816560738393,12.039412858663491,12.244817733764648,110505384,0.0,0.0
2011-06-22 00:00:00-04:00,12.206321040188495,12.228674119030694,12.08908853116582,12.09604263305664,96187716,0.0,0.0
2011-06-23 00:00:00-04:00,11.974835538567683,11.992967124761844,11.766202088969486,11.927396774291992,191875932,0.0,0.0
2011-06-24 00:00:00-04:00,11.938822441131759,11.940561203243774,11.7485676019572,11.794766426086426,152071776,0.0,0.0
2011-06-27 00:00:00-04:00,11.772908850180922,12.130566617714006,11.762974148824545,11.991477012634277,137650212,0.0,0.0
2011-06-28 00:00:00-04:00,12.021779066855961,12.324547043477596,12.021779066855961,12.260963439941406,108495396,0.0,0.0
2011-06-29 00:00:00-04:00,12.33274334412311,12.424890163469168,12.229419985350034,12.358325958251953,93626280,0.0,0.0
2011-06-30 00:00:00-04:00,12.468106141910035,12.584344798926985,12.45593575404687,12.577141761779785,97038864,0.0,0.0
2011-07-01 00:00:00-04:00,12.58608434702397,12.944736934951017,12.577142547263215,12.941010475158691,145322532,0.0,0.0
2011-07-05 00:00:00-04:00,13.047065741149044,13.297922633508755,13.047065741149044,13.224403381347656,153814032,0.0,0.0
2011-07-06 00:00:00-04:00,13.250732427486586,13.375167030284018,13.239306952338312,13.296929359436035,107716176,0.0,0.0
2011-07-07 00:00:00-04:00,13.437012645303732,13.677437919007223,13.309844486703502,13.576102256774902,157262580,0.0,0.0
2011-07-08 00:00:00-04:00,13.23707112435619,13.353807657032075,13.095995708006742,13.213227272033691,190617192,0.0,0.0
2011-07-11 00:00:00-04:00,13.11859788426889,13.312329305091996,13.052033677399605,13.096243858337402,113458428,0.0,0.0
2011-07-12 00:00:00-04:00,13.118102215340256,13.397770349314852,13.064453305188326,13.26340103149414,113534352,0.0,0.0
2011-07-13 00:00:00-04:00,13.337661689808542,13.511523689837245,13.3247454426877,13.368956565856934,111496392,0.0,0.0
2011-07-14 00:00:00-04:00,13.390317708487462,13.461850211084947,13.082582372135024,13.137474060058594,265714020,0.0,0.0
2011-07-15 00:00:00-04:00,14.840322126952984,14.908625093683765,14.608341732740696,14.843302726745605,548734716,0.0,0.0
2011-07-18 00:00:00-04:00,14.715889073778413,14.953333768129731,14.703718684398005,14.776740074157715,178553268,0.0,0.0
2011-07-19 00:00:00-04:00,14.806543699023077,15.01865469177947,14.791393657522558,14.965751647949219,118581300,0.0,0.0
2011-07-20 00:00:00-04:00,14.956562039048839,14.972706876045933,14.7869234085083,14.7869234085083,89022888,0.0,0.0
2011-07-21 00:00:00-04:00,14.75413730791622,15.102605293419508,14.75364038353528,15.076029777526855,138641220,0.0,0.0
2011-07-22 00:00:00-04:00,15.036289847945016,15.386744580325304,15.008471548166062,15.35520076751709,140986872,0.0,0.0
2011-07-25 00:00:00-04:00,15.234243306282588,15.533533769429871,15.22530150677167,15.37382984161377,125138736,0.0,0.0
2011-07-26 00:00:00-04:00,15.35073052672858,15.585443529544643,15.330115263832736,15.461753845214844,93622284,0.0,0.0
2011-07-27 00:00:00-04:00,15.32912163648835,15.422758276342721,15.020393418125918,15.081741333007812,157218624,0.0,0.0
2011-07-28 00:00:00-04:00,15.03132104770461,15.299316613575183,14.976927234165991,15.1741361618042,124211664,0.0,0.0
2011-07-29 00:00:00-04:00,15.007477510074173,15.27398230842539,14.994065284729004,14.994065284729004,165330504,0.0,0.0
2011-08-01 00:00:00-04:00,15.181092569184287,15.287395583988229,14.882050089141481,15.070565223693848,158485356,0.0,0.0
2011-08-02 00:00:00-04:00,15.051441009773235,15.142593984359817,14.693038300271366,14.713653564453125,127895976,0.0,0.0
2011-08-03 00:00:00-04:00,14.760098254823172,14.9769276552753,14.495828194426654,14.931475639343262,152874972,0.0,0.0
2011-08-04 00:00:00-04:00,14.765810668325585,14.873853393184167,14.34283145067967,14.344072341918945,196387416,0.0,0.0
2011-08-05 00:00:00-04:00,14.468755971161695,14.654042508269962,13.958596365377804,14.381824493408203,236926836,0.0,0.0
2011-08-08 00:00:00-04:00,13.982936447869255,14.132456727006147,13.520215632641,13.561694145202637,299564136,0.0,0.0
2011-08-09 00:00:00-04:00,13.9337587860676,14.27179609439301,13.437260337067519,14.24199104309082,258529212,0.0,0.0
2011-08-10 00:00:00-04:00,13.94319804529872,14.011252078957394,13.604167821706852,13.63595962524414,214569216,0.0,0.0
2011-08-11 00:00:00-04:00,13.755425700718899,14.120038507922446,13.621056407046506,13.961824417114258,193030776,0.0,0.0
2011-08-12 00:00:00-04:00,14.144876905616824,14.169714606177838,13.918856764731794,14.002558708190918,126045828,0.0,0.0
2011-08-15 00:00:00-04:00,13.745740671265635,14.032860742723937,13.562440882385989,13.840123176574707,285510204,0.0,0.0
2011-08-16 00:00:00-04:00,13.720902630047215,13.72115061895632,13.17125130390016,13.387335777282715,277298424,0.0,0.0
2011-08-17 00:00:00-04:00,13.41292014495842,13.50382512945301,13.182926492535278,13.24203872680664,163000836,0.0,0.0
2011-08-18 00:00:00-04:00,13.001612508242829,13.036880887189714,12.430849909580413,12.539886474609375,251376372,0.0,0.0
2011-08-19 00:00:00-04:00,12.40228854216901,12.788012624317442,12.191667369349835,12.193157196044922,216183600,0.0,0.0
2011-08-22 00:00:00-04:00,12.51802994810081,12.592542104368045,12.282820015423145,12.373228073120117,196039764,0.0,0.0
2011-08-23 00:00:00-04:00,12.505611096124307,12.950448364002611,12.395333630741485,12.886119842529297,173698128,0.0,0.0
2011-08-24 00:00:00-04:00,12.89878772183153,13.163801781427301,12.8466295867966,12.997142791748047,143636220,0.0,0.0
2011-08-25 00:00:00-04:00,13.173239027026437,13.344368424345276,12.873203660109175,12.916420936584473,131588280,0.0,0.0
2011-08-26 00:00:00-04:00,12.915179141486224,13.174977832526814,12.745042645838664,13.085811614990234,143708148,0.0,0.0
2011-08-29 00:00:00-04:00,13.277059027247732,13.398514923369692,13.252222272355665,13.389324188232422,93338568,0.0,0.0
2011-08-30 00:00:00-04:00,13.367218893055297,13.486438154279432,13.18392004797285,13.429560661315918,119440440,0.0,0.0
2011-08-31 00:00:00-04:00,13.529902620350198,13.568649469531241,13.312824287544652,13.436017990112305,107624268,0.0,0.0
2011-09-01 00:00:00-04:00,13.430802891297816,13.507301801168843,13.19410312405691,13.225894927978516,96523380,0.0,0.0
2011-09-02 00:00:00-04:00,13.026449022026645,13.112137706049216,12.93355730160275,13.035638809204102,95951952,0.0,0.0
2011-09-06 00:00:00-04:00,12.68692431214127,12.98397910359682,12.679473285438519,12.969573974609375,108523368,0.0,0.0
2011-09-07 00:00:00-04:00,13.174978700520581,13.3113357056458,13.09922470361516,13.263895988464355,110121768,0.0,0.0
2011-09-08 00:00:00-04:00,13.25818277832703,13.38982041193429,13.210991999978964,13.286993980407715,95124780,0.0,0.0
2011-09-09 00:00:00-04:00,13.198572234875588,13.279294520916606,12.944983688659283,13.035887718200684,130621248,0.0,0.0
2011-09-12 00:00:00-04:00,12.864759295590805,13.21322729246325,12.853333820546943,13.166781425476074,106709184,0.0,0.0
2011-09-13 00:00:00-04:00,13.21347426087936,13.260169059720047,12.999873454936505,13.151878356933594,94073832,0.0,0.0
2011-09-14 00:00:00-04:00,13.228130030766913,13.336420739780392,13.059981229837478,13.215214729309082,107668224,0.0,0.0
2011-09-15 00:00:00-04:00,13.300406711519978,13.535864634356574,13.27705883712403,13.47575855255127,118313568,0.0,0.0
2011-09-16 00:00:00-04:00,13.531393958965584,13.582062262419656,13.490163432757228,13.578088760375977,141230628,0.0,0.0
2011-09-19 00:00:00-04:00,13.420868532544347,13.658065230262652,13.297426826985522,13.577840805053711,98637264,0.0,0.0
2011-09-20 00:00:00-04:00,13.645646973141844,13.872164057145062,13.478491061331185,13.576847076416016,111052836,0.0,0.0
2011-09-21 00:00:00-04:00,13.603174521461014,13.784735548741999,13.383860491953298,13.392304420471191,100471428,0.0,0.0
2011-09-22 00:00:00-04:00,13.07066155076967,13.133500245881033,12.766403723928512,12.9318208694458,175835988,0.0,0.0
2011-09-23 00:00:00-04:00,12.829985811670031,13.074882438749004,12.778820587004523,13.05228042602539,110980908,0.0,0.0
2011-09-26 00:00:00-04:00,13.095496258323944,13.236573550710748,12.747774163766783,13.210742950439453,105262632,0.0,0.0
2011-09-27 00:00:00-04:00,13.367467244659856,13.587279153710654,13.314068221010947,13.395782470703125,120315564,0.0,0.0
2011-09-28 00:00:00-04:00,13.449432171472488,13.512021934067581,13.10667641094414,13.134990692138672,90441468,0.0,0.0
2011-09-29 00:00:00-04:00,13.313818445621717,13.345113323094818,12.900773010498872,13.101707458496094,116147736,0.0,0.0
2011-09-30 00:00:00-04:00,12.920641557150832,13.01477606530428,12.775839696363937,12.79223346710205,108835056,0.0,0.0
2011-10-03 00:00:00-04:00,12.663328286445617,12.716728252999875,12.294493031698577,12.307408332824707,178797024,0.0,0.0
2011-10-04 00:00:00-04:00,12.171052698901457,12.504122687239397,11.936836597345751,12.465871810913086,166185648,0.0,0.0
2011-10-05 00:00:00-04:00,12.32802401794269,12.612412427480239,11.941058109181254,12.535415649414062,181182636,0.0,0.0
2011-10-06 00:00:00-04:00,12.604960247226943,12.796953845057388,12.483257313325806,12.784038543701172,136835028,0.0,0.0
2011-10-07 00:00:00-04:00,12.83669424387221,12.927847217789283,12.674505689137275,12.794221878051758,114121764,0.0,0.0
2011-10-10 00:00:00-04:00,13.044084935591366,13.349335639054917,12.994906460133127,13.34188461303711,92795112,0.0,0.0
2011-10-11 00:00:00-04:00,13.249739345775522,13.581070572076488,13.249739345775522,13.491158485412598,114021864,0.0,0.0
2011-10-12 00:00:00-04:00,13.614102180899536,13.790447869124325,13.52717164776404,13.623291969299316,126984888,0.0,0.0
2011-10-13 00:00:00-04:00,13.66129506192095,13.884085688845154,13.611371667098618,13.883837699890137,227276496,0.0,0.0
2011-10-14 00:00:00-04:00,14.889251770762643,14.892480359303859,14.59368684193401,14.695768356323242,340854804,0.0,0.0
2011-10-17 00:00:00-04:00,14.498065205994907,14.699496594971107,14.355994988191584,14.46552848815918,160167672,0.0,0.0
2011-10-18 00:00:00-04:00,14.410387784674878,14.717626191923255,14.341090969635097,14.666709899902344,151879968,0.0,0.0
2011-10-19 00:00:00-04:00,14.587975865718613,14.705207430968416,14.386296494405089,14.423055648803711,117142740,0.0,0.0
2011-10-20 00:00:00-04:00,14.452860159758156,14.626473234367767,14.393498046231882,14.496821403503418,135024840,0.0,0.0
2011-10-21 00:00:00-04:00,14.641873205964774,14.722345614067208,14.572079466256602,14.666213035583496,135504360,0.0,0.0
2011-10-24 00:00:00-04:00,14.572576298414358,14.90167085905661,14.567112023263684,14.813497543334961,136938924,0.0,0.0
2011-10-25 00:00:00-04:00,14.731038087222066,14.77822886509925,14.476455686305156,14.48415470123291,101518380,0.0,0.0
2011-10-26 00:00:00-04:00,14.642866545504884,14.658513511689724,14.228331264974473,14.562393188476562,114809076,0.0,0.0
2011-10-27 00:00:00-04:00,14.863173676660429,14.969478585147499,14.736006461827913,14.869383811950684,151060788,0.0,0.0
2011-10-28 00:00:00-04:00,14.766308691872037,14.959543192939051,14.759602578583605,14.905895233154297,100219680,0.0,0.0
2011-10-31 00:00:00-04:00,14.780465015907575,14.894716924449927,14.695521234450691,14.719613075256348,102209688,0.0,0.0
2011-11-01 00:00:00-04:00,14.40815321716172,14.542522518336234,14.324947251027725,14.372138977050781,124878996,0.0,0.0
2011-11-02 00:00:00-04:00,14.527372600525041,14.60337458345652,14.417592063682088,14.525384902954102,84751164,0.0,0.0
2011-11-03 00:00:00-04:00,14.579531828118856,14.840323448181152,14.49806556378394,14.840323448181152,106685208,0.0,0.0
2011-11-04 00:00:00-04:00,14.74097394478977,14.895959462515528,14.71439842732213,14.806544303894043,113278608,0.0,0.0
2011-11-07 00:00:00-05:00,14.736502342842206,15.120487635659396,14.709429903123322,15.109310150146484,134161704,0.0,0.0
2011-11-08 00:00:00-05:00,15.125952006488008,15.259329348011939,14.991830698187146,15.208909034729004,121054824,0.0,0.0
2011-11-09 00:00:00-05:00,15.008223198672962,15.1356383914759,14.869132649642408,14.926011085510254,148291560,0.0,0.0
2011-11-10 00:00:00-05:00,15.049701634726858,15.050198559118716,14.692789712995713,14.780217170715332,114621264,0.0,0.0
2011-11-11 00:00:00-05:00,14.934706957059156,15.20270161592934,14.867645821841618,15.109809875488281,158920920,0.0,0.0
2011-11-14 00:00:00-05:00,15.101114182981904,15.351475092256246,15.095650854481487,15.225300788879395,127420452,0.0,0.0
2011-11-15 00:00:00-05:00,15.220333006211376,15.351474656519082,15.163207528798575,15.313721656799316,106932960,0.0,0.0
2011-11-16 00:00:00-05:00,15.202450715728737,15.356939295717899,15.165940499293429,15.187299728393555,104235660,0.0,0.0
2011-11-17 00:00:00-05:00,15.152032435676384,15.207668091852298,14.822439989740934,14.924025535583496,139592268,0.0,0.0
2011-11-18 00:00:00-05:00,14.952092101483485,15.014185882999485,14.74718413691699,14.775249481201172,131376492,0.0,0.0
2011-11-21 00:00:00-05:00,14.598406748132852,14.61678632439555,14.20920611143195,14.42901611328125,119931948,0.0,0.0
2011-11-22 00:00:00-05:00,14.405669212341309,14.529110906759305,14.287442857576751,14.405669212341309,96115788,0.0,0.0
2011-11-23 00:00:00-05:00,14.290175325642174,14.411879211369548,14.160028457641602,14.160028457641602,92938968,0.0,0.0
2011-11-25 00:00:00-05:00,14.037826580616631,14.263349773755102,13.941953312478233,13.98343276977539,62433504,0.0,0.0
2011-11-28 00:00:00-05:00,14.390022831774816,14.62473585770164,14.318739258918086,14.609087944030762,113042844,0.0,0.0
2011-11-29 00:00:00-05:00,14.601388882163775,14.662985741270322,14.438704342990226,14.47844409942627,73198728,0.0,0.0
2011-11-30 00:00:00-05:00,14.851500858742565,14.890247712774608,14.705954060215419,14.887267112731934,135744120,0.0,0.0
2011-12-01 00:00:00-05:00,14.902415915539718,15.29981344612201,14.877579161454975,15.244426727294922,144679176,0.0,0.0
2011-12-02 00:00:00-05:00,15.325894675767683,15.4985139111362,15.306272313955429,15.408105850219727,163264572,0.0,0.0
2011-12-05 00:00:00-05:00,15.58892193618831,15.694728027924109,15.458774120581749,15.539495468139648,127772100,0.0,0.0
2011-12-06 00:00:00-05:00,15.473426340885213,15.61326086153274,15.405124321428442,15.49280071258545,92966940,0.0,0.0
2011-12-07 00:00:00-05:00,15.440891731459455,15.5397437227239,15.351973495935987,15.483363151550293,90201708,0.0,0.0
2011-12-08 00:00:00-05:00,15.42499548805267,15.584202495788412,15.282428349022378,15.301056861877441,96427476,0.0,0.0
2011-12-09 00:00:00-05:00,15.349488893209182,15.625929366921754,15.324901072989189,15.583457946777344,110537352,0.0,0.0
2011-12-12 00:00:00-05:00,15.445857712925125,15.552657645834536,15.406365949797173,15.533036231994629,87268644,0.0,0.0
2011-12-13 00:00:00-05:00,15.616739351746638,15.81047077593931,15.469950720260698,15.5389986038208,160966872,0.0,0.0
2011-12-14 00:00:00-05:00,15.445113341941466,15.506461260960942,15.212635074373809,15.351227760314941,155991852,0.0,0.0
2011-12-15 00:00:00-05:00,15.46175440720712,15.498513561427648,15.366626986322593,15.387738227844238,96247656,0.0,0.0
2011-12-16 00:00:00-05:00,15.506461830842255,15.630648446618535,15.435675185358198,15.547195434570312,178193628,0.0,0.0
2011-12-19 00:00:00-05:00,15.598111048072859,15.61028048969614,15.399164293272161,15.444615364074707,85654260,0.0,0.0
2011-12-20 00:00:00-05:00,15.5978625957281,15.69323800051123,15.597612713757728,15.656726837158203,95432472,0.0,0.0
2011-12-21 00:00:00-05:00,15.647784696875028,15.692739787496867,15.37333100539786,15.543716430664062,99816084,0.0,0.0
2011-12-22 00:00:00-05:00,15.59662090595544,15.690506490730463,15.573273977494297,15.64008617401123,72819108,0.0,0.0
2011-12-23 00:00:00-05:00,15.697210626417242,15.76377482560597,15.661445324880871,15.72552490234375,58089852,0.0,0.0
2011-12-27 00:00:00-05:00,15.698454464967945,16.007430703906504,15.697212627208014,15.902120590209961,64191744,0.0,0.0
2011-12-28 00:00:00-05:00,15.964214154675176,16.020098746159263,15.848719458477754,15.888460159301758,85002912,0.0,0.0
2011-12-29 00:00:00-05:00,15.932914812488276,15.970419818487764,15.776688440712746,15.955517768859863,62952984,0.0,0.0
2011-12-30 00:00:00-05:00,15.946080703304698,16.063809179248274,15.946080703304698,16.042449951171875,71220708,0.0,0.0
2012-01-03 00:00:00-05:00,16.21730599632677,16.595082106962824,16.203149803926806,16.527027130126953,146912940,0.0,0.0
2012-01-04 00:00:00-05:00,16.51758724061168,16.647240007774865,16.408055650019588,16.598310470581055,114445440,0.0,0.0
2012-01-05 00:00:00-05:00,16.445562398255795,16.491262405306994,16.299021760095265,16.36806869506836,131184684,0.0,0.0
2012-01-06 00:00:00-05:00,16.371547145547083,16.39266028118679,16.13906980892291,16.14478302001953,107608284,0.0,0.0
2012-01-09 00:00:00-05:00,16.057353397705366,16.0697717747644,15.429713287474963,15.4602632522583,232671096,0.0,0.0
2012-01-10 00:00:00-05:00,15.641329085030124,15.741919837295745,15.32241624885563,15.477153778076172,175648176,0.0,0.0
2012-01-11 00:00:00-05:00,15.486094555716885,15.632387208789988,15.426982321023623,15.547195434570312,95904000,0.0,0.0
2012-01-12 00:00:00-05:00,15.677838409505629,15.71931692442066,15.560605902013592,15.638595581054688,74932992,0.0,0.0
2012-01-13 00:00:00-05:00,15.554644673396155,15.571782412195123,15.425490713556432,15.523101806640625,92199708,0.0,0.0
2012-01-17 00:00:00-05:00,15.69671530646437,15.69671530646437,15.54023996657333,15.612268447875977,76295628,0.0,0.0
2012-01-18 00:00:00-05:00,15.563834937972612,15.746886741723998,15.451819660026274,15.71981430053711,110357532,0.0,0.0
2012-01-19 00:00:00-05:00,15.92049939088049,15.92049939088049,15.68379963555512,15.88523006439209,251959788,0.0,0.0
2012-01-20 00:00:00-05:00,14.667206405145725,14.67888081572641,14.447893317000203,14.554445266723633,422628948,0.0,0.0
2012-01-23 00:00:00-05:00,14.554693738556288,14.620760072119152,14.48415508553205,14.542771339416504,136379484,0.0,0.0
2012-01-24 00:00:00-05:00,14.562641478276285,14.596420031145502,14.355993819519142,14.428768157958984,122109768,0.0,0.0
2012-01-25 00:00:00-05:00,14.34382422914866,14.373629281701087,14.067384709368529,14.14462947845459,199308492,0.0,0.0
2012-01-26 00:00:00-05:00,14.206473817176438,14.268566649047656,14.021932190611789,14.11010456085205,128918952,0.0,0.0
2012-01-27 00:00:00-05:00,14.176669473076245,14.413618177134625,14.140654284731696,14.405173301696777,144555300,0.0,0.0
2012-01-30 00:00:00-05:00,14.35723796553982,14.405670586261904,14.24174326405047,14.348296165466309,93126780,0.0,0.0
2012-01-31 00:00:00-05:00,14.48018102353206,14.50501872309768,14.285206833008766,14.408400535583496,85610304,0.0,0.0
2012-02-01 00:00:00-05:00,14.528365356924708,14.542274507168369,14.384309343223853,14.426283836364746,92735172,0.0,0.0
2012-02-02 00:00:00-05:00,14.526626805371858,14.564876732465645,14.4573318816497,14.532588005065918,96491412,0.0,0.0
2012-02-03 00:00:00-05:00,14.670436603166436,14.829644562595977,14.60561115578791,14.811264038085938,126613260,0.0,0.0
2012-02-06 00:00:00-05:00,14.778477351308256,15.171404456970764,14.753640597128008,15.12818717956543,147036816,0.0,0.0
2012-02-07 00:00:00-05:00,15.080003947782076,15.135639603937513,14.995805076944482,15.070565223693848,83600316,0.0,0.0
2012-02-08 00:00:00-05:00,15.11701117460189,15.184321241768789,15.020145936829245,15.147065162658691,73382544,0.0,0.0
2012-02-09 00:00:00-05:00,15.200962831875223,15.262559691300654,15.125953745425525,15.187053680419922,90497412,0.0,0.0
2012-02-10 00:00:00-05:00,15.09813533261107,15.104344521646974,15.001767015032968,15.049206733703613,92914992,0.0,0.0
2012-02-13 00:00:00-05:00,15.163207558538035,15.246163637385974,15.151286106589907,15.20543098449707,72579348,0.0,0.0
2012-02-14 00:00:00-05:00,15.189040878605363,15.200465407529768,15.020643132955097,15.144829750061035,72075852,0.0,0.0
2012-02-15 00:00:00-05:00,15.223563889463774,15.223563889463774,14.965999927634071,15.040512084960938,96938964,0.0,0.0
2012-02-16 00:00:00-05:00,14.972457017236037,15.12123238614866,14.846034726063348,15.06435489654541,101134764,0.0,0.0
2012-02-17 00:00:00-05:00,15.025857988088305,15.091926216565296,14.962026392666585,15.017662048339844,97866036,0.0,0.0
2012-02-21 00:00:00-05:00,14.998537423698009,15.346508494110733,14.973947711627341,15.250139236450195,99132768,0.0,0.0
2012-02-22 00:00:00-05:00,15.199471426082571,15.319187615457144,15.069075621237463,15.099625587463379,78601320,0.0,0.0
2012-02-23 00:00:00-05:00,15.076279515291402,15.099626445200117,14.911111297133987,15.054174423217773,82117800,0.0,0.0
2012-02-24 00:00:00-05:00,15.08497027913073,15.19177115764133,15.039269328032866,15.148305892944336,77346576,0.0,0.0
2012-02-27 00:00:00-05:00,15.066093682659973,15.20940477682753,15.028092693223227,15.133651733398438,72483444,0.0,0.0
2012-02-28 00:00:00-05:00,15.15079020241899,15.393451160195248,15.09316685013476,15.359175682067871,113790096,0.0,0.0
2012-02-29 00:00:00-05:00,15.364391449751073,15.53825346718081,15.287395616287048,15.355698585510254,125350524,0.0,0.0
2012-03-01 00:00:00-05:00,15.455296088748343,15.540736795604357,15.353214567127011,15.458773612976074,89418492,0.0,0.0
2012-03-02 00:00:00-05:00,15.448838625517865,15.498513079960071,15.407112121647318,15.43021011352539,62869068,0.0,0.0
2012-03-05 00:00:00-05:00,15.409843358503641,15.461009534343091,15.185065994983194,15.256349563598633,63668268,0.0,0.0
2012-03-06 00:00:00-05:00,15.102355908572312,15.121232408827906,14.749417507188088,15.025609016418457,126849024,0.0,0.0
2012-03-07 00:00:00-05:00,15.127195598994424,15.180347582715816,15.04796502110525,15.071311950683594,50529420,0.0,0.0
2012-03-08 00:00:00-05:00,15.151784276265447,15.188047454757504,15.060135320746278,15.079756736755371,53766180,0.0,0.0
2012-03-09 00:00:00-05:00,15.099873328799283,15.19798039748506,14.902415460716172,14.908624649047852,106717176,0.0,0.0
2012-03-12 00:00:00-04:00,14.902416628537749,15.076278648062486,14.884037051026622,15.030329704284668,66693240,0.0,0.0
2012-03-13 00:00:00-04:00,15.119743277728515,15.345763420303339,15.04026377116623,15.344024658203125,89742168,0.0,0.0
2012-03-14 00:00:00-04:00,15.274975598180141,15.46821007443039,15.23672662101963,15.299564361572266,117358524,0.0,0.0
2012-03-15 00:00:00-04:00,15.314716732904882,15.486094125400866,15.270754541521537,15.427229881286621,97306596,0.0,0.0
2012-03-16 00:00:00-04:00,15.421269069897575,15.545951655582764,15.400404871697823,15.524343490600586,121897980,0.0,0.0
2012-03-19 00:00:00-04:00,15.476655993733136,15.828104581296534,15.429962139026957,15.746389389038086,86825088,0.0,0.0
2012-03-20 00:00:00-04:00,15.670387955291195,15.798051146881658,15.579730960515676,15.734219551086426,61558380,0.0,0.0
2012-03-21 00:00:00-04:00,15.76203701059278,16.07945810351862,15.709878881667674,15.895414352416992,98685216,0.0,0.0
2012-03-22 00:00:00-04:00,15.858656568646076,16.114481792959463,15.672376157400672,16.046178817749023,96311592,0.0,0.0
2012-03-23 00:00:00-04:00,16.059835344455266,16.10702706524522,15.918263968175566,15.960238456726074,77530392,0.0,0.0
2012-03-26 00:00:00-04:00,16.020097778582702,16.13161707283048,15.884485697747053,16.127641677856445,72695232,0.0,0.0
2012-03-27 00:00:00-04:00,16.07051852727598,16.231215364218574,16.01512991225261,16.070270538330078,80207712,0.0,0.0
2012-03-28 00:00:00-04:00,16.194704046176653,16.35763846124293,16.171109128674782,16.2873477935791,101454444,0.0,0.0
2012-03-29 00:00:00-04:00,16.229725075444097,16.307962746079774,16.00271297195841,16.104793548583984,76895028,0.0,0.0
2012-03-30 00:00:00-04:00,16.18774969354199,16.230966023116796,15.920747022003637,15.926708221435547,92335572,0.0,0.0
2012-04-02 00:00:00-04:00,15.915039224300406,16.082195155151506,15.767752700586488,16.06778907775879,91276632,0.0,0.0
2012-04-03 00:00:00-04:00,16.030282003884654,16.09336963511851,15.862133192130118,15.96098518371582,81714204,0.0,0.0
2012-04-04 00:00:00-04:00,15.857413893799162,15.871074109511131,15.674859005762041,15.775450706481934,65038896,0.0,0.0
2012-04-05 00:00:00-04:00,15.703174343488836,15.807242622847903,15.612021366562324,15.705161094665527,92655252,0.0,0.0
2012-04-09 00:00:00-04:00,15.609783560118345,15.779919101810492,15.530552047534247,15.668399810791016,87220692,0.0,0.0
2012-04-10 00:00:00-04:00,15.734964787963385,15.759304617449523,15.512173237326897,15.569547653198242,99180720,0.0,0.0
2012-04-11 00:00:00-04:00,15.746141998749518,15.796562314992682,15.679825780743833,15.795568466186523,87872040,0.0,0.0
2012-04-12 00:00:00-04:00,15.95428094090163,16.222275608601883,15.902371739789736,16.16937255859375,230033736,0.0,0.0
2012-04-13 00:00:00-04:00,16.083432106222993,16.11919930406686,15.487087816290796,15.513416290283203,326045628,0.0,0.0
2012-04-16 00:00:00-04:00,15.47367717755298,15.49379457075846,14.943647188956424,15.053179740905762,227456316,0.0,0.0
2012-04-17 00:00:00-04:00,15.115024332649101,15.341790341322366,15.07652641601749,15.140110969543457,120835044,0.0,0.0
2012-04-18 00:00:00-04:00,15.10235684861395,15.220334272662928,14.972209036188394,15.087454795837402,106673220,0.0,0.0
2012-04-19 00:00:00-04:00,15.04374082196848,15.306272137336435,14.877579712806767,14.885029792785645,131652216,0.0,0.0
2012-04-20 00:00:00-04:00,15.007974973984945,15.122226882449393,14.798844582478354,14.804556846618652,122213664,0.0,0.0
2012-04-23 00:00:00-04:00,14.726070285364809,14.863918057154018,14.659010102556344,14.842806816101074,87824088,0.0,0.0
2012-04-24 00:00:00-04:00,14.858702891151443,15.067088372380343,14.835852887734154,14.9339599609375,77086836,0.0,0.0
2012-04-25 00:00:00-04:00,15.001765805192267,15.184320680738978,14.97394750472761,15.143835067749023,72771156,0.0,0.0
2012-04-26 00:00:00-04:00,15.173393540958608,15.349489362363931,15.14334049774089,15.286651611328125,83616300,0.0,0.0
2012-04-27 00:00:00-04:00,15.27547371480668,15.31819406793475,15.165692232172606,15.274479866027832,65390544,0.0,0.0
2012-04-30 00:00:00-04:00,15.225053025301136,15.301799919160446,14.917566632441448,15.022876739501953,96195708,0.0,0.0
2012-05-01 00:00:00-04:00,14.996550502205391,15.190528960000744,14.907135347512002,15.012446403503418,80011908,0.0,0.0
2012-05-02 00:00:00-04:00,14.932220931915422,15.103847256242304,14.917566868430763,15.082736015319824,64395540,0.0,0.0
2012-05-03 00:00:00-04:00,15.141352163685008,15.270754112219397,15.12471040277616,15.17612361907959,74645280,0.0,0.0
2012-05-04 00:00:00-04:00,15.049453557326085,15.098383098967483,14.823185425851273,14.82715892791748,88207704,0.0,0.0
2012-05-07 00:00:00-04:00,14.778230261327282,15.164948201968572,14.778230261327282,15.08993911743164,79700220,0.0,0.0
2012-05-08 00:00:00-04:00,15.039767849696263,15.322168579018621,14.919803668530895,15.220087051391602,106984908,0.0,0.0
2012-05-09 00:00:00-04:00,15.071807378753164,15.309252046414974,14.947371834310736,15.129677772521973,93058848,0.0,0.0
2012-05-10 00:00:00-04:00,15.224308729281672,15.30453315051151,15.156502685372121,15.241695404052734,61374564,0.0,0.0
2012-05-11 00:00:00-04:00,15.159481498178419,15.263798694939512,15.020888826835726,15.03231430053711,83892024,0.0,0.0
2012-05-14 00:00:00-04:00,14.921789769953314,15.113533480232618,14.916821472786035,15.001765251159668,72903024,0.0,0.0
2012-05-15 00:00:00-04:00,15.03529686926766,15.274977233822447,14.995557114799908,15.178359985351562,83999916,0.0,0.0
2012-05-16 00:00:00-04:00,15.348495178797878,15.650020381194931,15.298323799130378,15.62096118927002,193210596,0.0,0.0
2012-05-17 00:00:00-04:00,15.74266500573471,15.84250989373596,15.429713383201696,15.4749174118042,134017848,0.0,0.0
2012-05-18 00:00:00-04:00,15.525834626750818,15.707644600739489,14.820453726117373,14.912352561950684,238701060,0.0,0.0
2012-05-21 00:00:00-04:00,14.915083141079778,15.292114341809915,14.902415828656828,15.2528715133667,122892984,0.0,0.0
2012-05-22 00:00:00-04:00,15.23622960465443,15.245420339350247,14.803066776306812,14.922286033630371,121953924,0.0,0.0
2012-05-23 00:00:00-04:00,14.943398331980193,15.140855270477326,14.830885179496146,15.137378692626953,126996876,0.0,0.0
2012-05-24 00:00:00-04:00,15.129924493045372,15.198475442455667,14.874349205778431,14.99332046508789,75576348,0.0,0.0
2012-05-25 00:00:00-04:00,14.927253227949384,14.945383868655213,14.6113219627219,14.69204330444336,143132724,0.0,0.0
2012-05-29 00:00:00-04:00,14.798348171247156,14.88080828009476,14.612316711828138,14.761837005615234,104123772,0.0,0.0
2012-05-30 00:00:00-04:00,14.608341956878213,14.701233690170081,14.493345133518094,14.61008071899414,76191732,0.0,0.0
2012-05-31 00:00:00-04:00,14.622250842969297,14.654042645306864,14.380830779130429,14.42702865600586,118613268,0.0,0.0
2012-06-01 00:00:00-04:00,14.201754195026263,14.223114371108322,14.116313490698028,14.181635856628418,122193684,0.0,0.0
2012-06-04 00:00:00-04:00,14.16275982692539,14.417840110709081,14.157544487087295,14.370648384094238,97210692,0.0,0.0
2012-06-05 00:00:00-04:00,14.292659978866608,14.359224186227474,14.069620428397755,14.167479515075684,93502404,0.0,0.0
2012-06-06 00:00:00-04:00,14.31824001898373,14.454597953577249,14.24695740417734,14.419825553894043,83748168,0.0,0.0
2012-06-07 00:00:00-04:00,14.594434909973257,14.601637001420686,14.337367855393357,14.36170768737793,70269660,0.0,0.0
2012-06-08 00:00:00-04:00,14.302593418791512,14.430506482267605,14.271049606793552,14.416845321655273,56359584,0.0,0.0
2012-06-11 00:00:00-04:00,14.510234419241144,14.537803783710018,14.075082947657162,14.120038986206055,106337556,0.0,0.0
2012-06-12 00:00:00-04:00,14.151582747170249,14.164746983776286,13.873652470542337,14.035592079162598,128839032,0.0,0.0
2012-06-13 00:00:00-04:00,13.951643969607936,14.082784695798361,13.876137957268256,13.935996055603027,78089832,0.0,0.0
2012-06-14 00:00:00-04:00,13.94121289090039,14.034849550086383,13.822489591918735,13.88532829284668,93702204,0.0,0.0
2012-06-15 00:00:00-04:00,13.91736752225398,14.021186862232753,13.836645228673182,14.020938873291016,119927952,0.0,0.0
2012-06-18 00:00:00-04:00,13.97399663715425,14.261861624766349,13.890293745997823,14.178407669067383,99776124,0.0,0.0
2012-06-19 00:00:00-04:00,14.246461336816933,14.511973238689416,14.234787873249136,14.443670272827148,82964952,0.0,0.0
2012-06-20 00:00:00-04:00,14.400949859353647,14.405669221155454,14.244474525292706,14.343823432922363,93774132,0.0,0.0
2012-06-21 00:00:00-04:00,14.401696298995319,14.401696298995319,14.001565201984842,14.038324356079102,80371548,0.0,0.0
2012-06-22 00:00:00-04:00,14.107620994760897,14.19405460357666,14.053476113099245,14.19405460357666,89026884,0.0,0.0
2012-06-25 00:00:00-04:00,14.090977995235537,14.109854494782526,13.843101718954884,13.926307678222656,63200736,0.0,0.0
2012-06-26 00:00:00-04:00,13.977473085680376,14.072848493299114,13.896006828303365,14.025160789489746,53953992,0.0,0.0
2012-06-27 00:00:00-04:00,14.100169990746206,14.256396393917745,14.058443486184554,14.139909744262695,67624308,0.0,0.0
2012-06-28 00:00:00-04:00,14.055462948533396,14.063658888207602,13.839625494348333,14.015971183776855,76759164,0.0,0.0
2012-06-29 00:00:00-04:00,14.28048664508357,14.408896626281372,14.211935696214889,14.407405853271484,100679220,0.0,0.0
2012-07-02 00:00:00-04:00,14.450872750960489,14.480181824913995,14.318738188586542,14.417342185974121,66153780,0.0,0.0
2012-07-03 00:00:00-04:00,14.405917941200999,14.614551415029785,14.35599454940246,14.60014533996582,47532420,0.0,0.0
2012-07-05 00:00:00-04:00,14.623245185094476,14.903907140417065,14.617779963203018,14.801080703735352,93742164,0.0,0.0
2012-07-06 00:00:00-04:00,14.714894136935818,14.741470600441616,14.475710697996988,14.55419635772705,86385528,0.0,0.0
2012-07-09 00:00:00-04:00,14.528613656632569,14.619270650826802,14.436716717749057,14.55494213104248,68535396,0.0,0.0
2012-07-10 00:00:00-04:00,14.658762299585204,14.714397954785754,14.374373888436049,14.447893142700195,76847076,0.0,0.0
2012-07-11 00:00:00-04:00,14.313770723003127,14.352268638564516,14.031618948031007,14.186851501464844,139832028,0.0,0.0
2012-07-12 00:00:00-04:00,14.08576409946984,14.205232297032767,13.960831626569552,14.169217109680176,92299608,0.0,0.0
2012-07-13 00:00:00-04:00,14.210695204353573,14.384557214672741,14.121280997059506,14.319234848022461,78960960,0.0,0.0
2012-07-16 00:00:00-04:00,14.315508523303384,14.385549301321104,14.201505557445303,14.279494285583496,58445496,0.0,0.0
2012-07-17 00:00:00-04:00,14.366674875704886,14.422310530915324,14.117555791721564,14.324451446533203,67136796,0.0,0.0
2012-07-18 00:00:00-04:00,14.330660659330617,14.49731963630711,14.309549417970493,14.424546241760254,61866072,0.0,0.0
2012-07-19 00:00:00-04:00,14.558170054914758,14.864663544607057,14.554693477330249,14.7300443649292,186801012,0.0,0.0
2012-07-20 00:00:00-04:00,15.11999165379192,15.223811939370101,14.857212351019207,15.171156883239746,258289452,0.0,0.0
2012-07-23 00:00:00-04:00,14.914338687153888,15.358182094785311,14.858951020421038,15.287644386291504,142325532,0.0,0.0
2012-07-24 00:00:00-04:00,15.274976653772194,15.34775004679894,15.010210608842668,15.090435028076172,80295624,0.0,0.0
2012-07-25 00:00:00-04:00,15.109063211281311,15.234740599254724,15.035792890874152,15.10086727142334,72847080,0.0,0.0
2012-07-26 00:00:00-04:00,15.274976995584476,15.321422862473096,15.151535296457798,15.234243392944336,67340592,0.0,0.0
2012-07-27 00:00:00-04:00,15.371594660824682,15.771724821109277,15.33707119241236,15.770730972290039,141846012,0.0,0.0
2012-07-30 00:00:00-04:00,15.797801080815521,15.96048653631515,15.635116571838438,15.70466136932373,87380532,0.0,0.0
2012-07-31 00:00:00-04:00,15.604319419235054,15.808978427466965,15.60332557051178,15.72130298614502,74549376,0.0,0.0
2012-08-01 00:00:00-04:00,15.828849678465982,15.883740419842228,15.681812117783593,15.714101791381836,73710216,0.0,0.0
2012-08-02 00:00:00-04:00,15.536017951940586,15.84698188912709,15.483859819397852,15.616490364074707,79028892,0.0,0.0
2012-08-03 00:00:00-04:00,15.895909995322928,15.98830574536139,15.800037667777794,15.928943634033203,75808116,0.0,0.0
2012-08-06 00:00:00-04:00,15.886226334322584,16.1288882727197,15.876539620182367,15.96595573425293,71224704,0.0,0.0
2012-08-07 00:00:00-04:00,15.940368680910552,16.001718491694835,15.808235068289052,15.909322738647461,79192728,0.0,0.0
2012-08-08 00:00:00-04:00,15.872315176533318,16.041705818531383,15.858654961484698,15.951297760009766,52835112,0.0,0.0
2012-08-09 00:00:00-04:00,16.007927849156093,16.05412383312225,15.933663682824402,15.954278945922852,42769188,0.0,0.0
2012-08-10 00:00:00-04:00,15.860891360140052,15.951546465146555,15.79979142656122,15.945587158203125,57326616,0.0,0.0
2012-08-13 00:00:00-04:00,16.080201648953174,16.39637991217328,16.061822075380967,16.39290428161621,130585284,0.0,0.0
2012-08-14 00:00:00-04:00,16.374030765337608,16.71181821787644,16.367821576360456,16.607749938964844,146321532,0.0,0.0
2012-08-15 00:00:00-04:00,16.64798433963496,16.74658927596214,16.49449055887515,16.579931259155273,96331572,0.0,0.0
2012-08-16 00:00:00-04:00,16.57918619837524,16.75627679559703,16.5685056370642,16.71231460571289,68639292,0.0,0.0
2012-08-17 00:00:00-04:00,16.743358879852135,16.821100561465908,16.683252806047893,16.81836700439453,87020892,0.0,0.0
2012-08-20 00:00:00-04:00,16.777637361490758,16.861340257014202,16.707098703697323,16.77863121032715,70253676,0.0,0.0
2012-08-21 00:00:00-04:00,16.718276591568618,16.839730594550684,16.44655643551585,16.628862380981445,88799112,0.0,0.0
2012-08-22 00:00:00-04:00,16.575958653069353,16.90430928446869,16.55906890130462,16.819364547729492,76291632,0.0,0.0
2012-08-23 00:00:00-04:00,16.747089237786632,16.901328897597228,16.665870018074152,16.809926986694336,71296632,0.0,0.0
2012-08-24 00:00:00-04:00,16.780121084419616,16.900583135911653,16.742369972893478,16.855379104614258,57006936,0.0,0.0
2012-08-27 00:00:00-04:00,16.466918918916416,16.690703341457915,16.37377921149205,16.62165641784668,104443452,0.0,0.0
2012-08-28 00:00:00-04:00,16.516848084686178,16.830294800715844,16.51039090590411,16.82110595703125,82261656,0.0,0.0
2012-08-29 00:00:00-04:00,16.824083067715723,17.11269487396633,16.79378298329403,17.08835220336914,119492388,0.0,0.0
2012-08-30 00:00:00-04:00,16.994716880056494,17.07295455449759,16.893878136265734,16.931133270263672,65010924,0.0,0.0
2012-08-31 00:00:00-04:00,16.98875283349492,17.10250780717226,16.89039778178369,17.015825271606445,84998916,0.0,0.0
2012-09-04 00:00:00-04:00,17.002415955053106,17.013592495291434,16.727964121175678,16.915237426757812,75508416,0.0,0.0
2012-09-05 00:00:00-04:00,16.88940779680946,17.050850506773674,16.868046670906736,16.907289505004883,68259672,0.0,0.0
2012-09-06 00:00:00-04:00,17.03743809176126,17.38342244959609,17.00688812313067,17.371252059936523,121618260,0.0,0.0
2012-09-07 00:00:00-04:00,17.386154344884535,17.690412197363656,17.32828394251596,17.538904190063477,129190680,0.0,0.0
2012-09-10 00:00:00-04:00,17.62856765988168,17.704319767768247,17.34616502837402,17.4052791595459,102297600,0.0,0.0
2012-09-11 00:00:00-04:00,17.33548408599783,17.40229722437292,17.162614981613615,17.192171096801758,74877048,0.0,0.0
2012-09-12 00:00:00-04:00,17.1231281865795,17.259734148606096,16.91126608677394,17.159639358520508,105586308,0.0,0.0
2012-09-13 00:00:00-04:00,17.21452740541154,17.609689269767156,17.151191786204542,17.536170959472656,106253640,0.0,0.0
2012-09-14 00:00:00-04:00,17.624591586991443,17.709038449517298,17.560264011042843,17.62657928466797,104635260,0.0,0.0
2012-09-17 00:00:00-04:00,17.587583521817205,17.70605786931887,17.510339701104915,17.634029388427734,60271668,0.0,0.0
2012-09-18 00:00:00-04:00,17.579385959695113,17.849616273852583,17.55454920622051,17.840179443359375,82589328,0.0,0.0
2012-09-19 00:00:00-04:00,17.82080819800177,18.09550802555464,17.79373575479432,18.069181442260742,123808068,0.0,0.0
2012-09-20 00:00:00-04:00,17.99392342297948,18.16554879993588,17.913202079747023,18.084579467773438,116179704,0.0,0.0
2012-09-21 00:00:00-04:00,18.186163205485915,18.253472319827928,18.134252120620168,18.23037338256836,254109636,0.0,0.0
2012-09-24 00:00:00-04:00,18.15610966546076,18.62901318596961,18.13748210045439,18.612621307373047,142409448,0.0,0.0
2012-09-25 00:00:00-04:00,18.703775916413697,18.9978510674685,18.56990352572012,18.607158660888672,242097660,0.0,0.0
2012-09-26 00:00:00-04:00,18.62429463498236,18.907193218650956,18.404485572247935,18.713956832885742,226689084,0.0,0.0
2012-09-27 00:00:00-04:00,18.875155549046127,18.946934156008105,18.6690047850207,18.789464950561523,157086756,0.0,0.0
2012-09-28 00:00:00-04:00,18.731097084129942,18.859008266681148,18.65658492535302,18.739788055419922,111228660,0.0,0.0
2012-10-01 00:00:00-04:00,18.852801519646356,19.000584018578497,18.782262853963353,18.920608520507812,126593280,0.0,0.0
2012-10-02 00:00:00-04:00,19.005550823814154,19.025172241043034,18.634729701257857,18.8016357421875,111496392,0.0,0.0
2012-10-03 00:00:00-04:00,18.770090263340105,18.973755424393072,18.682661863752145,18.938486099243164,88243668,0.0,0.0
2012-10-04 00:00:00-04:00,18.944697315664857,19.122037809130724,18.861492291013864,19.076335906982422,98069832,0.0,0.0
2012-10-05 00:00:00-04:00,19.14240442709612,19.233558355282714,19.00083112435974,19.066402435302734,109326564,0.0,0.0
2012-10-08 00:00:00-04:00,18.901231934919434,18.965311518263984,18.731096381787722,18.82274627685547,78265656,0.0,0.0
2012-10-09 00:00:00-04:00,18.868198549314272,18.90917919448353,18.442486730811254,18.481231689453125,120007872,0.0,0.0
2012-10-10 00:00:00-04:00,18.42584543813348,18.566672869443085,18.33717519291165,18.49290657043457,81514404,0.0,0.0
2012-10-11 00:00:00-04:00,18.700048990876308,18.839138604427365,18.63522354614154,18.664779663085938,95260644,0.0,0.0
2012-10-12 00:00:00-04:00,18.673972005078213,18.748980147168673,18.481481458875642,18.49762535095215,96071832,0.0,0.0
2012-10-15 00:00:00-04:00,18.42783079039586,18.47477452837702,18.148659610157218,18.403987884521484,120643236,0.0,0.0
2012-10-16 00:00:00-04:00,18.382878550544138,18.55326211274342,18.291724622573252,18.496383666992188,82245672,0.0,0.0
2012-10-17 00:00:00-04:00,18.477755383023286,18.785490744185,18.386105480677195,18.764379501342773,91624284,0.0,0.0
2012-10-18 00:00:00-04:00,18.765622242734718,18.861991512024293,16.790058847957823,17.261966705322266,497198304,0.0,0.0
2012-10-19 00:00:00-04:00,17.524748503678904,17.55256491575165,16.6907085793954,16.933866500854492,458828712,0.0,0.0
2012-10-22 00:00:00-04:00,16.914489305983317,17.004401379866234,16.633578438635322,16.85637092590332,162061776,0.0,0.0
2012-10-23 00:00:00-04:00,16.690953409219688,17.071463075342194,16.69070542029279,16.89809799194336,116547336,0.0,0.0
2012-10-24 00:00:00-04:00,17.05829866213575,17.063266012803247,16.771924459800758,16.822343826293945,99760140,0.0,0.0
2012-10-25 00:00:00-04:00,16.889405445355482,16.939078953477495,16.728210746799935,16.833768844604492,95947956,0.0,0.0
2012-10-26 00:00:00-04:00,16.80247149420998,16.964660026808595,16.67083481659536,16.76894187927246,77953968,0.0,0.0
2012-10-31 00:00:00-04:00,16.885927757693306,16.91424203565778,16.76521772664399,16.8968563079834,61418520,0.0,0.0
2012-11-01 00:00:00-04:00,16.876987404639053,17.160132085712696,16.857613978867295,17.07792091369629,81921996,0.0,0.0
2012-11-02 00:00:00-04:00,17.256748313365385,17.275625760149204,17.07245468352732,17.086116790771484,92883024,0.0,0.0
2012-11-05 00:00:00-05:00,17.00117202820711,17.05978827980191,16.77912729138978,16.962923049926758,65370564,0.0,0.0
2012-11-06 00:00:00-05:00,17.025514715229523,17.05084934199551,16.828554698249743,16.932126998901367,63248688,0.0,0.0
2012-11-07 00:00:00-05:00,16.76522006757373,16.84544544387933,16.55385396252109,16.569501876831055,89202708,0.0,0.0
2012-11-08 00:00:00-05:00,16.646001543055814,16.678041338188894,16.17483576875401,16.20116424560547,103776120,0.0,0.0
2012-11-09 00:00:00-05:00,16.259778045867197,16.59980114846682,16.151734383197343,16.467914581298828,124439436,0.0,0.0
2012-11-12 00:00:00-05:00,16.48579890810534,16.636066968219456,16.41426829019038,16.539199829101562,56179764,0.0,0.0
2012-11-13 00:00:00-05:00,16.4671713896996,16.581422353011614,16.34869514926611,16.369062423706055,63704232,0.0,0.0
2012-11-14 00:00:00-05:00,16.40905201050618,16.446805015095727,16.15670337836455,16.20762062072754,66669264,0.0,0.0
2012-11-15 00:00:00-05:00,16.14428408836706,16.392659204162793,15.992776100671593,16.076231002807617,73882044,0.0,0.0
2012-11-16 00:00:00-05:00,16.044685524949664,16.219292433310947,15.79656031686681,16.074241638183594,137390472,0.0,0.0
2012-11-19 00:00:00-05:00,16.28585600413548,16.61420657717706,16.28163451346732,16.59657096862793,94633272,0.0,0.0
2012-11-20 00:00:00-05:00,16.628860964284282,16.839729159888588,16.506163240966483,16.64028549194336,83464452,0.0,0.0
2012-11-21 00:00:00-05:00,16.61594393491464,16.63606321813675,16.402592074077088,16.538450241088867,84403512,0.0,0.0
2012-11-23 00:00:00-05:00,16.640285903939006,16.641031763758246,16.54416463951819,16.59061050415039,36863100,0.0,0.0
2012-11-26 00:00:00-05:00,16.552611398716138,16.566521496624073,16.368319638844998,16.421222686767578,88095816,0.0,0.0
2012-11-27 00:00:00-05:00,16.3968830320425,16.76522048111701,16.342986131569667,16.658668518066406,100247652,0.0,0.0
2012-11-28 00:00:00-05:00,16.591605718943992,17.01135824375678,16.48927715080038,16.980558395385742,121558320,0.0,0.0
2012-11-29 00:00:00-05:00,17.082642326775787,17.23464631178168,16.939081324896403,17.184724807739258,110948940,0.0,0.0
2012-11-30 00:00:00-05:00,17.170315997591484,17.36677812592238,17.03072852053176,17.345666885375977,126417456,0.0,0.0
2012-12-03 00:00:00-05:00,17.441788197843856,17.532444241716167,17.239858954305348,17.26817512512207,87612300,0.0,0.0
2012-12-04 00:00:00-05:00,17.261959804614353,17.274628060301726,17.03097426629075,17.16335678100586,79588332,0.0,0.0
2012-12-05 00:00:00-05:00,17.191181135281276,17.249549405652594,16.947277373364454,17.083635330200195,74421504,0.0,0.0
2012-12-06 00:00:00-05:00,17.077921485246694,17.277117185369665,17.001423521436106,17.16584587097168,58433508,0.0,0.0
2012-12-07 00:00:00-05:00,17.261967461017026,17.308663217389086,16.949514601874135,16.993972778320312,76695228,0.0,0.0
2012-12-10 00:00:00-05:00,17.023277196217723,17.17876057145627,16.983538391179522,17.024023056030273,54613332,0.0,0.0
2012-12-11 00:00:00-05:00,17.137779091700118,17.433840022439963,17.081150533813297,17.30866050720215,107396496,0.0,0.0
2012-12-12 00:00:00-05:00,17.367026687677615,17.473330646786778,17.224213456813853,17.32554817199707,96942960,0.0,0.0
2012-12-13 00:00:00-05:00,17.78156332954285,17.795223544060523,17.37497507093608,17.45321273803711,137658204,0.0,0.0
2012-12-14 00:00:00-05:00,17.36553861053923,17.580382236907646,17.347159031820116,17.43483543395996,85118796,0.0,0.0
2012-12-17 00:00:00-05:00,17.522757363454566,17.930587455604268,17.48599821118028,17.902273178100586,121294584,0.0,0.0
2012-12-18 00:00:00-05:00,17.798453896713674,18.108920904010258,17.75995503371405,17.909475326538086,120075804,0.0,0.0
2012-12-19 00:00:00-05:00,17.90053361344891,17.957412050883907,17.800438846112982,17.885631561279297,76667256,0.0,0.0
2012-12-20 00:00:00-05:00,17.963871865104934,17.998395336307908,17.807644497228207,17.941518783569336,66213720,0.0,0.0
2012-12-21 00:00:00-05:00,17.733126324518704,17.85358644947266,17.64743764795087,17.774356842041016,140898960,0.0,0.0
2012-12-24 00:00:00-05:00,17.746544017029393,17.763183886667534,17.57168908655546,17.622108459472656,33602364,0.0,0.0
2012-12-26 00:00:00-05:00,17.58658926086242,17.706057454350415,17.446009826604048,17.60645866394043,47248704,0.0,0.0
2012-12-27 00:00:00-05:00,17.56349062040084,17.605714995702893,17.351628563180284,17.54237937927246,65830104,0.0,0.0
2012-12-28 00:00:00-05:00,17.42812672311329,17.557775703625087,17.38640022277832,17.38640022277832,56023920,0.0,0.0
2012-12-31 00:00:00-05:00,17.38615060364659,17.648681889688277,17.286801701678392,17.56945037841797,79816104,0.0,0.0
2013-01-02 00:00:00-05:00,17.868495606462638,18.056762760975158,17.797212980641447,17.963621139526367,101550348,0.0,0.0
2013-01-03 00:00:00-05:00,18.005346343411023,18.1792073913032,17.900780211331796,17.974050521850586,92635272,0.0,0.0
2013-01-04 00:00:00-05:00,18.11488171479996,18.416157980520744,18.073651188265714,18.329227447509766,110429460,0.0,0.0
2013-01-07 00:00:00-05:00,18.266638033351704,18.364247236704024,18.145680008887954,18.249250411987305,66161772,0.0,0.0
2013-01-08 00:00:00-05:00,18.268870560476117,18.287748007207387,17.992928933898654,18.21323585510254,66976956,0.0,0.0
2013-01-09 00:00:00-05:00,18.18765370444074,18.338663816902233,18.096499789669135,18.33295249938965,80907012,0.0,0.0
2013-01-10 00:00:00-05:00,18.44993816176872,18.5038369549396,18.218206668735775,18.41640853881836,73354572,0.0,0.0
2013-01-11 00:00:00-05:00,18.429319822641975,18.439998489765763,18.28774655557594,18.379396438598633,51356592,0.0,0.0
2013-01-14 00:00:00-05:00,18.305136001065918,18.4342909188531,17.941268059040468,17.963621139526367,114441444,0.0,0.0
2013-01-15 00:00:00-05:00,17.866260488264196,18.25546117667221,17.68668619267148,18.00535011291504,156950892,0.0,0.0
2013-01-16 00:00:00-05:00,17.942507948557193,17.990693521804644,17.72567854807934,17.763431549072266,80855064,0.0,0.0
2013-01-17 00:00:00-05:00,17.826021737502277,17.87395742994673,17.659859688520694,17.66731071472168,88371540,0.0,0.0
2013-01-18 00:00:00-05:00,17.643469664951155,17.703327762830227,17.41918731636105,17.498170852661133,128942928,0.0,0.0
2013-01-22 00:00:00-05:00,17.501895672142986,17.518785423189794,17.27488166793619,17.457435607910156,151544304,0.0,0.0
2013-01-23 00:00:00-05:00,18.28004861415263,18.603183884335607,18.27508126313702,18.416902542114258,236127636,0.0,0.0
2013-01-24 00:00:00-05:00,18.410444500724076,18.79765933806134,18.392312913149564,18.732585906982422,135172692,0.0,0.0
2013-01-25 00:00:00-05:00,18.647144952965288,18.83864162360428,18.634228705275834,18.719173431396484,88946964,0.0,0.0
2013-01-28 00:00:00-05:00,18.671733201689268,18.767108604460613,18.575611939112992,18.646150588989258,65018916,0.0,0.0
2013-01-29 00:00:00-05:00,18.54729814140031,18.800640599656393,18.542082801766636,18.71942138671875,69814116,0.0,0.0
2013-01-30 00:00:00-05:00,18.72091265934722,18.899990966706273,18.70029928814664,18.723148345947266,69250680,0.0,0.0
2013-01-31 00:00:00-05:00,18.640687299306833,18.817280020239185,18.634228229104536,18.769344329833984,65302632,0.0,0.0
2013-02-01 00:00:00-05:00,18.831687880328232,19.288695536165186,18.82920420479799,19.263856887817383,149694156,0.0,0.0
2013-02-04 00:00:00-05:00,19.067392272433704,19.136441100336125,18.833425122688837,18.852052688598633,121498380,0.0,0.0
2013-02-05 00:00:00-05:00,18.904458208835315,19.152335435287267,18.863229578269664,19.018959045410156,74753172,0.0,0.0
2013-02-06 00:00:00-05:00,18.853298397166046,19.198288904796843,18.839140309762165,19.128992080688477,83040876,0.0,0.0
2013-02-07 00:00:00-05:00,19.117317495562048,19.34358562928471,19.01299934070937,19.222875595092773,113494392,0.0,0.0
2013-02-08 00:00:00-05:00,19.37637055012523,19.53880518986772,19.362212464785813,19.50651741027832,120683196,0.0,0.0
2013-02-11 00:00:00-05:00,19.33340173450872,19.44765459521993,19.217908929075268,19.43324851989746,86625288,0.0,0.0
2013-02-12 00:00:00-05:00,19.416604407834477,19.56935422085316,19.357492180032747,19.390525817871094,74285640,0.0,0.0
2013-02-13 00:00:00-05:00,19.376374426989695,19.506023442185473,19.37239903119325,19.44417953491211,47880072,0.0,0.0
2013-02-14 00:00:00-05:00,19.36643406610876,19.590218517219657,19.317754407520802,19.56736946105957,69342588,0.0,0.0
2013-02-15 00:00:00-05:00,19.556938479048064,19.702485274882868,19.548741592451655,19.693296432495117,109082808,0.0,0.0
2013-02-19 00:00:00-05:00,19.770291348914373,20.043749316891457,19.752655738756992,20.040023803710938,117154728,0.0,0.0
2013-02-20 00:00:00-05:00,20.00152522620751,20.092677243856834,19.665973505818922,19.682613372802734,110457432,0.0,0.0
2013-02-21 00:00:00-05:00,19.820215170355905,20.00525278176372,19.651817427630945,19.758865356445312,140115744,0.0,0.0
2013-02-22 00:00:00-05:00,19.85150771087753,19.900933228621675,19.71589563019128,19.86268424987793,82073844,0.0,0.0
2013-02-25 00:00:00-05:00,19.927016407157957,20.07877239803158,19.633687117045575,19.640642166137695,92063844,0.0,0.0
2013-02-26 00:00:00-05:00,19.745700518754248,19.769295433097188,19.482423376010452,19.62474250793457,88011900,0.0,0.0
2013-02-27 00:00:00-05:00,19.74073596672196,19.987867362691883,19.64908606741759,19.864425659179688,80962956,0.0,0.0
2013-02-28 00:00:00-05:00,19.897210767270977,20.043501524582243,19.895471058609147,19.899694442749023,90541368,0.0,0.0
2013-03-01 00:00:00-05:00,19.815249400492753,20.047230769159754,19.77426685830161,20.02363395690918,86928984,0.0,0.0
2013-03-04 00:00:00-05:00,20.001525742969957,20.43717413065908,19.994074717015415,20.40389060974121,110912976,0.0,0.0
2013-03-05 00:00:00-05:00,20.588433144987178,20.867108343045548,20.587687285140465,20.828611373901367,161602236,0.0,0.0
2013-03-06 00:00:00-05:00,20.88896471239944,20.962731005874062,20.585452770685013,20.64928436279297,114805080,0.0,0.0
2013-03-07 00:00:00-05:00,20.71584769202928,20.77943129543575,20.60457638606795,20.67958641052246,82025892,0.0,0.0
2013-03-08 00:00:00-05:00,20.72677574021817,20.73720831226434,20.49206274615379,20.652761459350586,116359524,0.0,0.0
2013-03-11 00:00:00-04:00,20.65698616056656,20.85593388276207,20.652266798172576,20.73472785949707,63724212,0.0,0.0
2013-03-12 00:00:00-04:00,20.632644618504482,20.661950851884114,20.457787815661664,20.555646896362305,80251668,0.0,0.0
2013-03-13 00:00:00-04:00,20.562851272385974,20.632148090998818,20.42400964621753,20.49852180480957,65586348,0.0,0.0
2013-03-14 00:00:00-04:00,20.540248455469857,20.540248455469857,20.30181181794963,20.40488624572754,65981952,0.0,0.0
2013-03-15 00:00:00-04:00,20.329377668990467,20.37408571602961,20.20121662005973,20.225061416625977,123864012,0.0,0.0
2013-03-18 00:00:00-04:00,19.99407484485065,20.18681145825511,19.906398455295022,20.063371658325195,73458468,0.0,0.0
2013-03-19 00:00:00-04:00,20.149059055385354,20.34800864912034,20.030088731698505,20.151046752929688,83844072,0.0,0.0
2013-03-20 00:00:00-04:00,20.287901715496744,20.304791466353638,20.15402933249989,20.235246658325195,58493448,0.0,0.0
2013-03-21 00:00:00-04:00,20.150302973494842,20.290136550516262,20.114537668681248,20.14955711364746,59044896,0.0,0.0
2013-03-22 00:00:00-04:00,20.23599077067797,20.248409147281098,20.109319543235618,20.125961303710938,59468472,0.0,0.0
2013-03-25 00:00:00-04:00,20.178122436509142,20.347512139524678,20.039280807225857,20.10932159423828,68411520,0.0,0.0
2013-03-26 00:00:00-04:00,20.20519206442637,20.217610440566286,20.06337080142727,20.178367614746094,47628324,0.0,0.0
2013-03-27 00:00:00-04:00,20.03580184167413,20.04374884572097,19.902921421935236,19.935956954956055,86441472,0.0,0.0
2013-03-28 00:00:00-04:00,19.968989912786107,20.003265392537735,19.703478939183746,19.725584030151367,91420488,0.0,0.0
2013-04-01 00:00:00-04:00,19.74595079931546,19.925773068929445,19.70223659639175,19.899446487426758,72219708,0.0,0.0
2013-04-02 00:00:00-04:00,19.982649459828426,20.238225698485753,19.96923534194559,20.19376564025879,81578340,0.0,0.0
2013-04-03 00:00:00-04:00,20.204200144171953,20.22257972122235,19.886530101402393,20.023880004882812,69470460,0.0,0.0
2013-04-04 00:00:00-04:00,19.975448216760693,20.01270524509509,19.653804643251156,19.7474422454834,97806096,0.0,0.0
2013-04-05 00:00:00-04:00,19.523656556031963,19.546755495698147,19.283726306063823,19.448896408081055,137218644,0.0,0.0
2013-04-08 00:00:00-04:00,19.342094961806104,19.361966259506154,19.085028859950498,19.245229721069336,113170716,0.0,0.0
2013-04-09 00:00:00-04:00,19.2613726441997,19.466281548537363,19.202012422168565,19.314773559570312,86205708,0.0,0.0
2013-04-10 00:00:00-04:00,19.445665963520103,19.67988299159594,19.273790702820246,19.625986099243164,79064856,0.0,0.0
2013-04-11 00:00:00-04:00,19.693046577872842,19.69850990638926,19.47397959846293,19.631200790405273,81066852,0.0,0.0
2013-04-12 00:00:00-04:00,19.67094062166638,19.673672285804173,19.445912452765736,19.62275505065918,65402532,0.0,0.0
2013-04-15 00:00:00-04:00,19.520926428743493,19.795378275782667,19.29912774991177,19.421079635620117,98025876,0.0,0.0
2013-04-16 00:00:00-04:00,19.536821503990495,19.77054068058191,19.47050622904619,19.705217361450195,69610320,0.0,0.0
2013-04-17 00:00:00-04:00,19.54079389074502,19.642378489554407,19.325950282540415,19.436725616455078,81398520,0.0,0.0
2013-04-18 00:00:00-04:00,19.506022126483934,19.517200560100417,18.90769102465589,19.02318572998047,132767100,0.0,0.0
2013-04-19 00:00:00-04:00,19.103905711327926,19.95533133923774,19.031879114570255,19.866662979125977,231895872,0.0,0.0
2013-04-22 00:00:00-04:00,19.88479193989275,19.968246849493067,19.248955827007304,19.872623443603516,115220664,0.0,0.0
2013-04-23 00:00:00-04:00,19.894727491397944,20.25486801512961,19.878831589410105,20.066104888916016,91600308,0.0,0.0
2013-04-24 00:00:00-04:00,20.071318455783565,20.31696000154089,20.068586791553233,20.203950881958008,73090836,0.0,0.0
2013-04-25 00:00:00-04:00,20.273497599126117,20.27896092810297,20.059397952340316,20.095909118652344,79608312,0.0,0.0
2013-04-26 00:00:00-04:00,20.05865277182356,20.06213029598268,19.784944928562485,19.9051570892334,99408492,0.0,0.0
2013-04-29 00:00:00-04:00,19.950610247238917,20.43369649706116,19.944401058401514,20.343290328979492,91939968,0.0,0.0
2013-04-30 00:00:00-04:00,20.341796955416083,20.556392561935137,20.309011305192872,20.48014259338379,92175732,0.0,0.0
2013-05-01 00:00:00-04:00,20.44760427381698,20.483867446948075,20.276225002219004,20.3773136138916,58141800,0.0,0.0
2013-05-02 00:00:00-04:00,20.369120947436382,20.72802152771687,20.343040461255622,20.605323791503906,80651268,0.0,0.0
2013-05-03 00:00:00-04:00,20.787875943543398,21.032275653102488,20.7640330390486,21.005451202392578,100403496,0.0,0.0
2013-05-06 00:00:00-04:00,21.06853981808097,21.406079261183642,21.06853981808097,21.39862823486328,85566348,0.0,0.0
2013-05-07 00:00:00-04:00,21.434895161087574,21.456254395000673,21.128401607360683,21.29133415222168,78281640,0.0,0.0
2013-05-08 00:00:00-04:00,21.285618257508798,21.704874807800532,21.184033655384127,21.698665618896484,98633268,0.0,0.0
2013-05-09 00:00:00-04:00,21.629369676375447,21.84843479171366,21.564542334106047,21.645265579223633,87935976,0.0,0.0
2013-05-10 00:00:00-04:00,21.74039282669823,21.870291713023793,21.662155150938613,21.862592697143555,75832092,0.0,0.0
2013-05-13 00:00:00-04:00,21.829307927406507,21.91822616057449,21.692453999867954,21.795530319213867,57882060,0.0,0.0
2013-05-14 00:00:00-04:00,21.794783679865855,22.072713016135026,21.78584282699424,22.033222198486328,63108828,0.0,0.0
2013-05-15 00:00:00-04:00,22.2418578345478,22.760461404418283,22.20509867922225,22.748291015625,159276564,0.0,0.0
2013-05-16 00:00:00-04:00,22.825533597555665,22.84987626686302,22.40354730111116,22.449745178222656,128255616,0.0,0.0
2013-05-17 00:00:00-04:00,22.602495867009317,22.688680542953005,22.366541014643715,22.581632614135742,111568320,0.0,0.0
2013-05-20 00:00:00-04:00,22.47781431920347,22.86527719795775,22.47781431920347,22.56549072265625,90817092,0.0,0.0
2013-05-21 00:00:00-04:00,22.552819619686577,22.64322767643667,22.294263708487584,22.52674102783203,79240680,0.0,0.0
2013-05-22 00:00:00-04:00,22.41720797283352,22.584859838537753,22.027757470634658,22.090843200683594,102321576,0.0,0.0
2013-05-23 00:00:00-04:00,21.782365193526072,22.10425671878744,21.707853038515676,21.92617416381836,90912996,0.0,0.0
2013-05-24 00:00:00-04:00,21.739145515892254,21.827567761658166,21.633587425456724,21.690961837768555,91780128,0.0,0.0
2013-05-28 00:00:00-04:00,21.943806820918137,22.158402422760172,21.86681099422688,21.88842010498047,90209700,0.0,0.0
2013-05-29 00:00:00-04:00,21.75032790748079,21.806956470314887,21.466685329300542,21.566530227661133,80455464,0.0,0.0
2013-05-30 00:00:00-04:00,21.606517118471583,21.829555719682322,21.519338594766296,21.62738037109375,84743172,0.0,0.0
2013-05-31 00:00:00-04:00,21.56181334841357,21.782368298578856,21.546909400850726,21.63880729675293,78697224,0.0,0.0
2013-06-03 00:00:00-04:00,21.683018962827834,21.70710985995417,21.236441955465633,21.549640655517578,98928972,0.0,0.0
2013-06-04 00:00:00-04:00,21.55510346311371,21.623158441478292,21.21284465982138,21.33777618408203,74669256,0.0,0.0
2013-06-05 00:00:00-04:00,21.422471093099468,21.594842332962276,21.28884670445309,21.352678298950195,84187728,0.0,0.0
2013-06-06 00:00:00-04:00,21.466931254024654,21.51735062279821,21.04270926538943,21.47537612915039,103060836,0.0,0.0
2013-06-07 00:00:00-04:00,21.618934656965394,21.856877194854913,21.49226531947006,21.850170135498047,106877016,0.0,0.0
2013-06-10 00:00:00-04:00,21.909038391035836,22.130089307459635,21.859114996602948,22.1107177734375,93418488,0.0,0.0
2013-06-11 00:00:00-04:00,21.955481918305903,22.030739938366334,21.844956462357512,21.85215950012207,70233696,0.0,0.0
2013-06-12 00:00:00-04:00,21.99249214055661,22.00590436797073,21.59981392503573,21.657684326171875,88103808,0.0,0.0
2013-06-13 00:00:00-04:00,21.583168214602946,21.84843116769804,21.496733665626184,21.782363891601562,82713204,0.0,0.0
2013-06-14 00:00:00-04:00,21.859361927653392,21.973614786813943,21.711083471340174,21.733684539794922,89710200,0.0,0.0
2013-06-17 00:00:00-04:00,21.8377508301922,22.09109138745774,21.81415591507225,22.012109756469727,85766148,0.0,0.0
2013-06-18 00:00:00-04:00,22.07172149794848,22.378464908859726,22.064272363973306,22.36902618408203,86589324,0.0,0.0
2013-06-19 00:00:00-04:00,22.387651655167396,22.622862534390574,22.291532279774582,22.370513916015625,116519364,0.0,0.0
2013-06-20 00:00:00-04:00,22.204351210968497,22.378462154784426,21.939088245323777,21.974605560302734,134745120,0.0,0.0
2013-06-21 00:00:00-04:00,22.06402002699739,22.102270899768673,21.68475408583593,21.879976272583008,159132708,0.0,0.0
2013-06-24 00:00:00-04:00,21.655197844622794,21.76547530327455,21.440852115776348,21.603288650512695,120555324,0.0,0.0
2013-06-25 00:00:00-04:00,21.78882373344155,21.848929817679103,21.47214752810645,21.514123916625977,102025872,0.0,0.0
2013-06-26 00:00:00-04:00,21.701641389961043,21.80719947549104,21.622657870968055,21.69915771484375,73182744,0.0,0.0
2013-06-27 00:00:00-04:00,21.827073643307877,21.97336439863167,21.773672728210066,21.78410530090332,76982940,0.0,0.0
2013-06-28 00:00:00-04:00,21.730205907127868,21.902577142841174,21.712572190575568,21.866065979003906,93878028,0.0,0.0
2013-07-01 00:00:00-04:00,22.01707782373184,22.15691139657368,21.981062638015402,22.052595138549805,68923008,0.0,0.0
2013-07-02 00:00:00-04:00,22.11021747727316,22.130086880067484,21.789071818256144,21.91425132751465,75584340,0.0,0.0
2013-07-03 00:00:00-04:00,21.85439394017913,22.08463557438242,21.819620591125233,22.016582489013672,41838120,0.0,0.0
2013-07-05 00:00:00-04:00,22.105501918729068,22.239622292225597,22.039184752300038,22.19193458557129,68007924,0.0,0.0
2013-07-08 00:00:00-04:00,22.33400256791282,22.509353460087926,22.281099524236158,22.48004722595215,78701220,0.0,0.0
2013-07-09 00:00:00-04:00,22.62683538660456,22.675268949357733,22.3034521454697,22.48377227783203,79096824,0.0,0.0
2013-07-10 00:00:00-04:00,22.439313721655502,22.63031253508692,22.36306374686781,22.50240135192871,68267664,0.0,0.0
2013-07-11 00:00:00-04:00,22.676512411932837,22.870490879682492,22.56524109713659,22.856334686279297,103264632,0.0,0.0
2013-07-12 00:00:00-04:00,22.85037454057998,22.92488670349121,22.732148171577794,22.92488670349121,102625272,0.0,0.0
2013-07-15 00:00:00-04:00,22.957171197852492,23.049069077232165,22.759963213829895,22.96685791015625,78341580,0.0,0.0
2013-07-16 00:00:00-04:00,23.02746222835253,23.048325481584314,22.698865516690624,22.840686798095703,79240680,0.0,0.0
2013-07-17 00:00:00-04:00,22.875209700088945,23.02075649121338,22.758473166025347,22.81435775756836,60183756,0.0,0.0
2013-07-18 00:00:00-04:00,22.82528375080167,22.85037038486377,22.43285360231787,22.618885040283203,145234620,0.0,0.0
2013-07-19 00:00:00-04:00,22.021049371947242,22.42689173304947,21.747839427821432,22.269174575805664,294077628,0.0,0.0
2013-07-22 00:00:00-04:00,22.4032993254606,22.668314307110357,22.27911176866397,22.619384765625,116011872,0.0,0.0
2013-07-23 00:00:00-04:00,22.61938689677857,22.676513329730977,22.342947360787324,22.448009490966797,81746172,0.0,0.0
2013-07-24 00:00:00-04:00,22.533941285147716,22.609445387049327,22.37100689751648,22.425649642944336,83056860,0.0,0.0
2013-07-25 00:00:00-04:00,22.201372008583043,22.275386293267317,22.007887635750414,22.048124313354492,119923956,0.0,0.0
2013-07-26 00:00:00-04:00,22.030492103446296,22.105004264138266,21.906552526894277,21.98975944519043,71036892,0.0,0.0
2013-07-29 00:00:00-04:00,21.978582824219092,22.224968363582384,21.87898402601605,21.913259506225586,75600324,0.0,0.0
2013-07-30 00:00:00-04:00,21.9924892656496,22.244587995851447,21.87848629405507,22.128101348876953,70153776,0.0,0.0
2013-07-31 00:00:00-04:00,22.179514753026925,22.266941262969603,22.010373050736725,22.049365997314453,86853060,0.0,0.0
2013-08-01 00:00:00-04:00,22.229437176807064,22.466635759674215,22.229437176807064,22.458438873291016,85450464,0.0,0.0
2013-08-02 00:00:00-04:00,22.439063960398315,22.527486209983813,22.373990530663114,22.51680564880371,68487444,0.0,0.0
2013-08-05 00:00:00-04:00,22.48749852622188,22.490728061526113,22.33375485111443,22.477811813354492,52335612,0.0,0.0
2013-08-06 00:00:00-04:00,22.470115827603248,22.59479938091902,22.24757317667565,22.268436431884766,60183756,0.0,0.0
2013-08-07 00:00:00-04:00,22.230432667091566,22.315129415532716,22.082650177567263,22.12139892578125,55112832,0.0,0.0
2013-08-08 00:00:00-04:00,22.241606805509107,22.25029966873821,21.98826436208037,22.171316146850586,59460480,0.0,0.0
2013-08-09 00:00:00-04:00,22.11915826657448,22.24235197102788,22.105250063267334,22.115434646606445,52895052,0.0,0.0
2013-08-12 00:00:00-04:00,22.028254010558104,22.03073768587502,21.897857270329652,21.993730545043945,55024920,0.0,0.0
2013-08-13 00:00:00-04:00,22.02651975004538,22.06799827035945,21.762498584891663,21.88792610168457,56735208,0.0,0.0
2013-08-14 00:00:00-04:00,21.81639247379233,21.86259035020536,21.537965270671872,21.603784561157227,83204712,0.0,0.0
2013-08-15 00:00:00-04:00,21.47041073240144,21.482333132845874,21.310457854415958,21.351688385009766,74693232,0.0,0.0
2013-08-16 00:00:00-04:00,21.391923973317336,21.420734231032412,21.274193587775702,21.283384323120117,66936996,0.0,0.0
2013-08-19 00:00:00-04:00,21.303253576776676,21.65817876046345,21.29679639901395,21.50046157836914,72363564,0.0,0.0
2013-08-20 00:00:00-04:00,21.567521515357992,21.660911117502213,21.448053321619124,21.494749069213867,49270680,0.0,0.0
2013-08-21 00:00:00-04:00,21.624647374967978,21.780128857781712,21.52157106289843,21.591861724853516,70221708,0.0,0.0
2013-08-22 00:00:00-04:00,21.67556643665269,21.726483682588963,21.614716380758892,21.700653076171875,34761204,0.0,0.0
2013-08-23 00:00:00-04:00,21.802980931618468,21.807202422670365,21.602295411711022,21.613719940185547,43040916,0.0,0.0
2013-08-26 00:00:00-04:00,21.60850296700198,21.730204948042847,21.510394007935513,21.51883888244629,42057900,0.0,0.0
2013-08-27 00:00:00-04:00,21.35069321690374,21.452773795157416,21.059599631152164,21.115482330322266,69294636,0.0,0.0
2013-08-28 00:00:00-04:00,21.11796709681669,21.246126263148877,21.056369296029647,21.075742721557617,53142804,0.0,0.0
2013-08-29 00:00:00-04:00,21.088658829622084,21.369569737038862,21.076738322421487,21.246625900268555,59080860,0.0,0.0
2013-08-30 00:00:00-04:00,21.25481845767659,21.311447012786044,21.00147789323742,21.034759521484375,74389536,0.0,0.0
2013-09-03 00:00:00-04:00,21.22004758230235,21.51387282012494,21.209862998668985,21.36956787109375,81822096,0.0,0.0
2013-09-04 00:00:00-04:00,21.368821810298353,21.69543458938588,21.240166667848232,21.648988723754883,81566352,0.0,0.0
2013-09-05 00:00:00-04:00,21.69543503374029,21.853896177168146,21.648491296242543,21.845949172973633,51600348,0.0,0.0
2013-09-06 00:00:00-04:00,21.917477816260803,21.95076133584407,21.701392393108087,21.846445083618164,62401536,0.0,0.0
2013-09-09 00:00:00-04:00,21.949520197435646,22.099042385170726,21.916984426838663,22.05681800842285,49334616,0.0,0.0
2013-09-10 00:00:00-04:00,22.10574563326137,22.154923157135872,21.956223471307894,22.072214126586914,51452496,0.0,0.0
2013-09-11 00:00:00-04:00,22.06899009507923,22.27836848219222,22.007888270544438,22.258995056152344,64359576,0.0,0.0
2013-09-12 00:00:00-04:00,22.289043388252047,22.301463656650498,22.10549752887437,22.181249618530273,43776180,0.0,0.0
2013-09-13 00:00:00-04:00,22.217019529109155,22.246325762701392,21.977089294358127,22.082151412963867,52962984,0.0,0.0
2013-09-16 00:00:00-04:00,22.259244139389246,22.279113544285785,21.977837256187513,22.04961585998535,53406540,0.0,0.0
2013-09-17 00:00:00-04:00,22.040924259418,22.065265039030407,21.88171723607196,22.008636474609375,50325624,0.0,0.0
2013-09-18 00:00:00-04:00,22.014596304311475,22.452230546062214,21.93312909437228,22.436086654663086,77310612,0.0,0.0
2013-09-19 00:00:00-04:00,22.50240180345805,22.50240180345805,22.23937450115442,22.313636779785156,63852084,0.0,0.0
2013-09-20 00:00:00-04:00,22.3136356382688,22.45620277431218,22.244836692228716,22.43086814880371,173638188,0.0,0.0
2013-09-23 00:00:00-04:00,22.25800043926503,22.39311465291107,21.986030410317515,22.018320083618164,71024904,0.0,0.0
2013-09-24 00:00:00-04:00,22.01832285466655,22.107737073518116,21.891651607016946,22.02676773071289,59412528,0.0,0.0
2013-09-25 00:00:00-04:00,22.01956370378721,22.01956370378721,21.74759554586936,21.7880802154541,65894040,0.0,0.0
2013-09-26 00:00:00-04:00,21.81465380503405,21.925181150584894,21.732690620703654,21.811426162719727,50345604,0.0,0.0
2013-09-27 00:00:00-04:00,21.728217091161106,21.795280108920203,21.64104046860072,21.767213821411133,50301648,0.0,0.0
2013-09-30 00:00:00-04:00,21.58565331831992,21.87774074066665,21.56652788179917,21.755292892456055,68827104,0.0,0.0
2013-10-01 00:00:00-04:00,21.86308884470712,22.04738250067097,21.858121493385138,22.03074073791504,67324608,0.0,0.0
2013-10-02 00:00:00-04:00,21.92468173257176,22.08935394947886,21.80272986696533,22.055326461791992,59752188,0.0,0.0
2013-10-03 00:00:00-04:00,22.055578604686634,22.20708661372422,21.660664689483625,21.759765625,84595320,0.0,0.0
2013-10-04 00:00:00-04:00,21.732691334624263,21.795033105994985,21.608505662825085,21.666873931884766,54265680,0.0,0.0
2013-10-07 00:00:00-04:00,21.54517126750018,21.707607824044846,21.462214226921905,21.50269889831543,51692256,0.0,0.0
2013-10-08 00:00:00-04:00,21.49226328903066,21.50865516639009,21.152238317608393,21.20290756225586,77670252,0.0,0.0
2013-10-09 00:00:00-04:00,21.267735810738106,21.4259489673813,20.937399400354302,21.25730323791504,105945948,0.0,0.0
2013-10-10 00:00:00-04:00,21.45550711107166,21.579444789712234,21.365347040495607,21.564790725708008,90121788,0.0,0.0
2013-10-11 00:00:00-04:00,21.509899907934,21.69493751743705,21.49176831969693,21.657930374145508,56299644,0.0,0.0
2013-10-14 00:00:00-04:00,21.525546629099605,21.763737152387325,21.4940028163966,21.7602596282959,49694256,0.0,0.0
2013-10-15 00:00:00-04:00,21.751567721798363,21.996711411011596,21.707853519374275,21.906801223754883,63612324,0.0,0.0
2013-10-16 00:00:00-04:00,22.002674876875517,22.312148063872144,21.956476994239424,22.304697036743164,80223696,0.0,0.0
2013-10-17 00:00:00-04:00,22.17951347371935,22.276626690733558,21.999193349480148,22.075197219848633,170093736,0.0,0.0
2013-10-18 00:00:00-04:00,24.255668522480963,25.22134688137649,24.191588940170536,25.12075424194336,462193344,0.0,0.0
2013-10-21 00:00:00-04:00,25.121996195211693,25.30927137831272,24.82618326118983,24.91932487487793,144986868,0.0,0.0
2013-10-22 00:00:00-04:00,24.961547423821283,25.16024524265406,24.73279561810002,25.011220932006836,88255656,0.0,0.0
2013-10-23 00:00:00-04:00,24.86219798480826,25.700459241081536,24.85300725016254,25.617502212524414,106421472,0.0,0.0
2013-10-24 00:00:00-04:00,25.628927555132638,25.845012997140707,25.453326779938283,25.471954345703125,83600316,0.0,0.0
2013-10-25 00:00:00-04:00,25.553172912730247,25.553172912730247,25.104114182978996,25.214887619018555,81138780,0.0,0.0
2013-10-28 00:00:00-04:00,25.21488632631996,25.419297342287006,25.159995588970634,25.209918975830078,46301652,0.0,0.0
2013-10-29 00:00:00-04:00,25.311754987864596,25.754854448555665,25.17266726223324,25.737468719482422,64135800,0.0,0.0
2013-10-30 00:00:00-04:00,25.76702362457196,25.76901132216207,25.483133082571037,25.592912673950195,52911036,0.0,0.0
2013-10-31 00:00:00-04:00,25.555905051053063,25.868607737012397,25.432711342821836,25.596887588500977,65534400,0.0,0.0
2013-11-01 00:00:00-04:00,25.62694099702424,25.7315052442123,25.460777057543115,25.508962631225586,51280668,0.0,0.0
2013-11-04 00:00:00-05:00,25.619737017933172,25.64134613021435,25.38452803047593,25.485864639282227,45506448,0.0,0.0
2013-11-05 00:00:00-05:00,25.342802271998544,25.623463285756728,25.270027928775495,25.371862411499023,47208744,0.0,0.0
2013-11-06 00:00:00-05:00,25.473197133229316,25.507968588036146,25.219110709251314,25.402408599853516,36479484,0.0,0.0
2013-11-07 00:00:00-05:00,25.398934564113592,25.431720216532153,25.027117740807746,25.034818649291992,67116816,0.0,0.0
2013-11-08 00:00:00-05:00,25.05468992457332,25.29685398298224,25.04848073536121,25.235506057739258,51580368,0.0,0.0
2013-11-11 00:00:00-05:00,25.07356501419779,25.233020007029168,25.03606000045034,25.100387573242188,44459496,0.0,0.0
2013-11-12 00:00:00-05:00,25.02860724598587,25.273502929079598,24.961546120391855,25.12994384765625,48675276,0.0,0.0
2013-11-13 00:00:00-05:00,25.005013643124276,25.653268069478983,24.99880445459944,25.643829345703125,63112824,0.0,0.0
2013-11-14 00:00:00-05:00,25.67984559231083,25.824646524950996,25.591175347643283,25.71238136291504,46621332,0.0,0.0
2013-11-15 00:00:00-05:00,25.703439915094155,25.781181607099427,25.590180906864106,25.670902252197266,51000948,0.0,0.0
2013-11-18 00:00:00-05:00,25.725295565354127,26.047932939552876,25.563604894871077,25.62097930908203,70317612,0.0,0.0
2013-11-19 00:00:00-05:00,25.62520122004401,25.70045923358347,25.409861644791736,25.4632625579834,45218736,0.0,0.0
2013-11-20 00:00:00-05:00,25.581238341997086,25.665933183781615,25.34304782405573,25.3914794921875,38509452,0.0,0.0
2013-11-21 00:00:00-05:00,25.507968188525957,25.788879059030503,25.483131435481504,25.683568954467773,43628328,0.0,0.0
2013-11-22 00:00:00-05:00,25.667424132277375,25.735727098750345,25.563107872542524,25.629423141479492,50117832,0.0,0.0
2013-11-25 00:00:00-05:00,25.76031850804168,26.158461937553383,25.707167470473035,25.97814178466797,64455480,0.0,0.0
2013-11-26 00:00:00-05:00,26.044456870499474,26.364858576205272,25.9038774323397,26.288110733032227,91360548,0.0,0.0
2013-11-27 00:00:00-05:00,26.378021740379502,26.526300187805266,26.32760237350255,26.40484619140625,44899056,0.0,0.0
2013-11-29 00:00:00-05:00,26.381250628645653,26.492024061093826,26.313939620757903,26.31741714477539,47664288,0.0,0.0
2013-12-02 00:00:00-05:00,26.414780670864605,26.485317428896305,26.098104493881294,26.19049835205078,54873072,0.0,0.0
2013-12-03 00:00:00-05:00,26.102827603528844,26.413046647800577,26.054891905524606,26.160202026367188,66976956,0.0,0.0
2013-12-04 00:00:00-05:00,26.11325463262221,26.426453286705293,26.079227144622166,26.282398223876953,47616336,0.0,0.0
2013-12-05 00:00:00-05:00,26.258058134406326,26.31915996128009,26.106304041723973,26.261537551879883,45302652,0.0,0.0
2013-12-06 00:00:00-05:00,26.57076047238374,26.57597581205925,26.32958840003506,26.57274627685547,57094848,0.0,0.0
2013-12-09 00:00:00-05:00,26.60056398710593,26.88172284812697,26.526795801273067,26.77815055847168,59244696,0.0,0.0
2013-12-10 00:00:00-05:00,26.728727901387362,27.13009896243236,26.716307630420317,26.940093994140625,74081844,0.0,0.0
2013-12-11 00:00:00-05:00,27.008146830903915,27.105509941770606,26.704386873430362,26.757041931152344,68403528,0.0,0.0
2013-12-12 00:00:00-05:00,26.813668190923355,26.8973710790236,26.551138784721296,26.574981689453125,63796140,0.0,0.0
2013-12-13 00:00:00-05:00,26.71009731603702,26.732200511803338,26.275194790705893,26.34722137451172,86409504,0.0,0.0
2013-12-16 00:00:00-05:00,26.42695338142878,26.69246435547858,26.377525966327536,26.649991989135742,64015920,0.0,0.0
2013-12-17 00:00:00-05:00,26.646016627120993,26.843224616733924,26.53573916873931,26.572498321533203,61366572,0.0,0.0
2013-12-18 00:00:00-05:00,26.621923909726064,26.94729485015612,26.303757899561703,26.94232749938965,88323588,0.0,0.0
2013-12-19 00:00:00-05:00,26.843473880669737,27.12215097918501,26.80149938620004,26.978839874267578,66561372,0.0,0.0
2013-12-20 00:00:00-05:00,27.03049883531977,27.35015465988642,27.023045916409686,27.33649444580078,130333536,0.0,0.0
2013-12-23 00:00:00-05:00,27.515823942151062,27.713527925707027,27.448266830579858,27.696142196655273,68795136,0.0,0.0
2013-12-24 00:00:00-05:00,27.69291123131647,27.69961829086023,27.522279698988964,27.615171432495117,29338632,0.0,0.0
2013-12-26 00:00:00-05:00,27.66906823169066,27.793005907908448,27.536933669295646,27.754756927490234,53458488,0.0,0.0
2013-12-27 00:00:00-05:00,27.817843573472857,27.824796728638272,27.642490792919546,27.77810287475586,62725212,0.0,0.0
2013-12-30 00:00:00-05:00,27.826289191503047,27.830262693567303,27.545130318902974,27.55605697631836,49394556,0.0,0.0
2013-12-31 00:00:00-05:00,27.625107493396104,27.84268277409825,27.47657915083524,27.835479736328125,54261684,0.0,0.0
2014-01-02 00:00:00-05:00,27.70508150341573,27.761959942649845,27.52625308563333,27.646963119506836,72783144,0.0,0.0
2014-01-03 00:00:00-05:00,27.69365518956129,27.741590879684107,27.443544166943923,27.445281982421875,66601332,0.0,0.0
2014-01-06 00:00:00-05:00,27.644230003298677,27.78952690196279,27.481047613532215,27.751277923583984,70701228,0.0,0.0
2014-01-07 00:00:00-05:00,27.942033139483293,28.306894943886284,27.846657720886903,28.286279678344727,102001896,0.0,0.0
2014-01-08 00:00:00-05:00,28.463614802484507,28.496400453558117,28.14793246589555,28.34514045715332,89610300,0.0,0.0
2014-01-09 00:00:00-05:00,28.400030604761504,28.41940402967519,27.95593923052602,28.07217788696289,83296620,0.0,0.0
2014-01-10 00:00:00-05:00,28.29174295641757,28.29174295641757,27.87372824907283,28.070690155029297,85654260,0.0,0.0
2014-01-13 00:00:00-05:00,27.97854544071548,28.486220511557537,27.747557911978785,27.891864776611328,96659244,0.0,0.0
2014-01-14 00:00:00-05:00,28.263672968530482,28.587802069853026,28.018777276286585,28.54806137084961,99204696,0.0,0.0
2014-01-15 00:00:00-05:00,28.637229989882513,28.68715338349022,28.40872615732504,28.528690338134766,77929992,0.0,0.0
2014-01-16 00:00:00-05:00,28.540610394191738,28.759923473262024,28.513289965048155,28.717453002929688,67288644,0.0,0.0
2014-01-17 00:00:00-05:00,28.73309932029034,28.826984900767304,28.41890870274136,28.576128005981445,107943948,0.0,0.0
2014-01-21 00:00:00-05:00,28.834437455340996,28.910689323111157,28.595254958096096,28.90323829650879,79116804,0.0,0.0
2014-01-22 00:00:00-05:00,28.975512621484356,29.00730442318304,28.783023995765294,28.93602180480957,62793144,0.0,0.0
2014-01-23 00:00:00-05:00,28.811340024450175,28.8731839230341,28.67150455043513,28.813823699951172,77886036,0.0,0.0
2014-01-24 00:00:00-05:00,28.58805232524545,28.651139956359934,27.892358139487385,27.912973403930664,155544300,0.0,0.0
2014-01-27 00:00:00-05:00,27.969350841046737,27.979285542210658,26.88072870115918,27.35164451599121,173969856,0.0,0.0
2014-01-28 00:00:00-05:00,27.577416576247753,27.960657894958352,27.567977852951824,27.892602920532227,88319592,0.0,0.0
2014-01-29 00:00:00-05:00,27.795985467403668,27.86130688408122,27.306690082002678,27.492969512939453,95100804,0.0,0.0
2014-01-30 00:00:00-05:00,28.43878073751053,28.624812207069763,27.997916954504653,28.200092315673828,203452344,0.0,0.0
2014-01-31 00:00:00-05:00,29.093241727096075,29.470521864674147,28.5910300664748,29.332178115844727,222429348,0.0,0.0
2014-02-03 00:00:00-05:00,29.28821696746161,29.350806725675803,28.11614172871138,28.151411056518555,182581236,0.0,0.0
2014-02-04 00:00:00-05:00,28.26466890393601,28.687153095631235,28.24033001931696,28.268892288208008,112363524,0.0,0.0
2014-02-05 00:00:00-05:00,28.398541044512946,28.582088818972945,28.017039421235335,28.39406967163086,95684220,0.0,0.0
2014-02-06 00:00:00-05:00,28.591031617045005,28.815313954469303,28.50211338252559,28.810346603393555,77786136,0.0,0.0
2014-02-07 00:00:00-05:00,29.000849152852407,29.255927549992627,28.82524837213977,29.244503021240234,105342552,0.0,0.0
2014-02-10 00:00:00-05:00,29.104416255655032,29.367693402383736,29.03536932699888,29.132484436035156,77730192,0.0,0.0
2014-02-11 00:00:00-05:00,29.312307149598972,29.602902835411108,29.114601297521553,29.560928344726562,81949968,0.0,0.0
2014-02-12 00:00:00-05:00,29.531621394232655,29.55645814792819,29.34236040915502,29.474246978759766,68911020,0.0,0.0
2014-02-13 00:00:00-05:00,29.326712013828022,29.802349090576172,29.29963957413697,29.802349090576172,73382544,0.0,0.0
2014-02-14 00:00:00-05:00,29.695795872451995,29.91386900719858,29.6260030798286,29.87437629699707,87380532,0.0,0.0
2014-02-18 00:00:00-05:00,29.839856602625815,30.12449303076385,29.80483526089999,30.07506561279297,84271644,0.0,0.0
2014-02-19 00:00:00-05:00,29.93646958317368,30.033832685356792,29.742737227552322,29.862951278686523,84059856,0.0,0.0
2014-02-20 00:00:00-05:00,29.88282097047029,29.97596068964999,29.81029651402645,29.90691375732422,67963968,0.0,0.0
2014-02-21 00:00:00-05:00,29.998812617316595,30.04997784591155,29.875370918847615,29.89896583557129,74417508,0.0,0.0
2014-02-24 00:00:00-05:00,29.937962510565264,30.305555964119428,29.93150533262266,30.115550994873047,66905028,0.0,0.0
2014-02-25 00:00:00-05:00,30.20073979912974,30.413347716481173,30.06363788651056,30.30158042907715,57490452,0.0,0.0
2014-02-26 00:00:00-05:00,30.400930722518165,30.522136739289703,30.146596289149596,30.305803298950195,79208712,0.0,0.0
2014-02-27 00:00:00-05:00,30.261590352921708,30.40664115609507,30.227314876338216,30.281957626342773,50349600,0.0,0.0
2014-02-28 00:00:00-05:00,30.310025315144195,30.405648712286645,29.959321636265223,30.193538665771484,92451456,0.0,0.0
2014-03-03 00:00:00-05:00,29.972487516616454,29.99955995890879,29.609611536574793,29.871646881103516,84107808,0.0,0.0
2014-03-04 00:00:00-05:00,30.177393233520128,30.20222998812004,30.040789190175303,30.17515754699707,58649292,0.0,0.0
2014-03-05 00:00:00-05:00,30.178634321684527,30.378079892522138,30.08822626553199,30.25836181640625,49362588,0.0,0.0
2014-03-06 00:00:00-05:00,30.3582082736281,30.454329539393214,30.266806369678655,30.291893005371094,50673276,0.0,0.0
2014-03-07 00:00:00-05:00,30.470472962249303,30.475192323992633,30.08897134435532,30.172176361083984,60543396,0.0,0.0
2014-03-10 00:00:00-04:00,30.194529793693,30.242963356316793,29.906415879403745,30.092201232910156,48535416,0.0,0.0
2014-03-11 00:00:00-04:00,30.14684331145167,30.160503526501245,29.721379482099284,29.804584503173828,68451480,0.0,0.0
2014-03-12 00:00:00-04:00,29.715420615265067,29.99980905035052,29.412156623783755,29.986148834228516,78493428,0.0,0.0
2014-03-13 00:00:00-04:00,30.002291529687437,30.065627149500376,29.426313537509866,29.533113479614258,93730176,0.0,0.0
2014-03-14 00:00:00-04:00,29.357513046541094,29.578069875216315,29.12255203527577,29.129257202148438,91664244,0.0,0.0
2014-03-17 00:00:00-04:00,29.289457919400032,29.73205947966193,29.26114174799836,29.608617782592773,86397516,0.0,0.0
2014-03-18 00:00:00-04:00,29.672449667025102,30.091208325996675,29.632460977992938,30.084501266479492,72527400,0.0,0.0
2014-03-19 00:00:00-04:00,30.097914138432085,30.10263350047984,29.665993126181853,29.786205291748047,64451484,0.0,0.0
2014-03-20 00:00:00-04:00,29.80358981344456,30.043520050026736,29.689586841229513,29.734294891357422,67320612,0.0,0.0
2014-03-21 00:00:00-04:00,29.96155828409521,30.044017446880492,29.368938541468115,29.38359260559082,128211660,0.0,0.0
2014-03-24 00:00:00-04:00,29.412155708727752,29.429789426745728,28.462375071293938,28.759925842285156,121362516,0.0,0.0
2014-03-25 00:00:00-04:00,28.96036287442083,29.055738286719386,28.488455057048657,28.77954864501953,96311592,0.0,0.0
2014-03-26 00:00:00-04:00,28.861262095621242,29.09870867179668,28.10347602644355,28.115148544311523,103096800,0.0,0.0
2014-03-27 00:00:00-04:00,28.087327324535764,28.114399763830104,27.373253640613083,27.67577362060547,152735112,0.0,0.0
2014-03-28 00:00:00-04:00,27.793005282761452,28.14544866391102,27.762455318292012,27.821569442749023,90265644,0.0,0.0
2014-03-31 00:00:00-04:00,28.0761519945231,28.190402955929855,27.640255603698424,27.681486129760742,77614308,0.0,0.0
2014-04-01 00:00:00-04:00,27.824551502144082,28.252499030652935,27.768170930172644,28.18767547607422,87152760,0.0,0.0
2014-04-02 00:00:00-04:00,28.361781971536853,28.43381045048212,27.91719272098594,28.192888259887695,83360556,0.0,0.0
2014-04-03 00:00:00-04:00,28.454504884839626,29.194414865714162,28.088272567854258,28.360713958740234,80366000,0.0,1.998
2014-04-04 00:00:00-04:00,28.710572898812533,28.7686344959624,27.020344547783136,27.058059692382812,107274000,0.0,0.0
2014-04-07 00:00:00-04:00,27.035231054555044,27.286334065191472,26.327578492249064,26.82879066467285,79232000,0.0,0.0
2014-04-08 00:00:00-04:00,27.04813274628707,27.78407115782867,27.03076405533485,27.666460037231445,69650000,0.0,0.0
2014-04-09 00:00:00-04:00,28.079833795243726,28.177098454254903,27.560755140225385,28.13938331604004,60632000,0.0,0.0
2014-04-10 00:00:00-04:00,28.18702662201545,28.197447836564983,27.070463052448453,27.1295166015625,65890000,0.0,0.0
2014-04-11 00:00:00-04:00,26.695298423116192,27.17418022527791,26.470001410752335,26.68636703491211,63494000,0.0,0.0
2014-04-14 00:00:00-04:00,26.97915028000098,27.44363917840158,26.823326167520246,27.055572509765625,50824000,0.0,0.0
2014-04-15 00:00:00-04:00,27.343402604234427,27.43719543566547,26.33303690457081,27.229265213012695,79956000,0.0,0.0
2014-04-16 00:00:00-04:00,27.67588960804663,27.98852794175641,27.447614840659654,27.983564376831055,91644000,0.0,0.0
2014-04-17 00:00:00-04:00,27.60740730612007,27.64115273326879,26.767750808815055,26.963274002075195,112294000,0.0,0.0
2014-04-21 00:00:00-04:00,26.996024721978333,26.996024721978333,26.49977428144965,26.766260147094727,48502000,0.0,0.0
2014-04-22 00:00:00-04:00,26.599022973975476,27.194523883879896,26.599022973975476,27.07046127319336,46622000,0.0,0.0
2014-04-23 00:00:00-04:00,26.97964866407468,27.035724450351385,26.208475036125403,26.67395782470703,39114000,0.0,0.0
2014-04-24 00:00:00-04:00,26.881393027038236,26.92158995409287,26.350901114898527,26.5216121673584,41348000,0.0,0.0
2014-04-25 00:00:00-04:00,26.413425968092646,26.492825960322186,25.929084690360863,25.958860397338867,47400000,0.0,0.0
2014-04-28 00:00:00-04:00,26.092849020937997,26.097810692393754,25.358396704503473,25.952905654907227,75056000,0.0,0.0
2014-04-29 00:00:00-04:00,25.99806500694677,26.686364901622696,25.953898368215977,26.615400314331055,50704000,0.0,0.0
2014-04-30 00:00:00-04:00,26.555354720482324,26.615896200418003,26.2561153796902,26.54344367980957,40770000,0.0,0.0
2014-05-01 00:00:00-04:00,26.512182943897056,26.793061669661608,26.443204153749125,26.724578857421875,40086000,0.0,0.0
2014-05-02 00:00:00-04:00,26.868987803732633,26.916628185319922,26.463550475380373,26.49332618713379,35616000,0.0,0.0
2014-05-05 00:00:00-04:00,26.31318400354055,26.585129427125167,26.18118195427978,26.565776824951172,24568000,0.0,0.0
2014-05-06 00:00:00-04:00,26.47049722451436,26.527070885986177,25.917178987552774,25.93256187438965,36700000,0.0,0.0
2014-05-07 00:00:00-04:00,25.966306564663636,26.024864136042197,25.362866182042172,25.705774307250977,61486000,0.0,0.0
2014-05-08 00:00:00-04:00,25.592628092535943,26.16976837853349,25.530100807013074,25.813459396362305,49040000,0.0,0.0
2014-05-09 00:00:00-04:00,25.73803282284482,26.16977022456145,25.5211712196683,26.133543014526367,45224000,0.0,0.0
2014-05-12 00:00:00-04:00,26.39258476357537,26.735494786469264,26.177708970669034,26.719614028930664,38968000,0.0,0.0
2014-05-13 00:00:00-04:00,26.77668247719835,26.995527976500107,26.693312763178632,26.873947143554688,40240000,0.0,0.0
2014-05-14 00:00:00-04:00,26.887844730513834,26.887844730513834,26.4556113390926,26.520124435424805,25618000,0.0,0.0
2014-05-15 00:00:00-04:00,26.457099424468712,26.49977813467576,26.068534803559928,26.257606506347656,36658000,0.0,0.0
2014-05-16 00:00:00-04:00,26.28142442133585,26.342959752178004,25.982185070071097,26.2169132232666,38154000,0.0,0.0
2014-05-19 00:00:00-04:00,26.245696990333993,26.765271709039165,26.085905024123715,26.739465713500977,39530000,0.0,0.0
2014-05-20 00:00:00-04:00,26.797524777636596,27.11264298606333,26.627311612326466,26.816879272460938,48506000,0.0,0.0
2014-05-21 00:00:00-04:00,26.941438234308965,27.281368591728203,26.902233266262584,27.278888702392578,31294000,0.0,0.0
2014-05-22 00:00:00-04:00,27.402948189380474,27.688788530960668,27.343396777311007,27.564228057861328,42994000,0.0,0.0
2014-05-23 00:00:00-04:00,27.6972267786087,28.038150980816294,27.500711641946154,27.978601455688477,53450000,0.0,0.0
2014-05-27 00:00:00-04:00,28.17610888832404,28.527950286865234,27.995970484136034,28.527950286865234,43716000,0.0,0.0
2014-05-28 00:00:00-04:00,28.51306356683819,28.666404022841203,28.283794956594235,28.30860710144043,31632000,0.0,0.0
2014-05-29 00:00:00-04:00,28.45450719874271,28.458972892811953,28.209359714099733,28.314067840576172,28222000,0.0,0.0
2014-05-30 00:00:00-04:00,28.367660455271388,28.414306981262254,28.07735251349429,28.36815643310547,37434000,0.0,0.0
2014-06-02 00:00:00-04:00,28.273871405501787,28.30662487736569,27.626264353270972,28.005399703979492,33210000,0.0,0.0
2014-06-03 00:00:00-04:00,27.834685925417737,27.909124245079255,27.41932343346587,27.517581939697266,40626000,0.0,0.0
2014-06-04 00:00:00-04:00,27.369208032150564,27.71956152433893,27.222317171055238,27.48036766052246,34582000,0.0,0.0
2014-06-05 00:00:00-04:00,27.64660701924315,28.038149336015252,27.544380687495593,28.03467559814453,35868000,0.0,0.0
2014-06-06 00:00:00-04:00,28.194967794964818,28.226727416318802,27.769184041317637,28.089265823364258,34804000,0.0,0.0
2014-06-09 00:00:00-04:00,28.12499505378689,28.385527308173216,28.049068792332463,28.3225040435791,30594000,0.0,0.0
2014-06-10 00:00:00-04:00,28.225734037594965,28.385527888865056,28.09422796303086,28.201915740966797,29676000,0.0,0.0
2014-06-11 00:00:00-04:00,28.083806235142568,28.235162780509512,27.97264661406111,28.162214279174805,22580000,0.0,0.0
2014-06-12 00:00:00-04:00,28.13740084961336,28.13740084961336,27.64859385424042,27.765213012695312,30930000,0.0,0.0
2014-06-13 00:00:00-04:00,27.79399695990213,27.82228284387894,27.478382756029433,27.807395935058594,27066000,0.0,0.0
2014-06-16 00:00:00-04:00,27.653556660399644,27.690279846356514,27.293775827168727,27.407913208007812,39436000,0.0,0.0
2014-06-17 00:00:00-04:00,27.410890473405903,27.479373279282036,27.168224785666805,27.324542999267578,29552000,0.0,0.0
2014-06-18 00:00:00-04:00,27.432724302892833,27.85949999328828,27.372182823170434,27.822778701782227,41212000,0.0,0.0
2014-06-19 00:00:00-04:00,27.847095261330843,28.03815085456807,27.62477413251862,28.037654876708984,52548000,0.0,0.0
2014-06-20 00:00:00-04:00,28.110108872842883,28.125987737347717,27.758763439560962,28.113582611083984,63212000,0.0,0.0
2014-06-23 00:00:00-04:00,28.005895690937894,28.506611850088408,27.963712962672616,28.499168395996094,34456000,0.0,0.0
2014-06-24 00:00:00-04:00,28.495692707045727,28.894180606999562,28.24458973133836,28.412322998046875,56886000,0.0,0.0
2014-06-25 00:00:00-04:00,28.462445637049097,29.144790037071672,28.448054706515506,29.07680320739746,42294000,0.0,0.0
2014-06-26 00:00:00-04:00,29.24404045016383,29.25892735854106,28.76267688681664,29.01923942565918,40248000,0.0,0.0
2014-06-27 00:00:00-04:00,29.05298458807666,29.1735734746141,28.91254712027135,29.064895629882812,40426000,0.0,0.0
2014-06-30 00:00:00-04:00,29.117994587842347,29.165138992575756,28.945795598436234,29.014278411865234,29578000,0.0,0.0
2014-07-01 00:00:00-04:00,29.162158732052163,29.460406129442294,29.09466977328787,29.352718353271484,32864000,0.0,0.0
2014-07-02 00:00:00-04:00,29.390930271634154,29.48472119860557,29.234610166969876,29.31748390197754,23916000,0.0,0.0
2014-07-03 00:00:00-04:00,29.363140648782892,29.48968505406204,29.22915468207014,29.431623458862305,17978000,0.0,0.0
2014-07-07 00:00:00-04:00,29.452961713474263,29.55915776646382,29.17654870985078,29.316492080688477,26734000,0.0,0.0
2014-07-08 00:00:00-04:00,29.098640899889393,29.178040903666815,28.484779277570702,28.703128814697266,42504000,0.0,0.0
2014-07-09 00:00:00-04:00,28.730420932485558,28.985989619377044,28.633652243139174,28.94926643371582,27456000,0.0,0.0
2014-07-10 00:00:00-04:00,28.435151956406628,29.043059926621165,28.390489337750235,28.784513473510742,28724000,0.0,0.0
2014-07-11 00:00:00-04:00,28.832148960072338,29.190939698679916,28.81130653307058,29.112531661987305,30232000,0.0,0.0
2014-07-14 00:00:00-04:00,29.30855462259173,29.519956680136342,29.114519363430915,29.49018096923828,39032000,0.0,0.0
2014-07-15 00:00:00-04:00,29.534345894881135,29.541789348911752,29.046034865583657,29.43062973022461,33476000,0.0,0.0
2014-07-16 00:00:00-04:00,29.620694017750864,29.62615356045035,29.291184870420505,29.309545516967773,28816000,0.0,0.0
2014-07-17 00:00:00-04:00,29.22766273876497,29.253964709528418,28.626208186654626,28.823219299316406,58706000,0.0,0.0
2014-07-18 00:00:00-04:00,29.924398102344497,30.107514263192872,29.32443148264661,30.02861213684082,97432000,0.0,0.0
2014-07-21 00:00:00-04:00,29.842023765112508,29.981471173932263,29.499611592652677,29.697616577148438,44758000,0.0,0.0
2014-07-22 00:00:00-04:00,29.76013904521644,30.216192556657802,29.738302769202676,29.952186584472656,37632000,0.0,0.0
2014-07-23 00:00:00-04:00,29.8767609951948,30.124886234680996,29.842021720065013,30.032583236694336,22120000,0.0,0.0
2014-07-24 00:00:00-04:00,30.04945488636462,30.217186270194574,29.824651973487384,29.92439842224121,27100000,0.0,0.0
2014-07-25 00:00:00-04:00,29.73780630786505,29.82464975353859,29.564119416517965,29.679744720458984,27200000,0.0,0.0
2014-07-28 00:00:00-04:00,29.66336948809345,29.829612923764184,29.40730295488986,29.72639274597168,27162000,0.0,0.0
2014-07-29 00:00:00-04:00,29.66089021764266,29.700093292192715,29.386463016656442,29.474796295166016,27332000,0.0,0.0
2014-07-30 00:00:00-04:00,29.567101019832926,29.698111118634262,29.412766708863114,29.548738479614258,24302000,0.0,0.0
2014-07-31 00:00:00-04:00,29.22716548221085,29.377530060182565,28.667395811090607,28.760194778442383,46190000,0.0,0.0
2014-08-01 00:00:00-04:00,28.710573053294596,28.952742787472125,28.301166003587422,28.464929580688477,44266000,0.0,0.0
2014-08-04 00:00:00-04:00,28.60933934171994,28.972097973706294,28.398433248381156,28.895179748535156,30388000,0.0,0.0
2014-08-05 00:00:00-04:00,28.751759178956114,28.7924520803726,28.301659267098515,28.44209861755371,32876000,0.0,0.0
2014-08-06 00:00:00-04:00,28.261464978233857,28.71503674704431,28.159732722022966,28.50909423828125,26456000,0.0,0.0
2014-08-07 00:00:00-04:00,28.586506809253553,28.698660273649274,28.257989633833365,28.376096725463867,23260000,0.0,0.0
2014-08-08 00:00:00-04:00,28.386518054839247,28.760691696533748,28.23764329855042,28.6802978515625,29866000,0.0,0.0
2014-08-11 00:00:00-04:00,28.732902474092956,28.767143877086617,28.54928844037076,28.64605712890625,24068000,0.0,0.0
2014-08-12 00:00:00-04:00,28.534400634413768,28.579063250259008,28.281809717834864,28.391481399536133,27890000,0.0,0.0
2014-08-13 00:00:00-04:00,28.606356257846922,29.086725931901242,28.544324954111385,29.00881576538086,37988000,0.0,0.0
2014-08-14 00:00:00-04:00,29.11451715638556,29.169600986891805,28.828180811932906,29.013282775878906,25458000,0.0,0.0
2014-08-15 00:00:00-04:00,29.154714477048064,29.252475120866613,28.82024177356872,28.96663475036621,34468000,0.0,0.0
2014-08-18 00:00:00-04:00,29.134864558999972,29.52938466594524,29.107570631781638,29.412765502929688,29320000,0.0,0.0
2014-08-19 00:00:00-04:00,29.556180587452342,29.666348251563456,29.499112843925406,29.631610870361328,20864000,0.0,0.0
2014-08-20 00:00:00-04:00,29.62367107804712,29.62565688253964,29.42765191905073,29.54724884033203,19346000,0.0,0.0
2014-08-21 00:00:00-04:00,29.521941129212905,29.53930981984459,29.333365421607965,29.39887046813965,22640000,0.0,0.0
2014-08-22 00:00:00-04:00,29.441050524482257,29.526406041775925,29.268851556328134,29.40482521057129,17544000,0.0,0.0
2014-08-25 00:00:00-04:00,29.51548832041981,29.555683349499844,29.242053083271117,29.30706214904785,25912000,0.0,0.0
2014-08-26 00:00:00-04:00,29.37802936478187,29.380511147282736,29.152234483337846,29.185483932495117,29434000,0.0,0.0
2014-08-27 00:00:00-04:00,29.170100107330306,29.247516200918806,28.82719196186717,28.93140411376953,27292000,0.0,0.0
2014-08-28 00:00:00-04:00,28.783519706676024,29.016262059448714,28.67732175596437,28.79840850830078,28116000,0.0,0.0
2014-08-29 00:00:00-04:00,28.899145059139244,28.926438985144443,28.695186473917545,28.899641036987305,24122000,0.0,0.0
2014-09-02 00:00:00-04:00,28.928916198126704,29.244036262654443,28.901624167691548,29.210786819458008,31660000,0.0,0.0
2014-09-03 00:00:00-04:00,29.364630799360423,29.501596421029802,29.105092380291236,29.254959106445312,31580000,0.0,0.0
2014-09-04 00:00:00-04:00,29.384478656857155,29.67577667286801,29.30855239822263,29.434598922729492,32616000,0.0,0.0
2014-09-05 00:00:00-04:00,29.533351804556514,29.700587198362523,29.454943767880287,29.664857864379883,35982000,0.0,0.0
2014-09-08 00:00:00-04:00,29.732352226853113,29.94970980255716,29.67677052190666,29.85591697692871,31984000,0.0,0.0
2014-09-09 00:00:00-04:00,29.788428041087943,29.80480477654949,29.30259877139483,29.37653923034668,31424000,0.0,0.0
2014-09-10 00:00:00-04:00,29.36512614670149,29.46338466671605,29.136851377517868,29.448495864868164,23202000,0.0,0.0
2014-09-11 00:00:00-04:00,29.278778470835,29.375547163489895,29.082263325175706,29.3338623046875,30028000,0.0,0.0
2014-09-12 00:00:00-04:00,29.298133399018155,29.352223384855602,28.94529813459675,29.025691986083984,37030000,0.0,0.0
2014-09-15 00:00:00-04:00,28.893686398551665,28.97705611265589,28.63414799770236,28.86391258239746,30908000,0.0,0.0
2014-09-16 00:00:00-04:00,28.82967419462225,29.286223758492305,28.82967419462225,29.218236923217773,31592000,0.0,0.0
2014-09-17 00:00:00-04:00,29.254461445333295,29.58000087397111,29.13585837098711,29.44204330444336,34390000,0.0,0.0
2014-09-18 00:00:00-04:00,29.529387302965297,29.65394590911645,29.428646994978127,29.639554977416992,29890000,0.0,0.0
2014-09-19 00:00:00-04:00,29.749719259444216,30.04300308227539,29.663867763906207,30.04300308227539,83832000,0.0,0.0
2014-09-22 00:00:00-04:00,29.899093405058096,29.96360650179394,29.43361056021306,29.639554977416992,35644000,0.0,0.0
2014-09-23 00:00:00-04:00,29.526905172464414,29.608786960466862,29.290689067855972,29.337337493896484,28074000,0.0,0.0
2014-09-24 00:00:00-04:00,29.356688686260917,29.780486617055594,29.293663531104833,29.696619033813477,35160000,0.0,0.0
2014-09-25 00:00:00-04:00,29.62565826432633,29.679252271580854,29.01775028623927,29.043060302734375,33420000,0.0,0.0
2014-09-26 00:00:00-04:00,29.07680182667939,29.25743809571901,29.030651276979462,29.174564361572266,25782000,0.0,0.0
2014-09-29 00:00:00-04:00,28.873337900679275,29.244533764923755,28.860436798014977,29.170095443725586,22874000,0.0,0.0
2014-09-30 00:00:00-04:00,29.154218397969874,29.328401278722033,29.005839617199598,29.199872970581055,31430000,0.0,0.0
2014-10-01 00:00:00-04:00,29.119978917658297,29.21525967813286,28.684269911993788,28.76416778564453,28954000,0.0,0.0
2014-10-02 00:00:00-04:00,28.68327743974244,28.943313721753167,28.48725827246889,28.82619857788086,30726000,0.0,0.0
2014-10-03 00:00:00-04:00,28.98598986538512,29.193918176168733,28.956214155700717,29.092683792114258,24290000,0.0,0.0
2014-10-06 00:00:00-04:00,29.27629550000904,29.397878226292857,29.05050252399462,29.168609619140625,25722000,0.0,0.0
2014-10-07 00:00:00-04:00,29.02569180611436,29.072834315089896,28.4897403717041,28.4897403717041,30914000,0.0,0.0
2014-10-08 00:00:00-04:00,28.523980004385912,29.01526878874049,28.169160852642403,28.968124389648438,44158000,0.0,0.0
2014-10-09 00:00:00-04:00,28.86242275025552,28.908077323249795,28.238139957274058,28.326473236083984,48234000,0.0,0.0
2014-10-10 00:00:00-04:00,28.16072646652394,28.54581542593111,27.54239728551155,27.55133056640625,59574000,0.0,0.0
2014-10-13 00:00:00-04:00,27.54835215876894,27.83369655322949,27.01736431549761,27.03324317932129,55116000,0.0,0.0
2014-10-14 00:00:00-04:00,27.30072394195768,27.722040115869305,27.020839079463705,27.22876739501953,52198000,0.0,0.0
2014-10-15 00:00:00-04:00,26.900746568816345,26.99205571974081,26.222867841250885,26.83375358581543,76720000,0.0,0.0
2014-10-16 00:00:00-04:00,26.15239741333064,26.846650885046575,26.050665168955174,26.644678115844727,76100000,0.0,0.0
2014-10-17 00:00:00-04:00,26.81985416701843,26.968730813709268,25.726118907172395,25.952409744262695,119930000,0.0,0.0
2014-10-20 00:00:00-04:00,25.82735488889288,26.458091085985213,25.762347712696553,26.419382095336914,54964000,0.0,0.0
2014-10-21 00:00:00-04:00,26.662047206005404,26.736483634015986,26.311197791652535,26.69976234436035,49190000,0.0,0.0
2014-10-22 00:00:00-04:00,26.849633020582225,27.3314925882756,26.808940116200485,26.931018829345703,59474000,0.0,0.0
2014-10-23 00:00:00-04:00,27.20841915834556,27.661000839623284,27.070461594203632,27.47490692138672,43026000,0.0,0.0
2014-10-24 00:00:00-04:00,27.540910294559854,27.541902250344773,27.05359119171773,27.23918914794922,43508000,0.0,0.0
2014-10-27 00:00:00-04:00,27.182616714051996,27.492277285452296,27.154826808391356,27.28782081604004,31934000,0.0,0.0
2014-10-28 00:00:00-04:00,27.378635965165806,27.750325954528165,27.315114828426626,27.737424850463867,34774000,0.0,0.0
2014-10-29 00:00:00-04:00,27.83220519972049,28.03666165111883,27.590531480123826,27.713106155395508,41066000,0.0,0.0
2014-10-30 00:00:00-04:00,27.703182408509768,27.91408847616507,27.399477368198887,27.803424835205078,32250000,0.0,0.0
2014-10-31 00:00:00-04:00,28.201914716600555,28.223253123041566,28.028721896614584,28.180574417114258,46810000,0.0,0.0
2014-11-03 00:00:00-05:00,27.965202668519044,28.144845093873375,27.870913868969556,27.97711181640625,30834000,0.0,0.0
2014-11-04 00:00:00-05:00,27.84759451965235,28.02773294207433,27.705667220379112,27.997957229614258,27726000,0.0,0.0
2014-11-05 00:00:00-05:00,28.12697988083941,28.132437530290044,27.499719337840116,27.58904457092285,32906000,0.0,0.0
2014-11-06 00:00:00-05:00,27.5667133653094,27.631226456779,27.322557845127125,27.377641677856445,33014000,0.0,0.0
2014-11-07 00:00:00-05:00,27.571676078972935,27.571676078972935,27.26151954327418,27.384092330932617,31782000,0.0,0.0
2014-11-10 00:00:00-05:00,27.41287440220635,27.821287534116877,27.37416541506739,27.70218849182129,26090000,0.0,0.0
2014-11-11 00:00:00-05:00,27.716578569886526,27.914085643006086,27.603433158048635,27.854040145874023,21966000,0.0,0.0
2014-11-12 00:00:00-05:00,27.847095307734524,27.852056979378904,27.56671258717265,27.703182220458984,21882000,0.0,0.0
2014-11-13 00:00:00-05:00,27.83022294802447,27.830718925890668,27.496742196546137,27.613361358642578,30220000,0.0,0.0
2014-11-14 00:00:00-05:00,27.690776071230438,27.690776071230438,27.418334667008686,27.55133056640625,28502000,0.0,0.0
2014-11-17 00:00:00-05:00,27.55133292004923,27.55133292004923,27.017863236304837,27.127038955688477,33612000,0.0,0.0
2014-11-18 00:00:00-05:00,27.19105088099,27.432228632973192,26.98610033611268,27.021333694458008,36440000,0.0,0.0
2014-11-19 00:00:00-05:00,27.0332424874147,27.205441454020374,26.757327358564716,27.15482521057129,30346000,0.0,0.0
2014-11-20 00:00:00-05:00,26.901241861990183,27.064507556749895,26.871964022867292,26.984115600585938,35016000,0.0,0.0
2014-11-21 00:00:00-05:00,27.345385734319297,27.345385734319297,27.04565040730797,27.08981704711914,50120000,0.0,0.0
2014-11-24 00:00:00-05:00,27.123563555360708,27.35283028036462,27.003470650005877,27.16872215270996,33076000,0.0,0.0
2014-11-25 00:00:00-05:00,27.155321311267308,27.41783746714327,27.140434403484964,27.255563735961914,38072000,0.0,0.0
2014-11-26 00:00:00-05:00,27.255563966500965,27.287819564650622,27.05706302684627,27.18112564086914,29604000,0.0,0.0
2014-11-28 00:00:00-05:00,27.14490107302596,27.273925362216705,27.019846499850193,27.24812126159668,24202000,0.0,0.0
2014-12-01 00:00:00-05:00,27.05011863945784,27.233732692170182,26.729044875736555,26.78015899658203,39888000,0.0,0.0
2014-12-02 00:00:00-05:00,26.77023304466618,26.889333997488755,26.53252900996742,26.727556228637695,41480000,0.0,0.0
2014-12-03 00:00:00-05:00,26.673463455999162,26.867496819328178,26.559822049981445,26.64716148376465,32476000,0.0,0.0
2014-12-04 00:00:00-05:00,26.680408722071558,26.931015725227812,26.543939093361416,26.925556182861328,32598000,0.0,0.0
2014-12-05 00:00:00-05:00,26.63375936851213,26.708197689389138,26.16530073977536,26.205991744995117,61402000,0.0,0.0
2014-12-08 00:00:00-05:00,26.262567221974315,26.490841978710346,26.152399559534146,26.337501525878906,64566000,0.0,0.0
2014-12-09 00:00:00-05:00,26.096820906845775,26.631282508112488,25.97424622028499,26.60448455810547,43322000,0.0,0.0
2014-12-10 00:00:00-05:00,26.594062527409587,26.765765521684344,26.176716082713813,26.204010009765625,46222000,0.0,0.0
2014-12-11 00:00:00-05:00,26.301770827063216,26.65063446748015,26.25958999154161,26.405982971191406,41426000,0.0,0.0
2014-12-12 00:00:00-05:00,26.174232968148058,26.41243295234865,25.877475416842294,25.87995719909668,47314000,0.0,0.0
2014-12-15 00:00:00-05:00,25.9916154265255,26.071511407202376,25.576750743258124,25.59858512878418,52352000,0.0,0.0
2014-12-16 00:00:00-05:00,25.48742438225157,25.5856810058417,24.67307793837915,24.721214294433594,86998000,0.0,0.0
2014-12-17 00:00:00-05:00,24.805577233787627,25.262624650738594,24.76835806811292,25.132606506347656,72788000,0.0,0.0
2014-12-18 00:00:00-05:00,25.606028915797186,25.61893191334169,25.138064303268315,25.538043975830078,77534000,0.0,0.0
2014-12-19 00:00:00-05:00,25.655655999621516,25.845223681010822,25.25220446764364,25.8070125579834,97442000,0.0,0.0
2014-12-22 00:00:00-05:00,25.83529859148803,26.448664261193624,25.834304742604985,26.415414810180664,66390000,0.0,0.0
2014-12-23 00:00:00-05:00,26.52508438269855,26.91166317155097,26.48588130675543,26.736486434936523,57544000,0.0,0.0
2014-12-24 00:00:00-05:00,26.738966860441504,26.811915358910984,26.554360874357517,26.64517593383789,14754000,0.0,0.0
2014-12-26 00:00:00-05:00,26.645178432341684,26.958808732515664,26.573717860733005,26.872957229614258,22270000,0.0,0.0
2014-12-29 00:00:00-05:00,26.82233791314687,26.9925529777923,26.65659043550001,26.664033889770508,44300000,0.0,0.0
2014-12-30 00:00:00-05:00,26.547410794689952,26.69033191048876,26.48041782312774,26.563291549682617,20972000,0.0,0.0
2014-12-31 00:00:00-05:00,26.685371772785576,26.718125242586957,26.311200010731373,26.334028244018555,24648000,0.0,0.0
2015-01-02 00:00:00-05:00,26.430300582521202,26.589102482833976,26.196070287845032,26.278945922851562,26480000,0.0,0.0
2015-01-05 00:00:00-05:00,26.159843968967568,26.201528827300333,25.693369202116152,25.778226852416992,41182000,0.0,0.0
2015-01-06 00:00:00-05:00,25.829838535819537,25.865071897808562,25.087944557186944,25.14203643798828,54456000,0.0,0.0
2015-01-07 00:00:00-05:00,25.355916600007745,25.38271265451361,24.993654009367308,25.068090438842773,46918000,0.0,0.0
2015-01-08 00:00:00-05:00,24.88745605812151,25.18470958416031,24.565388495888776,25.155431747436523,73054000,0.0,0.0
2015-01-09 00:00:00-05:00,25.218459133053575,25.239301563873617,24.745532830169346,24.848255157470703,42000000,0.0,0.0
2015-01-12 00:00:00-05:00,24.77480783466235,24.826417927884677,24.36143111102275,24.6666259765625,57138000,0.0,0.0
2015-01-13 00:00:00-05:00,24.940060867856943,25.239300231443412,24.676552735965288,24.9018497467041,60958000,0.0,0.0
2015-01-14 00:00:00-05:00,24.83336482637398,25.222425374457995,24.7212132549497,25.10679817199707,52800000,0.0,0.0
2015-01-15 00:00:00-05:00,25.25369009983225,25.296366913259128,24.912269913281328,25.011520385742188,51068000,0.0,0.0
2015-01-16 00:00:00-05:00,24.968845371305378,25.35095851630166,24.965867610595353,25.331605911254883,49658000,0.0,0.0
2015-01-20 00:00:00-05:00,25.446236936976952,25.58717227494788,25.277511692339537,25.305797576904297,46796000,0.0,0.0
2015-01-21 00:00:00-05:00,25.350456986840054,25.896829577862057,25.288425682594664,25.824377059936523,46356000,0.0,0.0
2015-01-22 00:00:00-05:00,25.953897786935475,26.739958306813506,25.89980780621493,26.663536071777344,56068000,0.0,0.0
2015-01-23 00:00:00-05:00,26.69976539777804,27.065997738833858,26.586619969773757,26.89429473876953,45966000,0.0,0.0
2015-01-26 00:00:00-05:00,26.871964134717718,26.871964134717718,26.403999540318267,26.634756088256836,30932000,0.0,0.0
2015-01-27 00:00:00-05:00,26.370750216611732,26.439233025193477,25.847701786405633,25.864078521728516,39148000,0.0,0.0
2015-01-28 00:00:00-05:00,26.053150086223937,26.087391490349304,25.425393534652653,25.429363250732422,35822000,0.0,0.0
2015-01-29 00:00:00-05:00,25.4526860708274,25.566327469471204,24.98521747991436,25.46906280517578,79018000,0.0,0.0
2015-01-30 00:00:00-05:00,25.755399020333343,26.951362524844825,25.714706120113835,26.67594337463379,121108000,0.0,0.0
2015-02-02 00:00:00-05:00,26.515654079262152,26.623837830082405,25.890379335094725,26.410449981689453,75378000,0.0,0.0
2015-02-03 00:00:00-05:00,26.29829697662218,26.67098080454053,26.142970716833847,26.465038299560547,47062000,0.0,0.0
2015-02-04 00:00:00-05:00,26.4570961940132,26.636242637507667,26.05463666846763,26.107736587524414,33896000,0.0,0.0
2015-02-05 00:00:00-05:00,26.198550251057004,26.33551586305348,26.08490884993802,26.29283905029297,33176000,0.0,0.0
2015-02-06 00:00:00-05:00,26.351396927233946,26.80844242635538,26.23428178666283,26.493820190429688,42938000,0.0,0.0
2015-02-09 00:00:00-05:00,26.35387436255801,26.493817723378637,26.17969149457252,26.26554298400879,30314000,0.0,0.0
2015-02-10 00:00:00-05:00,26.40796970983827,26.847150557367968,26.26008689830117,26.805465698242188,47430000,0.0,0.0
2015-02-11 00:00:00-05:00,26.784126109376253,26.894293773076562,26.59902414091422,26.698274612426758,38306000,0.0,0.0
2015-02-12 00:00:00-05:00,26.780653577630602,27.211399015379424,26.648651523608574,27.095773696899414,48590000,0.0,0.0
2015-02-13 00:00:00-05:00,27.17020899450773,27.419824054184307,27.12505039897322,27.351341247558594,47382000,0.0,0.0
2015-02-17 00:00:00-05:00,27.35134319142639,27.442652344719843,26.95930484104793,27.0461483001709,39174000,0.0,0.0
2015-02-18 00:00:00-05:00,26.98709296463159,27.172194934591545,26.775194938373996,26.929031372070312,31164000,0.0,0.0
2015-02-19 00:00:00-05:00,26.92010002058703,27.137953567668845,26.834744500697806,27.11760711669922,30834000,0.0,0.0
2015-02-20 00:00:00-05:00,27.173684614462704,27.173684614462704,26.703240109300214,26.886852264404297,38234000,0.0,0.0
2015-02-23 00:00:00-05:00,26.74789935457885,26.762786261938356,26.40052366951058,26.54939842224121,32906000,0.0,0.0
2015-02-24 00:00:00-05:00,26.3781943116169,26.767750872338546,26.350900383097613,26.730533599853516,28406000,0.0,0.0
2015-02-25 00:00:00-05:00,26.720113010661454,27.272439306599928,26.6987727094128,27.161279678344727,40836000,0.0,0.0
2015-02-26 00:00:00-05:00,27.082374002428192,27.79647802517196,27.05011651008926,27.754793167114258,54032000,0.0,0.0
2015-02-27 00:00:00-05:00,27.69821872620895,28.257494342129995,27.64263891703325,27.92053985595703,68328000,0.0,0.0
2015-03-02 00:00:00-05:00,28.137400825105498,28.583529115340724,27.946343342215318,28.53539276123047,50406000,0.0,0.0
2015-03-03 00:00:00-05:00,28.60139592710162,28.824709024406257,28.31108984712828,28.722482681274414,50526000,0.0,0.0
2015-03-04 00:00:00-05:00,28.63216277381895,28.863415296793082,28.411331465319172,28.69965362548828,37964000,0.0,0.0
2015-03-05 00:00:00-05:00,28.763673421550344,28.94133006205619,28.69469462982816,28.85349464416504,35918000,0.0,0.0
2015-03-06 00:00:00-05:00,28.8817789104334,28.920486009485398,28.388506180591467,28.430191040039062,37592000,0.0,0.0
2015-03-09 00:00:00-04:00,28.331932323146948,28.5567333544827,28.239133345815304,28.4897403717041,23478000,0.0,0.0
2015-03-10 00:00:00-04:00,28.21084688311271,28.27436801937036,27.781093410014712,27.782583236694336,40080000,0.0,0.0
2015-03-11 00:00:00-04:00,27.78010186536099,27.99745944103969,27.562248311796857,27.576143264770508,40524000,0.0,0.0
2015-03-12 00:00:00-04:00,27.714595437482508,27.881334864869004,27.56820246065857,27.848087310791016,35602000,0.0,0.0
2015-03-13 00:00:00-04:00,27.751816349465276,28.006393093425856,27.31015371576543,27.442651748657227,35428000,0.0,0.0
2015-03-16 00:00:00-04:00,27.637677971390843,27.976120400037875,27.359281047292676,27.87141227722168,36856000,0.0,0.0
2015-03-17 00:00:00-04:00,27.705168400366922,27.821787570533843,27.51262485746634,27.671424865722656,28892000,0.0,0.0
2015-03-18 00:00:00-04:00,27.67737806853234,28.113087075267696,27.467463944064626,28.095718383789062,35324000,0.0,0.0
2015-03-19 00:00:00-04:00,28.014331638642165,28.13541649704707,27.89523258478781,27.972150802612305,24660000,0.0,0.0
2015-03-20 00:00:00-04:00,28.123010649951073,28.14236325185742,28.01234700892189,28.035669326782227,44320000,0.0,0.0
2015-03-23 00:00:00-04:00,28.087774567181647,28.26841083558369,27.94187757170114,28.05651092529297,30234000,0.0,0.0
2015-03-24 00:00:00-04:00,28.21382568634865,28.875823664903717,28.191493429691473,28.660451889038086,79156000,0.0,0.0
2015-03-25 00:00:00-04:00,28.661939868423275,28.78600249236309,28.13740348815918,28.13740348815918,53070000,0.0,0.0
2015-03-26 00:00:00-04:00,28.02078523561912,28.146833668317576,27.70616297135463,27.97066307067871,49842000,0.0,0.0
2015-03-27 00:00:00-04:00,27.88083959269852,27.992001106815056,27.63767792160523,27.668445587158203,34552000,0.0,0.0
2015-03-30 00:00:00-04:00,27.802432925061265,27.897215809325353,27.630729931821506,27.84659767150879,24788000,0.0,0.0
2015-03-31 00:00:00-04:00,27.68779960529353,27.911608685545964,27.52552585929373,27.527015686035156,34932000,0.0,0.0
2015-04-01 00:00:00-04:00,27.533464889761103,27.71558720175403,27.096763958564374,27.26846694946289,38902000,0.0,0.0
2015-04-02 00:00:00-04:00,27.165246649010005,27.194524486830748,26.819358886342425,26.862533569335938,47760000,0.0,0.0
2015-04-06 00:00:00-04:00,26.739960745254912,27.07244955672539,26.58413850086125,26.993545532226562,33718000,0.0,0.0
2015-04-07 00:00:00-04:00,27.04515350925915,27.301714143465453,26.97567874924372,27.0387020111084,27318000,0.0,0.0
2015-04-08 00:00:00-04:00,27.09527454092067,27.368213810191627,27.09527454092067,27.236209869384766,28386000,0.0,0.0
2015-04-09 00:00:00-04:00,27.254573937693575,27.2625133700666,26.894295217870685,27.195518493652344,32366000,0.0,0.0
2015-04-10 00:00:00-04:00,27.27243521822849,27.286330169677417,27.04465645281421,27.22132110595703,26104000,0.0,0.0
2015-04-13 00:00:00-04:00,27.147383803174662,27.45605053087502,27.11016463803623,27.226285934448242,29326000,0.0,0.0
2015-04-14 00:00:00-04:00,27.123562229879163,27.123562229879163,26.586122888939016,26.78660774230957,47206000,0.0,0.0
2015-04-15 00:00:00-04:00,26.69628997264088,26.95582836787268,26.41888501644893,26.84913444519043,46962000,0.0,0.0
2015-04-16 00:00:00-04:00,26.715641688759465,27.057061851418997,26.70323656372324,26.972204208374023,31722000,0.0,0.0
2015-04-17 00:00:00-04:00,26.664036995279996,26.787603651088734,26.251654057693347,26.4372501373291,49234000,0.0,0.0
2015-04-20 00:00:00-04:00,26.487366096263646,27.08534875941706,26.467515625186202,27.022323608398438,38508000,0.0,0.0
2015-04-21 00:00:00-04:00,27.110659754302254,27.183112277676983,26.907197136796636,26.94243049621582,29128000,0.0,0.0
2015-04-22 00:00:00-04:00,26.94937912364922,27.343401378617795,26.86303164396765,27.253084182739258,31806000,0.0,0.0
2015-04-23 00:00:00-04:00,27.31412297111057,27.8480885959411,27.297746235723558,27.663978576660156,78184000,0.0,0.0
2015-04-24 00:00:00-04:00,28.785010993438753,29.015767553351147,28.20439691980141,28.467906951904297,92168000,0.0,0.0
2015-04-27 00:00:00-04:00,28.423737938239924,28.56020567953115,27.90416326507903,28.093730926513672,48062000,0.0,0.0
2015-04-28 00:00:00-04:00,28.004407560732176,28.178592347834297,27.837668121218687,28.00688934326172,37178000,0.0,0.0
2015-04-29 00:00:00-04:00,27.815330503573716,28.079832436100364,27.740398101641304,27.85900115966797,33622000,0.0,0.0
2015-04-30 00:00:00-04:00,27.718563903327034,27.84510829478738,27.13100432499623,27.23273468017578,47240000,0.0,0.0
2015-05-01 00:00:00-04:00,27.319083755715877,27.354319007809096,26.98858076358933,27.351341247558594,36572000,0.0,0.0
2015-05-04 00:00:00-04:00,27.342906337895023,27.62576897686198,27.164255851590532,27.43471336364746,35260000,0.0,0.0
2015-05-05 00:00:00-04:00,27.301718429186153,27.423301171343986,26.915139601670013,26.948389053344727,28528000,0.0,0.0
2015-05-06 00:00:00-04:00,26.928535130080345,26.992552242544452,26.41243419353689,26.553369522094727,39034000,0.0,0.0
2015-05-07 00:00:00-04:00,26.59406095422119,27.055574011374908,26.472480127393222,26.898757934570312,31844000,0.0,0.0
2015-05-08 00:00:00-04:00,27.237698985311653,27.43272429163105,27.19601412921147,27.241668701171875,28226000,0.0,0.0
2015-05-11 00:00:00-04:00,27.218843966585144,27.461015595632716,27.075428734108694,27.084360122680664,21858000,0.0,0.0
2015-05-12 00:00:00-04:00,26.93697156567433,26.944416913070892,26.549400817165026,26.7345027923584,35282000,0.0,0.0
2015-05-13 00:00:00-04:00,26.820847219264294,26.988082613336218,26.74690487595704,26.772214889526367,24238000,0.0,0.0
2015-05-14 00:00:00-04:00,26.994535699185377,27.278392156024342,26.92158720028717,27.254074096679688,31736000,0.0,0.0
2015-05-15 00:00:00-04:00,27.31312810954463,27.32354932312851,26.921585793834904,27.11958885192871,33440000,0.0,0.0
2015-05-18 00:00:00-04:00,26.987093469815747,27.21139851920367,26.909181402723792,27.128524780273438,26706000,0.0,0.0
2015-05-19 00:00:00-04:00,27.194525967094666,27.4625016810365,27.150857196914174,27.258047103881836,47126000,0.0,0.0
2015-05-20 00:00:00-04:00,27.339429035987404,27.594997712177225,27.050610913643407,27.418333053588867,30840000,0.0,0.0
2015-05-21 00:00:00-04:00,27.30370217846316,27.671424351780086,27.259039558655253,27.631723403930664,34170000,0.0,0.0
2015-05-22 00:00:00-04:00,27.515103904681666,27.702687662834755,27.47341904576884,27.518081665039062,24266000,0.0,0.0
2015-05-26 00:00:00-04:00,27.421807126833745,27.45902628925859,26.944911170470053,27.154329299926758,37474000,0.0,0.0
2015-05-27 00:00:00-04:00,27.22826764026764,27.556288814514346,27.124055508003796,27.50467872619629,34844000,0.0,0.0
2015-05-28 00:00:00-04:00,27.481854750055476,27.57961539304968,27.33347597002123,27.50120735168457,23544000,0.0,0.0
2015-05-29 00:00:00-04:00,27.452573604416468,27.489296787401546,27.047634208099407,27.0615291595459,43446000,0.0,0.0
2015-06-01 00:00:00-04:00,27.23075363195811,27.322062782996557,26.975184932974106,27.254573822021484,33210000,0.0,0.0
2015-06-02 00:00:00-04:00,27.166238273544838,27.729979569638008,27.12256761322847,27.48979377746582,31842000,0.0,0.0
2015-06-03 00:00:00-04:00,27.54686422835114,27.69028134877208,27.400471240542377,27.556293487548828,26710000,0.0,0.0
2015-06-04 00:00:00-04:00,27.40195784499536,27.589541598826578,27.2501053215843,27.377641677856445,26866000,0.0,0.0
2015-06-05 00:00:00-04:00,27.393025271221983,27.45902629345587,27.163756669364282,27.270450592041016,24396000,0.0,0.0
2015-06-08 00:00:00-04:00,27.274421591639793,27.287324588591463,26.943918594016772,26.9702205657959,27336000,0.0,0.0
2015-06-09 00:00:00-04:00,26.967241869344562,27.037710479211373,26.74045504699281,26.904714584350586,30016000,0.0,0.0
2015-06-10 00:00:00-04:00,27.080389805754574,27.53098573209508,27.051111965018936,27.422801971435547,30316000,0.0,0.0
2015-06-11 00:00:00-04:00,27.51659433446611,27.53346704816425,27.2525883291866,27.29576301574707,25872000,0.0,0.0
2015-06-12 00:00:00-04:00,27.152343578166626,27.236705246410978,27.076913297382482,27.168224334716797,25468000,0.0,0.0
2015-06-15 00:00:00-04:00,26.933000714235213,26.998505760028007,26.758321854151287,26.946399688720703,27150000,0.0,0.0
2015-06-16 00:00:00-04:00,27.019847226377504,27.129517023268125,26.87543815406977,27.039199829101562,32526000,0.0,0.0
2015-06-17 00:00:00-04:00,27.066492022669436,27.212389019281595,26.887345579469812,27.125049591064453,24440000,0.0,0.0
2015-06-18 00:00:00-04:00,27.194521115843127,27.653552350051065,27.194521115843127,27.600454330444336,41192000,0.0,0.0
2015-06-19 00:00:00-04:00,27.617329753647052,27.686308534655065,27.405927716995535,27.666954040527344,59290000,0.0,0.0
2015-06-22 00:00:00-04:00,27.760748044887578,28.068422801398977,27.73593400734135,27.774145126342773,34752000,0.0,0.0
2015-06-23 00:00:00-04:00,27.77960339935897,28.033188161460817,27.648593313614246,27.958253860473633,31396000,0.0,0.0
2015-06-24 00:00:00-04:00,27.913098064028627,27.921037496370687,27.631723370276966,27.71906280517578,28924000,0.0,0.0
2015-06-25 00:00:00-04:00,27.804910702425758,27.945846019979392,27.663975384872124,27.688291549682617,26684000,0.0,0.0
2015-06-26 00:00:00-04:00,27.77563614573837,27.790027076584188,27.385583614019517,27.445629119873047,43676000,0.0,0.0
2015-06-29 00:00:00-04:00,27.132493573025446,27.33843796864444,26.809434038337013,26.859556198120117,37756000,0.0,0.0
2015-06-30 00:00:00-04:00,27.05011607802913,27.090313001819293,26.77469691808607,26.799510955810547,34510000,0.0,0.0
2015-07-01 00:00:00-04:00,26.979153120422353,27.085847045248705,26.785615743538575,26.961288452148438,30760000,0.0,0.0
2015-07-02 00:00:00-04:00,27.032745601611524,27.194523348774002,26.974684013209828,27.161771774291992,28124000,0.0,0.0
2015-07-06 00:00:00-04:00,26.909182518842037,27.22331068963549,26.901739064253217,27.076419830322266,25614000,0.0,0.0
2015-07-07 00:00:00-04:00,27.16624090180923,27.34340155641525,26.79008331380378,27.295265197753906,33578000,0.0,0.0
2015-07-08 00:00:00-04:00,27.075424791059845,27.20841878880383,26.85707338507895,26.881885528564453,27662000,0.0,0.0
2015-07-09 00:00:00-04:00,27.226783112517296,27.238196282799034,27.026794231899636,27.028282165527344,29766000,0.0,0.0
2015-07-10 00:00:00-04:00,27.477885816892172,27.75479482444031,27.393028162084153,27.596986770629883,43436000,0.0,0.0
2015-07-13 00:00:00-04:00,27.76571128075888,28.42770925289534,27.72551435499295,28.372129440307617,41792000,0.0,0.0
2015-07-14 00:00:00-04:00,28.50959000185922,29.264386924519492,28.493213266804048,28.989959716796875,74832000,0.0,0.0
2015-07-15 00:00:00-04:00,28.968122954415083,29.213766387899273,28.79294623410369,28.979040145874023,41466000,0.0,0.0
2015-07-16 00:00:00-04:00,29.253967334360553,29.99834308387077,29.175559285936878,29.86336326599121,112642000,0.0,0.0
2015-07-17 00:00:00-04:00,33.74503130241583,34.88640887561023,33.645782724786116,34.71867370605469,257162000,0.0,0.0
2015-07-20 00:00:00-04:00,34.19067150925606,34.62836258377145,33.83287453148757,34.38222122192383,102436000,0.0,0.0
2015-07-21 00:00:00-04:00,33.98720213566838,35.01543242682111,33.95097682010599,34.506778717041016,75604000,0.0,0.0
2015-07-22 00:00:00-04:00,34.44077741943887,35.39903701396252,34.32167835952211,34.4943733215332,83100000,0.0,0.0
2015-07-23 00:00:00-04:00,34.33309281364649,34.5425128762918,33.32768872282538,33.48351287841797,76232000,0.0,0.0
2015-07-24 00:00:00-04:00,33.58474576320294,33.63536201134379,32.41409026848371,32.49299240112305,82622000,0.0,0.0
2015-07-27 00:00:00-04:00,32.33418871068599,33.10337840575614,32.33319675500477,32.66667938232422,58382000,0.0,0.0
2015-07-28 00:00:00-04:00,32.83986887162959,32.95599204481494,32.42550022733136,32.73565673828125,34364000,0.0,0.0
2015-07-29 00:00:00-04:00,32.86468283769812,32.917782759060806,32.39721422517398,32.82349395751953,36756000,0.0,0.0
2015-07-30 00:00:00-04:00,32.62549525095597,33.152015559305006,32.34014893529991,32.978824615478516,39606000,0.0,0.0
2015-07-31 00:00:00-04:00,32.985772351231496,33.000659260913,32.613584464830225,32.62847137451172,34922000,0.0,0.0
2015-08-03 00:00:00-04:00,32.63641328875104,33.08353552156397,32.63641328875104,32.98676681518555,31348000,0.0,0.0
2015-08-04 00:00:00-04:00,32.96790401146846,33.149534143632,32.777842255176175,32.8160514831543,26188000,0.0,0.0
2015-08-05 00:00:00-04:00,33.03787279801008,33.74056362978259,33.029437388290205,33.41204833984375,36448000,0.0,0.0
2015-08-06 00:00:00-04:00,33.44678326624297,33.484496511330036,32.78875320674871,33.256221771240234,40660000,0.0,0.0
2015-08-07 00:00:00-04:00,33.1386138699598,33.18923011555317,32.69645527607679,32.97038650512695,27544000,0.0,0.0
2015-08-10 00:00:00-04:00,33.10436914858394,33.329172043127265,32.76394284396823,32.90835189819336,34458000,0.0,0.0
2015-08-11 00:00:00-04:00,34.71669721716069,34.93604063387473,33.95941836816915,34.25617599487305,109880000,0.0,0.0
2015-08-12 00:00:00-04:00,34.46409669349137,34.53903099700302,33.77034103934489,34.314231872558594,58498000,0.0,0.0
2015-08-13 00:00:00-04:00,34.201578503008896,34.4412683072138,33.8532127630629,34.06808853149414,36354000,0.0,0.0
2015-08-14 00:00:00-04:00,33.94551428604047,34.353431445329264,33.888942524184785,34.21001434326172,27598000,0.0,0.0
2015-08-17 00:00:00-04:00,34.14401867145234,34.4765055865474,33.896885385612144,34.44524383544922,24680000,0.0,0.0
2015-08-18 00:00:00-04:00,34.294380166594706,34.527118714482846,34.009033892865446,34.17825698852539,27710000,0.0,0.0
2015-08-19 00:00:00-04:00,34.24674332451473,34.74745761512294,34.082483776397616,34.441768646240234,50194000,0.0,0.0
2015-08-20 00:00:00-04:00,34.19662258819019,34.546972279030975,33.51080254303716,33.7192268371582,57798000,0.0,0.0
2015-08-21 00:00:00-04:00,33.30039084414729,33.39219975881739,31.913867619028245,31.960020065307617,91880000,0.0,0.0
2015-08-24 00:00:00-04:00,29.80480231829027,31.148648610162738,29.43211661477277,30.673736572265625,129788000,0.0,0.0
2015-08-25 00:00:00-04:00,32.08110654016158,32.10740472630289,30.35415319394515,30.39385414123535,71430000,0.0,0.0
2015-08-26 00:00:00-04:00,31.913862615309434,32.87559766542257,31.28213643480607,32.7396240234375,87740000,0.0,0.0
2015-08-27 00:00:00-04:00,33.34753757526101,33.446293973360255,32.310871779863234,33.14754867553711,58974000,0.0,0.0
2015-08-28 00:00:00-04:00,33.0383696561847,33.09990498734726,32.44237462599846,32.73714828491211,38836000,0.0,0.0
2015-08-31 00:00:00-04:00,32.47164966934492,32.97137572981981,32.07514757517647,32.148094177246094,38936000,0.0,0.0
2015-09-01 00:00:00-04:00,31.45285133814365,31.980365452152412,31.018632176319077,31.241945266723633,51458000,0.0,0.0
2015-09-02 00:00:00-04:00,31.660773132315704,32.01112463550179,31.29553283080378,32.00368118286133,37630000,0.0,0.0
2015-09-03 00:00:00-04:00,32.153557177503835,32.31831270130379,31.452852116514986,31.613637924194336,34572000,0.0,0.0
2015-09-04 00:00:00-04:00,31.248892833359136,31.48709283279749,31.09009283373357,31.212169647216797,40478000,0.0,0.0
2015-09-08 00:00:00-04:00,31.80965264908829,32.0101374949474,31.407691001680778,31.952573776245117,39092000,0.0,0.0
2015-09-09 00:00:00-04:00,32.349578758239254,32.62152230080097,31.804692145149495,31.92925453186035,40978000,0.0,0.0
2015-09-10 00:00:00-04:00,31.953570283071958,32.49944509107438,31.84439456425328,32.309879302978516,27850000,0.0,0.0
2015-09-11 00:00:00-04:00,32.26669811690427,32.51978308716131,32.127744828848094,32.519287109375,34892000,0.0,0.0
2015-09-14 00:00:00-04:00,32.53567275330777,32.55006368439517,32.23146793062689,32.37885665893555,29942000,0.0,0.0
2015-09-15 00:00:00-04:00,32.58926287221055,33.19171317376884,32.42202746623192,33.00413131713867,35546000,0.0,0.0
2015-09-16 00:00:00-04:00,33.02795048855987,33.153005062962436,32.86170703389917,33.02646255493164,26252000,0.0,0.0
2015-09-17 00:00:00-04:00,33.124228854050514,33.84379065057154,33.00066219219095,33.331661224365234,47752000,0.0,0.0
2015-09-18 00:00:00-04:00,33.0036318898315,33.240841823898094,32.75401872297474,32.798187255859375,72544000,0.0,0.0
2015-09-21 00:00:00-04:00,33.025960874608984,33.19915177572127,32.653277105131295,33.098907470703125,39094000,0.0,0.0
2015-09-22 00:00:00-04:00,32.62698094720563,32.693975821743166,32.00964371788415,32.41508102416992,54362000,0.0,0.0
2015-09-23 00:00:00-04:00,32.400197351888885,32.766429725790395,32.29250956399379,32.419551849365234,29160000,0.0,0.0
2015-09-24 00:00:00-04:00,32.205169086426785,32.59224385638462,31.86771860742162,32.49993896484375,38692000,0.0,0.0
2015-09-25 00:00:00-04:00,32.682062016724196,32.682062016724196,31.74315514815691,31.767471313476562,48480000,0.0,0.0
2015-09-28 00:00:00-04:00,31.71288599202819,31.901463595584158,30.66033953743914,30.978435516357422,47646000,0.0,0.0
2015-09-29 00:00:00-04:00,31.040467991405453,31.496025580997067,30.66976994799176,30.897052764892578,42130000,0.0,0.0
2015-09-30 00:00:00-04:00,31.354594520372288,31.725790437737036,31.22160050771168,31.67914390563965,52954000,0.0,0.0
2015-10-01 00:00:00-04:00,31.657800918681502,31.950590656161918,31.319358501820503,31.859277725219727,42506000,0.0,0.0
2015-10-02 00:00:00-04:00,31.661277985325597,32.60365683606337,31.437468900379354,32.6031608581543,48788000,0.0,0.0
2015-10-05 00:00:00-04:00,32.83193123815367,33.39914437575399,32.54757691649381,33.332149505615234,37960000,0.0,0.0
2015-10-06 00:00:00-04:00,33.216522571807786,33.685479094380334,32.90537408567345,33.33016586303711,42774000,0.0,0.0
2015-10-07 00:00:00-04:00,33.61600356034712,33.68250245164468,32.65873604281736,33.248779296875,44354000,0.0,0.0
2015-10-08 00:00:00-04:00,33.22148582848524,33.342572572435444,32.47909407372532,33.09990310668945,39308000,0.0,0.0
2015-10-09 00:00:00-04:00,33.12422406036488,33.45174741332424,32.869647317985795,33.31031799316406,32124000,0.0,0.0
2015-10-12 00:00:00-04:00,33.208578672456085,33.64478166778056,33.11180999942291,33.56786346435547,26684000,0.0,0.0
2015-10-13 00:00:00-04:00,33.46018516030682,34.16485991332197,33.403113630735085,33.90234375,42446000,0.0,0.0
2015-10-14 00:00:00-04:00,33.930140224137126,34.24327269319826,33.69045035458326,33.765384674072266,31292000,0.0,0.0
2015-10-15 00:00:00-04:00,34.00556459667212,34.44772319493247,33.96288778270124,34.391151428222656,47156000,0.0,0.0
2015-10-16 00:00:00-04:00,34.509254964410054,34.54994786267235,34.196618560054986,34.50528335571289,36316000,0.0,0.0
2015-10-19 00:00:00-04:00,34.439780589871695,34.74944113070617,34.35095133888369,34.735050201416016,30172000,0.0,0.0
2015-10-20 00:00:00-04:00,34.63283003128805,34.63828957479307,33.431404856340926,33.74503707885742,52434000,0.0,0.0
2015-10-21 00:00:00-04:00,33.90432929623116,33.98819499296056,33.28352020596818,33.33810806274414,31952000,0.0,0.0
2015-10-22 00:00:00-04:00,33.51874259561277,34.14451525353218,33.33314463900608,33.801605224609375,88632000,0.0,0.0
2015-10-23 00:00:00-04:00,37.221757745373026,37.34284448467513,35.62780237965466,35.696781158447266,126726000,0.0,0.0
2015-10-26 00:00:00-04:00,35.73102208419342,36.47192586713192,35.73102208419342,36.2818603515625,48776000,0.0,0.0
2015-10-27 00:00:00-04:00,36.05607343125019,36.52205416079346,35.93548643094994,36.36623001098633,38778000,0.0,0.0
2015-10-28 00:00:00-04:00,36.375161366047585,36.592021067079884,36.09080702675448,36.5696907043457,39604000,0.0,0.0
2015-10-29 00:00:00-04:00,36.55530147578001,37.05949140684257,36.48235107747625,36.963218688964844,36520000,0.0,0.0
2015-10-30 00:00:00-04:00,36.998447219477676,37.03566448757477,36.55033313835504,36.59300994873047,39984000,0.0,0.0
2015-11-02 00:00:00-05:00,36.45107831668505,37.128458982551074,36.298230089548525,37.106624603271484,39914000,0.0,0.0
2015-11-03 00:00:00-05:00,36.991997582369684,37.30314607480245,36.780097667248654,37.16022872924805,36306000,0.0,0.0
2015-11-04 00:00:00-05:00,37.213824285230444,37.71007478990221,37.179086901347056,37.482295989990234,41840000,0.0,0.0
2015-11-05 00:00:00-05:00,37.65598230659319,38.030157876822436,37.58948719341855,37.748287200927734,45486000,0.0,0.0
2015-11-06 00:00:00-05:00,37.68476952562128,37.864907948532135,37.46840199808791,37.79444122314453,33544000,0.0,0.0
2015-11-09 00:00:00-05:00,37.64159167947553,37.87880162990481,37.174622805422494,37.45549774169922,35538000,0.0,0.0
2015-11-10 00:00:00-05:00,37.3914826470953,37.74481200531657,37.139885550539496,37.62868881225586,29798000,0.0,0.0
2015-11-11 00:00:00-05:00,37.83313791076958,38.1656247738911,37.70262381177478,37.975563049316406,41866000,0.0,0.0
2015-11-12 00:00:00-05:00,37.72396942285336,38.00286423345338,37.50958960041054,37.54283905029297,35452000,0.0,0.0
2015-11-13 00:00:00-05:00,37.419272931440176,37.48328815650851,36.69623557860425,36.72601318359375,48188000,0.0,0.0
2015-11-16 00:00:00-05:00,36.73295428178053,37.303639237389675,36.441156520099184,37.2396240234375,50704000,0.0,0.0
2015-11-17 00:00:00-05:00,37.341362344406825,37.46443301410853,36.92351799812337,37.01929473876953,38864000,0.0,0.0
2015-11-18 00:00:00-05:00,37.1974530833734,37.76962991069239,37.0892693117933,37.715538024902344,36266000,0.0,0.0
2015-11-19 00:00:00-05:00,37.704119616940226,37.875326648406734,37.577577100073675,37.71206283569336,28078000,0.0,0.0
2015-11-20 00:00:00-05:00,38.17654741775388,38.67378982538205,37.918498848634584,38.558658599853516,55478000,0.0,0.0
2015-11-23 00:00:00-05:00,38.581986664320496,38.85145030994505,38.38546962775917,38.54377365112305,34648000,0.0,0.0
2015-11-24 00:00:00-05:00,38.35817600056143,38.50854059295471,37.62124373334218,38.19292449951172,47880000,0.0,0.0
2015-11-25 00:00:00-05:00,38.295151346189805,38.36016230734735,38.039086682747474,38.174564361572266,23612000,0.0,0.0
2015-11-27 00:00:00-05:00,38.1695983913245,38.40978417578421,38.06240660189492,38.309043884277344,14434000,0.0,0.0
2015-11-30 00:00:00-05:00,38.304082542033804,38.46089862651932,37.77061481137449,37.856468200683594,33586000,0.0,0.0
2015-12-01 00:00:00-05:00,38.05943005821888,38.955658200896075,38.010301750967244,38.89561080932617,40398000,0.0,0.0
2015-12-02 00:00:00-05:00,38.96806963136928,39.355144399320814,38.53037483087038,38.60084533691406,46876000,0.0,0.0
2015-12-03 00:00:00-05:00,38.735325277091654,38.92985460677863,37.8366171899541,38.1219596862793,41950000,0.0,0.0
2015-12-04 00:00:00-05:00,38.19689472082552,38.82762712082141,37.98847043502684,38.668331146240234,49800000,0.0,0.0
2015-12-07 00:00:00-05:00,38.71051055881591,38.757158978996884,38.048512647230574,38.35966491699219,36626000,0.0,0.0
2015-12-08 00:00:00-05:00,37.93834244808723,38.64053723475253,37.84008583584065,38.46635437011719,31082000,0.0,0.0
2015-12-09 00:00:00-05:00,38.26587526855723,38.51350453360641,37.31853100110351,37.84157943725586,46550000,0.0,0.0
2015-12-10 00:00:00-05:00,37.89318487063096,38.01625551503295,37.46690520152789,37.71701431274414,32458000,0.0,0.0
2015-12-11 00:00:00-05:00,37.169157311698804,37.587993545638916,37.151786729630395,37.2396240234375,43184000,0.0,0.0
2015-12-14 00:00:00-05:00,37.281317553615246,37.92098522245553,36.53694174844366,37.841087341308594,53864000,0.0,0.0
2015-12-15 00:00:00-05:00,38.101616526371046,38.447006447791104,37.61578913805301,37.719505310058594,49386000,0.0,0.0
2015-12-16 00:00:00-05:00,38.04106861178332,38.78197242267964,37.568640255223016,38.53831100463867,53120000,0.0,0.0
2015-12-17 00:00:00-05:00,38.765096066228054,38.786434470597825,38.17654455847705,38.20284652709961,36510000,0.0,0.0
2015-12-18 00:00:00-05:00,38.073820943564364,38.41673092437325,37.545809010014025,37.558712005615234,67794000,0.0,0.0
2015-12-21 00:00:00-05:00,37.86638963006958,38.03015318243674,37.424727045387485,37.75473403930664,34848000,0.0,0.0
2015-12-22 00:00:00-05:00,37.926937514968174,38.22815889974222,37.77458900689977,38.06886291503906,36338000,0.0,0.0
2015-12-23 00:00:00-05:00,38.245520464222004,38.30556785029265,37.598409547928064,38.13733673095703,30594000,0.0,0.0
2015-12-24 00:00:00-05:00,38.13783866678994,38.17158409148472,37.93289001542925,38.004844665527344,10412000,0.0,0.0
2015-12-28 00:00:00-05:00,38.21129250668294,38.84748456341987,38.09864493378642,38.818702697753906,31156000,0.0,0.0
2015-12-29 00:00:00-05:00,39.0544170123401,39.63503297706872,39.01521582751535,39.400306701660156,38430000,0.0,0.0
2015-12-30 00:00:00-05:00,39.400307662286544,39.5243702908027,39.06484107294103,39.21867752075195,28566000,0.0,0.0
2015-12-31 00:00:00-05:00,39.095603035943086,39.12091305153029,38.57454231863726,38.60878372192383,32752000,0.0,0.0
2016-01-04 00:00:00-05:00,37.82420619597555,37.82420619597555,37.09670141144147,37.68724060058594,67382000,0.0,0.0
2016-01-05 00:00:00-05:00,37.91850046873212,38.17158548404012,37.4991682131678,37.79096221923828,45216000,0.0,0.0
2016-01-06 00:00:00-05:00,37.23714710898058,37.99938557560447,37.11953599204981,37.681785583496094,48206000,0.0,0.0
2016-01-07 00:00:00-05:00,37.04460287523442,37.4822938876151,36.488305000305836,36.772159576416016,63132000,0.0,0.0
2016-01-08 00:00:00-05:00,37.1096110029378,37.22474223719677,36.17268983635346,36.271446228027344,47506000,0.0,0.0
2016-01-11 00:00:00-05:00,36.3230555921978,36.47838375713797,35.70820200349906,36.37863540649414,50896000,0.0,0.0
2016-01-12 00:00:00-05:00,36.75974718608764,37.13640257567556,36.54536740517174,36.987525939941406,46816000,0.0,0.0
2016-01-13 00:00:00-05:00,37.186034736953346,37.367664876802756,35.57024471374164,35.70869827270508,51728000,0.0,0.0
2016-01-14 00:00:00-05:00,35.950367474118316,36.71707350544237,34.985656484787164,36.29526138305664,55558000,0.0,0.0
2016-01-15 00:00:00-05:00,35.23328456634881,35.93647133507565,34.8124644135605,35.25809860229492,76676000,0.0,0.0
2016-01-19 00:00:00-05:00,35.73747568151615,35.99552803448234,35.22633832625563,35.68437576293945,48724000,0.0,0.0
2016-01-20 00:00:00-05:00,35.03031313302352,36.07492186747487,34.131109185136495,35.6585693359375,82440000,0.0,0.0
2016-01-21 00:00:00-05:00,35.738471572568294,36.60690995150858,35.28886949590144,36.06103515625,51938000,0.0,0.0
2016-01-22 00:00:00-05:00,36.82178150989947,37.1473247095841,36.74734697201103,36.99348449707031,47146000,0.0,0.0
2016-01-25 00:00:00-05:00,36.91309916017457,37.34086685622891,36.35034975078268,36.40592956542969,45340000,0.0,0.0
2016-01-26 00:00:00-05:00,36.48483054706643,36.69573471299149,36.07591763913051,36.41436004638672,30940000,0.0,0.0
2016-01-27 00:00:00-05:00,36.518578776715614,36.518578776715614,35.404994735783035,35.609947204589844,42428000,0.0,0.0
2016-01-28 00:00:00-05:00,36.632716069974045,37.27635151969848,36.2560606047953,37.13442611694336,62104000,0.0,0.0
2016-01-29 00:00:00-05:00,37.16717844501767,37.96862192407068,36.93096045614953,37.78203201293945,75808000,0.0,0.0
2016-02-01 00:00:00-05:00,38.27381073219163,38.58793886247944,37.78351581789663,38.24949645996094,111522000,0.0,0.0
2016-02-02 00:00:00-05:00,39.72485538639474,40.21366244835608,38.73731413192457,38.75270080566406,135846000,0.0,0.0
2016-02-03 00:00:00-05:00,39.01918042516304,39.274749109661,36.5369361647275,37.188018798828125,131114000,0.0,0.0
2016-02-04 00:00:00-05:00,36.95031696053088,36.982574455595035,35.85906331852879,36.22777557373047,104922000,0.0,0.0
2016-02-05 00:00:00-05:00,36.00297606877494,36.06351566279018,34.7444832288079,34.92412567138672,109556000,0.0,0.0
2016-02-08 00:00:00-05:00,34.126147732686995,34.961836286392035,33.84477307843579,34.9439697265625,89410000,0.0,0.0
2016-02-09 00:00:00-05:00,34.38767703291656,35.77767590682536,34.16684571478804,34.788150787353516,84300000,0.0,0.0
2016-02-10 00:00:00-05:00,35.322614437702875,35.88982763328763,35.005014423519896,35.07746505737305,60314000,0.0,0.0
2016-02-11 00:00:00-05:00,34.55590773437024,35.34891580034356,34.300339036527134,35.05315017700195,65004000,0.0,0.0
2016-02-12 00:00:00-05:00,35.34345278202596,35.5315306076555,34.815936809625555,35.07944869995117,46538000,0.0,0.0
2016-02-16 00:00:00-05:00,35.663039121631215,35.872955130987954,35.24271491113473,35.612918853759766,43444000,0.0,0.0
2016-02-17 00:00:00-05:00,36.07740598396101,36.4128725279846,35.5618048286677,36.32404327392578,49154000,0.0,0.0
2016-02-18 00:00:00-05:00,36.42280236697807,36.5240348608717,35.50920352987323,35.606468200683594,47276000,0.0,0.0
2016-02-19 00:00:00-05:00,35.526570854269394,35.9300242604359,35.38861327826768,35.83474349975586,34918000,0.0,0.0
2016-02-22 00:00:00-05:00,36.20196452286451,36.466964351124304,35.90123914520035,36.17913818359375,37516000,0.0,0.0
2016-02-23 00:00:00-05:00,36.03274551987704,36.27094361594726,35.51515666338139,35.59554672241211,41332000,0.0,0.0
2016-02-24 00:00:00-05:00,35.264051163916164,35.79057518465841,34.837775244974566,35.77469253540039,37092000,0.0,0.0
2016-02-25 00:00:00-05:00,35.875432714687015,36.20196408081207,35.394069181854505,36.182613372802734,36146000,0.0,0.0
2016-02-26 00:00:00-05:00,36.40493364962283,36.53197213039984,35.82630543787013,35.97121047973633,42474000,0.0,0.0
2016-02-29 00:00:00-05:00,35.77965720290548,36.25605718743341,35.573216831001,35.59207534790039,45068000,0.0,0.0
2016-03-01 00:00:00-05:00,35.79454555119767,36.83816251564413,35.66254349977129,36.830223083496094,60112000,0.0,0.0
2016-03-02 00:00:00-05:00,36.86496273082786,36.87736596464534,36.38756695594572,36.69673156738281,36292000,0.0,0.0
2016-03-03 00:00:00-05:00,36.696729581586425,36.77215986668217,36.207922555156095,36.3051872253418,40534000,0.0,0.0
2016-03-04 00:00:00-05:00,36.46448832473148,36.47441166882942,36.00892694411916,36.237205505371094,48516000,0.0,0.0
2016-03-07 00:00:00-05:00,35.98561148508401,36.0878397434093,34.9926143200803,35.37274169921875,61690000,0.0,0.0
2016-03-08 00:00:00-05:00,35.15388572215254,35.84168966543364,34.93603406638649,35.408958435058594,52530000,0.0,0.0
2016-03-09 00:00:00-05:00,35.49034690094924,36.039697336594756,35.36578829544877,35.99850845336914,39544000,0.0,0.0
2016-03-10 00:00:00-05:00,36.11660967136832,36.5508287971323,35.89329849255441,36.33396911621094,44616000,0.0,0.0
2016-03-11 00:00:00-05:00,36.72005687114784,36.96569844394858,36.5587731880446,36.964210510253906,35380000,0.0,0.0
2016-03-14 00:00:00-04:00,36.96917341270694,37.43019053998108,36.90416244829631,37.23069763183594,32824000,0.0,0.0
2016-03-15 00:00:00-04:00,37.02127544496241,37.36815706010366,36.86346740522543,37.2470703125,29832000,0.0,0.0
2016-03-16 00:00:00-04:00,37.17163777940017,37.66540831926003,37.04509528299452,37.584022521972656,29306000,0.0,0.0
2016-03-17 00:00:00-04:00,37.598413784293754,37.9800289743035,37.584022854900866,37.63960266113281,44564000,0.0,0.0
2016-03-18 00:00:00-04:00,37.7959236914242,37.82122991989948,37.30910061096213,37.48725509643555,56222000,0.0,0.0
2016-03-21 00:00:00-04:00,37.412814795647435,37.88077933492188,37.28180471520703,37.82222366333008,28774000,0.0,0.0
2016-03-22 00:00:00-04:00,37.637619957109884,37.96315937349524,37.609830053102485,37.71751403808594,22096000,0.0,0.0
2016-03-23 00:00:00-04:00,37.88127856302047,37.982514838530285,37.518022104148095,37.59394836425781,24678000,0.0,0.0
2016-03-24 00:00:00-04:00,37.27834233458131,37.59395468288114,37.243604947845895,37.45897674560547,31116000,0.0,0.0
2016-03-28 00:00:00-04:00,37.52496696426327,37.63067081926585,37.32001832430483,37.381553649902344,21676000,0.0,0.0
2016-03-29 00:00:00-04:00,37.40140583923446,38.07134704370067,37.1339298786589,38.007328033447266,40062000,0.0,0.0
2016-03-30 00:00:00-04:00,38.12245856600091,38.574048330382446,38.0911968143954,38.128910064697266,40396000,0.0,0.0
2016-03-31 00:00:00-04:00,38.12890352408927,38.165624812306504,37.62818553158422,37.858943939208984,32554000,0.0,0.0
2016-04-01 00:00:00-04:00,37.57410288152156,38.213270710505526,37.476834425802885,38.19491195678711,31674000,0.0,0.0
2016-04-04 00:00:00-04:00,38.18696402722169,38.33236882193568,37.80386091661828,37.969112396240234,26924000,0.0,0.0
2016-04-05 00:00:00-04:00,37.62223910144288,37.857461342495476,37.49668476269407,37.644073486328125,24478000,0.0,0.0
2016-04-06 00:00:00-04:00,37.60784350560307,38.13287961678415,37.531421267245825,38.115509033203125,25312000,0.0,0.0
2016-04-07 00:00:00-04:00,37.97903779204242,38.17952263804612,37.59097109618595,37.72098922729492,25498000,0.0,0.0
2016-04-08 00:00:00-04:00,38.006335978479505,38.068863268773214,37.505125700328605,37.68873596191406,23434000,0.0,0.0
2016-04-11 00:00:00-04:00,37.98549084155288,38.07332814288153,37.58303319957296,37.59295654296875,31774000,0.0,0.0
2016-04-12 00:00:00-04:00,37.63712288040206,37.959186656338254,37.29669278016015,37.929412841796875,27388000,0.0,0.0
2016-04-13 00:00:00-04:00,38.22666653316887,38.496626134826585,37.94281197985296,38.306068420410156,35426000,0.0,0.0
2016-04-14 00:00:00-04:00,38.477275646798326,38.688179812068626,38.37107581131081,38.478763580322266,26992000,0.0,0.0
2016-04-15 00:00:00-04:00,38.48422739645302,38.75369105173666,38.4559377259045,38.70753860473633,31712000,0.0,0.0
2016-04-18 00:00:00-04:00,38.716965490459344,39.131833958236626,38.58893504514366,39.08865737915039,33540000,0.0,0.0
2016-04-19 00:00:00-04:00,39.22860084163421,39.250931203936716,38.22468484675957,38.52144241333008,43952000,0.0,0.0
2016-04-20 00:00:00-04:00,38.66585634698381,38.69067038783667,38.274313953203055,38.4554443359375,34262000,0.0,0.0
2016-04-21 00:00:00-04:00,38.5740486148809,38.79090832442027,38.288206330743826,38.70753860473633,77628000,0.0,0.0
2016-04-22 00:00:00-04:00,36.91657064850062,37.413317130149366,36.2446493140442,36.611873626708984,140798000,0.0,0.0
2016-04-25 00:00:00-04:00,36.491780385407644,36.964704754411734,36.47937336635226,36.83220672607422,49442000,0.0,0.0
2016-04-26 00:00:00-04:00,36.94188143430849,36.99994113915142,35.74591587809046,35.996524810791016,55864000,0.0,0.0
2016-04-27 00:00:00-04:00,35.994039927794645,36.08485310247026,35.18812884738829,35.802490234375,66262000,0.0,0.0
2016-04-28 00:00:00-04:00,35.893299579266916,36.18956115519242,34.89633110362463,34.98863220214844,62590000,0.0,0.0
2016-04-29 00:00:00-04:00,34.94199208210572,35.33849423940337,34.92511747489189,35.12858200073242,58278000,0.0,0.0
2016-05-02 00:00:00-04:00,35.32906245557149,35.50225337679018,35.05314732845683,35.45262908935547,33476000,0.0,0.0
2016-05-03 00:00:00-04:00,35.357845062793025,35.40101785302601,35.101284424597104,35.156368255615234,38620000,0.0,0.0
2016-05-04 00:00:00-04:00,35.0734907107886,35.48438371234323,34.93850902612556,35.30176544189453,34172000,0.0,0.0
2016-05-05 00:00:00-04:00,35.48190878330955,35.60845129080285,35.206489619631846,35.4675178527832,29668000,0.0,0.0
2016-05-06 00:00:00-04:00,35.34295967008108,36.02728798925841,35.33055265090552,35.987091064453125,39952000,0.0,0.0
2016-05-09 00:00:00-04:00,36.062522320480696,36.439177776356786,35.903722314592194,36.18311309814453,38074000,0.0,0.0
2016-05-10 00:00:00-04:00,36.472425274308534,36.722534418331186,36.30618182282669,36.691768646240234,32634000,0.0,0.0
2016-05-11 00:00:00-04:00,36.74834072172119,36.76223567428409,36.12207211455834,36.253578186035156,29834000,0.0,0.0
2016-05-12 00:00:00-04:00,36.32553757674062,36.492776793272625,35.94193839760929,36.13051223754883,27094000,0.0,0.0
2016-05-13 00:00:00-04:00,36.05855200370958,36.290298604769085,35.904215809532324,35.969722747802734,25244000,0.0,0.0
2016-05-16 00:00:00-04:00,35.944411425153625,36.35927606547364,35.73003162913223,36.24116897583008,22538000,0.0,0.0
2016-05-17 00:00:00-04:00,36.278890892855266,36.51659303766892,35.63078785303237,35.739463806152344,33404000,0.0,0.0
2016-05-18 00:00:00-04:00,35.655599194264354,36.00644867624959,35.482904224892046,35.8183708190918,32536000,0.0,0.0
2016-05-19 00:00:00-04:00,35.645672242814435,35.75484795221574,35.24916632942593,35.497291564941406,30598000,0.0,0.0
2016-05-20 00:00:00-04:00,35.554367131884064,36.11214921116047,35.48240868520377,35.81489562988281,34798000,0.0,0.0
2016-05-23 00:00:00-04:00,35.72904841471594,35.9037273096681,35.578187820219895,35.593570709228516,24816000,0.0,0.0
2016-05-24 00:00:00-04:00,35.72258570697513,36.43470382660454,35.712658578664616,36.376644134521484,37884000,0.0,0.0
2016-05-25 00:00:00-04:00,36.4744136705193,36.71707939028969,36.35531460435371,36.62825012207031,32216000,0.0,0.0
2016-05-26 00:00:00-04:00,36.524030360002214,36.777119135729535,36.37515750481988,36.57018280029297,27202000,0.0,0.0
2016-05-27 00:00:00-04:00,36.59896385593047,37.11506473864423,36.574149820899066,37.09968185424805,34802000,0.0,0.0
2016-05-31 00:00:00-04:00,37.15725650285068,37.39148682677036,36.99895245371659,37.16172409057617,42484000,0.0,0.0
2016-06-01 00:00:00-04:00,37.142860479844515,37.286773576253076,36.93790802797835,37.142364501953125,20788000,0.0,0.0
2016-06-02 00:00:00-04:00,37.02524614883594,37.0847975654609,36.57365642480011,36.93443298339844,33916000,0.0,0.0
2016-06-03 00:00:00-04:00,36.796472954004905,36.796472954004905,36.42031353513087,36.51708221435547,24608000,0.0,0.0
2016-06-06 00:00:00-04:00,36.648095758086136,36.648095758086136,36.14142597629198,36.2292594909668,29992000,0.0,0.0
2016-06-07 00:00:00-04:00,36.388560188496065,36.55926744362353,36.26598550377393,36.28037643432617,24314000,0.0,0.0
2016-06-08 00:00:00-04:00,36.69771632427627,36.911600129943366,36.51261816214255,36.8679313659668,32314000,0.0,0.0
2016-06-09 00:00:00-04:00,36.5771320009363,36.91755832287654,36.548846119256766,36.84758758544922,19180000,0.0,0.0
2016-06-10 00:00:00-04:00,36.521555770108435,36.70467005218769,36.25159613700398,36.38459014892578,29050000,0.0,0.0
2016-06-13 00:00:00-04:00,36.21735184827314,36.672909402759835,36.21735184827314,36.319580078125,23354000,0.0,0.0
2016-06-14 00:00:00-04:00,36.1920443132939,36.52403525456602,36.05259880417631,36.38756561279297,26584000,0.0,0.0
2016-06-15 00:00:00-04:00,36.470442478402624,36.581106134974924,36.29129600613086,36.33496856689453,23234000,0.0,0.0
2016-06-16 00:00:00-04:00,36.125047080754804,36.24563784997621,35.50870561856141,35.940940856933594,45002000,0.0,0.0
2016-06-17 00:00:00-04:00,35.799012305008986,35.799012305008986,34.79311239929035,34.94844055175781,82262000,0.0,0.0
2016-06-20 00:00:00-04:00,35.24916511436183,35.525080245589145,35.006003452044006,35.04173278808594,45654000,0.0,0.0
2016-06-21 00:00:00-04:00,35.23626328248936,35.50076714569355,34.96878733814499,35.17820358276367,30318000,0.0,0.0
2016-06-22 00:00:00-04:00,35.43476913677589,35.44270856991521,35.02933178000072,35.257110595703125,29058000,0.0,0.0
2016-06-23 00:00:00-04:00,35.261076433756514,35.4759522156523,34.749939067948674,35.47545623779297,42500000,0.0,0.0
2016-06-24 00:00:00-04:00,34.24971958937438,34.985659922060364,33.98869134420151,34.003082275390625,95436000,0.0,0.0
2016-06-27 00:00:00-04:00,33.86860010113485,33.91028496073053,33.380785019414105,33.801605224609375,58146000,0.0,0.0
2016-06-28 00:00:00-04:00,34.30926203176112,34.37724884673745,33.98570658145975,34.303802490234375,38246000,0.0,0.0
2016-06-29 00:00:00-04:00,34.45269166634873,34.712724196313545,34.37428171751905,34.49884033203125,43124000,0.0,0.0
2016-06-30 00:00:00-04:00,34.620914273710774,34.92461932375212,34.4844446351257,34.9127082824707,42250000,0.0,0.0
2016-07-01 00:00:00-04:00,34.9906242245258,35.35933647243899,34.92263739032194,35.246192932128906,30984000,0.0,0.0
2016-07-05 00:00:00-04:00,34.986157242272434,35.140489668099455,34.69436321193883,34.980201721191406,28440000,0.0,0.0
2016-07-06 00:00:00-04:00,34.729592921749656,35.3826594689489,34.68790806465761,35.18267059326172,28902000,0.0,0.0
2016-07-07 00:00:00-04:00,35.23924203564414,35.24221790279893,34.770781482468266,35.097808837890625,21174000,0.0,0.0
2016-07-08 00:00:00-04:00,35.2615800778356,35.62582856857227,35.139997326237214,35.619873046875,29946000,0.0,0.0
2016-07-11 00:00:00-04:00,35.70125465982379,36.173187105195424,35.67396073048072,36.087337493896484,28822000,0.0,0.0
2016-07-12 00:00:00-04:00,36.32155987292648,36.504178141872714,36.10221653019871,36.35083770751953,26468000,0.0,0.0
2016-07-13 00:00:00-04:00,36.500214816525784,36.500214816525784,36.17765126018955,36.200477600097656,20436000,0.0,0.0
2016-07-14 00:00:00-04:00,36.421809480689575,36.53098520149089,36.25556600986612,36.51411437988281,21408000,0.0,0.0
2016-07-15 00:00:00-04:00,36.77215642408673,36.77215642408673,36.45654036036793,36.505672454833984,32342000,0.0,0.0
2016-07-18 00:00:00-04:00,36.618823443900226,37.47386290447761,36.54934867182305,37.37759017944336,38698000,0.0,0.0
2016-07-19 00:00:00-04:00,37.212329717166064,37.54580854299281,37.1438469174209,37.388004302978516,30436000,0.0,0.0
2016-07-20 00:00:00-04:00,37.419764810599816,37.74679594911789,37.419764810599816,37.57012939453125,22502000,0.0,0.0
2016-07-21 00:00:00-04:00,37.56615610793469,37.623227633478145,37.29421259823522,37.43762969970703,19062000,0.0,0.0
2016-07-22 00:00:00-04:00,37.582041363105596,37.68774144010022,37.35078695008061,37.67930603027344,20920000,0.0,0.0
2016-07-25 00:00:00-04:00,37.59990796914576,37.706107820917374,37.42076150261181,37.59196853637695,21466000,0.0,0.0
2016-07-26 00:00:00-04:00,37.591960062496156,37.67830941983562,37.35524992217869,37.598411560058594,23792000,0.0,0.0
2016-07-27 00:00:00-04:00,37.663920872715174,37.93586438487268,37.513060316302855,37.81279373168945,32172000,0.0,0.0
2016-07-28 00:00:00-04:00,38.15372131646958,38.16017281469463,37.66987409395257,38.004844665527344,73464000,0.0,0.0
2016-07-29 00:00:00-04:00,39.58639862865845,39.895559434781816,39.203787663469804,39.270286560058594,101810000,0.0,0.0
2016-08-01 00:00:00-04:00,39.0385421493299,40.07173616380573,38.95765230968903,39.7466926574707,60594000,0.0,0.0
2016-08-02 00:00:00-04:00,39.567540102535375,39.81516936298048,39.428590574848876,39.70599365234375,39928000,0.0,0.0
2016-08-03 00:00:00-04:00,39.524863469094136,39.67721197236737,39.35365644809422,39.64644241333008,29206000,0.0,0.0
2016-08-04 00:00:00-04:00,39.612696427333155,39.70996109578395,39.39831661722456,39.563568115234375,21520000,0.0,0.0
2016-08-05 00:00:00-04:00,39.70550283717456,40.05833624501795,39.59136354682502,40.0439453125,36146000,0.0,0.0
2016-08-08 00:00:00-04:00,39.997788695830934,40.07719059147321,39.78390485601482,39.95957946777344,24426000,0.0,0.0
2016-08-09 00:00:00-04:00,39.92285117060353,40.36153790067214,39.90151276473938,40.071231842041016,32154000,0.0,0.0
2016-08-10 00:00:00-04:00,40.04989447611076,40.23995622241922,40.022104571371635,40.12135314941406,18370000,0.0,0.0
2016-08-11 00:00:00-04:00,40.21961166919068,40.388834781018886,39.99778839867648,40.106964111328125,25646000,0.0,0.0
2016-08-12 00:00:00-04:00,39.952631569363106,40.056843716725176,39.88067312893573,40.049896240234375,17946000,0.0,0.0
2016-08-15 00:00:00-04:00,40.057831322105294,40.26377570503471,39.90002329149805,39.99580001831055,18596000,0.0,0.0
2016-08-16 00:00:00-04:00,39.87372570749242,39.91144274340356,39.55116213506504,39.75909423828125,21158000,0.0,0.0
2016-08-17 00:00:00-04:00,39.70003412965727,39.97942487659063,39.516420108815105,39.96900177001953,21322000,0.0,0.0
2016-08-18 00:00:00-04:00,39.966028045691246,40.09703813505405,39.780926081441116,39.83650588989258,17292000,0.0,0.0
2016-08-19 00:00:00-04:00,39.68961807017925,39.76108053711022,39.54521277475068,39.68267059326172,22416000,0.0,0.0
2016-08-22 00:00:00-04:00,39.62609736558362,39.665302336066844,39.41866502151459,39.548683166503906,17056000,0.0,0.0
2016-08-23 00:00:00-04:00,39.72385653013412,39.74966252422521,39.5010413073855,39.53081512451172,18350000,0.0,0.0
2016-08-24 00:00:00-04:00,39.544210699830195,39.62361258679487,39.24149763143552,39.3824348449707,25672000,0.0,0.0
2016-08-25 00:00:00-04:00,39.303032666853056,39.43801435925692,39.06632251340355,39.26829528808594,24054000,0.0,0.0
2016-08-26 00:00:00-04:00,39.32735729276794,39.670267337207996,39.17451280066732,39.363582611083984,24978000,0.0,0.0
2016-08-29 00:00:00-04:00,39.35514171663045,39.626589256355444,39.21966404264613,39.49260330200195,15474000,0.0,0.0
2016-08-30 00:00:00-04:00,39.34671264922947,39.600793433089606,39.177489523934604,39.299072265625,23348000,0.0,0.0
2016-08-31 00:00:00-04:00,39.183935449675836,39.281696092613316,39.06483640065046,39.19634246826172,21428000,0.0,0.0
2016-09-01 00:00:00-04:00,39.302043884929844,39.3472043740191,39.02166494298614,39.27326202392578,26070000,0.0,0.0
2016-09-02 00:00:00-04:00,39.465306340879856,39.556119499035155,39.365558009988526,39.54470443725586,26998000,0.0,0.0
2016-09-06 00:00:00-04:00,39.62013838991696,40.240451456442116,39.47324943702404,40.09803009033203,39790000,0.0,0.0
2016-09-07 00:00:00-04:00,40.09356651957852,40.22606455577588,39.88464623910628,40.0965461730957,22906000,0.0,0.0
2016-09-08 00:00:00-04:00,39.95908378895613,40.11788379533845,39.75015972648589,39.840972900390625,23554000,0.0,0.0
2016-09-09 00:00:00-04:00,39.63899833518388,39.786883035206195,39.10701852680097,39.12835693359375,37752000,0.0,0.0
2016-09-12 00:00:00-04:00,38.93184121214883,39.70847057554531,38.88122118363669,39.6414794921875,37274000,0.0,0.0
2016-09-13 00:00:00-04:00,39.402782574057184,39.49111585104216,38.92241098615698,39.14026641845703,36180000,0.0,0.0
2016-09-14 00:00:00-04:00,39.081211071931776,39.517913893274326,39.081211071931776,39.22661209106445,25842000,0.0,0.0
2016-09-15 00:00:00-04:00,39.20428026145244,39.8811650658805,39.137285392761214,39.76107406616211,31144000,0.0,0.0
2016-09-16 00:00:00-04:00,39.65140453409231,39.65140453409231,39.38342883090761,39.59929656982422,42612000,0.0,0.0
2016-09-19 00:00:00-04:00,39.755122278434975,39.89804341636421,39.38045452860479,39.47126770019531,22990000,0.0,0.0
2016-09-20 00:00:00-04:00,39.70004033244312,39.83650997830407,39.61369095768516,39.68912124633789,20984000,0.0,0.0
2016-09-21 00:00:00-04:00,39.76256393328359,39.9933223650681,39.503023641281096,39.949649810791016,26970000,0.0,0.0
2016-09-22 00:00:00-04:00,40.196292223712035,40.64589431761896,40.08265270195124,40.49156188964844,35186000,0.0,0.0
2016-09-23 00:00:00-04:00,40.45135997646666,40.543661077902705,40.33176494828004,40.44242858886719,28234000,0.0,0.0
2016-09-26 00:00:00-04:00,40.18736367057849,40.20026666966185,39.72237486998499,39.83155059814453,29454000,0.0,0.0
2016-09-27 00:00:00-04:00,39.79085458467373,40.36948286990305,39.79085458467373,40.23251724243164,27346000,0.0,0.0
2016-09-28 00:00:00-04:00,39.902506952979145,40.20869567824468,39.83799575392633,40.19926452636719,29406000,0.0,0.0
2016-09-29 00:00:00-04:00,40.05882967497996,40.390324651932666,39.74271758545197,39.831050872802734,27000000,0.0,0.0
2016-09-30 00:00:00-04:00,39.87868961944793,40.10150484728582,39.7744774710352,39.90151596069336,33204000,0.0,0.0
2016-10-03 00:00:00-04:00,39.82658276986311,39.87571108505847,39.512954360042,39.71889877319336,29784000,0.0,0.0
2016-10-04 00:00:00-04:00,39.94816504026818,40.02260337209554,39.683664948726985,39.83849334716797,25174000,0.0,0.0
2016-10-05 00:00:00-04:00,39.997784220750646,40.121846829243104,39.735268074356554,39.76107406616211,24276000,0.0,0.0
2016-10-06 00:00:00-04:00,39.90250285597058,40.04492800045077,39.7253441191819,39.85287857055664,21998000,0.0,0.0
2016-10-07 00:00:00-04:00,39.994315777435084,39.99481175531273,39.54223004891363,39.73527145385742,23262000,0.0,0.0
2016-10-10 00:00:00-04:00,39.89506342743224,40.562520923946174,39.8111977329862,40.40322494506836,29922000,0.0,0.0
2016-10-11 00:00:00-04:00,40.403224407767155,40.685591046230755,40.065773936868496,40.174949645996094,34432000,0.0,0.0
2016-10-12 00:00:00-04:00,40.293549832009745,40.419596351904865,40.12433052386627,40.284122467041016,18158000,0.0,0.0
2016-10-13 00:00:00-04:00,40.00126034912596,40.02557462163713,39.63155240822839,39.902503967285156,27380000,0.0,0.0
2016-10-14 00:00:00-04:00,40.06974741680068,40.20075751665259,39.815170671603966,39.928314208984375,22238000,0.0,0.0
2016-10-17 00:00:00-04:00,39.997289838368275,40.369477678691865,39.89010183027704,40.03947067260742,21128000,0.0,0.0
2016-10-18 00:00:00-04:00,40.40520695133663,41.12973215836576,40.361538183600246,40.7664794921875,45786000,0.0,0.0
2016-10-19 00:00:00-04:00,40.83546153588317,41.178867543125165,40.83546153588317,41.03197479248047,30002000,0.0,0.0
2016-10-20 00:00:00-04:00,41.067707617283645,41.11286811211373,40.719837779466495,40.773433685302734,27878000,0.0,0.0
2016-10-21 00:00:00-04:00,40.69253185711592,40.9054236978251,40.608666177522295,40.89400863647461,32316000,0.0,0.0
2016-10-24 00:00:00-04:00,41.19324631210007,41.58280086502177,41.14113835988014,41.47362518310547,28952000,0.0,0.0
2016-10-25 00:00:00-04:00,41.610599508196984,41.610599508196984,40.95554906512244,41.1168327331543,37814000,0.0,0.0
2016-10-26 00:00:00-04:00,41.045873972131986,41.075155601351675,40.511414196185775,40.796756744384766,35898000,0.0,0.0
2016-10-27 00:00:00-04:00,40.84191387983384,41.019072643956065,40.4250614886426,40.56103515625,59470000,0.0,0.0
2016-10-28 00:00:00-04:00,41.18582059796364,41.63542272679471,40.54366922351813,40.670711517333984,87098000,0.0,0.0
2016-10-31 00:00:00-04:00,40.81312331407042,40.823050443143075,40.097037317012415,40.191322326660156,44854000,0.0,0.0
2016-11-01 00:00:00-04:00,40.23946461851519,40.39280887520307,39.61369192991004,39.97198486328125,47118000,0.0,0.0
2016-11-02 00:00:00-04:00,40.03550856481578,40.03550856481578,38.95566618143892,39.12538528442383,47014000,0.0,0.0
2016-11-03 00:00:00-04:00,38.930846978309965,39.20378624508538,38.639548958523115,38.81621551513672,43504000,0.0,0.0
2016-11-04 00:00:00-04:00,38.27580353275179,39.12836312804985,38.260916622036405,38.76213073730469,39412000,0.0,0.0
2016-11-07 00:00:00-05:00,39.44942823474963,39.94815854049249,39.3476959906743,39.80077362060547,39852000,0.0,0.0
2016-11-08 00:00:00-05:00,39.80077743122523,40.49602103004838,39.68117861597495,40.2945442199707,35382000,0.0,0.0
2016-11-09 00:00:00-05:00,39.79085377684538,40.28114876335102,39.30502637761128,39.97744369506836,61970000,0.0,0.0
2016-11-10 00:00:00-05:00,40.19628812436219,40.19926399159507,38.12344893912965,38.721927642822266,118192000,0.0,0.0
2016-11-11 00:00:00-05:00,38.54923496749436,38.57305326503578,37.989961199218286,38.298133850097656,71852000,0.0,0.0
2016-11-14 00:00:00-05:00,38.29862461145487,38.29961656712263,36.90068647707908,37.37857437133789,73766000,0.0,0.0
2016-11-15 00:00:00-05:00,37.98648243293769,38.71944684458934,37.974079200334565,38.467350006103516,58878000,0.0,0.0
2016-11-16 00:00:00-05:00,38.23213067257995,38.881225655855275,38.029165915615934,38.706546783447266,35968000,0.0,0.0
2016-11-17 00:00:00-05:00,38.831599216389655,39.14919921380259,38.70009314493386,39.01322555541992,30674000,0.0,0.0
2016-11-18 00:00:00-05:00,39.06335119699981,39.267803884664836,38.47678351229251,38.50754928588867,36126000,0.0,0.0
2016-11-21 00:00:00-05:00,38.61324904356612,39.032581309353134,38.523923804782555,38.94573974609375,32616000,0.0,0.0
2016-11-22 00:00:00-05:00,39.15366290632493,39.39086903200431,38.89313067868055,38.955657958984375,27884000,0.0,0.0
2016-11-23 00:00:00-05:00,39.179969683000955,39.179969683000955,38.34279309262319,38.65791320800781,26260000,0.0,0.0
2016-11-25 00:00:00-05:00,38.8370631036304,38.851454035671644,38.617719705346424,38.718955993652344,12270000,0.0,0.0
2016-11-28 00:00:00-05:00,38.62565344589951,39.68713313158166,38.61324642739143,38.99486541748047,51508000,0.0,0.0
2016-11-29 00:00:00-05:00,39.12339474267846,39.52337251527952,38.97253417012288,39.17599868774414,31240000,0.0,0.0
2016-11-30 00:00:00-05:00,39.15912852164099,39.27872355867141,38.36760837343348,38.503082275390625,45582000,0.0,0.0
2016-12-01 00:00:00-05:00,38.63557920176285,38.638059090940125,37.38552196581087,37.929908752441406,57342000,0.0,0.0
2016-12-02 00:00:00-05:00,37.80932473476723,38.2361004442691,37.66541164332212,37.936363220214844,34376000,0.0,0.0
2016-12-05 00:00:00-05:00,38.21128071421534,38.707531113101254,38.06091614671233,38.619197845458984,33770000,0.0,0.0
2016-12-06 00:00:00-05:00,38.71696414783872,38.969556970569805,38.37604183061883,38.517967224121094,34682000,0.0,0.0
2016-12-07 00:00:00-05:00,38.70506022337349,39.303039215638044,38.38646445520646,39.27674102783203,40588000,0.0,0.0
2016-12-08 00:00:00-05:00,39.35018236538926,39.65041558282734,39.10007320456806,39.460350036621094,32250000,0.0,0.0
2016-12-09 00:00:00-05:00,39.66530096986102,40.193808941970715,39.60326965993606,40.16899490356445,38090000,0.0,0.0
2016-12-12 00:00:00-05:00,39.93923087169484,40.26328236335778,39.92483994144819,40.09207534790039,32572000,0.0,0.0
2016-12-13 00:00:00-05:00,40.314891655608136,40.90592691181696,40.292561292836965,40.46128463745117,42564000,0.0,0.0
2016-12-14 00:00:00-05:00,40.49006894588856,40.903941647693976,40.33424481733955,40.58782958984375,35994000,0.0,0.0
2016-12-15 00:00:00-05:00,40.561526957518716,40.84141369647383,40.29553517063618,40.47666931152344,35394000,0.0,0.0
2016-12-16 00:00:00-05:00,40.60867105289414,40.65283579804835,40.102989453491496,40.18834686279297,51978000,0.0,0.0
2016-12-19 00:00:00-05:00,40.160562492013334,40.50496047158546,39.92335253407247,40.32035446166992,25272000,0.0,0.0
2016-12-20 00:00:00-05:00,40.36352490087307,40.51835708231239,40.24591377764941,40.45433807373047,25438000,0.0,0.0
2016-12-21 00:00:00-05:00,40.48014073835432,40.48014073835432,39.953124520746776,40.30546188354492,29192000,0.0,0.0
2016-12-22 00:00:00-05:00,40.15162661739674,40.24938726157445,39.999274333530465,40.1804084777832,22632000,0.0,0.0
2016-12-23 00:00:00-05:00,40.09753934994631,40.244428322025605,39.95362624538394,40.08711624145508,15310000,0.0,0.0
2016-12-27 00:00:00-05:00,40.13078256232712,40.49403904001457,39.98786520842909,40.192813873291016,19520000,0.0,0.0
2016-12-28 00:00:00-05:00,40.36153392601731,40.36153392601731,39.82111878444647,39.92681884765625,24296000,0.0,0.0
2016-12-29 00:00:00-05:00,39.81566261717667,39.98537790605941,39.60773431774886,39.84295654296875,21148000,0.0,0.0
2016-12-30 00:00:00-05:00,39.85933451989293,39.86330612904933,39.184929539720855,39.32537078857422,34718000,0.0,0.0
2017-01-03 00:00:00-05:00,39.73080209555945,40.26774545030832,39.545703917091544,40.0975341796875,39180000,0.0,0.0
2017-01-04 00:00:00-05:00,40.19082497092976,40.36649956024312,39.903994556882544,40.08562088012695,30306000,0.0,0.0
2017-01-05 00:00:00-05:00,40.07222584262852,40.38188641152178,39.993819691175254,40.34615707397461,26810000,0.0,0.0
2017-01-06 00:00:00-05:00,40.44391838306494,41.13718188276882,40.27072744913276,40.951087951660156,40342000,0.0,0.0
2017-01-09 00:00:00-05:00,41.008654085637936,41.21013091518885,40.772935849595285,41.048851013183594,28178000,0.0,0.0
2017-01-10 00:00:00-05:00,41.04339145364955,41.159514648926965,40.848366123144025,40.990787506103516,23948000,0.0,0.0
2017-01-11 00:00:00-05:00,41.021058888553455,41.18382671550217,40.76549019150774,41.18184280395508,26508000,0.0,0.0
2017-01-12 00:00:00-05:00,41.10839858849833,41.20765096242631,40.74266220393062,41.165470123291016,26990000,0.0,0.0
2017-01-13 00:00:00-05:00,41.23841516790077,41.41954553755068,41.16497257868924,41.23543930053711,25804000,0.0,0.0
2017-01-17 00:00:00-05:00,41.18878684829836,41.19771823560679,40.851336394965074,41.062740325927734,28818000,0.0,0.0
2017-01-18 00:00:00-05:00,41.17886096363709,41.17935694145192,40.89500263776526,41.14015197753906,20554000,0.0,0.0
2017-01-19 00:00:00-05:00,41.13917127280975,41.33767224964484,40.88906208648679,40.90940475463867,21410000,0.0,0.0
2017-01-20 00:00:00-05:00,41.14362554729283,41.151072787007934,40.92081034420513,41.09797286987305,26124000,0.0,0.0
2017-01-23 00:00:00-05:00,41.26868478964659,41.95996053865245,41.12427572846027,41.904876708984375,49148000,0.0,0.0
2017-01-24 00:00:00-05:00,42.03142032387728,42.256719213077204,41.79818200283484,42.15796661376953,33768000,0.0,0.0
2017-01-25 00:00:00-05:00,42.35746240353827,42.61749490502919,42.16838881561796,42.600624084472656,33108000,0.0,0.0
2017-01-26 00:00:00-05:00,42.63039602473197,42.72716471495005,42.20709594878447,42.527671813964844,69866000,0.0,0.0
2017-01-27 00:00:00-05:00,42.62791386592172,43.024911949179725,41.77932606162762,41.93465042114258,75050000,0.0,0.0
2017-01-30 00:00:00-05:00,41.53914494795873,41.547580358366034,40.74365318616884,40.882606506347656,70338000,0.0,0.0
2017-01-31 00:00:00-05:00,40.66772392892892,40.844886464904974,40.36501084360784,40.70196533203125,40404000,0.0,0.0
2017-02-01 00:00:00-05:00,40.891036827172215,40.891036827172215,40.307941048389026,40.456321716308594,45020000,0.0,0.0
2017-02-02 00:00:00-05:00,40.444410059881044,40.91882610719877,40.298017091638854,40.60618591308594,33784000,0.0,0.0
2017-02-03 00:00:00-05:00,40.84786652297752,40.996739391700366,40.660280877807196,40.69898986816406,30562000,0.0,0.0
2017-02-06 00:00:00-05:00,40.738196577165525,40.81114318799051,40.40918150334489,40.77293395996094,27018000,0.0,0.0
2017-02-07 00:00:00-05:00,40.965479353787416,41.284071319426445,40.855807662616314,41.150577545166016,33332000,0.0,0.0
2017-02-08 00:00:00-05:00,41.215088300547556,41.39969428117468,40.946120654169825,41.182830810546875,26044000,0.0,0.0
2017-02-09 00:00:00-05:00,41.274630924330765,41.28703794098714,41.01509446055451,41.19175720214844,23884000,0.0,0.0
2017-02-10 00:00:00-05:00,41.335188875095916,41.54361319855093,41.21410589074688,41.42947769165039,28302000,0.0,0.0
2017-02-13 00:00:00-05:00,41.57089940944315,41.771388048396055,41.49894475855181,41.63343048095703,25914000,0.0,0.0
2017-02-14 00:00:00-05:00,41.67362425540763,41.784287897768046,41.47810296426607,41.686527252197266,27266000,0.0,0.0
2017-02-15 00:00:00-05:00,41.6259862972604,41.7728790491817,41.497459871942795,41.55204772949219,27144000,0.0,0.0
2017-02-16 00:00:00-05:00,41.61059851762846,41.81852681532986,41.54906319064616,41.792724609375,20102000,0.0,0.0
2017-02-17 00:00:00-05:00,41.75004597303008,42.02943673981585,41.674119712939536,42.01008224487305,29224000,0.0,0.0
2017-02-21 00:00:00-05:00,42.081546064238914,42.29046633418327,42.010083602609015,42.14506530761719,25206000,0.0,0.0
2017-02-22 00:00:00-05:00,42.08204367146442,42.36937010447496,42.01802466163737,42.248783111572266,24488000,0.0,0.0
2017-02-23 00:00:00-05:00,42.23488667872054,42.311308919426196,41.80910291900999,42.23091506958008,27734000,0.0,0.0
2017-02-24 00:00:00-05:00,42.064673329936916,42.09990669139501,41.83193096706205,42.07261276245117,26924000,0.0,0.0
2017-02-27 00:00:00-05:00,41.930686699303536,42.21454128418682,41.83441398266672,42.1649169921875,20206000,0.0,0.0
2017-02-28 00:00:00-05:00,42.04978611561516,42.12323249149809,41.75650037607216,41.929691314697266,27662000,0.0,0.0
2017-03-01 00:00:00-05:00,42.24977427038242,42.578293365415064,42.13265912497911,42.51626205444336,36374000,0.0,0.0
2017-03-02 00:00:00-05:00,42.49442306896897,42.50335824298564,42.11777140935039,42.17384719848633,25018000,0.0,0.0
2017-03-03 00:00:00-05:00,42.1286878993732,42.22198474867026,41.91877566759099,42.13563537597656,20100000,0.0,0.0
2017-03-06 00:00:00-05:00,42.02546806207148,42.128688256208726,41.74310140841063,42.045814514160156,20958000,0.0,0.0
2017-03-07 00:00:00-05:00,42.04531614208958,42.346541296992676,41.95897055967206,42.23835754394531,20774000,0.0,0.0
2017-03-08 00:00:00-05:00,42.33611722477396,42.525190799363294,42.243320146074254,42.36192321777344,20576000,0.0,0.0
2017-03-09 00:00:00-05:00,42.364406227644714,42.71277198330302,42.31378619815778,42.57034683227539,26954000,0.0,0.0
2017-03-10 00:00:00-05:00,42.81152421968965,42.887450477189084,42.55893519659828,42.74750900268555,26732000,0.0,0.0
2017-03-13 00:00:00-04:00,42.71872557848673,43.03136198435917,42.71822960065847,42.90481948852539,23332000,0.0,0.0
2017-03-14 00:00:00-04:00,42.86363720517168,43.053702753161105,42.68399476535968,42.970829010009766,21234000,0.0,0.0
2017-03-15 00:00:00-04:00,43.071564595003146,43.16783731166957,42.74205354116831,43.093894958496094,26658000,0.0,0.0
2017-03-16 00:00:00-04:00,43.200091949022436,43.308275700168785,43.05071931886995,43.173789978027344,22090000,0.0,0.0
2017-03-17 00:00:00-04:00,43.35640808375141,43.393133161851445,43.09289996924788,43.29140090942383,37366000,0.0,0.0
2017-03-20 00:00:00-04:00,43.147986163876745,43.19066297862106,42.909292073603915,43.07007598876953,30844000,0.0,0.0
2017-03-21 00:00:00-04:00,43.17676553963307,43.34598864129953,42.066653511858306,42.188236236572266,50760000,0.0,0.0
2017-03-22 00:00:00-04:00,42.15548499471337,42.44678681434154,42.03241432992479,42.17136764526367,27334000,0.0,0.0
2017-03-23 00:00:00-04:00,41.75402439981233,41.76891131032511,41.33767173903408,41.66767501831055,65754000,0.0,0.0
2017-03-24 00:00:00-04:00,41.784285417085385,41.883537776462944,41.14412568302945,41.4438591003418,42114000,0.0,0.0
2017-03-27 00:00:00-04:00,41.094010085325046,41.75352823516695,40.90593222079652,41.61110305786133,38692000,0.0,0.0
2017-03-28 00:00:00-04:00,41.669656356765074,41.95301494948104,41.301436329331494,41.716304779052734,30384000,0.0,0.0
2017-03-29 00:00:00-04:00,41.82150967990313,42.26019264790651,41.75352284968886,42.17483901977539,29146000,0.0,0.0
2017-03-30 00:00:00-04:00,42.279549687182545,42.280541642998536,42.02100511175235,42.155487060546875,18988000,0.0,0.0
2017-03-31 00:00:00-04:00,42.023976682319145,42.159454359168194,41.94507455601519,42.072113037109375,28820000,0.0,0.0
2017-04-03 00:00:00-04:00,42.11926014978814,42.627917656974276,42.058716772484146,42.51626205444336,39388000,0.0,0.0
2017-04-04 00:00:00-04:00,42.08203962767055,42.3301648523948,42.05772156861287,42.3088264465332,26970000,0.0,0.0
2017-04-05 00:00:00-04:00,42.41502344136857,42.70681744000787,42.05821848190618,42.127197265625,37104000,0.0,0.0
2017-04-06 00:00:00-04:00,42.15647322871163,42.35944174794427,41.88353775923895,41.93812561035156,30672000,0.0,0.0
2017-04-07 00:00:00-04:00,41.93316633104035,41.97683510195683,41.55105512029424,41.78925323486328,22232000,0.0,0.0
2017-04-10 00:00:00-04:00,41.76145830421071,42.01951064771954,41.72424103644036,41.7693977355957,20924000,0.0,0.0
2017-04-11 00:00:00-04:00,41.769401971392014,41.9148029984923,41.41706458510465,41.67908477783203,19486000,0.0,0.0
2017-04-12 00:00:00-04:00,41.60861921761759,41.86964746185861,41.565446424204374,41.75749588012695,22716000,0.0,0.0
2017-04-13 00:00:00-04:00,41.73664653888498,41.87014030447037,41.57834630822357,41.6939697265625,21474000,0.0,0.0
2017-04-17 00:00:00-04:00,41.753519149893044,42.46117350877903,41.73614856742474,42.43586349487305,20982000,0.0,0.0
2017-04-18 00:00:00-04:00,42.30733310180716,42.54801486343201,42.24331788668126,42.37929153442383,18724000,0.0,0.0
2017-04-19 00:00:00-04:00,42.54801752336051,42.68746302464382,42.35646405774925,42.50434875488281,21606000,0.0,0.0
2017-04-20 00:00:00-04:00,42.66464013301642,42.87256845708981,42.55348050529568,42.681514739990234,23776000,0.0,0.0
2017-04-21 00:00:00-04:00,42.70831243993246,42.79863343102217,42.56489909228463,42.62543869018555,23458000,0.0,0.0
2017-04-24 00:00:00-04:00,43.09637105414334,43.66805173277679,42.98074386168355,43.61693572998047,33930000,0.0,0.0
2017-04-25 00:00:00-04:00,43.78219134157877,44.277945815648785,43.634310433362856,44.108726501464844,40760000,0.0,0.0
2017-04-26 00:00:00-04:00,44.23527468840342,44.31467658823856,43.9256140940101,44.123619079589844,26466000,0.0,0.0
2017-04-27 00:00:00-04:00,44.16628852333417,44.33401989750991,44.02634705224293,44.23774719238281,46846000,0.0,0.0
2017-04-28 00:00:00-04:00,46.10167182248549,46.4440820900862,45.81483758202033,45.87935256958008,76918000,0.0,0.0
2017-05-01 00:00:00-04:00,45.86098930958472,46.44011353829957,45.694745850411195,46.291236877441406,46556000,0.0,0.0
2017-05-02 00:00:00-04:00,46.31356610833287,46.795921592091,46.200914775828366,46.50313186645508,35026000,0.0,0.0
2017-05-03 00:00:00-04:00,46.45152594781824,47.15371701656006,46.40984109093424,47.06687545776367,36496000,0.0,0.0
2017-05-04 00:00:00-04:00,47.15818190540309,47.59736459723283,47.01327687032176,47.378021240234375,38752000,0.0,0.0
2017-05-05 00:00:00-04:00,47.477275880911044,47.56263329824186,47.04950819673691,47.157691955566406,32310000,0.0,0.0
2017-05-08 00:00:00-04:00,47.01725309770915,47.68917440011859,47.014769422210726,47.57503890991211,37534000,0.0,0.0
2017-05-09 00:00:00-04:00,47.70605045305425,47.74922324660206,47.3621484661799,47.47677993774414,33758000,0.0,0.0
2017-05-10 00:00:00-04:00,47.45246260358555,47.476776877223294,47.13585456579633,47.38397979736328,22920000,0.0,0.0
2017-05-11 00:00:00-04:00,47.20780998489091,47.54030067802731,47.074815979290726,47.43608474731445,20622000,0.0,0.0
2017-05-12 00:00:00-04:00,47.53335046365582,47.53979817562925,47.24602027611878,47.39886474609375,24298000,0.0,0.0
2017-05-15 00:00:00-04:00,47.40631211349413,47.77403238912884,47.283737426252316,47.60133743286133,26754000,0.0,0.0
2017-05-16 00:00:00-04:00,47.81621240764918,47.93282777685968,47.65741241963593,47.868812561035156,22030000,0.0,0.0
2017-05-17 00:00:00-04:00,47.6251600544227,47.689175277135526,46.65052185226562,46.75523376464844,48982000,0.0,0.0
2017-05-18 00:00:00-04:00,46.806341317609295,47.35122408833866,46.71056458900086,47.16860580444336,36010000,0.0,0.0
2017-05-19 00:00:00-04:00,47.28373669498251,47.61821130278275,47.243043792492934,47.374549865722656,27206000,0.0,0.0
2017-05-22 00:00:00-04:00,47.49116489337226,47.879235366849606,47.469330510397356,47.84201431274414,27748000,0.0,0.0
2017-05-23 00:00:00-04:00,48.134307826405326,48.360098894756774,47.86335248663909,48.1635856628418,30908000,0.0,0.0
2017-05-24 00:00:00-04:00,48.39732736133703,48.53925276477097,48.217188942461085,48.513946533203125,22660000,0.0,0.0
2017-05-25 00:00:00-04:00,48.582920196436895,49.41562915476303,48.52436073468418,49.22109603881836,39082000,0.0,0.0
2017-05-26 00:00:00-04:00,49.22804579399912,49.445901237505566,48.997787117442726,49.291072845458984,32728000,0.0,0.0
2017-05-30 00:00:00-04:00,49.2528637801841,49.50694455963105,49.196292008789854,49.43498611450195,30324000,0.0,0.0
2017-05-31 00:00:00-04:00,49.43697198540054,49.60519935961232,48.71591855745543,48.98439025878906,34482000,0.0,0.0
2017-06-01 00:00:00-04:00,49.17643570727521,49.28461945806462,48.69656009093499,49.04393768310547,26128000,0.0,0.0
2017-06-02 00:00:00-04:00,49.058826951613746,49.45036930865034,48.98339666636543,49.43250274658203,34710000,0.0,0.0
2017-06-05 00:00:00-04:00,49.520339072768635,49.992271484562316,49.39925232202065,49.81759262084961,27578000,0.0,0.0
2017-06-06 00:00:00-04:00,49.789304046112,50.0523161762549,49.36699594712542,49.460289001464844,31042000,0.0,0.0
2017-06-07 00:00:00-04:00,49.57988696106635,49.81908081046018,49.42009500491669,49.699485778808594,27482000,0.0,0.0
2017-06-08 00:00:00-04:00,49.83496062990177,49.902947461120334,49.4573170101493,49.83744430541992,33758000,0.0,0.0
2017-06-09 00:00:00-04:00,49.89749316106592,49.897989138965876,47.31103277630268,48.14225387573242,72958000,0.0,0.0
2017-06-12 00:00:00-04:00,47.57652177009396,48.037042863135326,46.488740167416154,47.729862213134766,84042000,0.0,0.0
2017-06-13 00:00:00-04:00,48.23753216399073,48.52883019214543,47.739789971222606,48.161109924316406,40108000,0.0,0.0
2017-06-14 00:00:00-04:00,48.40923280364804,48.6176570835201,47.615725034402175,48.0335693359375,30110000,0.0,0.0
2017-06-15 00:00:00-04:00,47.04553690509626,47.67378940965939,46.66590560748003,47.64897537231445,48552000,0.0,0.0
2017-06-16 00:00:00-04:00,47.53633036033255,47.6375666404689,47.07928484519663,47.571563720703125,51184000,0.0,0.0
2017-06-19 00:00:00-04:00,48.118921268467076,48.5978049035857,48.04696662178621,48.39533615112305,29376000,0.0,0.0
2017-06-20 00:00:00-04:00,48.39980623110696,48.671753562459045,48.04697285549628,48.086177825927734,25946000,0.0,0.0
2017-06-21 00:00:00-04:00,48.175497741058905,48.61021285475798,48.1089988492639,48.56257247924805,23232000,0.0,0.0
2017-06-22 00:00:00-04:00,48.4772126492571,48.657354821514716,48.30054989390375,48.46480941772461,20190000,0.0,0.0
2017-06-23 00:00:00-04:00,48.40923653512779,48.96106683451977,48.35762454598657,48.93476486206055,31280000,0.0,0.0
2017-06-26 00:00:00-04:00,49.128797921229555,49.32680289418331,48.15267179552754,48.240013122558594,30358000,0.0,0.0
2017-06-27 00:00:00-04:00,47.719448391080846,47.99833940653162,46.999386939253284,47.04901123046875,48872000,0.0,0.0
2017-06-28 00:00:00-04:00,47.176545420399115,47.80082629514785,46.45698000842025,47.690162658691406,54912000,0.0,0.0
2017-06-29 00:00:00-04:00,47.210793007621085,47.226175894953286,46.13144664128115,46.539363861083984,64134000,0.0,0.0
2017-06-30 00:00:00-04:00,46.84555228724542,46.89567255825816,46.13194230680851,46.13541793823242,45754000,0.0,0.0
2017-07-03 00:00:00-04:00,46.31108669671117,46.36170672945465,45.42230190340284,45.62824630737305,33896000,0.0,0.0
2017-07-05 00:00:00-04:00,45.86346903704223,46.463435693270874,45.587057909915366,46.26344680786133,41882000,0.0,0.0
2017-07-06 00:00:00-04:00,45.90316925530482,46.455991500775355,45.647600561797674,46.036659240722656,40298000,0.0,0.0
2017-07-07 00:00:00-04:00,46.2004212518277,46.878797813798506,46.14086983342769,46.687740325927734,33266000,0.0,0.0
2017-07-10 00:00:00-04:00,46.744314326588245,47.29912427752377,46.744314326588245,47.19342041015625,29030000,0.0,0.0
2017-07-11 00:00:00-04:00,47.169600878601486,47.386460578325476,46.90162516913599,47.3189697265625,29224000,0.0,0.0
2017-07-12 00:00:00-04:00,47.682721650102536,48.117932764508936,47.493155879878834,48.020172119140625,32042000,0.0,0.0
2017-07-13 00:00:00-04:00,48.175996136913994,48.56803445929512,47.878246614600265,48.079227447509766,30492000,0.0,0.0
2017-07-14 00:00:00-04:00,48.33479701526849,48.510467835780986,48.14373952231558,48.47920608520508,21592000,0.0,0.0
2017-07-17 00:00:00-04:00,48.44993061909397,48.798792387823354,48.17599937427766,48.432064056396484,33210000,0.0,0.0
2017-07-18 00:00:00-04:00,48.303038679768875,49.170981090140856,48.237535520956925,48.97744369506836,28266000,0.0,0.0
2017-07-19 00:00:00-04:00,49.129296429171724,49.406699525092435,48.980419761852744,49.26626205444336,28242000,0.0,0.0
2017-07-20 00:00:00-04:00,49.47617043256222,49.559540148205805,48.86181286451785,49.23747634887695,28368000,0.0,0.0
2017-07-21 00:00:00-04:00,49.079173018907035,49.38238209117647,48.83948319000982,49.319358825683594,29266000,0.0,0.0
2017-07-24 00:00:00-04:00,49.33226699455003,49.932233703465144,49.142201436296226,49.54118728637695,79690000,0.0,0.0
2017-07-25 00:00:00-04:00,48.171027567438045,48.470264992264696,47.82861357000242,48.08815383911133,118672000,0.0,0.0
2017-07-26 00:00:00-04:00,48.27425677033935,48.332316474369,47.65146374690554,47.90355682373047,44432000,0.0,0.0
2017-07-27 00:00:00-04:00,48.095601938273454,48.11247654391243,46.501646453008206,47.26835250854492,74358000,0.0,0.0
2017-07-28 00:00:00-04:00,47.04404958365928,47.728873861858474,46.9110517937302,47.55717086791992,36276000,0.0,0.0
2017-07-31 00:00:00-04:00,47.640040416827176,47.69909585251819,46.733389171187284,46.92047882080078,45670000,0.0,0.0
2017-08-01 00:00:00-04:00,47.0351148046934,47.36660975438522,46.89368538985332,46.97308349609375,28052000,0.0,0.0
2017-08-02 00:00:00-04:00,47.062905308119326,47.09913440965353,46.276348759406865,47.02667999267578,40788000,0.0,0.0
2017-08-03 00:00:00-04:00,47.09913263430074,47.143793358053344,46.61975299724924,46.66242980957031,22478000,0.0,0.0
2017-08-04 00:00:00-04:00,46.84356635978719,47.021720872676646,46.63762572491079,46.934879302978516,25092000,0.0,0.0
2017-08-07 00:00:00-04:00,47.020725335952655,47.09218779849019,46.82123242927371,46.93288803100586,28916000,0.0,0.0
2017-08-08 00:00:00-04:00,46.86043612951046,47.267361364108034,46.77061491545383,46.855472564697266,30102000,0.0,0.0
2017-08-09 00:00:00-04:00,46.57062613425784,46.834134256424264,46.34582321666199,46.65151596069336,28018000,0.0,0.0
2017-08-10 00:00:00-04:00,46.39942363001695,46.46393483463812,45.743381139076064,45.83320236206055,54148000,0.0,0.0
2017-08-11 00:00:00-04:00,45.83915367368673,46.3180335642897,45.71558703292893,46.15576171875,32334000,0.0,0.0
2017-08-14 00:00:00-04:00,46.60138793592993,46.69914857390887,46.37410514833401,46.59444046020508,23012000,0.0,0.0
2017-08-15 00:00:00-04:00,46.69866197940175,46.79989826863004,46.48081029900249,46.552268981933594,22130000,0.0,0.0
2017-08-16 00:00:00-04:00,46.709582659757785,47.13883832210315,46.64953525327502,46.85945129394531,26906000,0.0,0.0
2017-08-17 00:00:00-04:00,46.793942038038246,46.836618855977704,46.034183367639976,46.03517532348633,33914000,0.0,0.0
2017-08-18 00:00:00-04:00,46.00142809117825,46.201912960923664,45.82625323888696,45.961727142333984,26748000,0.0,0.0
2017-08-21 00:00:00-04:00,45.941380937995106,46.06444781218914,45.585567931692054,45.69821548461914,26024000,0.0,0.0
2017-08-22 00:00:00-04:00,46.00043500831304,46.74481074349614,45.96123003833307,46.667396545410156,35502000,0.0,0.0
2017-08-23 00:00:00-04:00,46.4986628761525,46.91700313151311,46.41132534641642,46.77557373046875,22690000,0.0,0.0
2017-08-24 00:00:00-04:00,46.83165225161101,46.96067464247233,46.18801308649525,46.49320983886719,25892000,0.0,0.0
2017-08-25 00:00:00-04:00,46.60834464270187,46.68377493495255,46.156262653218135,46.17611312866211,23746000,0.0,0.0
2017-08-28 00:00:00-04:00,46.24459231590403,46.39197725724702,45.958254057354154,46.05849838256836,20988000,0.0,0.0
2017-08-29 00:00:00-04:00,45.65256873546102,46.55772845766883,45.620807217487155,46.436641693115234,23172000,0.0,0.0
2017-08-30 00:00:00-04:00,46.432668303021586,46.938346137692044,46.35227445491065,46.82768249511719,22406000,0.0,0.0
2017-08-31 00:00:00-04:00,46.96018494273795,47.50109997367631,46.95770505315194,47.40383529663086,33866000,0.0,0.0
2017-09-01 00:00:00-04:00,47.51449339200041,47.55717020443395,47.157688434535075,47.24254608154297,20858000,0.0,0.0
2017-09-05 00:00:00-04:00,46.987969186022546,47.2127720964175,46.42919144524409,46.72098922729492,29148000,0.0,0.0
2017-09-06 00:00:00-04:00,46.839596421161126,46.870858173291566,46.28429047651146,46.7477912902832,27830000,0.0,0.0
2017-09-07 00:00:00-04:00,46.85844942007741,47.16860594579651,46.52496679139255,47.13833236694336,22332000,0.0,0.0
2017-09-08 00:00:00-04:00,47.1289068512032,47.178531140047454,46.64803927648587,46.71751403808594,19998000,0.0,0.0
2017-09-11 00:00:00-04:00,47.004847270954606,47.276790814477344,46.697170602509935,46.810813903808594,26748000,0.0,0.0
2017-09-12 00:00:00-04:00,46.990949481105986,47.049009179940434,46.52348087888303,46.9775505065918,25696000,0.0,0.0
2017-09-13 00:00:00-04:00,46.920480957237665,47.28522533617417,46.88276392446798,47.165626525878906,21908000,0.0,0.0
2017-09-14 00:00:00-04:00,46.94528970073551,47.046029991411984,46.56615440428135,46.65399169921875,28548000,0.0,0.0
2017-09-15 00:00:00-04:00,46.652008791571085,46.73438654606956,46.21332207136566,46.4138069152832,39886000,0.0,0.0
2017-09-18 00:00:00-04:00,46.39991755941593,46.4917226900335,45.92302155757706,46.13888931274414,29474000,0.0,0.0
2017-09-19 00:00:00-04:00,46.32051506686896,46.54531418905626,45.985544497834866,46.49171829223633,24854000,0.0,0.0
2017-09-20 00:00:00-04:00,46.534901516802314,47.14379960507572,46.523486452377355,47.02172088623047,40080000,0.0,0.0
2017-09-21 00:00:00-04:00,47.05099862982551,47.28274524202069,46.616779458784144,47.022212982177734,27414000,0.0,0.0
2017-09-22 00:00:00-04:00,46.78500808200318,47.14379697750564,46.68923134281122,46.809322357177734,21496000,0.0,0.0
2017-09-25 00:00:00-04:00,46.62025006648833,46.63513697475437,45.8788502316786,46.36368942260742,37468000,0.0,0.0
2017-09-26 00:00:00-04:00,46.4832829808281,46.850011277574154,46.40537281078783,46.52000427246094,33454000,0.0,0.0
2017-09-27 00:00:00-04:00,46.78352226244843,47.909513292070834,46.74431729035093,47.63508605957031,46692000,0.0,0.0
2017-09-28 00:00:00-04:00,47.45394664840734,47.946721440016304,47.41920927027826,47.87873840332031,28018000,0.0,0.0
2017-09-29 00:00:00-04:00,47.9377930383633,48.42461612640098,47.9377930383633,48.320899963378906,40622000,0.0,0.0
2017-10-02 00:00:00-04:00,48.41667159465409,48.520387746751204,47.73680718215769,48.010738372802734,30782000,0.0,0.0
2017-10-03 00:00:00-04:00,48.015206469392695,48.257379957979765,47.77452848652746,48.2395133972168,21666000,0.0,0.0
2017-10-04 00:00:00-04:00,48.22364240161504,48.35465251031311,47.91844560185341,47.97650909423828,21156000,0.0,0.0
2017-10-05 00:00:00-04:00,48.27474905020129,48.95560551159922,48.149694477185655,48.890098571777344,35618000,0.0,0.0
2017-10-06 00:00:00-04:00,48.63255562607581,49.34021017732994,48.55861326168462,49.30944061279297,31060000,0.0,0.0
2017-10-09 00:00:00-04:00,49.376924897623525,49.64787649017325,49.20323797932242,49.24343490600586,25910000,0.0,0.0
2017-10-10 00:00:00-04:00,49.391810670282275,49.49949845019626,48.6876318609449,49.019622802734375,23268000,0.0,0.0
2017-10-11 00:00:00-04:00,49.08115626282671,50.00071059689556,49.02656840811587,49.90542984008789,36300000,0.0,0.0
2017-10-12 00:00:00-04:00,49.81560862596943,50.19771982285468,49.67963496706493,49.90542984008789,30614000,0.0,0.0
2017-10-13 00:00:00-04:00,50.07713362911123,50.35751257519346,49.975401372258496,50.01559829711914,26552000,0.0,0.0
2017-10-16 00:00:00-04:00,50.10293761690179,50.22054874228806,49.70047994830035,50.08904266357422,21420000,0.0,0.0
2017-10-17 00:00:00-04:00,49.994262353966306,50.34759171288629,49.92528356427712,50.17092514038086,20260000,0.0,0.0
2017-10-18 00:00:00-04:00,50.17340512014817,50.434429564257954,49.88905078577245,50.25727081298828,25596000,0.0,0.0
2017-10-19 00:00:00-04:00,49.86076725923442,49.98830551315165,49.49106306703262,49.71635818481445,34284000,0.0,0.0
2017-10-20 00:00:00-04:00,49.97490457320311,50.05430267976816,49.737694637071314,49.87664794921875,32120000,0.0,0.0
2017-10-23 00:00:00-04:00,49.88210511054925,49.91237869206528,48.78638394924235,48.907470703125,32786000,0.0,0.0
2017-10-24 00:00:00-04:00,48.95511472809701,49.09208035672033,48.487646070254186,49.05386734008789,28902000,0.0,0.0
2017-10-25 00:00:00-04:00,48.94369179674445,49.348633096357005,48.51939978905542,49.20124816894531,30574000,0.0,0.0
2017-10-26 00:00:00-04:00,49.54912202546478,49.948107837748644,49.15212012471834,49.19926452636719,47396000,0.0,0.0
2017-10-27 00:00:00-04:00,51.16293112366168,52.78219678889337,50.95748268447673,51.29592514038086,103682000,0.0,0.0
2017-10-30 00:00:00-04:00,51.07211387922484,51.60161380045673,50.733175472396844,51.269126892089844,46804000,0.0,0.0
2017-10-31 00:00:00-04:00,51.26267597007089,51.65967408142236,50.930185271874535,51.2646598815918,30326000,0.0,0.0
2017-11-01 00:00:00-04:00,51.42742644008691,52.00009910313571,51.312295219643225,51.739070892333984,43262000,0.0,0.0
2017-11-02 00:00:00-04:00,51.60955392842729,51.883981140435175,51.04730052943399,51.7574348449707,26694000,0.0,0.0
2017-11-03 00:00:00-04:00,51.74652336870633,52.13905770901637,51.49343454516898,52.10580825805664,27770000,0.0,0.0
2017-11-06 00:00:00-05:00,52.06163772643483,52.23482865285594,51.709296567056526,51.7430419921875,18294000,0.0,0.0
2017-11-07 00:00:00-05:00,52.088929446317486,52.27552313896581,51.75892621121859,52.22490310668945,26104000,0.0,0.0
2017-11-08 00:00:00-05:00,52.108779631309304,52.73604019981871,51.959906760843886,52.51769256591797,24276000,0.0,0.0
2017-11-09 00:00:00-05:00,52.007055201569166,52.1499725625434,51.40410886037949,51.993160247802734,35892000,0.0,0.0
2017-11-10 00:00:00-05:00,51.802099309849076,51.93906492678788,51.67059323569073,51.81599426269531,19442000,0.0,0.0
2017-11-13 00:00:00-05:00,51.64974715362872,52.043769370356685,51.573324918379186,51.66959762573242,18814000,0.0,0.0
2017-11-14 00:00:00-05:00,51.49690362323988,51.72418642175443,51.080547251487864,51.69143295288086,21012000,0.0,0.0
2017-11-15 00:00:00-05:00,51.36192165694365,51.59168434353382,51.15150967877325,51.43189239501953,18106000,0.0,0.0
2017-11-16 00:00:00-05:00,51.54801710655975,52.19364020404737,51.5107998360815,52.030372619628906,23768000,0.0,0.0
2017-11-17 00:00:00-05:00,52.09637741576298,52.15592505067583,51.29890176821728,51.406089782714844,26712000,0.0,0.0
2017-11-20 00:00:00-05:00,51.41154973839089,51.54553949020224,51.24679421310627,51.345054626464844,17526000,0.0,0.0
2017-11-21 00:00:00-05:00,51.61203184522961,52.12565288958636,51.567371121071915,52.121185302734375,22206000,0.0,0.0
2017-11-22 00:00:00-05:00,52.163870636756286,52.375770587415765,51.96983725033283,52.20158767700195,14538000,0.0,0.0
2017-11-24 00:00:00-05:00,52.32415907473876,52.606029758531534,52.20158438081687,52.42985916137695,16492000,0.0,0.0
2017-11-27 00:00:00-05:00,52.53158960777733,53.249663375185534,52.343011997161184,53.19854736328125,35430000,0.0,0.0
2017-11-28 00:00:00-05:00,53.29680742258889,53.5950529373588,52.331600370669904,52.76581954956055,36424000,0.0,0.0
2017-11-29 00:00:00-05:00,52.41297956805976,52.54150977079057,51.09642714917222,51.48003005981445,55866000,0.0,0.0
2017-11-30 00:00:00-05:00,51.6070687480819,51.81549301959645,51.117269816977554,51.419979095458984,45092000,0.0,0.0
2017-12-01 00:00:00-05:00,51.134140471762,51.473078847326335,50.46370717415714,50.869144439697266,37762000,0.0,0.0
2017-12-04 00:00:00-05:00,51.00462036816599,51.18029496499004,50.08258618899026,50.21409225463867,38778000,0.0,0.0
2017-12-05 00:00:00-05:00,50.170426520421735,51.445294117772754,49.74017896190089,50.59769821166992,38998000,0.0,0.0
2017-12-06 00:00:00-05:00,50.444852185282436,51.58920562972724,50.38480478897441,51.248779296875,28710000,0.0,0.0
2017-12-07 00:00:00-05:00,51.41502182585161,52.05270168945246,51.37978846771622,51.83683395385742,30866000,0.0,0.0
2017-12-08 00:00:00-05:00,52.196121809743886,52.42489255494484,51.90085216727183,52.07553482055664,31170000,0.0,0.0
2017-12-11 00:00:00-05:00,52.16138659924124,52.40405230745998,51.814508739827055,52.204063415527344,23254000,0.0,0.0
2017-12-12 00:00:00-05:00,52.10629691851809,52.72660997707188,51.85172019697783,52.045257568359375,33882000,0.0,0.0
2017-12-13 00:00:00-05:00,52.20952674766839,52.37825011344205,51.936587437044935,52.17528533935547,27680000,0.0,0.0
2017-12-14 00:00:00-05:00,52.37874837032207,52.95390103175052,52.28495553709253,52.47700500488281,30962000,0.0,0.0
2017-12-15 00:00:00-05:00,52.79013424313065,53.359335134872346,52.60701996130887,53.19805145263672,63760000,0.0,0.0
2017-12-18 00:00:00-05:00,53.41887760717587,53.917115750781115,53.11716027393845,53.84764099121094,30292000,0.0,0.0
2017-12-19 00:00:00-05:00,53.744917023004,53.841685708982446,53.21144551940759,53.584129333496094,26350000,0.0,0.0
2017-12-20 00:00:00-05:00,53.64070729562258,53.65609018183929,53.02932559511545,53.27546691894531,28728000,0.0,0.0
2017-12-21 00:00:00-05:00,53.36627865572526,53.471978731006146,53.04917464379209,53.1409797668457,25640000,0.0,0.0
2017-12-22 00:00:00-05:00,53.09879664622426,53.18415026734827,52.98168151305227,53.0422248840332,17788000,0.0,0.0
2017-12-26 00:00:00-05:00,53.03130632302311,53.042225407735316,52.53505588217745,52.892852783203125,18376000,0.0,0.0
2017-12-27 00:00:00-05:00,52.93007631438394,53.012950051016446,52.522155343473464,52.61247253417969,22324000,0.0,0.0
2017-12-28 00:00:00-05:00,52.714205801835746,52.84273600720423,52.27403111683675,52.40156936645508,19884000,0.0,0.0
2017-12-29 00:00:00-05:00,52.37874054780052,52.505779027442706,52.240283219299755,52.275020599365234,23606000,0.0,0.0
2018-01-02 00:00:00-05:00,52.25617025270984,53.39556020053394,52.25617025270984,53.25809860229492,31766000,0.0,0.0
2018-01-03 00:00:00-05:00,53.29382310488846,54.394011768856736,53.269012854206274,54.16672897338867,31318000,0.0,0.0
2018-01-04 00:00:00-05:00,54.44314678270833,54.79002464584954,54.30270931256025,54.37714385986328,26052000,0.0,0.0
2018-01-05 00:00:00-05:00,54.758755942293035,55.2614578852317,54.67687416456261,55.09819030761719,30250000,0.0,0.0
2018-01-08 00:00:00-05:00,55.13342482258022,55.53836613302585,55.08380053427195,55.292720794677734,24644000,0.0,0.0
2018-01-09 00:00:00-05:00,55.502642267895226,55.502642267895226,54.994480721798055,55.222259521484375,26808000,0.0,0.0
2018-01-10 00:00:00-05:00,54.93492751056001,55.2217617465006,54.78506268002627,55.09075164794922,20734000,0.0,0.0
2018-01-11 00:00:00-05:00,55.19843842798299,55.324484959266414,54.90912430783334,55.1855354309082,22424000,0.0,0.0
2018-01-12 00:00:00-05:00,55.088771313612035,56.14081999345438,54.985055136611116,56.10856628417969,38586000,0.0,0.0
2018-01-16 00:00:00-05:00,56.587938010459986,57.01322579553875,55.9105571605299,56.11104202270508,36462000,0.0,0.0
2018-01-17 00:00:00-05:00,56.39191940730114,56.538808365710146,55.7532437778964,56.52789306640625,27830000,0.0,0.0
2018-01-18 00:00:00-05:00,56.540293788359044,56.60182911673487,55.80137765608824,56.372562408447266,27498000,0.0,0.0
2018-01-19 00:00:00-05:00,56.474794960223306,56.76013747627442,56.200367743826874,56.74624252319336,30552000,0.0,0.0
2018-01-22 00:00:00-05:00,56.762124043174204,57.90647752409935,56.662871675936096,57.7714958190918,29550000,0.0,0.0
2018-01-23 00:00:00-05:00,58.09207350050602,58.48361586672038,57.92483808376147,58.36749267578125,39138000,0.0,0.0
2018-01-24 00:00:00-05:00,58.804688966213476,58.907413177364646,57.93227903128399,58.12532043457031,37128000,0.0,0.0
2018-01-25 00:00:00-05:00,58.592783190417045,58.80567504563703,58.15260855090556,58.66374588012695,29984000,0.0,0.0
2018-01-26 00:00:00-05:00,58.931228436085426,58.932716369628906,57.963541580164076,58.932716369628906,42170000,0.0,0.0
2018-01-29 00:00:00-05:00,58.95455396687607,59.45080440839492,58.759028900108504,58.87912368774414,31494000,0.0,0.0
2018-01-30 00:00:00-05:00,58.44441449933271,58.95108431301713,58.28511472940525,58.42704391479492,37338000,0.0,0.0
2018-01-31 00:00:00-05:00,58.74662673993285,58.871189124546724,58.16551860611946,58.667724609375,36022000,0.0,0.0
2018-02-01 00:00:00-05:00,58.35855649396602,58.92726136028972,58.029541444345845,58.63645553588867,73514000,0.0,0.0
2018-02-02 00:00:00-05:00,55.94826905865259,56.140814483925396,55.14186204237714,55.54035186767578,117842000,0.0,0.0
2018-02-05 00:00:00-05:00,54.61782187208808,55.33143180962722,52.440774316330746,52.721153259277344,83550000,0.0,0.0
2018-02-06 00:00:00-05:00,51.31130902345979,53.96128479980708,51.1142960056207,53.81489181518555,76630000,0.0,0.0
2018-02-07 00:00:00-05:00,53.84168030276922,53.919094486560766,52.33555852602871,52.37476348876953,51942000,0.0,0.0
2018-02-08 00:00:00-05:00,52.596100374751174,52.79757719506311,49.85828727297066,50.007659912109375,66792000,0.0,0.0
2018-02-09 00:00:00-05:00,50.9093405758253,52.19165157410531,49.47616901467817,51.92119598388672,98360000,0.0,0.0
2018-02-12 00:00:00-05:00,52.43730013636036,52.878962767049636,51.8824939696113,52.33259201049805,56240000,0.0,0.0
2018-02-13 00:00:00-05:00,52.106292480819036,52.6630862525524,51.953448022560494,52.31174087524414,31586000,0.0,0.0
2018-02-14 00:00:00-05:00,52.320677213428844,53.370245858338976,52.0963740689642,53.232784271240234,41304000,0.0,0.0
2018-02-15 00:00:00-05:00,53.766260082746875,54.294768067501664,52.96134096810648,54.15879440307617,37396000,0.0,0.0
2018-02-16 00:00:00-05:00,54.259034663539495,54.99993855138818,54.168221490455714,54.36424255371094,39948000,0.0,0.0
2018-02-20 00:00:00-05:00,54.22826954668161,55.39594538576637,54.09130392551664,54.765708923339844,33754000,0.0,0.0
2018-02-21 00:00:00-05:00,55.03913900524265,56.38397726499764,54.96023309408838,55.269893646240234,41486000,0.0,0.0
2018-02-22 00:00:00-05:00,55.53885965461492,55.85100008677696,54.84311633508414,55.078834533691406,28010000,0.0,0.0
2018-02-23 00:00:00-05:00,55.5135569921039,56.026682098026,55.006391193169385,55.98152160644531,25292000,0.0,0.0
2018-02-26 00:00:00-05:00,56.168601178902755,56.78097480128656,56.04354661241557,56.75616455078125,30912000,0.0,0.0
2018-02-27 00:00:00-05:00,56.75616345480565,56.78345738009774,55.420752599014556,55.45648193359375,42964000,0.0,0.0
2018-02-28 00:00:00-05:00,55.67930567388649,55.959688423416,54.73643273432952,54.78208541870117,49292000,0.0,0.0
2018-03-01 00:00:00-05:00,55.06097854323342,55.146828152317056,52.964317175280286,53.16877365112305,55338000,0.0,0.0
2018-03-02 00:00:00-05:00,52.50230156213313,53.936964773941106,52.11175498548934,53.80049514770508,50162000,0.0,0.0
2018-03-05 00:00:00-05:00,53.50225291516991,54.64610659754565,53.21144708473962,54.3275146484375,28648000,0.0,0.0
2018-03-06 00:00:00-05:00,54.6917650131946,54.86694364392529,54.31461358782907,54.6322135925293,23382000,0.0,0.0
2018-03-07 00:00:00-05:00,54.23123954061141,55.39147558559538,54.08683048055281,55.33390808105469,30748000,0.0,0.0
2018-03-08 00:00:00-05:00,55.44110560536582,56.14776430734299,55.44110560536582,56.04553985595703,33862000,0.0,0.0
2018-03-09 00:00:00-05:00,56.547739214637446,57.61467847617771,56.28919465974288,57.60673904418945,42662000,0.0,0.0
2018-03-12 00:00:00-04:00,57.81566048237289,58.46624715991599,57.52535440754589,57.85933303833008,44306000,0.0,0.0
2018-03-13 00:00:00-04:00,58.15211684765045,58.458305561520525,56.30308866796422,56.568084716796875,43140000,0.0,0.0
2018-03-14 00:00:00-04:00,56.86038100642698,57.553144739239166,56.68917398475328,57.01372146606445,41870000,0.0,0.0
2018-03-15 00:00:00-04:00,57.04747092603321,57.6891224796975,56.35718703382649,57.09907913208008,33382000,0.0,0.0
2018-03-16 00:00:00-04:00,57.33429228538885,57.40674290594769,56.14378653550578,56.29563903808594,58656000,0.0,0.0
2018-03-19 00:00:00-04:00,55.46889585385812,55.54878994224514,54.03770809253903,54.59103012084961,63656000,0.0,0.0
2018-03-20 00:00:00-04:00,54.50814607512431,54.862967105645666,53.715138090385246,54.37912368774414,54598000,0.0,0.0
2018-03-21 00:00:00-04:00,54.21883604453977,55.019287487041886,53.952844264742374,54.289798736572266,44898000,0.0,0.0
2018-03-22 00:00:00-04:00,53.59554237358972,53.78957571607382,52.08842854679746,52.26261520385742,69312000,0.0,0.0
2018-03-23 00:00:00-04:00,52.17428743778185,52.93900961222988,50.85922290334337,50.94259262084961,49880000,0.0,0.0
2018-03-26 00:00:00-04:00,52.13607040179566,52.566321717256976,50.150076671372986,52.309261322021484,65984000,0.0,0.0
2018-03-27 00:00:00-04:00,52.79609052042724,52.827852036652054,49.506943016228995,49.96944808959961,60816000,0.0,0.0
2018-03-28 00:00:00-04:00,49.719831124387454,50.8651765277223,48.83104636258187,49.882102966308594,77698000,0.0,0.0
2018-03-29 00:00:00-04:00,50.181349438831134,52.00953539791008,49.82553639585616,51.46812438964844,69338000,0.0,0.0
2018-04-02 00:00:00-04:00,50.99569171418106,51.58672696755063,49.33970488229298,50.25181198120117,65068000,0.0,0.0
2018-04-03 00:00:00-04:00,50.426485745995244,50.86566843109091,49.48857274805552,50.55203628540039,51322000,0.0,0.0
2018-04-04 00:00:00-04:00,49.53720572466153,51.249767958339014,49.45185210452574,51.099403381347656,50724000,0.0,0.0
2018-04-05 00:00:00-04:00,51.927148723695296,51.94302758648666,50.81604479823493,51.24480438232422,35836000,0.0,0.0
2018-04-06 00:00:00-04:00,50.77138701791852,51.411550611883996,49.93520614397591,50.11882019042969,40134000,0.0,0.0
2018-04-09 00:00:00-04:00,50.61952941671248,51.837825170624825,50.57784456096985,50.622013092041016,33220000,0.0,0.0
2018-04-10 00:00:00-04:00,51.12669885509428,51.67009369839782,50.38976664103749,51.43635940551758,36620000,0.0,0.0
2018-04-11 00:00:00-04:00,51.213046472913256,51.40509591777414,50.57784648349582,50.868648529052734,34060000,0.0,0.0
2018-04-12 00:00:00-04:00,51.1867524922895,51.84080726653926,50.91778480903561,51.47556686401367,32896000,0.0,0.0
2018-04-13 00:00:00-04:00,51.95196349844492,52.25417680406173,51.12123847962914,51.41352844238281,25410000,0.0,0.0
2018-04-16 00:00:00-04:00,51.88546776108672,52.17726176373882,51.30832746807676,51.91276168823242,29776000,0.0,0.0
2018-04-17 00:00:00-04:00,52.66210162928209,53.84317639363368,52.45814113987707,53.563289642333984,54584000,0.0,0.0
2018-04-18 00:00:00-04:00,53.5459220284732,53.69429891878459,53.12460586736447,53.36627960205078,31126000,0.0,0.0
2018-04-19 00:00:00-04:00,53.05016746800002,54.463984559405986,53.05016746800002,54.06400680541992,39884000,0.0,0.0
2018-04-20 00:00:00-04:00,53.80695296082263,54.327021748971184,53.20301468966142,53.462059020996094,42434000,0.0,0.0
2018-04-23 00:00:00-04:00,53.742937770902344,53.99205877599945,52.93405077602428,53.28787612915039,69590000,0.0,0.0
2018-04-24 00:00:00-04:00,52.56284888476104,52.825365050270115,50.263226659685515,50.748558044433594,128220000,0.0,0.0
2018-04-25 00:00:00-04:00,51.101396799449994,51.415029007584835,50.469172603940635,50.765933990478516,57860000,0.0,0.0
2018-04-26 00:00:00-04:00,51.27359298316897,52.20654633751157,50.639880888595115,51.77431106567383,50926000,0.0,0.0
2018-04-27 00:00:00-04:00,51.88497186815947,52.19066082381925,50.99420318654068,51.185752868652344,40746000,0.0,0.0
2018-04-30 00:00:00-04:00,51.333145426878986,51.52916271055921,50.53318985478102,50.54708480834961,34492000,0.0,0.0
2018-05-01 00:00:00-04:00,50.4339378597422,51.69590254049094,50.15157119900512,51.64727020263672,35326000,0.0,0.0
2018-05-02 00:00:00-04:00,51.31230005016539,51.80755857112997,50.77436471513222,50.917781829833984,34698000,0.0,0.0
2018-05-03 00:00:00-04:00,50.88403475292571,51.14803884700509,50.01658840256139,50.93018341064453,39282000,0.0,0.0
2018-05-04 00:00:00-04:00,50.59818809111484,52.19959067204122,50.520773904358805,52.15591812133789,36892000,0.0,0.0
2018-05-07 00:00:00-04:00,52.2993411382258,52.85067544475037,52.11969870907081,52.57575225830078,34400000,0.0,0.0
2018-05-08 00:00:00-04:00,52.83181496413261,52.862088543844074,52.18768359971397,52.53257751464844,26030000,0.0,0.0
2018-05-09 00:00:00-04:00,52.80601328926523,54.28980110521576,52.707256903428735,54.03919219970703,47160000,0.0,0.0
2018-05-10 00:00:00-04:00,54.33942457481275,55.054522416158676,54.28384476641588,54.8589973449707,36414000,0.0,0.0
2018-05-11 00:00:00-04:00,54.60789841925767,55.03467412844142,54.449594397395124,54.75528335571289,30504000,0.0,0.0
2018-05-14 00:00:00-04:00,54.86396882378479,55.488253588685275,54.82575959304547,54.91508483886719,39338000,0.0,0.0
2018-05-15 00:00:00-04:00,54.43371794094132,54.54388561127285,53.534510015766045,53.836727142333984,35738000,0.0,0.0
2018-05-16 00:00:00-04:00,53.84764367043649,54.30866078186636,53.67594067435831,53.79801559448242,25628000,0.0,0.0
2018-05-17 00:00:00-04:00,53.667508459563784,54.14092883207688,53.41739551168557,53.6575813293457,25738000,0.0,0.0
2018-05-18 00:00:00-04:00,52.90029823739565,53.28390114509069,52.83479508491653,53.0809326171875,35482000,0.0,0.0
2018-05-21 00:00:00-04:00,53.545427093560406,54.255065425365196,53.49580280320083,53.79404830932617,25180000,0.0,0.0
2018-05-22 00:00:00-04:00,54.08137797870641,54.180626558439414,53.210951957145525,53.362308502197266,22226000,0.0,0.0
2018-05-23 00:00:00-04:00,53.09879966095015,53.99205201080423,52.94793909581521,53.89081573486328,23740000,0.0,0.0
2018-05-24 00:00:00-04:00,53.937467475138334,53.94838277494362,53.21294220727915,53.865509033203125,20604000,0.0,0.0
2018-05-25 00:00:00-04:00,53.92009054468926,54.069959145675114,53.72407328825128,53.797515869140625,22224000,0.0,0.0
2018-05-29 00:00:00-04:00,53.39655132530935,53.66155117370792,52.75539579079797,53.00302505493164,36076000,0.0,0.0
2018-05-30 00:00:00-04:00,53.27149652325068,53.544931780637256,52.927594545512974,53.46950149536133,28686000,0.0,0.0
2018-05-31 00:00:00-04:00,53.69429876604806,55.083801581642845,53.495801609040726,54.58755111694336,79368000,0.0,0.0
2018-06-01 00:00:00-04:00,55.22622753620622,56.48124464641408,55.18354693646333,56.32442855834961,63202000,0.0,0.0
2018-06-04 00:00:00-04:00,56.49811991781622,57.45886320901613,56.42368158395108,57.219669342041016,44754000,0.0,0.0
2018-06-05 00:00:00-04:00,57.30005726377672,57.61964116647464,56.94275632709376,57.11941909790039,32964000,0.0,0.0
2018-06-06 00:00:00-04:00,57.20626426653391,57.30253697655367,56.38993392889462,56.91744613647461,34934000,0.0,0.0
2018-06-07 00:00:00-04:00,56.79982887343293,56.863844085201784,55.88375029380312,56.29563903808594,36108000,0.0,0.0
2018-06-08 00:00:00-04:00,56.136350399231766,56.51201009610915,55.74034046530058,56.21078872680664,27284000,0.0,0.0
2018-06-11 00:00:00-04:00,56.22220001073345,56.95665237088891,56.145777771667234,56.61721420288086,24796000,0.0,0.0
2018-06-12 00:00:00-04:00,56.6231680188592,57.00677092234482,56.6231680188592,56.978981018066406,26092000,0.0,0.0
2018-06-13 00:00:00-04:00,57.18194483432741,57.34868804339596,56.7402822401383,56.78246307373047,34302000,0.0,0.0
2018-06-14 00:00:00-04:00,57.17847256040723,57.862304852280296,57.09857469445111,57.57051086425781,35422000,0.0,0.0
2018-06-15 00:00:00-04:00,57.56108137238259,57.75908633443675,57.251920578729745,57.52882766723633,44438000,0.0,0.0
2018-06-18 00:00:00-04:00,57.202294283493984,58.762508160811514,57.11842858976017,58.73521423339844,33038000,0.0,0.0
2018-06-19 00:00:00-04:00,58.06676613316014,58.69700258155135,57.64495397925193,58.492549896240234,47282000,0.0,0.0
2018-06-20 00:00:00-04:00,58.721316074434654,59.62399575518171,58.658292813107096,58.759525299072266,51686000,0.0,0.0
2018-06-21 00:00:00-04:00,58.83098770064752,59.070177749541266,57.737746517315756,58.033512115478516,44966000,0.0,0.0
2018-06-22 00:00:00-04:00,58.13524916841904,58.30943205905109,57.5476857463178,58.02607345581055,34220000,0.0,0.0
2018-06-25 00:00:00-04:00,57.31692830151886,57.36605661258628,55.575088121601105,56.53682327270508,57682000,0.0,0.0
2018-06-26 00:00:00-04:00,56.77800247453239,56.91347637029559,56.026679286981775,56.206321716308594,34688000,0.0,0.0
2018-06-27 00:00:00-04:00,56.3740522795533,56.88072585384283,55.41628872704481,55.428199768066406,34538000,0.0,0.0
2018-06-28 00:00:00-04:00,55.20240185432963,56.27480059885861,54.888773484742146,55.916507720947266,29726000,0.0,0.0
2018-06-29 00:00:00-04:00,56.19093446015546,56.64004049854666,55.92841831292961,56.036102294921875,31562000,0.0,0.0
2018-07-02 00:00:00-04:00,55.349297647265566,56.720933907593775,54.91507848869472,56.67726135253906,23216000,0.0,0.0
2018-07-03 00:00:00-04:00,57.04002625087778,57.06434052658334,55.30364546010263,55.395450592041016,16448000,0.0,0.0
2018-07-05 00:00:00-04:00,55.80832104341008,56.77799553257157,55.73487467980294,56.63656234741211,28594000,0.0,0.0
2018-07-06 00:00:00-04:00,56.6603937332104,57.376483591202785,56.43559080513098,57.32090377807617,21820000,0.0,0.0
2018-07-09 00:00:00-04:00,57.565057962955265,57.9585842457373,57.427596362522635,57.926326751708984,21584000,0.0,0.0
2018-07-10 00:00:00-04:00,58.0608133999503,58.23499629826715,57.692097364685694,57.91938018798828,21334000,0.0,0.0
2018-07-11 00:00:00-04:00,57.347694207729944,58.57938897670396,57.3352909750362,58.133758544921875,33252000,0.0,0.0
2018-07-12 00:00:00-04:00,58.30248596491433,59.648812292166795,58.2151446355385,59.612586975097656,44148000,0.0,0.0
2018-07-13 00:00:00-04:00,59.68900769963741,60.06814303969566,59.31632385819068,59.76940155029297,32612000,0.0,0.0
2018-07-16 00:00:00-04:00,59.73912610934193,59.982291565284704,59.22252918906716,59.37686538696289,26784000,0.0,0.0
2018-07-17 00:00:00-04:00,58.69352788722529,60.481020740249086,58.656802808962865,60.19915008544922,40162000,0.0,0.0
2018-07-18 00:00:00-04:00,59.9733639295693,60.62146700278264,59.77635467957131,60.19072341918945,38948000,0.0,0.0
2018-07-19 00:00:00-04:00,59.88006171313066,60.36787675934529,59.43740715456968,59.505393981933594,38338000,0.0,0.0
2018-07-20 00:00:00-04:00,59.51234559052119,60.084522345305295,59.38083572737768,59.444854736328125,37938000,0.0,0.0
2018-07-23 00:00:00-04:00,59.334681704918964,60.29939269211473,59.15354756632844,60.09592819213867,65446000,0.0,0.0
2018-07-24 00:00:00-04:00,63.073432741314164,63.27193368263465,61.74050548921416,62.435752868652344,107600000,0.0,0.0
2018-07-25 00:00:00-04:00,62.1613354525827,63.43272757514794,61.98417288970057,63.3185920715332,51104000,0.0,0.0
2018-07-26 00:00:00-04:00,62.88387556609596,63.88729570885382,62.67644320883025,63.793006896972656,54686000,0.0,0.0
2018-07-27 00:00:00-04:00,63.97264446474513,64.08777191306355,61.75787601301977,62.17472839355469,48362000,0.0,0.0
2018-07-30 00:00:00-04:00,61.78566222653327,62.17472467751857,60.749492537052284,61.04079055786133,43896000,0.0,0.0
2018-07-31 00:00:00-04:00,61.12366360109108,61.59510380491476,60.35348571191414,60.900848388671875,39382000,0.0,0.0
2018-08-01 00:00:00-04:00,61.49089606736952,61.827846788339166,60.78770921326239,61.187191009521484,36994000,0.0,0.0
2018-08-02 00:00:00-04:00,60.468114333944875,61.75390089840389,60.4462799510174,61.591129302978516,34704000,0.0,0.0
2018-08-03 00:00:00-04:00,61.79211424069517,61.85861313566656,61.01002529538977,61.443748474121094,21264000,0.0,0.0
2018-08-06 00:00:00-04:00,61.61495867976583,61.657139517116526,61.065112288349646,61.41943359375,22114000,0.0,0.0
2018-08-07 00:00:00-04:00,62.13105187020725,62.8292789004648,62.12063254905667,62.32111740112305,42506000,0.0,0.0
2018-08-08 00:00:00-04:00,62.364788550559744,63.10916426676246,62.136513785255126,62.593563079833984,34344000,0.0,0.0
2018-08-09 00:00:00-04:00,62.663036504089156,63.12107395854261,62.53252238899547,62.74888610839844,27326000,0.0,0.0
2018-08-10 00:00:00-04:00,62.48686750920722,62.587111832515546,61.89037649252938,62.15586853027344,26602000,0.0,0.0
2018-08-13 00:00:00-04:00,62.09085986663556,62.82382050483645,61.88392351252076,61.96381759643555,27500000,0.0,0.0
2018-08-14 00:00:00-04:00,62.155370213974635,62.55683589780346,61.512230798050766,62.43525695800781,28080000,0.0,0.0
2018-08-15 00:00:00-04:00,61.74745022216092,62.129561393702396,60.852214007589026,61.14897155761719,37052000,0.0,0.0
2018-08-16 00:00:00-04:00,61.63381053775664,61.718671972483435,60.52419446273991,60.74403381347656,32176000,0.0,0.0
2018-08-17 00:00:00-04:00,60.64379721083768,60.88745487334272,59.74856088586463,60.33661651611328,33092000,0.0,0.0
2018-08-20 00:00:00-04:00,60.57531278061124,60.83584504305502,59.98179762322511,60.63932800292969,22218000,0.0,0.0
2018-08-21 00:00:00-04:00,60.692426988094084,61.175774469512355,60.295921068755106,60.41402816772461,23082000,0.0,0.0
2018-08-22 00:00:00-04:00,60.25572259168166,60.86660830823275,60.20609830233034,60.62940216064453,22296000,0.0,0.0
2018-08-23 00:00:00-04:00,60.53660130261147,61.29536793158742,60.51029933128536,60.600120544433594,24666000,0.0,0.0
2018-08-24 00:00:00-04:00,60.84030776210257,61.406033003359084,60.61302495262425,61.373779296875,24454000,0.0,0.0
2018-08-27 00:00:00-04:00,61.7405062738133,62.42185870960041,61.56880327920677,62.34245681762695,28580000,0.0,0.0
2018-08-28 00:00:00-04:00,62.3240972866056,62.35685075793018,61.682445765832874,61.825862884521484,27330000,0.0,0.0
2018-08-29 00:00:00-04:00,62.279436137263346,62.883374403694425,62.170260424315934,62.75831604003906,36926000,0.0,0.0
2018-08-30 00:00:00-04:00,62.69628261755369,62.998499729534956,61.89285525641738,62.251644134521484,30104000,0.0,0.0
2018-08-31 00:00:00-04:00,62.14098311581647,62.15785393635514,60.82790246798003,61.128135681152344,42308000,0.0,0.0
2018-09-04 00:00:00-04:00,60.667618422557396,60.93311426981719,59.87560225428228,60.11132049560547,41458000,0.0,0.0
2018-09-05 00:00:00-04:00,60.00759617210228,60.28797889122363,58.326299385269934,59.505393981933594,53988000,0.0,0.0
2018-09-06 00:00:00-04:00,59.479095121995066,59.49993755136597,57.74420234710536,58.75556182861328,46854000,0.0,0.0
2018-09-07 00:00:00-04:00,58.16055091645619,58.9818485871572,58.02507702800154,58.437957763671875,32658000,0.0,0.0
2018-09-10 00:00:00-04:00,58.765978277724024,58.88805698068228,58.09157333038977,58.31240463256836,27670000,0.0,0.0
2018-09-11 00:00:00-04:00,58.115893279726976,59.1004547950646,57.86032458865066,59.05331039428711,29254000,0.0,0.0
2018-09-12 00:00:00-04:00,58.65680609849579,59.088049407654154,57.87074550815637,58.140708923339844,35716000,0.0,0.0
2018-09-13 00:00:00-04:00,58.54266292757866,58.9476042111471,58.022590425347865,58.66374588012695,40068000,0.0,0.0
2018-09-14 00:00:00-04:00,58.95455976983742,58.95455976983742,58.23598624293688,58.457313537597656,24176000,0.0,0.0
2018-09-17 00:00:00-04:00,58.446894296393765,58.64787513949441,57.4886347193315,57.55662155151367,34096000,0.0,0.0
2018-09-18 00:00:00-04:00,57.697053530585144,58.62355529006376,57.63601418079308,57.917884826660156,32314000,0.0,0.0
2018-09-19 00:00:00-04:00,58.00969668275123,58.37245338284922,57.49657160778667,58.2732048034668,25962000,0.0,0.0
2018-09-20 00:00:00-04:00,58.590806472463655,59.252308457504725,58.37146309251431,59.131717681884766,29244000,0.0,0.0
2018-09-21 00:00:00-04:00,59.29795816013988,59.38033591795316,58.163531853788456,58.166507720947266,91222000,0.0,0.0
2018-09-24 00:00:00-04:00,57.535780184838615,58.81511164217117,57.143245857433044,58.53572463989258,31150000,0.0,0.0
2018-09-25 00:00:00-04:00,58.768461353859074,59.394230175900375,58.26426768349623,59.24684524536133,33152000,0.0,0.0
2018-09-26 00:00:00-04:00,59.236924602097055,59.90934187569553,58.82553177694905,59.25528335571289,37650000,0.0,0.0
2018-09-27 00:00:00-04:00,59.55005807542937,60.38673490724158,59.45328938250042,59.91529846191406,36274000,0.0,0.0
2018-09-28 00:00:00-04:00,59.75302084296328,59.969388348728856,59.442368322917595,59.90140151977539,35612000,0.0,0.0
2018-10-01 00:00:00-04:00,60.19517755243099,60.75097560058265,59.70835449638578,59.973350524902344,33164000,0.0,0.0
2018-10-02 00:00:00-04:00,59.88105523330002,60.76686413751253,59.53318544167417,59.92919158935547,40180000,0.0,0.0
2018-10-03 00:00:00-04:00,60.14555284700718,60.253736595757516,59.65674585232109,60.122230529785156,26246000,0.0,0.0
2018-10-04 00:00:00-04:00,59.79966639591437,59.84283918498589,57.75610894677724,58.41215133666992,46576000,0.0,0.0
2018-10-05 00:00:00-04:00,58.359054395460255,58.65680391963335,57.283183742164695,57.953617095947266,31852000,0.0,0.0
2018-10-08 00:00:00-04:00,57.5650519194436,58.352104402378345,56.34427627272418,57.36258316040039,46190000,0.0,0.0
2018-10-09 00:00:00-04:00,57.13381000113279,57.64197150133537,56.779488717873775,56.8291130065918,33690000,0.0,0.0
2018-10-10 00:00:00-04:00,56.3939040754082,56.42467363442066,54.16623646486712,54.19849395751953,58980000,0.0,0.0
2018-10-11 00:00:00-04:00,53.547409112755275,55.38453003561712,53.3910890068607,54.128021240234375,67696000,0.0,0.0
2018-10-12 00:00:00-04:00,55.5621851600812,55.86936583152559,54.34091350052451,55.606849670410156,49370000,0.0,0.0
2018-10-15 00:00:00-04:00,55.48080283059739,55.669376642024666,54.499217211619204,54.70863723754883,30074000,0.0,0.0
2018-10-16 00:00:00-04:00,55.256498375798905,56.39241645434236,55.17064876899754,56.229148864746094,38378000,0.0,0.0
2018-10-17 00:00:00-04:00,56.57254863274574,56.91992241693175,55.282298280795914,55.956703186035156,35652000,0.0,0.0
2018-10-18 00:00:00-04:00,56.0763047507784,56.19292391752789,53.9096764680673,54.48383712768555,46152000,0.0,0.0
2018-10-19 00:00:00-04:00,54.77166169889283,55.62719702430532,54.44016674849358,54.844608306884766,41286000,0.0,0.0
2018-10-22 00:00:00-04:00,55.208358568020756,55.66391611788438,54.58754952735813,55.15178680419922,27116000,0.0,0.0
2018-10-23 00:00:00-04:00,54.155314110783664,55.48080166372436,53.545920134962536,55.327457427978516,37686000,0.0,0.0
2018-10-24 00:00:00-04:00,55.331931822749944,55.41232567743511,52.35740463248994,52.459632873535156,49286000,0.0,0.0
2018-10-25 00:00:00-04:00,53.60994033985448,55.47187165088253,53.374222112076126,54.765708923339844,72956000,0.0,0.0
2018-10-26 00:00:00-04:00,52.02342047353196,55.4311705091039,51.72070741384653,53.7811393737793,106438000,0.0,0.0
2018-10-29 00:00:00-04:00,54.415846071811124,55.025739808415615,49.982345526254335,51.3485221862793,81290000,0.0,0.0
2018-10-30 00:00:00-04:00,50.61804798397232,52.15096426421509,50.31831452362724,52.08198547363281,59768000,0.0,0.0
2018-10-31 00:00:00-04:00,53.009474823109436,54.98455335098819,53.009474823109436,54.12008285522461,70916000,0.0,0.0
2018-11-01 00:00:00-04:00,54.160779049904754,54.58259121599493,53.48687002552307,53.89181137084961,40132000,0.0,0.0
2018-11-02 00:00:00-04:00,54.04168296288354,54.48830919287584,52.98268300917959,53.17274856567383,43438000,0.0,0.0
2018-11-05 00:00:00-05:00,53.224352672612895,53.26504557601787,51.312301120921155,52.39065170288086,45358000,0.0,0.0
2018-11-06 00:00:00-05:00,52.35541590887822,53.586118725505045,52.28544516893846,53.07746124267578,28660000,0.0,0.0
2018-11-07 00:00:00-05:00,53.768240824658996,55.080325652955466,53.62432773634267,54.9964599609375,43388000,0.0,0.0
2018-11-08 00:00:00-05:00,54.949816279666464,54.99546896044465,53.811414549994645,54.32106399536133,33694000,0.0,0.0
2018-11-09 00:00:00-05:00,53.79454023531401,54.00941600878873,52.813950398854814,53.447166442871094,34860000,0.0,0.0
2018-11-12 00:00:00-05:00,53.25412592209915,53.30226227598719,51.62741701904658,52.07453536987305,34002000,0.0,0.0
2018-11-13 00:00:00-05:00,52.345000015364555,52.93355162007457,51.62990211094706,52.00556182861328,25750000,0.0,0.0
2018-11-14 00:00:00-05:00,52.602551504272974,52.88988171686323,51.66513436671668,52.33358383178711,34666000,0.0,0.0
2018-11-15 00:00:00-05:00,52.178751168531576,53.53897230637955,51.674061527661046,53.15090560913086,41584000,0.0,0.0
2018-11-16 00:00:00-05:00,52.862090329691156,53.21988725316844,52.34946122960992,53.0129508972168,35366000,0.0,0.0
2018-11-19 00:00:00-05:00,52.77078047703855,52.9995550171433,50.759976263993444,50.98576736450195,45684000,0.0,0.0
2018-11-20 00:00:00-05:00,49.986810473684365,51.478541499064086,49.73471742212414,51.13612747192383,54458000,0.0,0.0
2018-11-21 00:00:00-05:00,51.87355887048275,52.34003554064144,51.58325278940232,51.78026580810547,29698000,0.0,0.0
2018-11-23 00:00:00-05:00,51.28748248844375,51.75892268059513,51.0403492228177,51.11875915527344,14178000,0.0,0.0
2018-11-26 00:00:00-05:00,51.808550268407,52.453673613271235,51.598634258168,52.40107345581055,31558000,0.0,0.0
2018-11-27 00:00:00-05:00,52.17279201461624,52.938010057099035,51.882981956481004,52.21943664550781,33048000,0.0,0.0
2018-11-28 00:00:00-05:00,52.4765028229212,54.233229925381984,51.75644139831833,54.18013000488281,46042000,0.0,0.0
2018-11-29 00:00:00-05:00,53.77022600281001,54.59499556224132,53.69429974090994,54.31858444213867,31004000,0.0,0.0
2018-11-30 00:00:00-05:00,54.370693350743345,55.06643295288086,53.752860137267156,55.06643295288086,59668000,0.0,0.0
2018-12-03 00:00:00-05:00,56.183494523091724,56.32442795943838,55.169651397195935,55.399417877197266,57532000,0.0,0.0
2018-12-04 00:00:00-05:00,55.23218669201161,55.29421800507931,52.64126247462386,52.725128173828125,45630000,0.0,0.0
2018-12-06 00:00:00-05:00,51.858171497904195,53.56626619579473,51.7331169309723,53.4997673034668,47436000,0.0,0.0
2018-12-07 00:00:00-05:00,53.209468242861355,53.84466829013932,51.57878752162801,51.93658447265625,42682000,0.0,0.0
2018-12-10 00:00:00-05:00,51.75594902324796,52.58270253817698,51.26267817663023,52.26411056518555,33652000,0.0,0.0
2018-12-11 00:00:00-05:00,52.94694915573629,53.11865215603475,52.11126428129302,52.68443298339844,33852000,0.0,0.0
2018-12-12 00:00:00-05:00,53.45014466445555,54.1771497714117,53.1965598917563,53.28390121459961,28960000,0.0,0.0
2018-12-13 00:00:00-05:00,53.38017514737877,54.0128952559157,52.850179249932424,53.274471282958984,24986000,0.0,0.0
2018-12-14 00:00:00-05:00,52.6035430815478,53.18415523719888,52.07503510632937,52.191158294677734,36358000,0.0,0.0
2018-12-17 00:00:00-05:00,51.957922033873515,52.720660327735615,50.45031579504103,50.89793395996094,49932000,0.0,0.0
2018-12-18 00:00:00-05:00,51.31229755726115,52.587165091175336,51.13761491426649,51.77927017211914,43640000,0.0,0.0
2018-12-19 00:00:00-05:00,51.9718101519405,53.382155317002606,50.58925867627678,51.38474655151367,58264000,0.0,0.0
2018-12-20 00:00:00-05:00,50.91529898932836,51.97926242167568,50.015102911737074,50.79520797729492,53674000,0.0,0.0
2018-12-21 00:00:00-05:00,51.21503717753264,51.494424176383596,48.691603869208556,49.19083023071289,104656000,0.0,0.0
2018-12-24 00:00:00-05:00,48.84692537587462,50.22650106276477,48.516422384460746,48.864295959472656,36360000,0.0,0.0
2018-12-26 00:00:00-05:00,49.52530585660338,52.029384719582374,49.260305997433534,51.999610900878906,46318000,0.0,0.0
2018-12-27 00:00:00-05:00,50.92522574682431,52.27204800815776,49.9724219454336,52.250213623046875,45996000,0.0,0.0
2018-12-28 00:00:00-05:00,52.57773552759089,52.812461786743754,51.70929720929407,51.94154357910156,34398000,0.0,0.0
2018-12-31 00:00:00-05:00,52.49486542452971,52.75093389414254,51.26466227780044,51.85619354248047,33110000,0.0,0.0
2019-01-02 00:00:00-05:00,50.97484617397945,52.64175198957034,50.87956542245332,52.33854293823242,31868000,0.0,0.0
2019-01-03 00:00:00-05:00,52.13954944438551,52.91320299775853,50.73515968820897,50.88899612426758,41960000,0.0,0.0
2019-01-04 00:00:00-05:00,51.73708481873224,53.59504812257249,51.45422221619562,53.499271392822266,46022000,0.0,0.0
2019-01-07 00:00:00-05:00,53.643187063810046,53.72903666857893,52.73355986232169,53.392581939697266,47446000,0.0,0.0
2019-01-08 00:00:00-05:00,53.892803500177465,54.25754792027639,53.01692167125715,53.861541748046875,35414000,0.0,0.0
2019-01-09 00:00:00-05:00,53.991553586577936,54.17268393766972,53.315656941289234,53.67692947387695,26998000,0.0,0.0
2019-01-10 00:00:00-05:00,53.34394971663049,53.585623453477346,52.83479624922909,53.536991119384766,26598000,0.0,0.0
2019-01-11 00:00:00-05:00,53.09383880488812,53.26603778530063,52.42538933503741,52.82437515258789,30864000,0.0,0.0
2019-01-14 00:00:00-05:00,52.27204944129279,52.52563423166074,52.0343473018788,52.181236267089844,28490000,0.0,0.0
2019-01-15 00:00:00-05:00,52.50380053682224,54.00545503857425,52.32663798715181,53.918113708496094,37518000,0.0,0.0
2019-01-16 00:00:00-05:00,54.09130414535982,54.70466978962712,53.99255153834507,54.066986083984375,38280000,0.0,0.0
2019-01-17 00:00:00-05:00,53.99155800550626,54.62229042996936,53.75682795333171,54.54388427734375,24896000,0.0,0.0
2019-01-18 00:00:00-05:00,55.01382906025276,55.48080167136482,54.55182001373234,54.94981384277344,44892000,0.0,0.0
2019-01-22 00:00:00-05:00,54.38905212286188,54.53644084839105,53.142966373841496,53.52706527709961,39632000,0.0,0.0
2019-01-23 00:00:00-05:00,53.93547894010025,54.23769606213636,52.97821511282939,53.813899993896484,25194000,0.0,0.0
2019-01-24 00:00:00-05:00,53.71961004788179,53.99205334645868,53.09979293026308,53.79355239868164,29114000,0.0,0.0
2019-01-25 00:00:00-05:00,54.3012144700217,54.754292157150836,54.1806274814527,54.6624870300293,23260000,0.0,0.0
2019-01-28 00:00:00-05:00,54.094777834646884,54.25853761526493,53.32757198939038,53.588104248046875,29334000,0.0,0.0
2019-01-29 00:00:00-05:00,53.64665507289479,53.829773118643324,52.90128746617696,53.10177230834961,19704000,0.0,0.0
2019-01-30 00:00:00-05:00,53.46403798777427,54.5637306703706,53.428308652364905,54.4878044128418,29452000,0.0,0.0
2019-01-31 00:00:00-05:00,55.194964110784746,55.960678254716896,54.84808625951143,55.872344970703125,40232000,0.0,0.0
2019-02-01 00:00:00-05:00,55.693696121679096,56.2946585428665,55.29471407739513,55.511573791503906,33116000,0.0,0.0
2019-02-04 00:00:00-05:00,55.53092091301186,56.6886732791878,55.45648258987159,56.64301681518555,78408000,0.0,0.0
2019-02-05 00:00:00-05:00,56.057941442436395,57.20626653202553,55.75870397938561,57.16160202026367,82296000,0.0,0.0
2019-02-06 00:00:00-05:00,57.0325855484781,57.26731183680923,55.49867346628663,55.72347640991211,48256000,0.0,0.0
2019-02-07 00:00:00-05:00,55.174126089822266,55.18256150075659,54.26946234193508,54.88084411621094,38298000,0.0,0.0
2019-02-08 00:00:00-05:00,54.33347390092957,54.84064348388017,54.30171617106462,54.70566177368164,21766000,0.0,0.0
2019-02-11 00:00:00-05:00,54.77365030057027,55.25402194749618,54.58755635843922,54.6927604675293,18498000,0.0,0.0
2019-02-12 00:00:00-05:00,55.13392519968207,56.21823510549405,55.13392519968207,55.956214904785156,35036000,0.0,0.0
2019-02-13 00:00:00-05:00,56.227167264922016,56.7139904003388,55.877805730488085,56.00831985473633,28042000,0.0,0.0
2019-02-14 00:00:00-05:00,55.82817773205907,56.38050398884658,55.43564342956175,56.03660202026367,21106000,0.0,0.0
2019-02-15 00:00:00-05:00,56.53782128475045,56.53782128475045,55.4172860173834,55.56169509887695,27826000,0.0,0.0
2019-02-19 00:00:00-05:00,55.41331532853296,56.05843869255414,55.41331532853296,55.903114318847656,21980000,0.0,0.0
2019-02-20 00:00:00-05:00,56.020722035237625,56.1224542879532,55.17064627144096,55.60932922363281,24090000,0.0,0.0
2019-02-21 00:00:00-05:00,55.519507922867554,55.53787046194015,54.4873060615558,54.796470642089844,33272000,0.0,0.0
2019-02-22 00:00:00-05:00,55.06891736818785,55.44358512437713,54.612367826985526,55.40934371948242,29436000,0.0,0.0
2019-02-25 00:00:00-05:00,55.6758303076876,55.8480292842414,55.28776358461447,55.44755554199219,26208000,0.0,0.0
2019-02-26 00:00:00-05:00,55.30066657982733,55.89964131160998,54.92004328499551,55.67980194091797,35026000,0.0,0.0
2019-02-27 00:00:00-05:00,55.282805697596416,55.864409864060505,55.01235006779747,55.72347640991211,22092000,0.0,0.0
2019-02-28 00:00:00-05:00,55.53043020704029,56.27430995904261,55.501152367281776,55.90509796142578,27422000,0.0,0.0
2019-03-01 00:00:00-05:00,56.12593099420194,57.06880770480383,56.12593099420194,56.995361328125,34086000,0.0,0.0
2019-03-04 00:00:00-05:00,57.295097158928186,57.838988028664076,56.48571045995308,57.238525390625,35490000,0.0,0.0
2019-03-05 00:00:00-05:00,57.366548472406826,58.38336738203228,57.21866757195718,58.02110290527344,40094000,0.0,0.0
2019-03-06 00:00:00-05:00,58.14865365112823,58.296534583388926,57.716418346829336,57.810211181640625,23602000,0.0,0.0
2019-03-07 00:00:00-05:00,57.58986847386412,57.74271295204904,56.657411146398836,57.110984802246094,30086000,0.0,0.0
2019-03-08 00:00:00-05:00,56.26984231087346,57.24001291977249,56.08622826804049,57.067317962646484,23694000,0.0,0.0
2019-03-11 00:00:00-04:00,57.16805057294,58.553085766615624,57.146712166962345,58.52083206176758,30032000,0.0,0.0
2019-03-12 00:00:00-04:00,58.67169364703401,59.833413885860075,58.67169364703401,59.4135856628418,42220000,0.0,0.0
2019-03-13 00:00:00-04:00,59.84433261856899,59.90338427255776,59.4463387821069,59.5034065246582,25888000,0.0,0.0
2019-03-14 00:00:00-04:00,59.50142320150544,59.783293858123756,59.11484442416776,59.17935562133789,27302000,0.0,0.0
2019-03-15 00:00:00-04:00,59.45080622552168,59.63540842711422,58.90542367215189,59.06869125366211,51886000,0.0,0.0
2019-03-18 00:00:00-04:00,59.03842525329775,59.29945349490625,58.63100402622229,58.98185348510742,24442000,0.0,0.0
2019-03-19 00:00:00-04:00,59.139158856692326,59.71927879928031,59.02700728161701,59.67213439941406,29788000,0.0,0.0
2019-03-20 00:00:00-04:00,59.619526910163195,61.03830747817524,59.52970570265518,60.86164093017578,41508000,0.0,0.0
2019-03-21 00:00:00-04:00,60.54255467605238,61.358389019553314,60.37283559921016,61.3430061340332,28150000,0.0,0.0
2019-03-22 00:00:00-04:00,60.98173597410128,61.218942107830735,59.84780190891623,59.929683685302734,34422000,0.0,0.0
2019-03-25 00:00:00-04:00,59.52822388744899,60.018518852319644,59.05380778714615,59.420040130615234,27576000,0.0,0.0
2019-03-26 00:00:00-04:00,59.80760657703907,59.92968527810612,58.64489440806523,59.04586410522461,30752000,0.0,0.0
2019-03-27 00:00:00-04:00,59.149088938796496,59.149088938796496,57.77496894223521,58.458805084228516,29428000,0.0,0.0
2019-03-28 00:00:00-04:00,58.334238082293396,58.42107963368797,57.735263465001395,58.173946380615234,22402000,0.0,0.0
2019-03-29 00:00:00-04:00,58.566484924810155,58.75456654246122,57.881660661688244,58.403221130371094,30890000,0.0,0.0
2019-04-01 00:00:00-04:00,58.931722539443484,59.55997500903729,58.87316686653909,59.49943542480469,27706000,0.0,0.0
2019-04-02 00:00:00-04:00,59.55253838480203,59.838380664635665,59.115343340939816,59.824981689453125,18288000,0.0,0.0
2019-04-03 00:00:00-04:00,60.18029110939912,60.57232942381467,59.802151533259135,60.08650207519531,22180000,0.0,0.0
2019-04-04 00:00:00-04:00,60.110325075873405,60.569854275755624,59.99866947179568,60.51526641845703,21022000,0.0,0.0
2019-04-05 00:00:00-04:00,60.50781785264706,60.561909727480234,60.04779271372844,60.11825942993164,20012000,0.0,0.0
2019-04-08 00:00:00-04:00,60.101386393462995,60.24231982067011,59.783290440484805,59.9609489440918,21750000,0.0,0.0
2019-04-09 00:00:00-04:00,59.64385081240381,59.90487526510873,59.469664136518006,59.68354797363281,19668000,0.0,0.0
2019-04-10 00:00:00-04:00,59.80264538528248,59.993699077990144,59.5828060474229,59.87013244628906,15510000,0.0,0.0
2019-04-11 00:00:00-04:00,59.991713799587444,60.182275296203464,59.77535009762615,60.02595520019531,16998000,0.0,0.0
2019-04-12 00:00:00-04:00,60.32519858859302,60.69391460033964,60.20957516572621,60.678035736083984,24312000,0.0,0.0
2019-04-15 00:00:00-04:00,60.745520918072685,61.00406925558365,60.272596561487696,60.866607666015625,23796000,0.0,0.0
2019-04-16 00:00:00-04:00,61.03880973123557,61.33556730961512,60.79266839997401,61.13359451293945,22622000,0.0,0.0
2019-04-17 00:00:00-04:00,61.386187115320936,61.78815260651682,61.18272637318928,61.54201126098633,30366000,0.0,0.0
2019-04-18 00:00:00-04:00,61.783184181163996,61.829832604219995,61.50578110439343,61.608009338378906,24750000,0.0,0.0
2019-04-22 00:00:00-04:00,61.36980367920217,62.24667736726507,61.20604012372181,62.2178955078125,19084000,0.0,0.0
2019-04-23 00:00:00-04:00,62.360821384365515,63.243650659904674,62.12907098537665,63.0530891418457,31868000,0.0,0.0
2019-04-24 00:00:00-04:00,63.053089174036955,63.22231228489113,62.51813348565007,62.5300407409668,23396000,0.0,0.0
2019-04-25 00:00:00-04:00,63.03869269020835,63.16275530001702,62.42830677016029,62.89180374145508,31344000,0.0,0.0
2019-04-26 00:00:00-04:00,63.19153633753104,63.465963523500385,62.775679746985666,63.39202117919922,27228000,0.0,0.0
2019-04-29 00:00:00-04:00,63.54535760838715,64.36219140283177,63.10865861812719,64.323974609375,72368000,0.0,0.0
2019-04-30 00:00:00-04:00,59.08506690306559,59.598684131080496,58.706427581389065,59.498443603515625,133178000,0.0,0.0
2019-05-01 00:00:00-04:00,59.42599220102296,59.512837545398035,58.14467315811743,58.22605895996094,74340000,0.0,0.0
2019-05-02 00:00:00-04:00,58.19033204544976,58.52679056579898,57.48218164489478,57.88811492919922,45098000,0.0,0.0
2019-05-03 00:00:00-04:00,58.42902476029962,59.123280191761495,58.23747507908704,59.03147506713867,41588000,0.0,0.0
2019-05-06 00:00:00-04:00,58.160554274416185,59.32327029068878,58.118869416163356,59.22550964355469,31774000,0.0,0.0
2019-05-07 00:00:00-04:00,58.84587812003669,59.2905166064631,57.813180247113,58.50098419189453,36604000,0.0,0.0
2019-05-08 00:00:00-04:00,58.42307332194062,58.769458988118615,57.94369742841104,58.10001754760742,25520000,0.0,0.0
2019-05-09 00:00:00-04:00,57.694083473141156,58.263280578490686,57.299065475219535,57.960567474365234,29556000,0.0,0.0
2019-05-10 00:00:00-04:00,58.00374239955809,58.3729506059401,56.88866675392275,57.944190979003906,31650000,0.0,0.0
2019-05-13 00:00:00-04:00,56.83259499262073,57.16656986265802,55.85299696092436,56.40333557128906,45626000,0.0,0.0
2019-05-14 00:00:00-04:00,56.68767852764083,56.81422102047487,55.75522130214845,55.821224212646484,40392000,0.0,0.0
2019-05-15 00:00:00-04:00,55.7065984380292,58.47319724338551,55.64953069071298,58.101009368896484,59302000,0.0,0.0
2019-05-16 00:00:00-04:00,58.15261599071827,59.260248195738754,57.98438862075223,58.78086853027344,35308000,0.0,0.0
2019-05-17 00:00:00-04:00,58.35061659974741,58.869693387821954,57.883643988575166,58.00075912475586,25362000,0.0,0.0
2019-05-20 00:00:00-04:00,57.217686687846395,57.217686687846395,56.480258382035665,56.80381393432617,30602000,0.0,0.0
2019-05-21 00:00:00-04:00,57.29112652024029,57.46580917920083,56.73681631931188,57.28914260864258,20562000,0.0,0.0
2019-05-22 00:00:00-04:00,57.13084081690793,57.75264189742789,57.118433796754466,57.35911560058594,18826000,0.0,0.0
2019-05-23 00:00:00-04:00,56.873780219049515,57.071285427584336,56.23312066384092,56.83755111694336,25214000,0.0,0.0
2019-05-24 00:00:00-04:00,57.16805220096117,57.28516734129185,56.4092855711958,56.50357437133789,18554000,0.0,0.0
2019-05-28 00:00:00-04:00,56.64600097315336,57.39087266945291,56.506551680851864,56.55072021484375,20948000,0.0,0.0
2019-05-29 00:00:00-04:00,56.21028438906111,56.32442365353391,55.18056626401633,55.57707214355469,36230000,0.0,0.0
2019-05-30 00:00:00-04:00,55.587497126280056,55.91750414928831,55.37658915817779,55.6500244140625,18088000,0.0,0.0
2019-05-31 00:00:00-04:00,54.86743747559679,55.25252453201234,54.753794181505,54.91011428833008,31582000,0.0,0.0
2019-06-03 00:00:00-04:00,52.946449828100434,52.94992167307215,50.96641158625489,51.54751968383789,96890000,0.0,0.0
2019-06-04 00:00:00-04:00,51.83286255141034,52.52513405659916,51.41303433315086,52.3291130065918,60512000,0.0,0.0
2019-06-05 00:00:00-04:00,52.35442619047706,52.44424740714658,51.26267663743421,51.840309143066406,46988000,0.0,0.0
2019-06-06 00:00:00-04:00,51.91821804904168,52.10629587423178,51.38723023300503,51.99513626098633,29020000,0.0,0.0
2019-06-07 00:00:00-04:00,52.318694793669955,53.269014889801966,52.16336664116216,53.01791000366211,43828000,0.0,0.0
2019-06-10 00:00:00-04:00,53.44617144683089,54.331484331208706,53.36081782409409,53.73201370239258,28510000,0.0,0.0
2019-06-11 00:00:00-04:00,54.43817996962721,54.78654953180274,53.573713241851216,53.64665985107422,33508000,0.0,0.0
2019-06-12 00:00:00-04:00,53.59256917046261,53.72010362901701,53.078948132983314,53.55038833618164,23670000,0.0,0.0
2019-06-13 00:00:00-04:00,53.828782041481766,54.418325537388,53.72258599159079,54.14141845703125,20814000,0.0,0.0
2019-06-14 00:00:00-04:00,54.078399183923466,54.327516379046195,53.66849807553169,53.90768814086914,24582000,0.0,0.0
2019-06-17 00:00:00-04:00,54.046645385198445,54.651075877116796,53.992057525682156,54.28434753417969,19770000,0.0,0.0
2019-06-18 00:00:00-04:00,55.15823626855468,55.51950500800132,54.62675247997744,54.84758377075195,34526000,0.0,0.0
2019-06-19 00:00:00-04:00,54.946840911680276,55.0555206515991,54.39054300031456,54.811363220214844,26714000,0.0,0.0
2019-06-20 00:00:00-04:00,55.664415452935344,55.71503548558903,54.934926641298766,55.24260330200195,24018000,0.0,0.0
2019-06-21 00:00:00-04:00,55.07686037292235,55.906093812537925,55.06991289591468,55.8465461730957,50774000,0.0,0.0
2019-06-24 00:00:00-04:00,55.580050024561366,55.757212554697425,55.248059111817135,55.41628646850586,24236000,0.0,0.0
2019-06-25 00:00:00-04:00,55.33590318991816,55.36666896463381,53.82332958358036,53.971214294433594,31644000,0.0,0.0
2019-06-26 00:00:00-04:00,54.14092730971984,54.34538378224577,53.281920110559724,53.610931396484375,34698000,0.0,0.0
2019-06-27 00:00:00-04:00,53.9300204660367,54.01487811376861,53.38910549375229,53.42781448364258,24078000,0.0,0.0
2019-06-28 00:00:00-04:00,53.45759383221051,53.734004974365234,53.28737875517691,53.734004974365234,33672000,0.0,0.0
2019-07-01 00:00:00-04:00,54.6391593176599,55.01383084160599,54.35580072635864,54.58755111694336,29196000,0.0,0.0
2019-07-02 00:00:00-04:00,54.82724275399014,55.22722052062033,54.571178081216495,55.21282958984375,20630000,0.0,0.0
2019-07-03 00:00:00-04:00,55.50561270283813,55.9765569294655,55.32448234664557,55.728431701660156,20154000,0.0,0.0
2019-07-05 00:00:00-04:00,55.54878723421806,56.307057893583014,55.45599015285598,56.20880126953125,29794000,0.0,0.0
2019-07-08 00:00:00-04:00,55.87134745630521,55.93784634816845,55.171140324730864,55.420753479003906,29888000,0.0,0.0
2019-07-09 00:00:00-04:00,55.09967859618882,55.97010457775343,54.942366537807125,55.79294204711914,29472000,0.0,0.0
2019-07-10 00:00:00-04:00,56.19143420006635,56.68867662457347,56.109056440518735,56.617713928222656,30710000,0.0,0.0
2019-07-11 00:00:00-04:00,56.87824460644455,57.22959004285512,56.54923331942551,56.7750244140625,26004000,0.0,0.0
2019-07-12 00:00:00-04:00,56.71795608325862,56.944742917427156,56.5010963789597,56.83755111694336,21878000,0.0,0.0
2019-07-15 00:00:00-04:00,56.837547972746464,57.10254780589926,56.57255192568418,57.094112396240234,21164000,0.0,0.0
2019-07-16 00:00:00-04:00,56.906526603224165,57.49458596594316,56.906526603224165,57.24050521850586,25352000,0.0,0.0
2019-07-17 00:00:00-04:00,57.11446435989233,57.48764419324557,56.9010764919904,56.90703201293945,19538000,0.0,0.0
2019-07-18 00:00:00-04:00,56.67179891335898,56.97798761659845,56.21822906892103,56.93183517456055,25450000,0.0,0.0
2019-07-19 00:00:00-04:00,57.035058424493094,57.147210000503584,56.13833422209774,56.153221130371094,23184000,0.0,0.0
2019-07-22 00:00:00-04:00,56.34775013685135,56.57354500725381,55.838600460858665,56.533348083496094,28914000,0.0,0.0
2019-07-23 00:00:00-04:00,56.7437634955171,57.012235195228826,56.21773918200493,56.97203826904297,20648000,0.0,0.0
2019-07-24 00:00:00-04:00,56.20632873564881,56.843512727843525,56.002368220582966,56.55916213989258,27192000,0.0,0.0
2019-07-25 00:00:00-04:00,56.520443518190056,56.750705969094305,55.764160586237736,56.37107467651367,54762000,0.0,0.0
2019-07-26 00:00:00-04:00,60.93956211935694,62.943914803544715,60.93956211935694,61.794105529785156,121216000,0.0,0.0
2019-07-29 00:00:00-04:00,61.65912294737773,61.98119054293162,61.04873318310525,61.62636947631836,41382000,0.0,0.0
2019-07-30 00:00:00-04:00,60.889935671666564,61.38172237730634,60.8065659499865,60.9395637512207,28616000,0.0,0.0
2019-07-31 00:00:00-04:00,60.78423078254611,61.28246516162188,59.95598938818582,60.45323181152344,39960000,0.0,0.0
2019-08-01 00:00:00-04:00,60.42494964174165,61.35144771638082,59.89743360552147,60.1346435546875,35426000,0.0,0.0
2019-08-02 00:00:00-04:00,59.69893422702038,60.02149400997808,59.05380708892359,59.36743927001953,34910000,0.0,0.0
2019-08-05 00:00:00-04:00,58.20869502156887,58.40273218293056,56.70902818101856,57.304527282714844,47840000,0.0,0.0
2019-08-06 00:00:00-04:00,57.83898355195478,58.627027996258406,57.64097859212836,58.114898681640625,36014000,0.0,0.0
2019-08-07 00:00:00-04:00,57.4558794564176,58.55110461947859,57.11048954945884,58.354591369628906,30686000,0.0,0.0
2019-08-08 00:00:00-04:00,58.87664130459793,59.861698755519036,58.25980387015317,59.857234954833984,30116000,0.0,0.0
2019-08-09 00:00:00-04:00,59.549560332952176,59.77138359606932,58.800221064268946,58.99921798706055,20418000,0.0,0.0
2019-08-12 00:00:00-04:00,58.5575538283192,58.83594885008432,57.997784131552514,58.28461456298828,22064000,0.0,0.0
2019-08-13 00:00:00-04:00,58.27717122757567,59.81951849658045,58.209684163982665,59.387779235839844,28434000,0.0,0.0
2019-08-14 00:00:00-04:00,58.362534348308905,58.69601323430192,57.61815858971087,57.77596664428711,35430000,0.0,0.0
2019-08-15 00:00:00-04:00,57.9833926276096,58.379894739111016,57.7139289960398,58.027557373046875,28506000,0.0,0.0
2019-08-16 00:00:00-04:00,58.596762448028,58.74811899803839,58.21018365174988,58.51835250854492,24916000,0.0,0.0
2019-08-19 00:00:00-04:00,59.14461630519966,60.016034239846476,59.073653612025325,59.5718879699707,24450000,0.0,0.0
2019-08-20 00:00:00-04:00,59.31930231899427,59.45080839192116,58.70891256914688,58.732730865478516,20206000,0.0,0.0
2019-08-21 00:00:00-04:00,59.3426255842237,59.57784782839805,58.95058724856954,59.1322135925293,14152000,0.0,0.0
2019-08-22 00:00:00-04:00,59.242381664473136,59.489514951734854,58.50346547821643,59.12923812866211,17352000,0.0,0.0
2019-08-23 00:00:00-04:00,58.81411734731172,59.33518186625509,57.06880525553756,57.246463775634766,36254000,0.0,0.0
2019-08-26 00:00:00-04:00,57.537761518563784,58.153607029039634,57.30948675302142,58.1198616027832,21166000,0.0,0.0
2019-08-27 00:00:00-04:00,58.70642773916501,58.805676311330274,57.791341062327135,58.101993560791016,23460000,0.0,0.0
2019-08-28 00:00:00-04:00,57.80672772087879,58.48311659031229,57.577461005391356,58.247398376464844,16810000,0.0,0.0
2019-08-29 00:00:00-04:00,58.87615066730141,59.509862764533025,58.81957889810196,59.26422119140625,19636000,0.0,0.0
2019-08-30 00:00:00-04:00,59.567431577075865,59.567431577075865,58.841414569517816,59.08011245727539,18064000,0.0,0.0
2019-09-03 00:00:00-04:00,58.64936072126614,59.008149599886224,57.74916466854388,58.03897476196289,25908000,0.0,0.0
2019-09-04 00:00:00-04:00,58.53025506709347,58.799718679072164,58.137224829136194,58.670196533203125,21312000,0.0,0.0
2019-09-05 00:00:00-04:00,59.235429235615214,60.24480472982278,59.18729288191303,60.15498352050781,26394000,0.0,0.0
2019-09-06 00:00:00-04:00,60.00362708254267,60.192696866650635,59.71182930668091,59.863685607910156,18972000,0.0,0.0
2019-09-09 00:00:00-04:00,59.9013980515206,60.56984745309452,59.21111426670487,59.81157684326172,31854000,0.0,0.0
2019-09-10 00:00:00-04:00,59.35602787558186,60.04631176008177,59.352056266195994,59.832923889160156,27922000,0.0,0.0
2019-09-11 00:00:00-04:00,59.74309723285985,60.66513144541207,59.663199363226745,60.54255676269531,23522000,0.0,0.0
2019-09-12 00:00:00-04:00,60.71475735944428,61.65515035041213,60.66959686972781,61.28544616699219,31644000,0.0,0.0
2019-09-13 00:00:00-04:00,61.14351073712776,61.587161012421895,60.89389758972194,61.53654098510742,23676000,0.0,0.0
2019-09-16 00:00:00-04:00,61.06063831833136,61.48642204264582,60.80010608090249,61.119693756103516,28218000,0.0,0.0
2019-09-17 00:00:00-04:00,61.11969369924659,61.28692909733656,60.70879688269481,61.0328483581543,20806000,0.0,0.0
2019-09-18 00:00:00-04:00,61.050719756478664,61.34846928567616,60.36738339435183,61.17031478881836,17440000,0.0,0.0
2019-09-19 00:00:00-04:00,61.15394214261464,61.75043317818672,61.153446164718,61.47303009033203,16554000,0.0,0.0
2019-09-20 00:00:00-04:00,61.219442346351414,61.67400795973817,60.7202160078767,61.03086853027344,37692000,0.0,0.0
2019-09-23 00:00:00-04:00,60.86859182001114,61.51917847820748,60.73013827416754,61.271549224853516,20798000,0.0,0.0
2019-09-24 00:00:00-04:00,61.53505712198621,61.887890472586925,60.07806725363248,60.45968246459961,35804000,0.0,0.0
2019-09-25 00:00:00-04:00,60.34455064724605,61.93305035535258,60.00660420799372,61.829830169677734,26798000,0.0,0.0
2019-09-26 00:00:00-04:00,61.64125725959552,61.76681160275581,61.12912790123598,61.64870071411133,23166000,0.0,0.0
2019-09-27 00:00:00-04:00,61.675494522635425,61.78268631820922,60.30435425876705,60.837825775146484,34122000,0.0,0.0
2019-09-30 00:00:00-04:00,60.57232696088138,60.91027338638735,60.216021783221265,60.599124908447266,24470000,0.0,0.0
2019-10-01 00:00:00-04:00,60.66611919885547,61.18073216781802,59.82547084776758,59.847801208496094,24504000,0.0,0.0
2019-10-02 00:00:00-04:00,59.37637621414667,59.488527803245624,58.191825693256774,58.454341888427734,33030000,0.0,0.0
2019-10-03 00:00:00-04:00,58.72330700673478,59.103434317624526,57.720882653713154,59.0255241394043,28368000,0.0,0.0
2019-10-04 00:00:00-04:00,59.26670266845611,60.1683905127808,59.101947135433356,60.09395217895508,24282000,0.0,0.0
2019-10-07 00:00:00-04:00,59.897429903730114,60.48846514938345,59.76641981061871,59.9594612121582,17040000,0.0,0.0
2019-10-08 00:00:00-04:00,59.48902041555673,59.890982107468794,59.0280032787795,59.06026077270508,20086000,0.0,0.0
2019-10-09 00:00:00-04:00,59.6160589862627,59.96988429727848,59.45675922423016,59.66915512084961,15948000,0.0,0.0
2019-10-10 00:00:00-04:00,59.480577236311774,60.32519341412806,59.44385594608639,60.02000045776367,12842000,0.0,0.0
2019-10-11 00:00:00-04:00,60.742543056004294,60.97677332622551,60.22693811759214,60.32966232299805,22330000,0.0,0.0
2019-10-14 00:00:00-04:00,60.239346974498716,60.834350033369816,60.13960241921279,60.43189239501953,13296000,0.0,0.0
2019-10-15 00:00:00-04:00,60.61699512250634,61.88888303633193,60.58821326185716,61.646217346191406,27584000,0.0,0.0
2019-10-16 00:00:00-04:00,61.624874007096274,62.23923151934815,61.46210241356997,61.683929443359375,22986000,0.0,0.0
2019-10-17 00:00:00-04:00,62.10078280623721,62.71365243260032,62.024856545768664,62.170257568359375,20958000,0.0,0.0
2019-10-18 00:00:00-04:00,62.264051677322506,62.43376697711885,61.542006328101955,61.75390625,31624000,0.0,0.0
2019-10-21 00:00:00-04:00,61.96679897605688,62.20549306480344,61.534563716358846,61.74745559692383,18094000,0.0,0.0
2019-10-22 00:00:00-04:00,61.75737230035529,61.96828024671139,61.52760962429586,61.5946044921875,22862000,0.0,0.0
2019-10-23 00:00:00-04:00,61.54548727491261,62.430300523993616,61.54548727491261,62.40995407104492,21282000,0.0,0.0
2019-10-24 00:00:00-04:00,62.483394622802734,62.67147246098987,62.14792806244017,62.483394622802734,20224000,0.0,0.0
2019-10-25 00:00:00-04:00,62.13055797308663,62.924561762183096,61.989128556438885,62.74094772338867,27104000,0.0,0.0
2019-10-28 00:00:00-04:00,63.271931165928116,64.4748402346858,63.13844119071029,63.9656867980957,65428000,0.0,0.0
2019-10-29 00:00:00-04:00,63.32156072139052,63.55976261853793,62.30970526205606,62.5603141784668,52654000,0.0,0.0
2019-10-30 00:00:00-04:00,62.286878653382274,62.92555429284906,62.0635674519653,62.56229782104492,29204000,0.0,0.0
2019-10-31 00:00:00-04:00,62.52755755183706,62.851113061666055,62.00550110208573,62.4680061340332,31904000,0.0,0.0
2019-11-01 00:00:00-04:00,62.8153838353089,63.17268477057608,62.51316673112723,63.13546371459961,28812000,0.0,0.0
2019-11-04 00:00:00-05:00,63.32702982134693,64.14038445348969,63.32702982134693,63.99696731567383,30632000,0.0,0.0
2019-11-05 00:00:00-05:00,64.07584988575361,64.37558706892311,63.98553649186562,64.08776092529297,25148000,0.0,0.0
2019-11-06 00:00:00-05:00,64.02076883475996,64.16467811821046,63.632702175062256,64.06642150878906,24626000,0.0,0.0
2019-11-07 00:00:00-05:00,64.2287077566494,65.6365732365274,64.202409569136,64.85696411132812,45140000,0.0,0.0
2019-11-08 00:00:00-05:00,64.58798684681432,65.36164416769404,64.58798684681432,64.95918273925781,30392000,0.0,0.0
2019-11-11 00:00:00-05:00,64.71105873497332,64.75572703245952,64.30761291533182,64.42720794677734,17234000,0.0,0.0
2019-11-12 00:00:00-05:00,64.44159821603563,64.97655770642851,64.22672241687813,64.37410736083984,28852000,0.0,0.0
2019-11-13 00:00:00-05:00,64.17411376464824,64.63761454266125,64.12300154214594,64.32299041748047,20538000,0.0,0.0
2019-11-14 00:00:00-05:00,64.26444546948038,65.29267968644248,64.21184151851725,64.96663665771484,28948000,0.0,0.0
2019-11-15 00:00:00-05:00,65.25942758936658,66.17699432373047,65.1026076987226,66.17699432373047,39286000,0.0,0.0
2019-11-18 00:00:00-05:00,66.11743685213465,66.1958467947769,65.31450540955062,65.49712371826172,27984000,0.0,0.0
2019-11-19 00:00:00-05:00,65.83408363962602,65.83408363962602,65.09665908135963,65.1373519897461,21864000,0.0,0.0
2019-11-20 00:00:00-05:00,65.07631014524446,65.16811528154169,63.977117041056246,64.60487365722656,28892000,0.0,0.0
2019-11-21 00:00:00-05:00,64.47533983135945,65.06438734597921,64.05352392914187,64.5195083618164,25546000,0.0,0.0
2019-11-22 00:00:00-05:00,64.6614339170369,64.85497128596099,63.984549103644646,64.19843292236328,27776000,0.0,0.0
2019-11-25 00:00:00-05:00,64.32697278344668,65.02916393054878,64.29471528841627,64.79244995117188,23590000,0.0,0.0
2019-11-26 00:00:00-05:00,65.00434009297838,65.20780459082586,64.713045870139,65.15768432617188,21910000,0.0,0.0
2019-11-27 00:00:00-05:00,65.27778094932138,65.38794861074426,64.98251132326297,65.11450958251953,18808000,0.0,0.0
2019-11-29 00:00:00-05:00,64.84007749756785,65.00631713708644,64.67283833029045,64.71551513671875,12802000,0.0,0.0
2019-12-02 00:00:00-05:00,64.63960041458883,64.78252533740228,63.5389157070264,63.959739685058594,26538000,0.0,0.0
2019-12-03 00:00:00-05:00,63.45356189650626,64.37510393525106,63.37366781140592,64.25153350830078,25270000,0.0,0.0
2019-12-04 00:00:00-05:00,64.81526974961815,65.71695745819278,64.66390942910238,65.45245361328125,35506000,0.0,0.0
2019-12-05 00:00:00-05:00,65.85243251978387,65.90106863745048,65.22319186246219,65.85044860839844,24408000,0.0,0.0
2019-12-06 00:00:00-05:00,66.13778172984779,66.62013727183943,66.06235522863464,66.46729278564453,32968000,0.0,0.0
2019-12-09 00:00:00-05:00,66.4410016277124,67.36849553710647,66.30254427196631,66.64595031738281,30842000,0.0,0.0
2019-12-10 00:00:00-05:00,66.49458298125603,66.89456071406927,66.19980555592782,66.64097595214844,17606000,0.0,0.0
2019-12-11 00:00:00-05:00,66.90945404695505,66.98835617819118,66.55215309066824,66.7084732055664,20480000,0.0,0.0
2019-12-12 00:00:00-05:00,66.65685647014153,67.22108996230007,66.40823905263555,66.91887664794922,29114000,0.0,0.0
2019-12-13 00:00:00-05:00,66.88959030626334,67.06079730572513,66.57993355986838,66.8384780883789,33170000,0.0,0.0
2019-12-16 00:00:00-05:00,67.24195196201082,67.66525212148828,67.0241002646088,67.52481842041016,28128000,0.0,0.0
2019-12-17 00:00:00-05:00,67.60966052985063,67.70494128866822,67.0320242423483,67.23648071289062,32948000,0.0,0.0
2019-12-18 00:00:00-05:00,67.34117768590727,67.46176465506394,67.01663404395718,67.08858489990234,23330000,0.0,0.0
2019-12-19 00:00:00-05:00,67.08858213424023,67.36748066264738,66.9317698616299,67.31338500976562,28922000,0.0,0.0
2019-12-20 00:00:00-05:00,67.64391450385685,67.68857523817545,67.0300527863695,67.05436706542969,50090000,0.0,0.0
2019-12-23 00:00:00-05:00,67.42703948197932,67.58186786917857,66.89456370617594,67.02507781982422,19936000,0.0,0.0
2019-12-24 00:00:00-05:00,67.00421850281626,67.09354750592786,66.70448891646664,66.7173843383789,13468000,0.0,0.0
2019-12-26 00:00:00-05:00,66.82259684964178,67.64885800412652,66.7709848696846,67.61262512207031,23662000,0.0,0.0
2019-12-27 00:00:00-05:00,67.68856816508368,67.83992851181304,67.1426971342481,67.22408294677734,23212000,0.0,0.0
2019-12-30 00:00:00-05:00,67.33176893439375,67.34119630130749,66.39038009146189,66.4831771850586,19994000,0.0,0.0
2019-12-31 00:00:00-05:00,66.2886423044557,66.53031605334827,66.10701595588644,66.46729278564453,19514000,0.0,0.0
2020-01-02 00:00:00-05:00,66.91491076451707,67.92080688476562,66.81963000871814,67.92080688476562,27278000,0.0,0.0
2020-01-03 00:00:00-05:00,66.89456517269056,68.17240862427808,66.86081596073402,67.56549072265625,23408000,0.0,0.0
2020-01-06 00:00:00-05:00,67.07469616252293,69.3916926420359,67.0434381998988,69.36638641357422,46768000,0.0,0.0
2020-01-07 00:00:00-05:00,69.49789480129157,69.64875536577131,69.05623219302926,69.2323989868164,34330000,0.0,0.0
2020-01-08 00:00:00-05:00,69.21800440208847,70.06312039428155,69.10932845842892,69.72517395019531,35314000,0.0,0.0
2020-01-09 00:00:00-05:00,70.56334559897189,70.8983162087163,69.98174145327377,70.4571533203125,33200000,0.0,0.0
2020-01-10 00:00:00-05:00,70.93751472809956,71.20896226489012,70.44771578618479,70.91220092773438,26258000,0.0,0.0
2020-01-13 00:00:00-05:00,71.2243417721376,71.53350634319095,70.73405063566273,71.46155548095703,30730000,0.0,0.0
2020-01-14 00:00:00-05:00,71.46005654089402,71.59057063646944,70.85313873662007,70.99308776855469,26076000,0.0,0.0
2020-01-15 00:00:00-05:00,71.11367588079757,71.49876667630856,71.0461850388047,71.42035675048828,21550000,0.0,0.0
2020-01-16 00:00:00-05:00,71.73052581710354,71.99106186638656,71.46007021003983,71.96426391601562,26080000,0.0,0.0
2020-01-17 00:00:00-05:00,72.57861703888604,73.47236161437567,72.28136348423534,73.42124938964844,52424000,0.0,0.0
2020-01-21 00:00:00-05:00,73.39544471015016,73.93537154529689,72.95924161824139,73.55673217773438,48930000,0.0,0.0
2020-01-22 00:00:00-05:00,73.92792510020561,74.46635262161918,73.57707565322256,73.63711547851562,28458000,0.0,0.0
2020-01-23 00:00:00-05:00,73.81974363908597,74.1150132847147,73.4609509628069,73.67781066894531,26650000,0.0,0.0
2020-01-24 00:00:00-05:00,74.08126273759932,74.1497455459025,72.61037407881075,72.75875854492188,29786000,0.0,0.0
2020-01-27 00:00:00-05:00,71.04024762156224,71.29035678349074,70.44275705144024,71.04967498779297,34132000,0.0,0.0
2020-01-28 00:00:00-05:00,71.54640599686525,72.19450892371258,70.98167277704664,71.98112487792969,29724000,0.0,0.0
2020-01-29 00:00:00-05:00,72.37614063669027,72.65801507586868,71.72754546979097,72.28880310058594,21566000,0.0,0.0
2020-01-30 00:00:00-05:00,71.36578143499277,72.2168492041988,71.21194499533239,72.16722869873047,27110000,0.0,0.0
2020-01-31 00:00:00-05:00,72.842628440091,72.93244966534068,70.81792535833127,71.1017837524414,43822000,0.0,0.0
2020-02-03 00:00:00-05:00,72.53445127251754,73.75771451445905,72.28434210997459,73.5740966796875,71636000,0.0,0.0
2020-02-04 00:00:00-05:00,72.17914397442904,72.81682013376593,70.56831370623127,71.72854614257812,95880000,0.0,0.0
2020-02-05 00:00:00-05:00,72.63170618173763,72.67984253452366,70.94793336208039,71.76029205322266,36376000,0.0,0.0
2020-02-06 00:00:00-05:00,72.05457315984722,73.52248589418377,71.980138619887,73.24507904052734,37822000,0.0,0.0
2020-02-07 00:00:00-05:00,72.81930526031172,73.70560645975844,72.72104862525042,73.40090942382812,28360000,0.0,0.0
2020-02-10 00:00:00-05:00,73.30762192172601,74.87825154536428,73.20688160848441,74.8673324584961,38302000,0.0,0.0
2020-02-11 00:00:00-05:00,75.09610172081878,75.92037918006768,74.70803495822373,74.93680572509766,34852000,0.0,0.0
2020-02-12 00:00:00-05:00,75.22462568128545,75.44496101891976,74.86782448844302,75.36209106445312,31042000,0.0,0.0
2020-02-13 00:00:00-05:00,74.93381963355475,75.72533972486248,74.63606632799268,75.10205078125,22914000,0.0,0.0
2020-02-14 00:00:00-05:00,75.15862587664202,75.43255711257372,74.71298785427767,75.36705017089844,23198000,0.0,0.0
2020-02-18 00:00:00-05:00,75.14919769716833,75.95411300380982,74.98394241111538,75.40228271484375,25642000,0.0,0.0
2020-02-19 00:00:00-05:00,75.78735722597165,75.96303179569344,75.47869246366263,75.6717300415039,22746000,0.0,0.0
2020-02-20 00:00:00-05:00,75.38094121635825,75.78091896387954,74.64896876279927,75.28070068359375,25962000,0.0,0.0
2020-02-21 00:00:00-05:00,74.66484088299715,74.98095669681864,73.37012676714123,73.61676025390625,42520000,0.0,0.0
2020-02-24 00:00:00-05:00,70.61892109008193,71.28042685845558,69.81202186636781,70.46061706542969,49560000,0.0,0.0
2020-02-25 00:00:00-05:00,71.01345207622762,71.30375438851503,68.50341762530834,68.79620361328125,51580000,0.0,0.0
2020-02-26 00:00:00-05:00,69.22595484103678,70.15344868855172,68.31136399152298,69.00214385986328,49776000,0.0,0.0
2020-02-27 00:00:00-05:00,67.4473896252563,67.95654311110967,65.21922220576265,65.25445556640625,62290000,0.0,0.0
2020-02-28 00:00:00-05:00,63.23769763901328,66.61914625982655,62.934984529715464,66.4603500366211,80198000,0.0,0.0
2020-03-02 00:00:00-05:00,67.06280243372319,68.85326757659175,65.76312069292557,68.79620361328125,55430000,0.0,0.0
2020-03-03 00:00:00-05:00,69.35994133870133,69.8814980608443,65.96359831152199,66.3844223022461,56602000,0.0,0.0
2020-03-04 00:00:00-05:00,67.4384436314038,68.6205139833395,66.34867815746905,68.56195831298828,47598000,0.0,0.0
2020-03-05 00:00:00-05:00,66.77297822404104,67.1739555088367,64.59394677616034,65.24502563476562,54380000,0.0,0.0
2020-03-06 00:00:00-05:00,63.021331540993415,64.64902873567758,62.389107394937724,64.30116271972656,64640000,0.0,0.0
2020-03-09 00:00:00-04:00,59.79619410549362,62.16678266927018,59.45278813467974,60.33363342285156,69252000,0.0,0.0
2020-03-10 00:00:00-04:00,62.249166437969265,63.3141180465607,60.27011622097382,63.280372619628906,54872000,0.0,0.0
2020-03-11 00:00:00-04:00,61.9454606818698,62.37521226684703,59.11037916246386,60.09096908569336,54732000,0.0,0.0
2020-03-12 00:00:00-04:00,55.710067367843244,58.99177101016054,55.00787254144613,55.16071701049805,94326000,0.0,0.0
2020-03-13 00:00:00-04:00,58.30892922423613,60.26465309698514,55.19743692515793,60.258201599121094,79400000,0.0,0.0
2020-03-16 00:00:00-04:00,54.07195051093089,56.8440051030118,52.95389894173577,53.2476806640625,96520000,0.0,0.0
2020-03-17 00:00:00-04:00,54.12305900314687,55.87779830241057,52.06163502643208,55.4837760925293,83194000,0.0,0.0
2020-03-18 00:00:00-04:00,52.599577290272975,54.83518443648212,51.46117548983272,54.150360107421875,93044000,0.0,0.0
2020-03-19 00:00:00-04:00,54.00296388264597,57.19832190247575,52.381714567339266,55.16667175292969,74064000,0.0,0.0
2020-03-20 00:00:00-04:00,56.12096849481009,56.49712798760577,52.70676634071484,53.00997543334961,82878000,0.0,0.0
2020-03-23 00:00:00-04:00,52.422412216355276,52.94546064378,50.06522244779054,52.31125259399414,83672000,0.0,0.0
2020-03-24 00:00:00-04:00,54.78506285069466,56.24155682605298,53.9141408183896,56.07680130004883,72468000,0.0,0.0
2020-03-25 00:00:00-04:00,55.807335766211146,56.87873884091762,53.74442370156079,54.667945861816406,90324000,0.0,0.0
2020-03-26 00:00:00-04:00,55.318030110125996,58.13474890041743,54.19203923465437,57.709957122802734,76562000,0.0,0.0
2020-03-27 00:00:00-04:00,55.950757675221226,57.12091723856907,54.78605765504948,55.096710205078125,62794000,0.0,0.0
2020-03-30 00:00:00-04:00,56.207312192064094,57.1184273116547,54.51261641318761,56.885684967041016,58736000,0.0,0.0
2020-03-31 00:00:00-04:00,57.00578084729468,58.23002839559108,56.40978203312284,57.66182327270508,65228000,0.0,0.0
2020-04-01 00:00:00-04:00,55.77855070150848,56.04751835147688,54.26448935397661,54.6917610168457,51970000,0.0,0.0
2020-04-02 00:00:00-04:00,54.58755078840877,55.717513301749904,54.24662847795809,55.43266677856445,56410000,0.0,0.0
2020-04-03 00:00:00-04:00,55.31753769881237,55.520006471483256,53.35089831480392,54.22528839111328,51374000,0.0,0.0
2020-04-06 00:00:00-04:00,56.225178787159976,59.09102217267394,55.82817690363127,58.715858459472656,63320000,0.0,0.0
2020-04-07 00:00:00-04:00,60.394179822540586,60.58126950041357,58.421088880395914,58.68459701538086,61620000,0.0,0.0
2020-04-08 00:00:00-04:00,59.70388923647416,60.28946490723178,58.75356918935831,59.89742660522461,40334000,0.0,0.0
2020-04-09 00:00:00-04:00,60.45224318747632,60.64131299046074,59.17389991343121,59.876094818115234,54028000,0.0,0.0
2020-04-13 00:00:00-04:00,59.62449181891167,60.270610868569676,58.67317980519801,60.066650390625,38702000,0.0,0.0
2020-04-14 00:00:00-04:00,61.533568790759,63.309150595298796,60.96635185248098,62.7870979309082,63358000,0.0,0.0
2020-04-15 00:00:00-04:00,61.858118318287886,63.277394976794355,61.2373092479215,62.39357376098633,42236000,0.0,0.0
2020-04-16 00:00:00-04:00,62.881880136039015,63.19054874433473,61.44573267770072,62.400020599365234,57896000,0.0,0.0
2020-04-17 00:00:00-04:00,63.60442588043865,64.01631470542216,62.82531274438218,63.47043991088867,51050000,0.0,0.0
2020-04-20 00:00:00-04:00,63.01835225673442,63.36225423770926,62.350894746468136,62.58462905883789,35292000,0.0,0.0
2020-04-21 00:00:00-04:00,61.66954887498343,62.031313648569515,59.79818635722101,60.15350341796875,49648000,0.0,0.0
2020-04-22 00:00:00-04:00,61.59014299817593,63.51410555283705,61.39610963710134,62.44865798950195,46296000,0.0,0.0
2020-04-23 00:00:00-04:00,62.812407383951104,63.92450716957352,62.553862820825465,63.081871032714844,34202000,0.0,0.0
2020-04-24 00:00:00-04:00,62.27943458992633,63.40642126585509,61.73355982484232,63.35133743286133,37402000,0.0,0.0
2020-04-27 00:00:00-04:00,64.11555906230626,64.21977499252665,62.77866017804189,63.06648635864258,44186000,0.0,0.0
2020-04-28 00:00:00-04:00,63.678865309374004,63.75627571988888,61.05766763555547,61.16733932495117,80700000,0.0,0.0
2020-04-29 00:00:00-04:00,66.74568488278513,67.49750400441403,65.83903737899195,66.60574340820312,108358000,0.0,0.0
2020-04-30 00:00:00-04:00,66.06880110856797,66.99381116559951,65.57949434545334,66.83004760742188,55842000,0.0,0.0
2020-05-01 00:00:00-04:00,65.70801754388526,67.06477049960726,64.99193160873368,65.37205505371094,48872000,0.0,0.0
2020-05-04 00:00:00-04:00,64.91602224376798,65.72689694131952,64.31456381571466,65.64897918701172,30806000,0.0,0.0
2020-05-05 00:00:00-04:00,66.37350578620796,68.03644021724791,66.25093487839713,66.94518280029297,39666000,0.0,0.0
2020-05-06 00:00:00-04:00,67.39080984704172,67.92130167738333,66.75213427208723,66.76702117919922,31732000,0.0,0.0
2020-05-07 00:00:00-04:00,67.55507422258476,68.28407086121807,67.11986308544923,67.9505844116211,30652000,0.0,0.0
2020-05-08 00:00:00-04:00,68.57289767567659,69.30833833376855,68.08607448728452,68.69795227050781,33326000,0.0,0.0
2020-05-11 00:00:00-04:00,68.32327341716166,70.24574435202634,68.25925819267765,69.6532211303711,32718000,0.0,0.0
2020-05-12 00:00:00-04:00,69.88298973182424,70.18619502601786,68.21012823629849,68.24337768554688,33918000,0.0,0.0
2020-05-13 00:00:00-04:00,68.29200183826535,68.74706720442754,65.90255466644857,66.91093444824219,40368000,0.0,0.0
2020-05-14 00:00:00-04:00,66.17598785756756,67.35954237194446,65.66881835817256,67.33423614501953,36660000,0.0,0.0
2020-05-15 00:00:00-04:00,66.90747675547625,68.21360247174582,66.44794373128208,68.13817596435547,41544000,0.0,0.0
2020-05-18 00:00:00-04:00,67.56846513316054,69.11577202095012,67.20222906240221,68.73961639404297,47094000,0.0,0.0
2020-05-19 00:00:00-04:00,68.7545048182942,69.10237078740617,68.17290078356297,68.20465850830078,31586000,0.0,0.0
2020-05-20 00:00:00-04:00,68.93712559506159,70.07205161178385,68.85078001844624,69.92962646484375,38262000,0.0,0.0
2020-05-21 00:00:00-04:00,70.02044390375272,70.29189145435492,69.19666631420762,69.8100357055664,30894000,0.0,0.0
2020-05-22 00:00:00-04:00,69.66860976577101,70.31869673137085,69.2740915134913,70.13211059570312,28544000,0.0,0.0
2020-05-26 00:00:00-04:00,71.55732784975878,71.713647949531,70.43778849540769,70.5355453491211,44590000,0.0,0.0
2020-05-27 00:00:00-04:00,70.467573246818,70.7330690901068,69.2071002683885,70.4814682006836,31684000,0.0,0.0
2020-05-28 00:00:00-04:00,69.47506277315657,71.68139184261054,69.42941009442607,70.3802261352539,35170000,0.0,0.0
2020-05-29 00:00:00-04:00,70.48890171815204,71.29779236800545,70.26807420727738,71.13849639892578,37044000,0.0,0.0
2020-06-01 00:00:00-04:00,70.75043989423999,71.53848444367638,70.58071700764269,71.20549774169922,25162000,0.0,0.0
2020-06-02 00:00:00-04:00,71.21193134216848,71.60893317070718,70.54744982507383,71.57469177246094,23442000,0.0,0.0
2020-06-03 00:00:00-04:00,71.5940585831891,71.90719099922431,71.04421220546605,71.4228515625,27732000,0.0,0.0
2020-06-04 00:00:00-04:00,71.30027160879436,71.52557428848117,69.77331097931382,70.18470001220703,26982000,0.0,0.0
2020-06-05 00:00:00-04:00,70.25119916881421,71.7727078334822,69.85320532299941,71.4610595703125,42642000,0.0,0.0
2020-06-08 00:00:00-04:00,70.77922358542683,71.9066987928055,70.68989455246145,71.85906219482422,33878000,0.0,0.0
2020-06-09 00:00:00-04:00,71.72010158033224,72.8396409679758,71.57717666408816,72.05953216552734,33624000,0.0,0.0
2020-06-10 00:00:00-04:00,72.5275098675716,73.0862838915856,72.1726925648837,72.6858139038086,31762000,0.0,0.0
2020-06-11 00:00:00-04:00,71.51117640380802,72.03571651726546,69.39616027535422,69.56935119628906,47144000,0.0,0.0
2020-06-12 00:00:00-04:00,70.75836989233277,71.18762928156453,68.77039211409114,70.11622619628906,36676000,0.0,0.0
2020-06-15 00:00:00-04:00,68.95350509114319,70.71568786340231,68.8398618016423,70.50428771972656,30468000,0.0,0.0
2020-06-16 00:00:00-04:00,71.90668231055088,72.31211956711883,70.91368928598088,71.78113555908203,30648000,0.0,0.0
2020-06-17 00:00:00-04:00,72.10222120320456,72.56174660860705,71.21839618065276,72.08236694335938,30610000,0.0,0.0
2020-06-18 00:00:00-04:00,71.94887494859431,72.10370333903218,70.77722376842894,71.16827392578125,34862000,0.0,0.0
2020-06-19 00:00:00-04:00,71.46006869153939,71.68337989176418,70.41793966091524,70.69783020019531,52784000,0.0,0.0
2020-06-22 00:00:00-04:00,70.71619099609049,72.00346179403014,70.42737286211982,71.98906707763672,29442000,0.0,0.0
2020-06-23 00:00:00-04:00,72.05556312633793,73.20686779381253,71.70818932914503,72.65007019042969,37752000,0.0,0.0
2020-06-24 00:00:00-04:00,72.6153265644653,73.2361317269333,70.96380385720279,71.09779357910156,31592000,0.0,0.0
2020-06-25 00:00:00-04:00,71.02435732770277,71.5751956563901,70.44473713789317,71.51465606689453,23958000,0.0,0.0
2020-06-26 00:00:00-04:00,71.0943407213624,71.3121924045394,67.24194757133121,67.61611938476562,97640000,0.0,0.0
2020-06-29 00:00:00-04:00,67.50693541130255,69.37581791051717,67.07569211299183,69.33462524414062,45074000,0.0,0.0
2020-06-30 00:00:00-04:00,69.32023932105565,70.66606584717748,68.82646494071054,70.37079620361328,40286000,0.0,0.0
2020-07-01 00:00:00-04:00,70.42637638438264,71.88088628212557,70.17874335966512,71.55931091308594,42182000,0.0,0.0
2020-07-02 00:00:00-04:00,72.04763064781929,73.86787699730431,72.00941384931251,72.94534301757812,57218000,0.0,0.0
2020-07-06 00:00:00-04:00,73.84951154751805,74.93381756362824,73.29519761693808,74.42019653320312,44712000,0.0,0.0
2020-07-07 00:00:00-04:00,74.24552002438814,75.49557348396944,73.9264283274638,73.93734741210938,42364000,0.0,0.0
2020-07-08 00:00:00-04:00,74.47726904554796,74.99188203847628,74.05545313077235,74.61621856689453,31766000,0.0,0.0
2020-07-09 00:00:00-04:00,74.93034396940267,75.88364370968078,74.21872553346911,75.36357116699219,41836000,0.0,0.0
2020-07-10 00:00:00-04:00,75.09510790320913,76.48907845135179,74.47331060985266,76.37345123291016,35918000,0.0,0.0
2020-07-13 00:00:00-04:00,76.91585336815388,78.2269463706536,74.7631199227052,75.04449462890625,42954000,0.0,0.0
2020-07-14 00:00:00-04:00,74.07977692160784,75.56902051449428,73.73934679927795,75.47274780273438,38108000,0.0,0.0
2020-07-15 00:00:00-04:00,75.590369661254,76.24045665388901,74.32989662764948,75.27525329589844,31026000,0.0,0.0
2020-07-16 00:00:00-04:00,74.51200517404082,75.2271068276227,73.85546677030331,75.177978515625,26484000,0.0,0.0
2020-07-17 00:00:00-04:00,75.2767261723641,75.60028547250893,74.34328068659873,75.27375030517578,34264000,0.0,0.0
2020-07-20 00:00:00-04:00,75.18194791342034,77.86219724741542,74.5715619416608,77.60563659667969,30166000,0.0,0.0
2020-07-21 00:00:00-04:00,78.65719115591367,78.75743169114544,77.04883714436846,77.21260070800781,27486000,0.0,0.0
2020-07-22 00:00:00-04:00,77.20218043875396,77.76145416596226,76.58285931506369,77.65575408935547,24482000,0.0,0.0
2020-07-23 00:00:00-04:00,77.70935063528133,77.92869400834472,74.86384609206827,75.26879119873047,33910000,0.0,0.0
2020-07-24 00:00:00-04:00,74.39737923019781,75.20328650022337,73.82172685321873,74.8449935913086,29902000,0.0,0.0
2020-07-27 00:00:00-04:00,75.09559396523198,76.3014788657862,75.04944152464174,75.89802551269531,27124000,0.0,0.0
2020-07-28 00:00:00-04:00,75.67819779262315,75.7283180610167,74.46337759336177,74.61870574951172,30910000,0.0,0.0
2020-07-29 00:00:00-04:00,74.68568953299999,76.0915633025399,74.58693315341795,75.604248046875,22676000,0.0,0.0
2020-07-30 00:00:00-04:00,74.33683382646932,76.46674464281898,74.19788429386662,76.34169006347656,36042000,0.0,0.0
2020-07-31 00:00:00-04:00,74.29118175072095,74.68669194397553,72.15481941817586,73.83959197998047,91468000,0.0,0.0
2020-08-03 00:00:00-04:00,73.99095183151731,74.32492290209571,73.03417639444977,73.58203887939453,45482000,0.0,0.0
2020-08-04 00:00:00-04:00,73.77805289203164,74.09565287557423,72.65255421158827,73.11257934570312,37212000,0.0,0.0
2020-08-05 00:00:00-04:00,73.28727382126195,73.94132862440738,73.00936716512784,73.39991760253906,29134000,0.0,0.0
2020-08-06 00:00:00-04:00,73.25400858814031,74.74871158432148,73.0431006448764,74.6832046508789,33306000,0.0,0.0
2020-08-07 00:00:00-04:00,74.88618940652373,75.4345440924859,73.75622301234296,74.356689453125,27718000,0.0,0.0
2020-08-10 00:00:00-04:00,73.98102461614714,74.79239144853135,73.32051078592585,74.27976989746094,20546000,0.0,0.0
2020-08-11 00:00:00-04:00,74.13981242979574,74.95565432900348,73.35524363711775,73.47186279296875,31098000,0.0,0.0
2020-08-12 00:00:00-04:00,73.79839948066032,75.01669524033613,73.69319159902035,74.7968521118164,22512000,0.0,0.0
2020-08-13 00:00:00-04:00,74.84499955940771,76.27221957426538,74.84499955940771,75.26383209228516,22388000,0.0,0.0
2020-08-14 00:00:00-04:00,75.1129659624535,75.41965445670148,74.38794473023643,74.6673355102539,21942000,0.0,0.0
2020-08-17 00:00:00-04:00,75.23008167921238,75.61765619945626,74.685694859427,75.24347686767578,19990000,0.0,0.0
2020-08-18 00:00:00-04:00,75.73377735195302,77.28456008844866,75.51294982781033,77.20565795898438,28378000,0.0,0.0
2020-08-19 00:00:00-04:00,77.04237922081494,77.85474547284741,76.42256594943116,76.65133666992188,30472000,0.0,0.0
2020-08-20 00:00:00-04:00,76.42107417322119,78.41600301349055,76.14764273171457,78.22147369384766,26382000,0.0,0.0
2020-08-21 00:00:00-04:00,78.00064306227968,78.99711936961243,77.52970640732595,78.18773651123047,34838000,0.0,0.0
2020-08-24 00:00:00-04:00,79.02638434061674,79.83577467817327,78.16142177284854,78.66313171386719,25638000,0.0,0.0
2020-08-25 00:00:00-04:00,78.41254792561874,79.84075999951091,78.30238024119053,79.69039916992188,25150000,0.0,0.0
2020-08-26 00:00:00-04:00,79.71271651139712,82.01978600785452,79.44871240871136,81.59002685546875,52188000,0.0,0.0
2020-08-27 00:00:00-04:00,81.71308857092342,81.78157137153234,80.33351300226576,80.81537628173828,31350000,0.0,0.0
2020-08-28 00:00:00-04:00,80.86252205843827,81.45206175495011,80.67096860459195,81.35678100585938,22418000,0.0,0.0
2020-08-31 00:00:00-04:00,81.56223291953953,81.60838536257283,80.65707712251383,80.8655014038086,26422000,0.0,0.0
2020-09-01 00:00:00-04:00,80.99602062020955,82.33887127868402,80.86550650072458,82.1334228515625,22652000,0.0,0.0
2020-09-02 00:00:00-04:00,82.77507634607451,85.6577983212411,82.38700960960998,85.2255630493164,49522000,0.0,0.0
2020-09-03 00:00:00-04:00,84.33876290318153,84.36258498681123,79.7826871845487,80.86451721191406,63726000,0.0,0.0
2020-09-04 00:00:00-04:00,79.8466890087963,81.13644335702884,76.321823874403,78.46761322021484,55850000,0.0,0.0
2020-09-08 00:00:00-04:00,75.67820890499962,77.19425070120302,75.25639290845942,75.60873413085938,54032000,0.0,0.0
2020-09-09 00:00:00-04:00,76.8642343918004,77.35154968410572,75.68663149054102,76.78136444091797,39242000,0.0,0.0
2020-09-10 00:00:00-04:00,76.92775807382651,78.09295018003152,75.43007148898609,75.73030090332031,33024000,0.0,0.0
2020-09-11 00:00:00-04:00,75.83451909086573,76.35805971799056,74.09119089442812,75.21966552734375,30706000,0.0,0.0
2020-09-14 00:00:00-04:00,76.00819769874438,77.26619442098949,74.69115310887393,74.8757553100586,42660000,0.0,0.0
2020-09-15 00:00:00-04:00,75.82161195068608,76.96794929706259,75.53428554034802,76.1803970336914,23042000,0.0,0.0
2020-09-16 00:00:00-04:00,76.54565029872481,77.13568986155084,75.01273021019952,75.03754425048828,22128000,0.0,0.0
2020-09-17 00:00:00-04:00,73.73338661244166,74.37107027229393,72.57464602616677,73.79442596435547,40008000,0.0,0.0
2020-09-18 00:00:00-04:00,73.85696644381204,74.19938051714477,71.04421883540799,72.01041412353516,63056000,0.0,0.0
2020-09-21 00:00:00-04:00,71.04420674157839,71.46303920509229,69.6080593619409,70.97076416015625,56908000,0.0,0.0
2020-09-22 00:00:00-04:00,71.97219001757368,72.64957456925964,70.93899627600688,72.4436264038086,33950000,0.0,0.0
2020-09-23 00:00:00-04:00,72.06002372533587,72.10915203002553,69.60805336058911,69.94103240966797,37726000,0.0,0.0
2020-09-24 00:00:00-04:00,69.60805341622337,71.36030890518906,69.58174766242739,70.60948181152344,34552000,0.0,0.0
2020-09-25 00:00:00-04:00,70.7181666964046,71.75482846616116,69.85617998146562,71.41341400146484,30326000,0.0,0.0
2020-09-28 00:00:00-04:00,73.04757600974902,73.09719651380165,71.77171646612977,72.38607025146484,30784000,0.0,0.0
2020-09-29 00:00:00-04:00,72.64661937279355,73.04808135318571,72.15482882542227,72.75132751464844,31816000,0.0,0.0
2020-09-30 00:00:00-04:00,72.49921433138267,73.75274352180791,72.2421614908849,72.73046875,40924000,0.0,0.0
2020-10-01 00:00:00-04:00,73.62669659515059,74.19292159737675,73.28626646757014,73.83710479736328,32884000,0.0,0.0
2020-10-02 00:00:00-04:00,72.4342113053677,73.39693849816092,71.82481725926408,72.23422241210938,31222000,0.0,0.0
2020-10-05 00:00:00-04:00,72.58407414754559,73.67830733435456,72.45703566376906,73.58551025390625,21602000,0.0,0.0
2020-10-06 00:00:00-04:00,73.2217552492913,73.66936958012764,71.708689629658,72.0069351196289,26096000,0.0,0.0
2020-10-07 00:00:00-04:00,72.41832463079594,72.89770426386879,71.12410260316045,72.4098892211914,36108000,0.0,0.0
2020-10-08 00:00:00-04:00,72.72302733778457,73.84355876633454,72.72302733778457,73.61528778076172,26076000,0.0,0.0
2020-10-09 00:00:00-04:00,74.08324039010259,75.02562099842726,73.79243836136804,74.95614624023438,32966000,0.0,0.0
2020-10-12 00:00:00-04:00,76.32332446809873,78.82541548276977,75.89158140633867,77.64285278320312,55344000,0.0,0.0
2020-10-13 00:00:00-04:00,78.2591971477664,78.66364249122451,77.34709005860579,77.76592254638672,39072000,0.0,0.0
2020-10-14 00:00:00-04:00,78.13960670707321,78.59863235974427,76.7153626294545,77.58578491210938,33174000,0.0,0.0
2020-10-15 00:00:00-04:00,76.64587507503954,77.98078990281171,76.47864347081843,77.19026184082031,31210000,0.0,0.0
2020-10-16 00:00:00-04:00,77.50588599458379,78.29393046378365,77.29895342687239,77.79718780517578,34194000,0.0,0.0
2020-10-19 00:00:00-04:00,78.20559891498712,78.60260079245475,75.57497780370291,75.92383575439453,29734000,0.0,0.0
2020-10-20 00:00:00-04:00,75.58440861018742,78.10188630763496,75.45488644834482,76.97241973876953,41670000,0.0,0.0
2020-10-21 00:00:00-04:00,77.90387889868303,80.15140068876588,77.76939696227232,78.70482635498047,60322000,0.0,0.0
2020-10-22 00:00:00-04:00,78.65570442381038,80.0660459854062,78.28252459218282,79.73058319091797,30512000,0.0,0.0
2020-10-23 00:00:00-04:00,80.14693590256121,81.09328441349074,79.99110798217251,81.03671264648438,30548000,0.0,0.0
2020-10-26 00:00:00-04:00,80.1444529478215,80.86798245629929,77.80115810817524,78.62046813964844,35826000,0.0,0.0
2020-10-27 00:00:00-04:00,78.8507232899388,79.49931843074643,78.25820014746962,79.34449005126953,25902000,0.0,0.0
2020-10-28 00:00:00-04:00,76.91932680468821,77.10789684447866,74.85839855107197,74.97352600097656,45174000,0.0,0.0
2020-10-29 00:00:00-04:00,75.28218805257592,78.84129503159711,75.25886573393818,77.26024627685547,55406000,0.0,0.0
2020-10-30 00:00:00-04:00,82.74679849997239,83.43559446535326,79.47799353194753,80.19953918457031,99878000,0.0,0.0
2020-11-02 00:00:00-05:00,80.56823986724642,82.2902293714331,80.10672305492209,80.60694885253906,44228000,0.0,0.0
2020-11-03 00:00:00-05:00,80.92655377259855,82.32796024733388,80.00104380423727,81.66596221923828,31432000,0.0,0.0
2020-11-04 00:00:00-05:00,84.63948153548641,87.83781924294622,84.51145110327435,86.63788604736328,71342000,0.0,0.0
2020-11-05 00:00:00-05:00,87.85866770874907,88.91915931430586,86.39869809059148,87.46414947509766,39758000,0.0,0.0
2020-11-06 00:00:00-05:00,86.91032668013082,87.76189413906489,86.18282183232226,87.3266830444336,28622000,0.0,0.0
2020-11-09 00:00:00-05:00,89.12559131535588,90.16324512356621,87.21849969739831,87.4105453491211,53440000,0.0,0.0
2020-11-10 00:00:00-05:00,85.83992542478141,87.30932243182015,85.16254076469718,86.23444366455078,43022000,0.0,0.0
2020-11-11 00:00:00-05:00,86.7644386706243,87.48400040663131,86.49944259042287,86.70638275146484,31838000,0.0,0.0
2020-11-12 00:00:00-05:00,86.44684066248136,87.58722643808827,86.24685175981372,86.48753356933594,26474000,0.0,0.0
2020-11-13 00:00:00-05:00,86.74457768582197,88.19015241863731,86.14808672166791,87.94847869873047,29744000,0.0,0.0
2020-11-16 00:00:00-05:00,87.54552502493586,89.04420345983792,87.40607574489121,88.03631591796875,25468000,0.0,0.0
2020-11-17 00:00:00-05:00,87.73013533866205,88.19066026800272,87.3147784714661,87.4224624633789,21314000,0.0,0.0
2020-11-18 00:00:00-05:00,87.1733372217032,87.58820185881903,86.2766092924887,86.37933349609375,20108000,0.0,0.0
2020-11-19 00:00:00-05:00,86.01162222429092,87.51327668318758,85.85232624194083,87.26911926269531,20106000,0.0,0.0
2020-11-20 00:00:00-05:00,87.43933016329416,87.75494624561959,86.099455426142,86.16793823242188,27694000,0.0,0.0
2020-11-23 00:00:00-05:00,86.35849613940775,86.64483058529487,84.86776089950195,85.73023986816406,22530000,0.0,0.0
2020-11-24 00:00:00-05:00,85.72727127928064,87.66165318603427,85.39130873171393,87.53362274169922,27984000,0.0,0.0
2020-11-25 00:00:00-05:00,87.72765454815004,87.85518522073961,86.7624437790224,87.54502868652344,19600000,0.0,0.0
2020-11-27 00:00:00-05:00,87.56537478708843,89.17670461109734,87.56537478708843,88.68094635009766,14790000,0.0,0.0
2020-11-30 00:00:00-05:00,88.11671176448347,88.34945031622777,86.73663636473374,87.06217956542969,32418000,0.0,0.0
2020-12-01 00:00:00-05:00,87.67058926121352,90.40294282397186,87.49044706213408,89.0948257446289,37350000,0.0,0.0
2020-12-02 00:00:00-05:00,89.09482724425072,90.94981487855388,88.58914937963489,90.56422424316406,29424000,0.0,0.0
2020-12-03 00:00:00-05:00,90.34438241647054,91.50014714254405,90.16870781369849,90.40889739990234,24728000,0.0,0.0
2020-12-04 00:00:00-05:00,90.32850630008762,90.7890236553359,89.99948744675892,90.50418090820312,20544000,0.0,0.0
2020-12-07 00:00:00-05:00,90.09674637845352,90.77859855213794,89.4759411272012,90.17019653320312,22288000,0.0,0.0
2020-12-08 00:00:00-05:00,89.74788739186799,90.11759154794318,88.89235211475021,89.8873291015625,19936000,0.0,0.0
2020-12-09 00:00:00-05:00,89.83920887889336,90.73296111305527,87.43934203817015,88.22639465332031,31728000,0.0,0.0
2020-12-10 00:00:00-05:00,87.46910240104222,88.08395592677938,86.0265034805042,87.71971130371094,28688000,0.0,0.0
2020-12-11 00:00:00-05:00,87.34008297762018,88.19909393700529,86.97980616515416,88.07453155517578,18628000,0.0,0.0
2020-12-14 00:00:00-05:00,87.87206082320614,88.8189014511486,86.80065024940325,86.95597839355469,33050000,0.0,0.0
2020-12-15 00:00:00-05:00,87.33312959787565,87.53857801501006,86.43045746319423,87.3936767578125,21352000,0.0,0.0
2020-12-16 00:00:00-05:00,87.79216907373542,87.79216907373542,86.79719198041016,87.20063781738281,24676000,0.0,0.0
2020-12-17 00:00:00-05:00,87.53511818197795,87.67307576208695,85.90840908366975,86.37289428710938,34880000,0.0,0.0
2020-12-18 00:00:00-05:00,86.65376686057336,86.76244280122043,85.10695202977472,85.66374206542969,85256000,0.0,0.0
2020-12-21 00:00:00-05:00,84.81565683297735,86.19870821457275,84.06482960264226,86.07762145996094,33974000,0.0,0.0
2020-12-22 00:00:00-05:00,85.81808690722899,85.9808585248168,84.64941910188612,85.36600494384766,20370000,0.0,0.0
2020-12-23 00:00:00-05:00,85.55011232552296,86.55154089513248,85.41463085492951,85.76349639892578,22974000,0.0,0.0
2020-12-24 00:00:00-05:00,85.8017013279546,86.46717488960903,85.57094668185455,86.05776977539062,9312000,0.0,0.0
2020-12-28 00:00:00-05:00,86.5912375649003,88.67995556645543,86.43790089801071,88.03284454345703,27650000,0.0,0.0
2020-12-29 00:00:00-05:00,88.69138091250761,88.75291246047898,87.0974215338382,87.22892761230469,19726000,0.0,0.0
2020-12-30 00:00:00-05:00,87.58821155391553,87.72517717388291,85.75208625390715,86.16149139404297,21026000,0.0,0.0
2020-12-31 00:00:00-05:00,86.21210764385076,87.21601985817294,86.15354439427452,86.97484588623047,21070000,0.0,0.0
2021-01-04 00:00:00-05:00,87.34009136550215,87.46365423127112,84.71691336278822,85.65929412841797,37324000,0.0,0.0
2021-01-05 00:00:00-05:00,85.60766776688526,86.68651421531872,85.20123853878756,86.35005950927734,20360000,0.0,0.0
2021-01-06 00:00:00-05:00,84.37547823924433,86.54459001427169,84.16903787338767,85.49799346923828,46588000,0.0,0.0
2021-01-07 00:00:00-05:00,85.69054682012181,88.22440320804346,85.69054682012181,88.05171203613281,41936000,0.0,0.0
2021-01-08 00:00:00-05:00,88.19164922097684,89.29332585763812,87.40062131631798,89.21739959716797,35484000,0.0,0.0
2021-01-11 00:00:00-05:00,88.18469390854133,88.54993804991724,86.95002711090964,87.15596771240234,34796000,0.0,0.0
2021-01-12 00:00:00-05:00,86.6135656079174,87.73211302288776,85.17543429898133,86.22003936767578,29528000,0.0,0.0
2021-01-13 00:00:00-05:00,85.71833405616691,87.16094060271311,85.71833405616691,86.70736694335938,23432000,0.0,0.0
2021-01-14 00:00:00-05:00,86.78775664072327,87.71475825531489,85.65630612320594,85.89698791503906,29212000,0.0,0.0
2021-01-15 00:00:00-05:00,85.80269009081528,86.72571621304921,84.94368675719375,85.73321533203125,31444000,0.0,0.0
2021-01-19 00:00:00-05:00,86.49645306604887,89.51564055637627,85.99176721747224,88.55440521240234,41660000,0.0,0.0
2021-01-20 00:00:00-05:00,90.63369841737502,94.273699131295,90.29327584791857,93.29856872558594,64152000,0.0,0.0
2021-01-21 00:00:00-05:00,93.97246630966059,95.87955030934256,93.26580011739712,93.50102233886719,58634000,0.0,0.0
2021-01-22 00:00:00-05:00,93.86378525576802,94.50543672127229,93.12139349550735,93.91837310791016,32744000,0.0,0.0
2021-01-25 00:00:00-05:00,94.91981325917729,95.37041104765358,92.26090239757879,94.00373077392578,50586000,0.0,0.0
2021-01-26 00:00:00-05:00,93.59234042721772,95.06918077277226,93.10304122733542,94.6821060180664,31462000,0.0,0.0
2021-01-27 00:00:00-05:00,93.0424981499985,93.31841329790922,89.19010540093252,90.26498413085938,82512000,0.0,0.0
2021-01-28 00:00:00-05:00,90.8634721784876,93.691598830972,90.8634721784876,91.96514892578125,55278000,0.0,0.0
2021-01-29 00:00:00-05:00,91.0133261797353,91.68425930662701,89.40250361723265,90.68282318115234,44530000,0.0,0.0
2021-02-01 00:00:00-05:00,91.537869114529,95.05876695305972,91.537869114529,93.94369506835938,40252000,0.0,0.0
2021-02-02 00:00:00-05:00,94.93917374200196,96.73758204200149,94.60370337579502,95.2364273071289,66332000,0.0,0.0
2021-02-03 00:00:00-05:00,102.50600624841188,104.54112860676844,99.922521611961,102.17202758789062,97882000,0.0,0.0
2021-02-04 00:00:00-05:00,102.25835779899022,102.68910130885799,100.99192568967557,101.91148376464844,48596000,0.0,0.0
2021-02-05 00:00:00-05:00,102.2057458761507,104.0111051026961,101.73133363614768,103.65827178955078,29866000,0.0,0.0
2021-02-08 00:00:00-05:00,104.21259473058925,104.95697040723631,102.39384015907453,103.44439697265625,28828000,0.0,0.0
2021-02-09 00:00:00-05:00,102.96205138124002,104.13866240440814,102.72385326200276,102.9913330078125,21892000,0.0,0.0
2021-02-10 00:00:00-05:00,103.37592426780195,104.1570250983957,101.84251204141984,103.54167175292969,25102000,0.0,0.0
2021-02-11 00:00:00-05:00,103.76598678848063,103.91485588677463,102.66728589554243,103.65432739257812,20480000,0.0,0.0
2021-02-12 00:00:00-05:00,103.20869414235067,104.18779239421134,102.90101367903335,103.96597290039062,18990000,0.0,0.0
2021-02-16 00:00:00-05:00,103.80318697811768,106.45267031039077,103.80318697811768,104.74358367919922,31004000,0.0,0.0
2021-02-17 00:00:00-05:00,103.91386367727917,105.32619677339446,103.63448045056259,105.13662719726562,20294000,0.0,0.0
2021-02-18 00:00:00-05:00,104.46073001635577,105.30386215822301,103.8816019889264,104.50092315673828,22546000,0.0,0.0
2021-02-19 00:00:00-05:00,104.59918372977481,105.13463539467114,103.39031525447268,103.65729522705078,37938000,0.0,0.0
2021-02-22 00:00:00-05:00,101.9099993387489,103.23647893744953,101.63210028023519,101.9427490234375,29466000,0.0,0.0
2021-02-23 00:00:00-05:00,99.94434439439259,102.84790471803919,98.7652498236748,102.2335433959961,34658000,0.0,0.0
2021-02-24 00:00:00-05:00,100.74082627734853,103.63297538297377,100.61627147183141,103.40916442871094,22608000,0.0,0.0
2021-02-25 00:00:00-05:00,102.02562835554662,103.36897879825909,99.57216580668543,100.04161834716797,41548000,0.0,0.0
2021-02-26 00:00:00-05:00,100.73635761176493,102.0548939056203,99.30021020364278,100.33737182617188,40042000,0.0,0.0
2021-03-01 00:00:00-05:00,101.63210667965502,103.03302091003201,100.95819763423486,102.70698547363281,26060000,0.0,0.0
2021-03-02 00:00:00-05:00,102.46777579992727,103.9515673872358,102.06234608378273,102.44991302490234,25564000,0.0,0.0
2021-03-03 00:00:00-05:00,101.82811444002907,103.02109639925452,98.95233642673433,99.81631469726562,33892000,0.0,0.0
2021-03-04 00:00:00-05:00,99.98801971974596,102.95162763201309,99.51955914782164,100.93387603759766,49216000,0.0,0.0
2021-03-05 00:00:00-05:00,102.28466284780541,104.52026594581169,100.62867233193391,104.06719207763672,53100000,0.0,0.0
2021-03-08 00:00:00-05:00,103.42158052102567,104.89444552557276,99.50764868129858,99.62228393554688,36868000,0.0,0.0
2021-03-09 00:00:00-05:00,101.71893700927107,102.4221200060807,101.01673839596404,101.2529525756836,33920000,0.0,0.0
2021-03-10 00:00:00-05:00,102.2970659351344,102.2970659351344,100.20933995964218,101.0460205078125,27100000,0.0,0.0
2021-03-11 00:00:00-05:00,102.1392583726639,104.7718632506031,102.05142107793417,104.23938751220703,27702000,0.0,0.0
2021-03-12 00:00:00-05:00,103.04194682941647,103.10149446258991,100.85893998678274,101.7313461303711,33818000,0.0,0.0
2021-03-15 00:00:00-04:00,101.48223051757223,101.97897318600187,100.62917885594194,101.9516830444336,26168000,0.0,0.0
2021-03-16 00:00:00-04:00,102.52486192022938,104.89147928506735,102.19237497652385,103.41315460205078,31900000,0.0,0.0
2021-03-17 00:00:00-04:00,102.64792444093051,104.16297408675445,101.43955571786044,103.33026885986328,26382000,0.0,0.0
2021-03-18 00:00:00-04:00,101.64102887234584,102.66181951662611,100.2019054886591,100.30909729003906,31700000,0.0,0.0
2021-03-19 00:00:00-04:00,100.72544755239356,101.08820045745158,99.39549239049998,100.58798217773438,46072000,0.0,0.0
2021-03-22 00:00:00-04:00,100.62124164348486,101.64897601791101,99.9448489322674,100.7730941772461,33536000,0.0,0.0
2021-03-23 00:00:00-04:00,101.23261887288946,102.4315602691178,100.63960345971093,101.30110168457031,28510000,0.0,0.0
2021-03-24 00:00:00-04:00,101.81868694086641,102.6047475271792,100.6892203526668,100.8644027709961,25218000,0.0,0.0
2021-03-25 00:00:00-04:00,100.69170066123667,101.51497849194996,99.05605651294476,100.86092376708984,35616000,0.0,0.0
2021-03-26 00:00:00-04:00,100.82766746682842,101.20481507110642,99.44114060264995,100.4773178100586,27978000,0.0,0.0
2021-03-29 00:00:00-04:00,100.34978722521926,101.6921456617526,99.52055008099022,101.52242279052734,26492000,0.0,0.0
2021-03-30 00:00:00-04:00,101.87923478436586,102.3600985997057,101.04404587909158,101.5561752319336,27312000,0.0,0.0
2021-03-31 00:00:00-04:00,101.94969227085818,103.5307484849651,101.58246421687518,102.35264587402344,42570000,0.0,0.0
2021-04-01 00:00:00-04:00,103.82800630103871,105.98669127491928,103.78731339954884,105.6904296875,39880000,0.0,0.0
2021-04-05 00:00:00-04:00,106.55241526747184,110.61373186270573,106.45614255746916,110.1159896850586,48510000,0.0,0.0
2021-04-06 00:00:00-04:00,109.71701369040595,110.56461342527915,109.26393976837547,109.63463592529297,35240000,0.0,0.0
2021-04-07 00:00:00-04:00,109.82519037364484,111.38341654754359,109.82519037364484,111.11196899414062,24134000,0.0,0.0
2021-04-08 00:00:00-04:00,112.35110546289924,112.73768803911382,111.30947619166977,111.67769622802734,28664000,0.0,0.0
2021-04-09 00:00:00-04:00,111.43006856726271,112.84586958165409,111.02413150339015,112.6821060180664,26146000,0.0,0.0
2021-04-12 00:00:00-04:00,111.86081786456195,111.99827567762381,110.55567663945638,111.3893814086914,25024000,0.0,0.0
2021-04-13 00:00:00-04:00,111.7054829333092,112.32480405880901,111.31145691408278,111.87619018554688,25682000,0.0,0.0
2021-04-14 00:00:00-04:00,112.52132265803313,112.52132265803313,110.96260423492673,111.25489044189453,21002000,0.0,0.0
2021-04-15 00:00:00-04:00,112.24937512425728,113.93910731506152,111.71441568076216,113.40563201904297,29174000,0.0,0.0
2021-04-16 00:00:00-04:00,113.60363801209377,113.85176324145186,112.69450680826098,113.28157043457031,26282000,0.0,0.0
2021-04-19 00:00:00-04:00,112.65779320044837,114.34057420260662,112.65779320044837,113.62944793701172,30290000,0.0,0.0
2021-04-20 00:00:00-04:00,114.01304464501652,114.08797894990056,112.00968781654448,113.09597778320312,22288000,0.0,0.0
2021-04-21 00:00:00-04:00,112.75059219366896,113.14511042002438,111.39929855085491,113.063232421875,23204000,0.0,0.0
2021-04-22 00:00:00-04:00,112.91682079811619,113.58576995945398,111.17597645061205,111.78140258789062,24146000,0.0,0.0
2021-04-23 00:00:00-04:00,112.49997995220494,114.44131306155018,112.21463744660008,114.1341323852539,29066000,0.0,0.0
2021-04-26 00:00:00-04:00,114.36191465854154,115.35491539207553,114.0046137037265,114.63038635253906,32038000,0.0,0.0
2021-04-27 00:00:00-04:00,115.01249127701054,115.05318417666454,113.45078956312143,113.68998718261719,44386000,0.0,0.0
2021-04-28 00:00:00-04:00,118.72792498547076,120.65734705575763,116.77865622813731,117.06747436523438,81106000,0.0,0.0
2021-04-29 00:00:00-04:00,118.56565462462966,119.30655470794439,117.80241660635883,118.74082946777344,41234000,0.0,0.0
2021-04-30 00:00:00-04:00,117.51311042017052,118.19942267241335,116.44815879879016,116.79255676269531,44856000,0.0,0.0
2021-05-03 00:00:00-04:00,117.35876574374358,118.18452723288044,115.89929599373691,116.27545166015625,28242000,0.0,0.0
2021-05-04 00:00:00-04:00,114.81003375695731,115.37774294284415,111.98785888456881,114.47655487060547,44818000,0.0,0.0
2021-05-05 00:00:00-04:00,115.55837890460862,115.87448718948492,114.54850735953089,114.87057495117188,26636000,0.0,0.0
2021-05-06 00:00:00-04:00,114.45173268147272,115.99110412597656,113.7922184104356,115.99110412597656,25190000,0.0,0.0
2021-05-07 00:00:00-04:00,117.30815282057624,117.67338940045705,116.42829567342216,116.71463012695312,28898000,0.0,0.0
2021-05-10 00:00:00-04:00,115.53406221182321,115.67599518638454,113.3704097175728,113.72821044921875,30914000,0.0,0.0
2021-05-11 00:00:00-04:00,111.31245005100251,113.15899447228237,110.85837666118927,112.65182495117188,34186000,0.0,0.0
2021-05-12 00:00:00-04:00,110.47477830544459,111.55610843792854,108.85848874493934,109.1875,46376000,0.0,0.0
2021-05-13 00:00:00-04:00,110.47130973397276,111.13231572556356,109.50858260758544,110.61621856689453,33204000,0.0,0.0
2021-05-14 00:00:00-04:00,112.08015480939481,113.37933665290709,111.65635497248752,113.06471252441406,31996000,0.0,0.0
2021-05-17 00:00:00-04:00,112.3297641754445,113.6304377384808,111.92978642061708,113.58776092529297,21598000,0.0,0.0
2021-05-18 00:00:00-04:00,114.2542271454535,114.51873100821115,112.26128204938492,112.27517700195312,22204000,0.0,0.0
2021-05-19 00:00:00-04:00,110.58594292832795,112.89648041648023,110.43756603914663,112.7232894897461,23684000,0.0,0.0
2021-05-20 00:00:00-04:00,113.69098569300493,114.73310713657823,113.31978979628988,114.48250579833984,32352000,0.0,0.0
2021-05-21 00:00:00-04:00,115.00157839071795,115.07502854849963,113.60661602300084,113.84630584716797,40632000,0.0,0.0
2021-05-24 00:00:00-04:00,114.87651898938388,117.3905209078687,114.73111797181262,117.16671752929688,31832000,0.0,0.0
2021-05-25 00:00:00-04:00,117.71061940003706,118.30611849730967,116.86699504788572,117.2575454711914,22440000,0.0,0.0
2021-05-26 00:00:00-04:00,117.4386576186535,118.55373698083459,117.4356817515522,118.12299346923828,21572000,0.0,0.0
2021-05-27 00:00:00-04:00,118.55671711942162,118.55671711942162,116.92951595867764,117.24810791015625,35224000,0.0,0.0
2021-05-28 00:00:00-04:00,117.83070761492301,117.91258561269424,116.76029647620672,116.95879364013672,21482000,0.0,0.0
2021-06-01 00:00:00-04:00,117.83169739325494,118.3909711309442,116.83125322941245,118.16616821289062,23354000,0.0,0.0
2021-06-02 00:00:00-04:00,118.5616749306312,118.7844939306939,116.73596907023163,117.64064025878906,21158000,0.0,0.0
2021-06-03 00:00:00-04:00,116.4069589139595,116.96722459641707,115.60253582286343,116.49876403808594,18696000,0.0,0.0
2021-06-04 00:00:00-04:00,117.5751361103478,119.05197647969602,117.23470598588214,118.78102111816406,24458000,0.0,0.0
2021-06-07 00:00:00-04:00,118.57608038074805,119.3239317671164,118.1572478636839,119.2142562866211,24120000,0.0,0.0
2021-06-08 00:00:00-04:00,119.69611425817284,120.06879431068795,118.8410711054014,119.02269744873047,24240000,0.0,0.0
2021-06-09 00:00:00-04:00,119.66732391656954,119.73927477924008,118.94627056496574,119.49413299560547,17942000,0.0,0.0
2021-06-10 00:00:00-04:00,119.44352262743342,120.88662140305803,119.28770227679246,120.84344482421875,25904000,0.0,0.0
2021-06-11 00:00:00-04:00,121.08511637699016,121.17047000516757,120.04100343499866,120.59879302978516,21958000,0.0,0.0
2021-06-14 00:00:00-04:00,120.7010138258984,121.52776727722208,119.99336321142542,121.52727508544922,22098000,0.0,0.0
2021-06-15 00:00:00-04:00,121.53173143958783,121.85479096519951,120.14818797993534,120.50896453857422,21562000,0.0,0.0
2021-06-16 00:00:00-04:00,120.660309962203,120.97195819228187,118.57407581457998,119.86680603027344,26472000,0.0,0.0
2021-06-17 00:00:00-04:00,119.7923822856336,121.603693441412,119.59636123311135,120.83053588867188,25842000,0.0,0.0
2021-06-18 00:00:00-04:00,120.45685158183923,120.6910818510485,119.1149929914567,119.21027374267578,46116000,0.0,0.0
2021-06-21 00:00:00-04:00,119.59685965102948,121.0851112549705,118.99936913469928,120.89901733398438,27414000,0.0,0.0
2021-06-22 00:00:00-04:00,120.83698717040798,121.48211428370058,120.15613450667915,121.41313171386719,22390000,0.0,0.0
2021-06-23 00:00:00-04:00,121.17790930527332,122.17239413660434,120.92085647379636,121.2111587524414,19148000,0.0,0.0
2021-06-24 00:00:00-04:00,121.77985701377752,122.13269035567586,121.382862712785,121.58135986328125,21362000,0.0,0.0
2021-06-25 00:00:00-04:00,121.08511970218902,121.71337603387175,120.65338419848014,121.58980560302734,34594000,0.0,0.0
2021-06-28 00:00:00-04:00,121.758521573653,121.86422922179605,120.49507286854836,121.61709594726562,28526000,0.0,0.0
2021-06-29 00:00:00-04:00,121.75059355767355,122.09846715134644,120.77843902634659,121.35557556152344,23108000,0.0,0.0
2021-06-30 00:00:00-04:00,121.07965376613676,121.34018980324502,120.44445377750469,121.17394256591797,24474000,0.0,0.0
2021-07-01 00:00:00-04:00,120.81217357840106,121.66770889111173,120.62012792060024,121.52628326416016,18110000,0.0,0.0
2021-07-02 00:00:00-04:00,122.22649002373326,124.46358492049245,122.13666881147289,124.31818389892578,25982000,0.0,0.0
2021-07-06 00:00:00-04:00,124.70625497523152,125.4799123179405,123.64824707773293,125.24369812011719,26404000,0.0,0.0
2021-07-07 00:00:00-04:00,126.20840260771347,126.32948178151617,125.20696652930476,125.52555847167969,24060000,0.0,0.0
2021-07-08 00:00:00-04:00,123.09591382193557,124.65364012038974,123.09194599924523,124.10627746582031,23790000,0.0,0.0
2021-07-09 00:00:00-04:00,124.0874257825827,124.7916007446982,123.6174735198398,124.57722473144531,18632000,0.0,0.0
2021-07-12 00:00:00-04:00,125.23178767794647,126.11660464739363,124.66903830023149,126.02330780029297,17668000,0.0,0.0
2021-07-13 00:00:00-04:00,126.0858217415927,127.09717735782496,125.72455299411631,126.38655090332031,19240000,0.0,0.0
2021-07-14 00:00:00-04:00,126.99843013494588,128.3566749442319,126.95525355930435,127.27533721923828,23742000,0.0,0.0
2021-07-15 00:00:00-04:00,127.68425815211094,127.73487061260049,125.58114534521543,126.05258178710938,24218000,0.0,0.0
2021-07-16 00:00:00-04:00,126.7056414194645,126.85302634579371,125.20746273938772,126.01783752441406,20424000,0.0,0.0
2021-07-19 00:00:00-04:00,125.14393851701688,125.25857376045805,122.57881687574903,123.6437759399414,27968000,0.0,0.0
2021-07-20 00:00:00-04:00,124.58616145014766,126.09029957274659,123.41799344616328,125.26305389404297,26312000,0.0,0.0
2021-07-21 00:00:00-04:00,125.18761690110053,126.6391510453154,125.0784411915478,126.5925064086914,20746000,0.0,0.0
2021-07-22 00:00:00-04:00,126.88528161966792,127.51948960821602,126.54286761164278,127.45844268798828,14302000,0.0,0.0
2021-07-23 00:00:00-04:00,129.4523801977889,132.39862482827255,128.82711495157838,132.0175018310547,41506000,0.0,0.0
2021-07-26 00:00:00-04:00,132.32866235257328,133.23034251225275,131.3093559344711,133.0298614501953,30572000,0.0,0.0
2021-07-27 00:00:00-04:00,133.24375654153485,133.39114148344112,129.12835158486462,130.91087341308594,54710000,0.0,0.0
2021-07-28 00:00:00-04:00,135.28980809616644,137.2599234097083,134.2630655744144,135.0734405517578,95130000,0.0,0.0
2021-07-29 00:00:00-04:00,135.12899677919694,135.63616633400994,134.52655404007479,134.75929260253906,31716000,0.0,0.0
2021-07-30 00:00:00-04:00,134.02235996691988,134.28983968101215,133.24821049206028,133.71617126464844,25576000,0.0,0.0
2021-08-02 00:00:00-04:00,134.10377496882492,134.32162665748433,132.79069795710942,133.84324645996094,21634000,0.0,0.0
2021-08-03 00:00:00-04:00,134.1216167474908,134.71413996372158,132.31974039561504,134.6129150390625,20762000,0.0,0.0
2021-08-04 00:00:00-04:00,134.33448656337714,134.63223982557648,133.47845161368906,134.11216735839844,19676000,0.0,0.0
2021-08-05 00:00:00-04:00,134.66301914321753,135.32750833169953,133.83477396423808,135.229736328125,17870000,0.0,0.0
2021-08-06 00:00:00-04:00,135.02180226998487,135.4490701118933,134.19604087105887,134.72056579589844,20488000,0.0,0.0
2021-08-09 00:00:00-04:00,134.92306449777362,136.15525526849018,134.32457443388773,135.8862762451172,17760000,0.0,0.0
2021-08-10 00:00:00-04:00,136.3120586436504,136.739341684584,135.3418956435353,135.7810821533203,19414000,0.0,0.0
2021-08-11 00:00:00-04:00,136.15277807095418,136.6500129504423,135.24959853381438,135.25704956054688,15352000,0.0,0.0
2021-08-12 00:00:00-04:00,134.95582328461904,136.27039955007274,134.40995981317207,136.16519165039062,16506000,0.0,0.0
2021-08-13 00:00:00-04:00,136.22075907791498,136.82271722045272,136.00539109097147,136.69467163085938,15948000,0.0,0.0
2021-08-16 00:00:00-04:00,136.49367603744454,137.32490460237238,134.28437116129226,137.2722930908203,22384000,0.0,0.0
2021-08-17 00:00:00-04:00,136.7169958893501,137.2286329994701,135.06150515244326,135.63665771484375,21716000,0.0,0.0
2021-08-18 00:00:00-04:00,135.47637140289288,136.07634558098277,134.30671177014443,134.43325805664062,19258000,0.0,0.0
2021-08-19 00:00:00-04:00,133.4273471733115,135.32996352122413,133.2432371779156,134.66250610351562,21782000,0.0,0.0
2021-08-20 00:00:00-04:00,134.9801260855952,136.52247337439283,134.23575039027023,136.39891052246094,31194000,0.0,0.0
2021-08-23 00:00:00-04:00,136.93486475189124,139.8180789523817,136.57557987363364,138.9913330078125,28454000,0.0,0.0
2021-08-24 00:00:00-04:00,139.55702905815937,141.01452236958926,139.28608129387433,140.20216369628906,19268000,0.0,0.0
2021-08-25 00:00:00-04:00,140.56295954298056,141.12322528868177,140.31583381143977,141.0135498046875,15848000,0.0,0.0
2021-08-26 00:00:00-04:00,140.6870101446203,141.34950029059405,140.29695193911797,140.3798370361328,20610000,0.0,0.0
2021-08-27 00:00:00-04:00,140.5902203658404,143.42877334902713,140.43588418463617,142.92408752441406,28780000,0.0,0.0
2021-08-30 00:00:00-04:00,143.3171329571625,144.87586650188038,143.08191071362054,143.50621032714844,24434000,0.0,0.0
2021-08-31 00:00:00-04:00,144.05853400521448,144.08284070648722,143.1990308749765,143.61239624023438,22448000,0.0,0.0
2021-09-01 00:00:00-04:00,143.91262680281687,145.15722071865454,143.7969996028531,144.1265106201172,21936000,0.0,0.0
2021-09-02 00:00:00-04:00,144.12702918117816,144.4282505704674,142.1112538267308,142.21249389648438,32342000,0.0,0.0
2021-09-03 00:00:00-04:00,142.00753585009178,143.07397156605705,141.33262733689926,142.66159057617188,19850000,0.0,0.0
2021-09-07 00:00:00-04:00,142.75586232811756,143.48088345011595,142.5419785225867,143.19851684570312,20124000,0.0,0.0
2021-09-08 00:00:00-04:00,143.01939373948818,143.3171319106359,141.92763663073742,142.6134490966797,18344000,0.0,0.0
2021-09-09 00:00:00-04:00,142.76183791118086,143.22831458600484,142.10381533079317,142.46458435058594,15314000,0.0,0.0
2021-09-10 00:00:00-04:00,143.13104663141073,143.6332640184045,139.68261445337464,139.819580078125,36840000,0.0,0.0
2021-09-13 00:00:00-04:00,140.8850133140272,141.87801407207704,140.19076541104684,141.26515197753906,22094000,0.0,0.0
2021-09-14 00:00:00-04:00,141.9231620681561,142.28791402642847,140.68700352159263,141.4755401611328,19674000,0.0,0.0
2021-09-15 00:00:00-04:00,141.7008640719296,143.3672741920818,140.28754656710873,143.346435546875,27408000,0.0,0.0
2021-09-16 00:00:00-04:00,142.871012257135,143.21789389256512,141.33363224313416,142.53306579589844,26190000,0.0,0.0
2021-09-17 00:00:00-04:00,141.95789782730313,142.3742466109802,139.41659826215943,139.74412536621094,53384000,0.0,0.0
2021-09-20 00:00:00-04:00,137.12540035558104,137.95761325803494,135.29970225488358,137.67921447753906,46518000,0.0,0.0
2021-09-21 00:00:00-04:00,138.70152098037897,138.9615648556159,137.24105908809844,137.9904022216797,25332000,0.0,0.0
2021-09-22 00:00:00-04:00,138.25934422526794,139.83046573683288,137.51248488570442,139.2314910888672,25056000,0.0,0.0
2021-09-23 00:00:00-04:00,139.93024135046866,140.6339242140277,139.34863720343068,140.1570281982422,20952000,0.0,0.0
2021-09-24 00:00:00-04:00,139.4846026662083,141.26317188611173,139.18933300671583,141.14852905273438,22984000,0.0,0.0
2021-09-27 00:00:00-04:00,139.7485728419755,140.87407133071773,139.01710029149984,140.01406860351562,21882000,0.0,0.0
2021-09-28 00:00:00-04:00,137.61522900485204,138.0534160284958,134.3449399306605,134.81141662597656,45772000,0.0,0.0
2021-09-29 00:00:00-04:00,135.95276138761872,136.12248424162405,132.861130950565,133.34596252441406,30848000,0.0,0.0
2021-09-30 00:00:00-04:00,133.25465763125644,134.526041888036,132.55444295249788,132.6735382080078,37996000,0.0,0.0
2021-10-01 00:00:00-04:00,133.4392677350906,135.88381020641216,133.06757963803923,135.51905822753906,35360000,0.0,0.0
2021-10-04 00:00:00-04:00,134.94092038251742,134.94092038251742,130.06725246602704,132.6571807861328,51202000,0.0,0.0
2021-10-05 00:00:00-04:00,133.03581349340732,136.1954422891802,133.03581349340732,135.00294494628906,32404000,0.0,0.0
2021-10-06 00:00:00-04:00,133.739508771599,136.7170117498164,133.54101160192383,136.5334014892578,24364000,0.0,0.0
2021-10-07 00:00:00-04:00,137.850443401675,138.99182860687787,137.61125333266637,138.1809539794922,25110000,0.0,0.0
2021-10-08 00:00:00-04:00,138.53029594438388,139.2786394526992,138.17349477354347,138.73724365234375,26526000,0.0,0.0
2021-10-11 00:00:00-04:00,138.2474552462398,139.6568048342749,137.81768850604507,137.87228393554688,17954000,0.0,0.0
2021-10-12 00:00:00-04:00,138.43404261228585,138.46084813693733,134.74193748410298,135.42578125,36332000,0.0,0.0
2021-10-13 00:00:00-04:00,136.3721194131422,136.96514241440264,135.49524559946482,136.55027770996094,19654000,0.0,0.0
2021-10-14 00:00:00-04:00,138.42808787011938,140.27760845343832,137.78395264117304,140.09251403808594,31894000,0.0,0.0
2021-10-15 00:00:00-04:00,140.55251849051083,140.65524269555343,139.69946688773342,140.307861328125,30274000,0.0,0.0
2021-10-18 00:00:00-04:00,140.01855803335158,141.7251609960852,140.01160677138375,141.70729064941406,20396000,0.0,0.0
2021-10-19 00:00:00-04:00,142.3122259032988,142.5851727491795,141.5306404974809,142.16285705566406,20164000,0.0,0.0
2021-10-20 00:00:00-04:00,142.2631058944433,142.4695538565035,140.3163131219319,140.70587158203125,23288000,0.0,0.0
2021-10-21 00:00:00-04:00,140.70587924060632,141.0899857507834,139.44639818872457,140.82200622558594,26292000,0.0,0.0
2021-10-22 00:00:00-04:00,138.10651842470995,139.528771131412,135.0357259164038,136.53489685058594,50588000,0.0,0.0
2021-10-25 00:00:00-04:00,136.51851473554404,136.96513715391242,134.40845059559413,136.41629028320312,34412000,0.0,0.0
2021-10-26 00:00:00-04:00,138.21914848241224,139.0324915543169,137.26734051447318,138.26380920410156,49236000,0.0,0.0
2021-10-27 00:00:00-04:00,138.35958967330268,147.5352558412774,138.35958967330268,145.12100219726562,85782000,0.0,0.0
2021-10-28 00:00:00-04:00,146.03113135042497,146.05445366795587,143.54242804880974,144.75526428222656,36206000,0.0,0.0
2021-10-29 00:00:00-04:00,143.99006104419053,147.13033561970673,143.56477703683294,146.93580627441406,43320000,0.0,0.0
2021-11-01 00:00:00-04:00,146.93579626429255,146.93579626429255,142.15143480145554,142.4208984375,46924000,0.0,0.0
2021-11-02 00:00:00-04:00,143.49528827408025,145.50956421119818,143.25311477300548,144.34188842773438,33482000,0.0,0.0
2021-11-03 00:00:00-04:00,144.8063781414798,145.5691239438991,143.50670412146945,145.4986572265625,27494000,0.0,0.0
2021-11-04 00:00:00-04:00,146.02120570689476,148.61064946538178,145.2108308442372,147.1556396484375,38412000,0.0,0.0
2021-11-05 00:00:00-04:00,148.05084173589293,149.2001623794237,147.0856462242493,147.73573303222656,38354000,0.0,0.0
2021-11-08 00:00:00-05:00,148.7014585767388,149.48554284378903,147.31741521200507,147.91342163085938,23052000,0.0,0.0
2021-11-09 00:00:00-05:00,148.11388298473145,148.71087370768657,146.1407847267169,147.80174255371094,19530000,0.0,0.0
2021-11-10 00:00:00-05:00,146.3938976345835,146.95963047439804,143.45361947712578,144.7994384765625,29970000,0.0,0.0
2021-11-11 00:00:00-05:00,145.39097096057034,146.42913217183607,144.50863009769796,144.6733856201172,16518000,0.0,0.0
2021-11-12 00:00:00-05:00,145.51600107030356,147.7337564391423,144.32053550188084,147.5630340576172,22360000,0.0,0.0
2021-11-15 00:00:00-05:00,147.78386805797064,148.42800315960721,146.4683077163778,147.33872985839844,23508000,0.0,0.0
2021-11-16 00:00:00-05:00,147.03852213551875,147.64691660374896,146.20779328379493,146.76707458496094,18904000,0.0,0.0
2021-11-17 00:00:00-05:00,146.91744359855497,147.44545184821902,146.13585811864922,146.93679809570312,19594000,0.0,0.0
2021-11-18 00:00:00-05:00,147.12984991928903,149.45131443161824,146.77553236401465,148.71487426757812,35608000,0.0,0.0
2021-11-19 00:00:00-05:00,148.850821889898,149.83440281847206,147.78240224110786,147.8096923828125,33682000,0.0,0.0
2021-11-22 00:00:00-05:00,148.2126406962462,148.7059076930002,145.05152784228244,145.20486450195312,30594000,0.0,0.0
2021-11-23 00:00:00-05:00,145.05697120311882,145.5601728711178,143.03426011932322,144.68875122070312,27218000,0.0,0.0
2021-11-24 00:00:00-05:00,144.38257946964197,145.1527611600918,143.29033776996786,145.02423095703125,18040000,0.0,0.0
2021-11-26 00:00:00-05:00,143.26600240488204,143.47343471608676,140.7787985817031,141.1167449951172,30470000,0.0,0.0
2021-11-29 00:00:00-05:00,142.92010799071076,145.20037906946195,142.81440036078905,144.4391326904297,32596000,0.0,0.0
2021-11-30 00:00:00-05:00,143.92106736043897,144.90513286079363,140.53961906199348,140.83340454101562,42068000,0.0,0.0
2021-12-01 00:00:00-05:00,142.92013447496637,144.8560080310681,139.85529413547832,139.99374389648438,34020000,0.0,0.0
2021-12-02 00:00:00-05:00,140.1907403286436,142.78563565182435,139.1629985850342,141.8938751220703,29194000,0.0,0.0
2021-12-03 00:00:00-05:00,142.603540088609,143.31714251294005,139.24888176478848,140.93663024902344,41230000,0.0,0.0
2021-12-06 00:00:00-05:00,141.9678386286235,142.77374594125564,139.0990115301262,142.08148193359375,30618000,0.0,0.0
2021-12-07 00:00:00-05:00,144.5046722790173,146.42467472211027,144.138436129141,146.16513061523438,32240000,0.0,0.0
2021-12-08 00:00:00-05:00,146.48966913877248,147.28020490132727,145.30810591665517,147.0752410888672,24270000,0.0,0.0
2021-12-09 00:00:00-05:00,146.48419715632372,147.9818836126796,146.0117688087392,146.53134155273438,23270000,0.0,0.0
2021-12-10 00:00:00-05:00,147.584910934077,147.8603263554127,145.60387655241385,146.8916473388672,24458000,0.0,0.0
2021-12-13 00:00:00-05:00,146.67328207860228,146.86037554582492,144.42626742648753,144.7329559326172,27070000,0.0,0.0
2021-12-14 00:00:00-05:00,142.88836698093175,143.39652088196925,140.15600616019245,142.82781982421875,38446000,0.0,0.0
2021-12-15 00:00:00-05:00,142.33355877435457,145.62071825548696,140.61553692266676,145.3428192138672,36370000,0.0,0.0
2021-12-16 00:00:00-05:00,146.06685680328061,146.56955875627122,142.53007278515918,143.36180114746094,33650000,0.0,0.0
2021-12-17 00:00:00-05:00,141.43139843606167,142.7558942261801,140.2404002149466,140.66221618652344,50416000,0.0,0.0
2021-12-20 00:00:00-05:00,138.95013079239632,140.7113292733153,138.27622180996892,140.54507446289062,27192000,0.0,0.0
2021-12-21 00:00:00-05:00,140.9882260878411,142.79011743592406,139.4488622569165,142.39659118652344,28756000,0.0,0.0
2021-12-22 00:00:00-05:00,141.99464616719504,145.4014011115473,141.99464616719504,145.31703186035156,26322000,0.0,0.0
2021-12-23 00:00:00-05:00,145.40139302599,147.1318182358359,145.3537488598615,145.8147735595703,26384000,0.0,0.0
2021-12-27 00:00:00-05:00,146.15171345394464,147.23155191988448,146.06586006399732,146.79733276367188,15976000,0.0,0.0
2021-12-28 00:00:00-05:00,147.12435498406532,147.18688605386762,144.95922615738593,145.58697509765625,18200000,0.0,0.0
2021-12-29 00:00:00-05:00,145.54480223641073,146.31151586245565,144.5552847534047,145.5552215576172,17788000,0.0,0.0
2021-12-30 00:00:00-05:00,145.59392492050907,146.19538324277852,144.89967709451196,145.1041259765625,15688000,0.0,0.0
2021-12-31 00:00:00-05:00,144.95477660937993,145.59841206525712,143.76576232910156,143.76576232910156,18136000,0.0,0.0
2022-01-03 00:00:00-05:00,143.96722101651818,144.75725699875156,142.6352894390565,143.90420532226562,28646000,0.0,0.0
2022-01-04 00:00:00-05:00,144.3056527999595,145.3864907314866,142.63875836947292,143.31663513183594,28400000,0.0,0.0
2022-01-05 00:00:00-05:00,143.3369947744093,143.41589690893608,136.65548327199204,136.7418212890625,54618000,0.0,0.0
2022-01-06 00:00:00-05:00,135.97114712472833,138.89058651246134,135.5344442800259,136.7145233154297,37348000,0.0,0.0
2022-01-07 00:00:00-05:00,137.109533589017,137.41027034450386,134.74837599268508,135.989501953125,29760000,0.0,0.0
2022-01-10 00:00:00-05:00,134.0650342896381,137.77847711136317,132.16588595061782,137.6295928955078,44408000,0.0,0.0
2022-01-11 00:00:00-05:00,136.97207234315368,139.16450641786577,135.6674310302053,138.68809509277344,28730000,0.0,0.0
2022-01-12 00:00:00-05:00,140.09150474264098,141.53857889929625,139.63943036795163,140.36990356445312,26108000,0.0,0.0
2022-01-13 00:00:00-05:00,140.4785568653489,141.77874563735924,137.37104012516374,137.54771423339844,31436000,0.0,0.0
2022-01-14 00:00:00-05:00,136.05101408605333,139.68655414467383,135.97112758394667,138.43450927734375,29662000,0.0,0.0
2022-01-18 00:00:00-05:00,135.15382402606036,136.10314842718847,134.42285105215512,134.9781494140625,34872000,0.0,0.0
2022-01-19 00:00:00-05:00,135.49970276827796,136.92493874451395,134.00301568869605,134.10325622558594,28648000,0.0,0.0
2022-01-20 00:00:00-05:00,135.22823884786024,136.59392702460264,131.96737020442174,132.30780029296875,29908000,0.0,0.0
2022-01-21 00:00:00-05:00,131.59916895693448,133.8541189227076,129.1109655382856,129.3739776611328,55652000,0.0,0.0
2022-01-24 00:00:00-05:00,125.03327622017262,130.21909952147814,123.56636302838503,129.82308959960938,76622000,0.0,0.0
2022-01-25 00:00:00-05:00,127.77456517516126,128.4286198444803,125.55185757799042,125.98309326171875,46960000,0.0,0.0
2022-01-26 00:00:00-05:00,130.13574398925348,132.0026351291837,126.18856248123481,128.26388549804688,49130000,0.0,0.0
2022-01-27 00:00:00-05:00,130.31932241896405,131.65770522937257,127.96560114019877,128.03756713867188,31950000,0.0,0.0
2022-01-28 00:00:00-05:00,128.68666808776362,132.35644978053813,127.52147605383999,132.35098266601562,34362000,0.0,0.0
2022-01-31 00:00:00-05:00,133.15591425848223,134.45708760059057,131.21805677014638,134.28884887695312,39986000,0.0,0.0
2022-02-01 00:00:00-05:00,136.56267283391475,136.75968585207823,133.36086675449982,136.61180114746094,68644000,0.0,0.0
2022-02-02 00:00:00-05:00,150.11578031488366,150.41005044814193,144.43123734697568,146.89015197753906,123200000,0.0,0.0
2022-02-03 00:00:00-05:00,144.61286316505112,148.55259367465578,141.5956515737135,142.0169677734375,71518000,0.0,0.0
2022-02-04 00:00:00-05:00,142.3688132081946,143.78858213047806,139.4612771720624,142.21844482421875,57998000,0.0,0.0
2022-02-07 00:00:00-05:00,143.16825272340563,143.16825272340563,137.85836692860573,138.15711975097656,54974000,0.0,0.0
2022-02-08 00:00:00-05:00,137.98393352600814,138.95012868811895,135.98652845498887,138.3536376953125,54284000,0.0,0.0
2022-02-09 00:00:00-05:00,139.90640076704875,141.45569926676154,139.13571933998102,140.53018188476562,40144000,0.0,0.0
2022-02-10 00:00:00-05:00,138.6558916408135,140.42352687036777,136.92248267792354,137.58050537109375,39330000,0.0,0.0
2022-02-11 00:00:00-05:00,137.5606247294364,138.11293958274206,132.39960816161846,133.27549743652344,39958000,0.0,0.0
2022-02-14 00:00:00-05:00,132.25719261759903,135.27787180639476,132.25719261759903,134.50967407226562,34302000,0.0,0.0
2022-02-15 00:00:00-05:00,136.53883693718322,137.072811977897,134.80295993792927,135.5840606689453,26680000,0.0,0.0
2022-02-16 00:00:00-05:00,135.62177176243202,137.05047569540287,133.91218535408186,136.70509338378906,25022000,0.0,0.0
2022-02-17 00:00:00-05:00,135.22129248130244,136.08526315724788,131.48502706977027,131.54507446289062,38950000,0.0,0.0
2022-02-18 00:00:00-05:00,132.46612837230094,133.06461847926178,129.2201611900481,129.42510986328125,45620000,0.0,0.0
2022-02-22 00:00:00-05:00,128.8643488187509,131.18928131742402,127.26195393463564,128.8400421142578,44990000,0.0,0.0
2022-02-23 00:00:00-05:00,130.6612537057356,131.06073168464098,126.5711553027141,126.6312026977539,32786000,0.0,0.0
2022-02-24 00:00:00-05:00,124.01645216954687,132.00261130443673,124.01645216954687,131.6959228515625,54456000,0.0,0.0
2022-02-25 00:00:00-05:00,132.55047613745694,134.25707905584127,130.76347180550337,133.451171875,36406000,0.0,0.0
2022-02-28 00:00:00-05:00,132.05225159221422,134.73348521833475,131.5981781769132,134.04420471191406,38864000,0.0,0.0
2022-03-01 00:00:00-05:00,133.86704226332247,135.23371506860198,132.21950209052739,133.05616760253906,26496000,0.0,0.0
2022-03-02 00:00:00-05:00,133.6184269882909,134.24815989047295,132.07359595195584,133.56234741210938,23520000,0.0,0.0
2022-03-03 00:00:00-05:00,134.99004795968622,135.41633147676816,132.02793179963612,132.8953857421875,24604000,0.0,0.0
2022-03-04 00:00:00-05:00,131.93065191964706,132.8477186355428,129.36006340855093,130.91729736328125,30430000,0.0,0.0
2022-03-07 00:00:00-05:00,130.50196658252938,130.7471083714347,125.34790098196343,125.43077850341797,45112000,0.0,0.0
2022-03-08 00:00:00-05:00,125.3032523689752,130.26575741329103,124.7320675537548,126.1513442993164,40428000,0.0,0.0
2022-03-09 00:00:00-05:00,130.26573904313827,132.73260407205578,128.92635657630487,132.41946411132812,37026000,0.0,0.0
2022-03-10 00:00:00-05:00,130.28164376257828,132.27259751382948,129.9307942927176,131.43641662597656,27102000,0.0,0.0
2022-03-11 00:00:00-05:00,132.48745580910284,132.7921603804447,128.659385038366,128.89659118652344,31526000,0.0,0.0
2022-03-14 00:00:00-04:00,129.27325019146025,129.43105445194786,124.33555942411138,125.00648498535156,38812000,0.0,0.0
2022-03-15 00:00:00-04:00,126.02380390981074,128.88072746557518,124.77771812675637,128.22914123535156,30920000,0.0,0.0
2022-03-16 00:00:00-04:00,129.75259448541004,132.3330871944549,127.76907725128396,132.28099060058594,35576000,0.0,0.0
2022-03-17 00:00:00-04:00,132.15051431173177,133.07503224064973,131.19373888959393,132.83534240722656,28264000,0.0,0.0
2022-03-18 00:00:00-04:00,132.42391159610446,135.2222711269813,131.26665539517276,135.1046600341797,44566000,0.0,0.0
2022-03-21 00:00:00-04:00,135.1423878626477,136.0222449574991,133.0869194437915,135.0808563232422,26832000,0.0,0.0
2022-03-22 00:00:00-04:00,135.08085776199704,139.9922498612945,135.08085776199704,138.81910705566406,35496000,0.0,0.0
2022-03-23 00:00:00-04:00,137.66235573176738,138.54171310581177,136.8013684687144,137.23855590820312,25154000,0.0,0.0
2022-03-24 00:00:00-04:00,138.15613908829116,140.55700535804056,136.71751540077963,140.51036071777344,26396000,0.0,0.0
2022-03-25 00:00:00-04:00,140.8517544009212,140.9698652761117,138.68959391227574,140.61058044433594,24126000,0.0,0.0
2022-03-28 00:00:00-04:00,139.84388368780657,140.9376247499745,138.76304562317353,140.3947296142578,35050000,0.0,0.0
2022-03-29 00:00:00-04:00,141.57779246166834,142.71519472589625,140.97335063207385,141.4368438720703,34318000,0.0,0.0
2022-03-30 00:00:00-04:00,141.39168860096095,141.6502331537412,140.53813719870882,140.8740997314453,19884000,0.0,0.0
2022-03-31 00:00:00-04:00,140.9877125953769,141.04230801546345,137.98193561849044,138.0246124267578,37524000,0.0,0.0
2022-04-01 00:00:00-04:00,138.453883236437,139.4175947580096,137.2703210012843,139.09950256347656,25942000,0.0,0.0
2022-04-04 00:00:00-04:00,139.3059565218583,142.63430898174366,139.2583123546928,141.89935302734375,25942000,0.0,0.0
2022-04-05 00:00:00-04:00,141.79761431614833,141.91819372538492,139.32976482705615,139.5366973876953,21418000,0.0,0.0
2022-04-06 00:00:00-04:00,137.7095002017028,138.31542612185672,134.50074308822178,135.52401733398438,32468000,0.0,0.0
2022-04-07 00:00:00-04:00,134.99004046750798,136.13589316323527,133.2209064212302,134.8694610595703,26234000,0.0,0.0
2022-04-08 00:00:00-04:00,134.56676694053476,134.65262034399495,131.96840285659127,132.28799438476562,25142000,0.0,0.0
2022-04-11 00:00:00-04:00,130.83493973755566,131.10191968446424,127.70360071081004,127.85743713378906,36884000,0.0,0.0
2022-04-12 00:00:00-04:00,130.61313547778892,130.61313547778892,125.83820864259683,126.75676727294922,32710000,0.0,0.0
2022-04-13 00:00:00-04:00,127.04012777095205,129.3566247373108,126.78306734700756,128.919921875,27928000,0.0,0.0
2022-04-14 00:00:00-04:00,129.5010341712906,129.5010341712906,125.65160981411958,125.77964782714844,31598000,0.0,0.0
2022-04-18 00:00:00-04:00,126.04761463139059,127.2510159180597,125.2357481055493,126.71903991699219,20808000,0.0,0.0
2022-04-19 00:00:00-04:00,126.73393183820416,129.35561786649717,126.04711985372514,129.0340576171875,26490000,0.0,0.0
2022-04-20 00:00:00-04:00,129.91044428522443,130.41364606774007,126.54388245750414,127.07982635498047,31696000,0.0,0.0
2022-04-21 00:00:00-04:00,128.2807486036101,129.12288118231135,123.59266724701,123.87850952148438,36446000,0.0,0.0
2022-04-22 00:00:00-04:00,124.06260745581366,124.46159322543367,118.03316776233336,118.73833465576172,56884000,0.0,0.0
2022-04-25 00:00:00-04:00,118.20785607828329,122.35303480833002,117.62228414008575,122.15106201171875,46128000,0.0,0.0
2022-04-26 00:00:00-04:00,121.37740906871237,121.59129290122091,117.62228107667312,117.76023864746094,73054000,0.0,0.0
2022-04-27 00:00:00-04:00,113.6110762978176,116.3627840575596,111.89107816216398,113.43739318847656,91820000,0.0,0.0
2022-04-28 00:00:00-04:00,115.54199599993349,118.75223733155552,113.2592408453906,117.6336898803711,48884000,0.0,0.0
2022-04-29 00:00:00-04:00,115.85909136700216,117.0357022536662,112.96099060726237,113.25377655029297,42676000,0.0,0.0
2022-05-02 00:00:00-04:00,112.55455593011817,115.87000484676354,111.75559245542158,115.70872497558594,35534000,0.0,0.0
2022-05-03 00:00:00-04:00,115.55738116745341,117.55380196982412,115.16435465778821,116.45410919189453,24968000,0.0,0.0
2022-05-04 00:00:00-04:00,116.15387837554545,121.93320955294836,114.25273835602403,121.34416198730469,49916000,0.0,0.0
2022-05-05 00:00:00-04:00,119.30259490352549,120.13133234609772,114.14307677894249,115.63182830810547,45840000,0.0,0.0
2022-05-06 00:00:00-04:00,114.32072750015296,116.68982830154226,113.16049515980836,114.87850952148438,39710000,0.0,0.0
2022-05-09 00:00:00-04:00,112.40073109237771,114.21403375682236,111.16060468534064,111.66727447509766,40802000,0.0,0.0
2022-05-10 00:00:00-04:00,114.64130019962774,115.37823243873659,112.05384804886181,113.53713989257812,39900000,0.0,0.0
2022-05-11 00:00:00-04:00,112.38734239433477,115.49188386833971,112.38734239433477,112.75059509277344,37534000,0.0,0.0
2022-05-12 00:00:00-04:00,110.54228538807705,113.43790288948209,109.000929902231,111.99778747558594,53836000,0.0,0.0
2022-05-13 00:00:00-04:00,113.67410719481575,116.99104817996168,112.75307250236035,115.18022918701172,35038000,0.0,0.0
2022-05-16 00:00:00-04:00,114.0934388924006,115.2988317009477,113.03543859089471,113.5867691040039,25990000,0.0,0.0
2022-05-17 00:00:00-04:00,115.96430800340062,116.02336344596293,114.00858771379083,115.59956359863281,23054000,0.0,0.0
2022-05-18 00:00:00-04:00,114.13759944080856,114.53460130112576,110.71892645653855,111.06034851074219,35126000,0.0,0.0
2022-05-19 00:00:00-04:00,110.59586629730997,112.16252780264969,109.1750980007813,109.55622100830078,34144000,0.0,0.0
2022-05-20 00:00:00-04:00,111.11147307486713,111.34223530640575,105.00313054945167,108.09129333496094,48962000,0.0,0.0
2022-05-23 00:00:00-04:00,108.76570147382164,111.3065015318097,107.92554522357145,110.65194702148438,37184000,0.0,0.0
2022-05-24 00:00:00-04:00,104.97881024305309,105.66016266842033,101.12045838122785,105.17532348632812,76780000,0.0,0.0
2022-05-25 00:00:00-04:00,104.19821542605251,105.70136171766619,103.07768392252879,105.0115737915039,40258000,0.0,0.0
2022-05-26 00:00:00-04:00,104.88453171553539,107.8347370455075,104.43591780377673,106.98416900634766,37948000,0.0,0.0
2022-05-27 00:00:00-04:00,108.66199528651677,111.47573488394843,108.32007340098725,111.4742431640625,37914000,0.0,0.0
2022-05-31 00:00:00-04:00,111.90099462545551,114.86708588395105,111.23800478802814,112.90888214111328,50012000,0.0,0.0
2022-06-01 00:00:00-04:00,113.99370924094364,116.22336092906039,112.40074175451693,113.03792572021484,36606000,0.0,0.0
2022-06-02 00:00:00-04:00,113.14510810652334,117.01536355537438,112.09951102289412,116.74044036865234,37992000,0.0,0.0
2022-06-03 00:00:00-04:00,115.19213472594434,115.4491951222644,112.66721372995826,113.68204498291016,26136000,0.0,0.0
2022-06-06 00:00:00-04:00,115.82933061507269,118.4520163103312,115.29288697757941,115.94446563720703,33542000,0.0,0.0
2022-06-07 00:00:00-04:00,114.61449812422804,116.80842394302496,114.18921415892557,116.27098083496094,31590000,0.0,0.0
2022-06-08 00:00:00-04:00,115.88589564814693,117.68133553709298,115.72560771609342,116.31515502929688,26108000,0.0,0.0
2022-06-09 00:00:00-04:00,115.45515051267915,117.41187026218664,113.91528690568272,113.9743423461914,25798000,0.0,0.0
2022-06-10 00:00:00-04:00,111.60176406792269,112.42950946002966,109.53835232190883,110.32788848876953,41452000,0.0,0.0
2022-06-13 00:00:00-04:00,105.98569282343811,107.97565433501417,105.32320273539445,105.59465026855469,47252000,0.0,0.0
2022-06-14 00:00:00-04:00,105.73609475699467,107.1151707392392,105.00660593631495,105.91523742675781,33706000,0.0,0.0
2022-06-15 00:00:00-04:00,107.73100044491902,110.58791595322064,106.86207002960528,108.94136047363281,39698000,0.0,0.0
2022-06-16 00:00:00-04:00,106.41694479005933,107.83373777282833,104.34956513406651,105.23834991455078,51684000,0.0,0.0
2022-06-17 00:00:00-04:00,105.23835019470714,107.88435809204175,104.25825247727627,106.34002685546875,51376000,0.0,0.0
2022-06-21 00:00:00-04:00,108.11263143059072,111.64594004037723,107.78560405644993,110.70752716064453,47416000,0.0,0.0
2022-06-22 00:00:00-04:00,109.72744054758711,112.49651168592568,109.55474179877777,110.65145874023438,30774000,0.0,0.0
2022-06-23 00:00:00-04:00,111.38987212109173,111.8970416953208,109.67185771563075,111.4002914428711,28362000,0.0,0.0
2022-06-24 00:00:00-04:00,112.14764357004229,117.19351785635138,112.10545894941258,117.09029388427734,41164000,0.0,0.0
2022-06-27 00:00:00-04:00,117.38606391266642,117.69026114363895,114.31575650129828,114.96485900878906,36420000,0.0,0.0
2022-06-28 00:00:00-04:00,114.93408839680073,116.42979107455284,111.0092451116475,111.16754913330078,35792000,0.0,0.0
2022-06-29 00:00:00-04:00,110.71546893086192,112.31190436109492,110.04106016755956,110.86384582519531,24716000,0.0,0.0
2022-06-30 00:00:00-04:00,109.17510001051674,110.05644130249395,105.94947205566056,108.1458740234375,43170000,0.0,0.0
2022-07-01 00:00:00-04:00,107.12360957404448,108.43073472952916,105.93012772204091,107.92208099365234,35476000,0.0,0.0
2022-07-05 00:00:00-04:00,106.29734246766435,112.52677114978636,104.93860549214357,112.41362762451172,39342000,0.0,0.0
2022-07-06 00:00:00-04:00,112.45234903571333,114.72269353445351,110.6400382310177,113.71282196044922,37432000,0.0,0.0
2022-07-07 00:00:00-04:00,114.21700853285823,118.2956881859461,113.97235893217574,117.8922348022461,40936000,0.0,0.0
2022-07-08 00:00:00-04:00,116.37074690508801,118.78748451366472,116.02485720330152,118.4584732055664,38238000,0.0,0.0
2022-07-11 00:00:00-04:00,117.11312990957636,117.11312990957636,114.4656302547842,114.80903625488281,31196000,0.0,0.0
2022-07-12 00:00:00-04:00,115.34349827319495,116.09680918580032,112.83743934520429,113.16545867919922,29960000,0.0,0.0
2022-07-13 00:00:00-04:00,110.86334564985317,113.3396382596684,110.36759493610163,110.5184555053711,43722000,0.0,0.0
2022-07-14 00:00:00-04:00,109.3840355997886,110.25991744168836,107.56031347226879,109.53985595703125,37004000,0.0,0.0
2022-07-15 00:00:00-04:00,111.16060487695782,112.29205534108347,110.06835559507293,110.93927001953125,46770000,0.0,0.0
2022-07-18 00:00:00-04:00,111.7953006779903,112.82750252180041,107.5573251702464,108.21237182617188,43164600,0.0,20.0
2022-07-19 00:00:00-04:00,110.01873331526212,113.16495963876075,108.73840612847393,112.95653533935547,36530900,0.0,0.0
2022-07-20 00:00:00-04:00,112.32132368111083,114.53460399317886,111.63650321745263,113.04585266113281,35600400,0.0,0.0
2022-07-21 00:00:00-04:00,113.4230039425963,113.69098343145679,110.2767778430608,113.48255157470703,32676200,0.0,0.0
2022-07-22 00:00:00-04:00,110.16760216901068,111.4975497677554,105.70134802702376,107.09085083007812,48901200,0.0,0.0
2022-07-25 00:00:00-04:00,107.59702581978459,109.04607621995325,105.50284832248128,106.70377349853516,34690900,0.0,0.0
2022-07-26 00:00:00-04:00,105.80059805632132,106.39609710232087,103.28957190469941,104.2324447631836,47991000,0.0,0.0
2022-07-27 00:00:00-04:00,108.44064428229976,113.0557747190653,107.20001822791012,112.21214294433594,59858500,0.0,0.0
2022-07-28 00:00:00-04:00,111.5273465431569,113.48256726555165,110.62416694629869,113.36347198486328,32816600,0.0,0.0
2022-07-29 00:00:00-04:00,112.23201464667002,115.83479054263834,112.21216038629261,115.44771575927734,37223400,0.0,0.0
2022-08-01 00:00:00-04:00,114.4353600580981,115.84470955891426,113.48255250344202,113.9986572265625,26034300,0.0,0.0
2022-08-02 00:00:00-04:00,113.14511628283007,115.47749216545205,112.86721720877222,114.26663970947266,20236000,0.0,0.0
2022-08-03 00:00:00-04:00,114.84227401160379,117.73045515915321,114.61400305341066,117.19450378417969,28499000,0.0,0.0
2022-08-04 00:00:00-04:00,116.59902087697859,117.88926763439125,116.01344134911656,117.30369567871094,21602900,0.0,0.0
2022-08-05 00:00:00-04:00,115.35838182662235,117.22428077464862,115.1301032900635,116.58908081054688,19159500,0.0,0.0
2022-08-08 00:00:00-04:00,117.50218677995531,119.24899057090587,116.00350822632574,116.42036437988281,19138300,0.0,0.0
2022-08-09 00:00:00-04:00,116.26155630883628,116.44020677601095,114.84227970077666,115.75537872314453,19086500,0.0,0.0
2022-08-10 00:00:00-04:00,117.88926147915558,120.01321290367328,117.5220409743198,118.80236053466797,30930400,0.0,0.0
2022-08-11 00:00:00-04:00,120.37051923849022,120.57894353839131,117.67091532555504,117.94881439208984,24293700,0.0,0.0
2022-08-12 00:00:00-04:00,119.35816000390892,120.76750946044922,118.56415625736685,120.76750946044922,19096300,0.0,0.0
2022-08-15 00:00:00-04:00,120.22163222861532,121.3828640455292,119.70553508834992,121.16451263427734,19494800,0.0,0.0
2022-08-16 00:00:00-04:00,120.60871067326374,121.511890161635,119.73531257366949,120.78736114501953,19041200,0.0,0.0
2022-08-17 00:00:00-04:00,119.21921338138048,120.3804376418693,118.48475724771684,118.65348815917969,22847000,0.0,0.0
2022-08-18 00:00:00-04:00,118.5343808121679,119.9139564343755,117.82970609358695,119.26882934570312,17987700,0.0,0.0
2022-08-19 00:00:00-04:00,118.16714923508971,118.25647824946921,115.88440181456612,116.33102416992188,21809500,0.0,0.0
2022-08-22 00:00:00-04:00,114.3361161243205,114.76289187196363,112.99624124243041,113.38331604003906,21456600,0.0,0.0
2022-08-23 00:00:00-04:00,112.62901689648295,114.14754221607616,112.57938881757295,113.00616455078125,15870400,0.0,0.0
2022-08-24 00:00:00-04:00,112.64886287866464,113.91926294010845,112.02358997809887,112.83744049072266,17734600,0.0,0.0
2022-08-25 00:00:00-04:00,113.38330709839337,115.84471280114529,113.2542847000928,115.77523803710938,16956800,0.0,0.0
2022-08-26 00:00:00-04:00,113.85970932808003,114.25671121949163,109.36368127038317,109.5125503540039,37245700,0.0,0.0
2022-08-29 00:00:00-04:00,109.16517438083538,110.1179743580815,107.98410343176194,108.59944915771484,21191200,0.0,0.0
2022-08-30 00:00:00-04:00,109.34382641653404,109.67135354308121,106.99160404194176,108.12305450439453,27513300,0.0,0.0
2022-08-31 00:00:00-04:00,109.82023252604237,110.01872968878591,107.31912587125797,107.40845489501953,28627000,0.0,0.0
2022-09-01 00:00:00-04:00,107.46801025771005,109.62173567430116,106.5549111279362,108.91706085205078,28360900,0.0,0.0
2022-09-02 00:00:00-04:00,109.7606798148013,109.90955647633426,106.45565730411391,107.04122924804688,24160700,0.0,0.0
2022-09-06 00:00:00-04:00,106.49534883381243,107.21987024518616,104.98674323622889,106.00901794433594,25068300,0.0,0.0
2022-09-07 00:00:00-04:00,106.25715746657008,109.1552662186059,106.09836123987576,108.62923431396484,23167000,0.0,0.0
2022-09-08 00:00:00-04:00,107.22979880995165,108.77809780045992,106.35640073851793,107.56724548339844,24238300,0.0,0.0
2022-09-09 00:00:00-04:00,108.25207530196377,110.15767525562512,108.20244722697193,109.82022857666016,23197700,0.0,0.0
2022-09-12 00:00:00-04:00,110.15768604181248,110.78296653033767,109.10563738416695,110.0286636352539,22966800,0.0,0.0
2022-09-13 00:00:00-04:00,106.991603410664,107.48785387625672,103.30941829244654,103.5376968383789,38172900,0.0,0.0
2022-09-14 00:00:00-04:00,103.78582499269729,104.49049976501348,102.88265305742887,104.21260070800781,26395100,0.0,0.0
2022-09-15 00:00:00-04:00,103.2498713506553,104.48057039335076,101.5824694722177,102.13827514648438,34188300,0.0,0.0
2022-09-16 00:00:00-04:00,101.30456950094974,102.35661806239246,100.18304617737745,102.02909851074219,42797200,0.0,0.0
2022-09-19 00:00:00-04:00,100.98697240353168,102.55512573336215,100.78847524094766,102.29707336425781,23036800,0.0,0.0
2022-09-20 00:00:00-04:00,101.31449934165514,101.60232552737466,99.76619270219214,100.38154602050781,26517100,0.0,0.0
2022-09-21 00:00:00-04:00,100.90756076707413,102.10848590077619,98.52555718513969,98.53548431396484,31487300,0.0,0.0
2022-09-22 00:00:00-04:00,98.07894474855821,100.48079525894666,98.0491709312513,99.38904571533203,34298600,0.0,0.0
2022-09-23 00:00:00-04:00,98.8828597828804,98.91264116986241,96.73906182320323,97.9995346069336,31625400,0.0,0.0
2022-09-26 00:00:00-04:00,97.36434023985667,99.13099069316641,97.06659450257123,97.4338150024414,27072700,0.0,0.0
2022-09-27 00:00:00-04:00,98.68437178006324,99.2500970302484,96.14357171918695,96.76884460449219,30072800,0.0,0.0
2022-09-28 00:00:00-04:00,96.91772447156976,99.94484798785372,96.38177302120951,99.29972839355469,32466300,0.0,0.0
2022-09-29 00:00:00-04:00,97.90029792581369,97.90029792581369,95.24039494587191,96.68944549560547,31047200,0.0,0.0
2022-09-30 00:00:00-04:00,96.3222269403121,98.15835231135912,94.84339496976266,94.93272399902344,32941500,0.0,0.0
2022-10-03 00:00:00-04:00,96.03439989846684,98.54542624354227,95.79619420397032,97.90029907226562,27982000,0.0,0.0
2022-10-04 00:00:00-04:00,99.6868018290202,101.07629715686122,99.62724662055442,100.87779998779297,28850800,0.0,0.0
2022-10-05 00:00:00-04:00,99.0813725388771,101.16562303801653,98.05909776281518,100.66937255859375,22176900,0.0,0.0
2022-10-06 00:00:00-04:00,99.92499811757948,102.15812530354549,99.83566909260647,100.6594467163086,22324000,0.0,0.0
2022-10-07 00:00:00-04:00,99.10121911523618,99.77612006938209,97.56284717405835,97.93999481201172,27502800,0.0,0.0
2022-10-10 00:00:00-04:00,98.2575948961487,98.35684347756712,96.28252010885105,97.12614440917969,18225100,0.0,0.0
2022-10-11 00:00:00-04:00,96.69938106973173,98.50573274257734,95.58777712791044,96.45125579833984,26507100,0.0,0.0
2022-10-12 00:00:00-04:00,96.5703472290624,98.00947060399531,96.01454153781964,96.8283920288086,21876400,0.0,0.0
2022-10-13 00:00:00-04:00,94.43646401379698,99.03174054553159,93.67223406528825,98.317138671875,34574500,0.0,0.0
2022-10-14 00:00:00-04:00,99.24016247039046,99.93491764089593,95.64731407308213,95.83588409423828,25410700,0.0,0.0
2022-10-17 00:00:00-04:00,98.11865253443845,100.17312936580501,98.08887871505635,99.22032928466797,28419200,0.0,0.0
2022-10-18 00:00:00-04:00,102.35661548288249,102.69406972770851,99.2203165644094,100.01431274414062,24060700,0.0,0.0
2022-10-19 00:00:00-04:00,99.26003642606825,100.26245707797568,98.17820629721868,98.88288116455078,23811100,0.0,0.0
2022-10-20 00:00:00-04:00,99.25010310405007,101.55270519317675,98.64467686934081,99.22032928466797,25323200,0.0,0.0
2022-10-21 00:00:00-04:00,97.11621821439542,100.55027065536837,96.98719581452741,100.37162017822266,32458700,0.0,0.0
2022-10-24 00:00:00-04:00,101.03660346521866,101.97947637362036,99.23025197248559,101.7511978149414,27176400,0.0,0.0
2022-10-25 00:00:00-04:00,102.12834936574457,104.03394937421807,101.94969889168885,103.69650268554688,40611400,0.0,0.0
2022-10-26 00:00:00-04:00,95.70686045543493,97.57275938958455,93.9799110391379,94.21810913085938,88114100,0.0,0.0
2022-10-27 00:00:00-04:00,93.81119011334766,94.71436964764622,91.11159378491239,91.5284423828125,60710900,0.0,0.0
2022-10-28 00:00:00-04:00,91.57806614303196,95.82597688593535,91.43911660546121,95.56792449951172,43697300,0.0,0.0
2022-10-31 00:00:00-04:00,94.70442607779617,95.3098521815377,93.27523005134982,93.80125427246094,31675000,0.0,0.0
2022-11-01 00:00:00-04:00,94.73422363455774,95.30987606963726,89.6923239787276,89.79157257080078,47161400,0.0,0.0
2022-11-02 00:00:00-04:00,90.25804009758635,90.49623820875753,86.22848103429116,86.31781005859375,57038300,0.0,0.0
2022-11-03 00:00:00-04:00,85.67267885094222,85.87117600546605,82.71502278657815,82.80435180664062,61288000,0.0,0.0
2022-11-04 00:00:00-04:00,84.75958132144375,85.99028036002329,83.08225231902676,85.93073272705078,51124900,0.0,0.0
2022-11-07 00:00:00-05:00,86.62547560061769,88.2333297523098,86.19869991930204,87.82640075683594,34078900,0.0,0.0
2022-11-08 00:00:00-05:00,88.23334503173828,89.64269470816676,86.93316350461546,88.23334503173828,30429000,0.0,0.0
2022-11-09 00:00:00-05:00,87.78669965811274,88.769280979615,86.62547544780726,86.66517639160156,31769100,0.0,0.0
2022-11-10 00:00:00-05:00,91.55821325740865,93.68216469901468,90.92301325088243,93.23554229736328,51620100,0.0,0.0
2022-11-11 00:00:00-05:00,93.9799315047887,96.20313184674876,93.21570141799519,95.6870346069336,33090500,0.0,0.0
2022-11-14 00:00:00-05:00,94.37690418520387,96.06416020914902,93.8012594349028,94.98233032226562,30179500,0.0,0.0
2022-11-15 00:00:00-05:00,97.52314700864059,99.38904609814732,95.98476748295278,97.70179748535156,41640800,0.0,0.0
2022-11-16 00:00:00-05:00,97.16583842815655,98.89278785268415,96.90778607712295,98.10871124267578,29105200,0.0,0.0
2022-11-17 00:00:00-05:00,96.24283012214516,98.53550517438434,96.06417962637443,97.62240600585938,26052600,0.0,0.0
2022-11-18 00:00:00-05:00,98.02931128973258,98.15834125388724,95.64731516977584,96.6993637084961,28342300,0.0,0.0
2022-11-21 00:00:00-05:00,96.56041614884042,97.66209278418218,94.64488905580471,94.88308715820312,21647400,0.0,0.0
2022-11-22 00:00:00-05:00,95.23046275016921,96.49094319214763,93.34471701030947,96.32221984863281,23438500,0.0,0.0
2022-11-23 00:00:00-05:00,96.36192005141498,98.0194025037263,96.36192005141498,97.72164916992188,18868100,0.0,0.0
2022-11-25 00:00:00-05:00,97.5032907612572,97.90029265387534,96.66959360172228,96.72914123535156,9701400,0.0,0.0
2022-11-28 00:00:00-05:00,96.31230107453067,96.84825254058707,94.89302429557998,95.32972717285156,26237500,0.0,0.0
2022-11-29 00:00:00-05:00,95.01211718133456,95.39919193752951,93.40426295178399,94.47616577148438,20061700,0.0,0.0
2022-11-30 00:00:00-05:00,94.10892997952428,100.2822864574368,93.71192812641526,100.23265838623047,43647500,0.0,0.0
2022-12-01 00:00:00-05:00,100.26243220008205,101.48321157326066,99.49820987989614,100.23265838623047,28687100,0.0,0.0
2022-12-02 00:00:00-05:00,98.30721485364356,100.01431000072103,98.15833820772113,99.6867904663086,21480700,0.0,0.0
2022-12-05 00:00:00-05:00,98.654591640414,100.6197391952586,98.25758976329782,98.73399353027344,24405100,0.0,0.0
2022-12-06 00:00:00-05:00,98.55534069801135,99.0317368813684,95.69693330914573,96.25273895263672,24910700,0.0,0.0
2022-12-07 00:00:00-05:00,95.68702021037814,96.1534892961787,94.00969118202147,94.22804260253906,31045400,0.0,0.0
2022-12-08 00:00:00-05:00,94.66473795397769,94.8632426874311,92.74921081619499,93.00726318359375,32213300,0.0,0.0
2022-12-09 00:00:00-05:00,93.0668111039124,93.55314202323372,92.05446346281963,92.13386535644531,28225400,0.0,0.0
2022-12-12 00:00:00-05:00,92.0147609619929,92.85838524401936,90.92301144571273,92.61026000976562,29420000,0.0,0.0
2022-12-13 00:00:00-05:00,97.0268965895578,98.78361996821883,94.3173656196912,94.9128646850586,40593700,0.0,0.0
2022-12-14 00:00:00-05:00,94.48608568861964,96.14356799976107,92.89808571200558,94.35706329345703,28733600,0.0,0.0
2022-12-15 00:00:00-05:00,92.43160841135212,92.93778600326951,89.33501037181313,90.17863464355469,40107000,0.0,0.0
2022-12-16 00:00:00-05:00,90.07938798524047,90.64511322161134,88.84868136014701,89.58313751220703,58011800,0.0,0.0
2022-12-19 00:00:00-05:00,89.58313045138497,89.88087616842834,87.54850064344215,87.77677917480469,29493000,0.0,0.0
2022-12-20 00:00:00-05:00,87.44926786505202,88.5112436825532,86.78429398082407,88.3524398803711,23453800,0.0,0.0
2022-12-21 00:00:00-05:00,88.41199077267231,89.54344130530257,87.65768789352492,88.90824127197266,24745600,0.0,0.0
2022-12-22 00:00:00-05:00,87.49889248151766,87.87604013849288,85.67268668964738,87.10189056396484,27658300,0.0,0.0
2022-12-23 00:00:00-05:00,86.45675502144779,88.8784596690233,86.41705407631922,88.56085968017578,23003000,0.0,0.0
2022-12-27 00:00:00-05:00,88.13408725969353,88.27303678671537,86.35750965313572,86.73465728759766,20097300,0.0,0.0
2022-12-28 00:00:00-05:00,86.32773122933094,87.37977975554813,85.29552938926575,85.37492370605469,19523200,0.0,0.0
2022-12-29 00:00:00-05:00,85.97043405375527,88.18370690708726,85.96050692415548,87.78670501708984,23333500,0.0,0.0
2022-12-30 00:00:00-05:00,86.32774074812349,87.63784177185843,85.92081170141935,87.56836700439453,23986300,0.0,0.0
2023-01-03 00:00:00-05:00,88.91815977701387,90.36721788133093,87.8561840239744,88.45169067382812,28131200,0.0,0.0
2023-01-04 00:00:00-05:00,89.67244521103103,89.9701984780618,86.61554094861164,87.41947174072266,34854800,0.0,0.0
2023-01-05 00:00:00-05:00,86.81406171973046,86.9133103030513,85.25583548783042,85.55358123779297,27194400,0.0,0.0
2023-01-06 00:00:00-05:00,86.13914952357796,87.03240180139032,84.22362258367278,86.68502044677734,41381500,0.0,0.0
2023-01-09 00:00:00-05:00,87.69737089501099,89.37469966248176,87.20112049726745,87.35991668701172,29003900,0.0,0.0
2023-01-10 00:00:00-05:00,85.33523786963791,88.00506036543571,85.18636120771751,87.7569351196289,30467800,0.0,0.0
2023-01-11 00:00:00-05:00,88.51123072369855,90.91308108868463,88.34250738771924,90.83367919921875,26862000,0.0,0.0
2023-01-12 00:00:00-05:00,90.79399854850715,91.18107334866319,89.07696841608055,90.44661712646484,30258100,0.0,0.0
2023-01-13 00:00:00-05:00,90.16871112383096,91.49866635399357,89.4541092177354,91.42919158935547,26329200,0.0,0.0
2023-01-17 00:00:00-05:00,91.36963007309137,91.5582076664508,89.37470872387392,90.60540771484375,32602400,0.0,0.0
2023-01-18 00:00:00-05:00,91.44903122894499,92.10408544977494,89.96027989671057,90.43668365478516,29116700,0.0,0.0
2023-01-19 00:00:00-05:00,90.03969698033053,92.90802442539125,89.95036794778711,92.35222625732422,37000400,0.0,0.0
2023-01-20 00:00:00-05:00,94.38684898779833,97.56285691288628,94.30744708593015,97.28495025634766,63191100,0.0,0.0
2023-01-23 00:00:00-05:00,97.21546604814961,99.28979699304459,96.76884364481533,99.04167175292969,40005100,0.0,0.0
2023-01-24 00:00:00-05:00,97.36434045143623,98.86301898722769,96.47108809327639,96.96733856201172,33078500,0.0,0.0
2023-01-25 00:00:00-05:00,94.85331712238681,95.43889663050726,93.05689279504284,94.50594329833984,42330000,0.0,0.0
2023-01-26 00:00:00-05:00,95.7763485788492,96.83832436901237,94.66474470873614,96.7886962890625,30114000,0.0,0.0
2023-01-27 00:00:00-05:00,96.58027483939489,99.56770512279675,96.58027483939489,98.62483215332031,33879800,0.0,0.0
2023-01-30 00:00:00-05:00,96.74899462729292,97.55291796280574,95.67709179848833,96.21304321289062,27226200,0.0,0.0
2023-01-31 00:00:00-05:00,96.14357246377932,98.1384939775665,96.09394438600727,98.09879302978516,29870700,0.0,0.0
2023-02-01 00:00:00-05:00,97.96976938145957,100.43117510729803,96.84824601659454,99.67687225341797,35531100,0.0,0.0
2023-02-02 00:00:00-05:00,105.00660587554181,107.04122832500863,104.81802826774744,106.93205261230469,69883800,0.0,0.0
2023-02-03 00:00:00-05:00,102.15812220922525,107.001524077653,101.81074839414418,103.99424743652344,65309300,0.0,0.0
2023-02-06 00:00:00-05:00,101.63210642135294,103.57740752067507,101.11600164820065,102.12835693359375,31999600,0.0,0.0
2023-02-07 00:00:00-05:00,102.44594211421887,107.36874557367616,102.3466935405881,106.83279418945312,49010200,0.0,0.0
2023-02-08 00:00:00-05:00,101.28473527260346,102.3665577834305,97.30480393830761,98.62483215332031,94743500,0.0,0.0
2023-02-09 00:00:00-05:00,99.25009341009356,99.27986722656759,92.92785973388537,94.29751586914062,119455000,0.0,0.0
2023-02-10 00:00:00-05:00,94.73419968729561,96.02445377463832,93.54320173911795,93.86080169677734,54980700,0.0,0.0
2023-02-13 00:00:00-05:00,94.02952744911616,94.48607692679491,93.13627517879665,93.90050506591797,50076100,0.0,0.0
2023-02-14 00:00:00-05:00,93.72186834498302,94.13871694148641,91.56814302420062,93.9699935913086,54726100,0.0,0.0
2023-02-15 00:00:00-05:00,93.78141137501834,96.39169368435806,93.44396469123609,96.21304321289062,50169000,0.0,0.0
2023-02-16 00:00:00-05:00,94.65482030629548,96.94749512562706,94.0295398485276,94.79376983642578,42462600,0.0,0.0
2023-02-17 00:00:00-05:00,94.1387141620816,94.84338893217922,92.51101320001753,93.64246368408203,34284100,0.0,0.0
2023-02-21 00:00:00-05:00,92.3025791741885,92.40182774488592,91.03217929602812,91.10165405273438,33629300,0.0,0.0
2023-02-22 00:00:00-05:00,91.012320386859,91.41924934975466,89.93049814884304,90.96269989013672,30884000,0.0,0.0
2023-02-23 00:00:00-05:00,91.23069466942782,91.25054893084341,89.0868963396498,90.20841979980469,41206400,0.0,0.0
2023-02-24 00:00:00-05:00,88.76928168111633,89.21590405101533,87.91573031324553,88.46160125732422,36585100,0.0,0.0
2023-02-27 00:00:00-05:00,89.19606018066406,89.48388635539742,88.67002833376313,89.19606018066406,27502300,0.0,0.0
2023-02-28 00:00:00-05:00,88.66011444958845,90.54586782791486,88.65018731956766,89.38463592529297,30142000,0.0,0.0
2023-03-01 00:00:00-05:00,89.30524066283623,90.34736213861636,88.99756021287892,89.68238830566406,31111200,0.0,0.0
2023-03-02 00:00:00-05:00,88.98764047944798,91.58798817098749,88.91815814235167,91.31008911132812,32204400,0.0,0.0
2023-03-03 00:00:00-05:00,91.78649146163595,93.02711765283779,91.75671007241478,92.94771575927734,35160100,0.0,0.0
2023-03-06 00:00:00-05:00,93.31493408001563,95.25031543626798,93.29508739318105,94.41661071777344,32639300,0.0,0.0
2023-03-07 00:00:00-05:00,94.26773929878661,94.95255977422711,92.8286084430734,93.15613555908203,27835500,0.0,0.0
2023-03-08 00:00:00-05:00,93.41419049538177,95.24038857658361,93.29508765749337,93.543212890625,34103300,0.0,0.0
2023-03-09 00:00:00-05:00,93.34471548738784,94.81361262324073,91.21083697363413,91.627685546875,28813500,0.0,0.0
2023-03-10 00:00:00-05:00,91.4788156121773,92.0941689599083,89.72209216895389,89.95036315917969,35941000,0.0,0.0
2023-03-13 00:00:00-04:00,89.41441019573425,91.87581597281934,88.74943635242563,90.42676544189453,37335600,0.0,0.0
2023-03-14 00:00:00-04:00,91.86588978493322,93.65239460696121,91.7467945115858,93.26531982421875,36050200,0.0,0.0
2023-03-15 00:00:00-04:00,92.52093982631897,96.20311744437676,91.94528745764846,95.38926696777344,50622100,0.0,0.0
2023-03-16 00:00:00-04:00,95.47858895236912,100.43117417550806,94.78384131193948,99.56769561767578,65492000,0.0,0.0
2023-03-17 00:00:00-04:00,99.50814641831961,102.06879309004395,99.34934263318691,100.85794830322266,61028500,0.0,0.0
2023-03-20 00:00:00-04:00,99.36920316966915,100.98697707895346,99.12107791886092,100.46095275878906,32960400,0.0,0.0
2023-03-21 00:00:00-04:00,100.49071743651176,104.31184443694538,100.46094362067213,104.13319396972656,42110300,0.0,0.0
2023-03-22 00:00:00-04:00,103.4880705402918,105.79067243730059,102.55512479803791,102.5948257446289,43427400,0.0,0.0
2023-03-23 00:00:00-04:00,104.27214642263456,105.50285304125943,103.67664737256062,104.80809783935547,40797800,0.0,0.0
2023-03-24 00:00:00-04:00,104.20267726028,104.69892775737729,103.06129960251988,104.64930725097656,30393300,0.0,0.0
2023-03-27 00:00:00-04:00,103.83544837056961,103.97439789278444,101.16561848824847,101.69164276123047,31120900,0.0,0.0
2023-03-28 00:00:00-04:00,101.67179161770622,101.68171117444312,98.99203472350514,100.2723617553711,32057900,0.0,0.0
2023-03-29 00:00:00-04:00,101.51300211215501,101.72142641563612,99.89522819150731,100.62967681884766,28779600,0.0,0.0
2023-03-30 00:00:00-04:00,100.15326948059464,100.4013947056614,99.03173861709708,100.13341522216797,33086200,0.0,0.0
2023-03-31 00:00:00-04:00,100.5403405183242,103.11091412057462,100.28228817356023,102.95211791992188,36863400,0.0,0.0
2023-04-03 00:00:00-04:00,101.62216463041729,103.74611591062242,101.16561513368151,103.577392578125,25035400,0.0,0.0
2023-04-04 00:00:00-04:00,103.54762525002644,104.78825142936967,103.25979906775706,103.93470001220703,24420100,0.0,0.0
2023-04-05 00:00:00-04:00,104.98675068203352,105.30435068738927,102.88265348611964,103.68657684326172,28290500,0.0,0.0
2023-04-06 00:00:00-04:00,104.4706498559581,108.35132454892715,103.54762368954962,107.60694885253906,48711500,0.0,0.0
2023-04-10 00:00:00-04:00,106.17775133008297,106.78316992246287,104.33169902046775,105.64179992675781,27067400,0.0,0.0
2023-04-11 00:00:00-04:00,105.75098036627539,105.92963084204611,103.89500084422305,104.55997467041016,26311800,0.0,0.0
2023-04-12 00:00:00-04:00,105.78074743753035,105.94947077272556,103.5575399759029,103.85529327392578,24370300,0.0,0.0
2023-04-13 00:00:00-04:00,105.04628646912033,106.68391438823537,105.04628646912033,106.6243667602539,24843600,0.0,0.0
2023-04-14 00:00:00-04:00,106.08842602348172,108.12305600146057,106.03879794707,108.05358123779297,26578000,0.0,0.0
2023-04-17 00:00:00-04:00,103.8751497069163,105.36390108383588,103.73619261199721,105.17532348632812,37571200,0.0,0.0
2023-04-18 00:00:00-04:00,105.69141368807013,105.74104175957935,103.28956344176271,103.71633911132812,26596400,0.0,0.0
2023-04-19 00:00:00-04:00,102.8032512436726,104.19275410196762,102.29707363391327,103.39875030517578,20905700,0.0,0.0
2023-04-20 00:00:00-04:00,103.13077864388401,105.45322726139375,103.09107769672384,104.50042724609375,27820800,0.0,0.0
2023-04-21 00:00:00-04:00,104.67907735856379,105.20510165529122,103.99424927374733,104.6195297241211,25800100,0.0,0.0
2023-04-24 00:00:00-04:00,104.69891971395418,105.83037015463859,103.9148430801148,105.17532348632812,23542800,0.0,0.0
2023-04-25 00:00:00-04:00,105.03637557743666,105.88992698575956,103.06129326840653,103.07122039794922,46664100,0.0,0.0
2023-04-26 00:00:00-04:00,104.13318368334002,105.55246015155271,101.86035590852781,102.93225860595703,53347600,0.0,0.0
2023-04-27 00:00:00-04:00,103.6667276651916,107.55733738673939,102.76355568188747,106.7831802368164,50089200,0.0,0.0
2023-04-28 00:00:00-04:00,106.23729608563893,106.54496893818438,104.30191480844489,106.53504180908203,36139800,0.0,0.0
2023-05-01 00:00:00-04:00,106.03880194374992,107.18017959460664,106.018955255746,106.39610290527344,26681700,0.0,0.0
2023-05-02 00:00:00-04:00,106.3365485246071,106.39609615702363,102.93227004814128,104.53019714355469,30997200,0.0,0.0
2023-05-03 00:00:00-04:00,104.73862499300647,106.68392596400858,104.17289974925679,104.6195297241211,21795400,0.0,0.0
2023-05-04 00:00:00-04:00,104.69891866847149,104.8080943741299,103.19032062001693,103.90492248535156,23419500,0.0,0.0
2023-05-05 00:00:00-04:00,104.03395220841355,105.08600082196858,103.32927742271336,104.77832794189453,26639300,0.0,0.0
2023-05-08 00:00:00-04:00,104.3912487209223,107.15040011064862,104.37140203396783,106.96182250976562,26511400,0.0,0.0
2023-05-09 00:00:00-04:00,107.57716947230122,109.32397313635732,106.3861714485516,106.54496765136719,36360100,0.0,0.0
2023-05-10 00:00:00-04:00,107.1603273461475,112.09305821305404,107.12062640001808,110.91197967529297,63153400,0.0,0.0
2023-05-11 00:00:00-04:00,114.53461459902141,117.0357137366996,113.55204074909585,115.69583892822266,78900000,0.0,0.0
2023-05-12 00:00:00-04:00,115.80501418168475,117.14488898483823,115.23928892825631,116.62879180908203,41102300,0.0,0.0
2023-05-15 00:00:00-04:00,115.2392819935686,117.59151189110723,115.14003341637807,115.63628387451172,36266800,0.0,0.0
2023-05-16 00:00:00-04:00,115.61642039221653,119.84447607842361,115.55687276508897,118.61377716064453,45035600,0.0,0.0
2023-05-17 00:00:00-04:00,118.71302793181175,120.75757727103849,117.99842610430477,119.93379974365234,33323600,0.0,0.0
2023-05-18 00:00:00-04:00,120.04298319548356,122.38528597148938,119.92388793132871,121.90888977050781,35234200,0.0,0.0
2023-05-19 00:00:00-04:00,122.62350082715598,125.02535141510835,121.23399792123767,121.83942413330078,41353400,0.0,0.0
2023-05-22 00:00:00-04:00,122.01806609562544,125.48189220233128,121.81956136739319,124.11224365234375,35253000,0.0,0.0
2023-05-23 00:00:00-04:00,123.22892250659226,123.6953915959423,121.29354109633519,121.64091491699219,34046300,0.0,0.0
2023-05-24 00:00:00-04:00,120.21171384013235,120.99579047353133,118.96116056401159,119.99336242675781,34182600,0.0,0.0
2023-05-25 00:00:00-04:00,123.58621039965489,124.38021415921419,121.04541048455478,122.55401611328125,42317000,0.0,0.0
2023-05-26 00:00:00-04:00,122.24633339773538,124.3206642054446,121.53173154191558,123.675537109375,35635900,0.0,0.0
2023-05-30 00:00:00-04:00,124.6978199598951,124.71767421950892,121.08511707268141,122.74259185791016,35076700,0.0,0.0
2023-05-31 00:00:00-04:00,121.82949030094537,123.12966410835033,121.58136506611656,121.94859313964844,37325800,0.0,0.0
2023-06-01 00:00:00-04:00,121.8989611091008,123.48696104605021,121.70046395655,122.7922134399414,30772700,0.0,0.0
2023-06-02 00:00:00-04:00,123.06018362345124,125.2039891873368,122.83191265844434,123.7350845336914,26980100,0.0,0.0
2023-06-05 00:00:00-04:00,123.08004629574243,126.4743977650919,122.91131537751194,125.06504821777344,32305500,0.0,0.0
2023-06-06 00:00:00-04:00,125.06505413625041,127.32794765072265,124.41992696662459,126.35530090332031,26638300,0.0,0.0
2023-06-07 00:00:00-04:00,126.01784008371891,128.072309065116,121.20421224846599,121.58135986328125,52539000,0.0,0.0
2023-06-08 00:00:00-04:00,121.31338907767194,122.3058899837172,120.33080772871682,121.22406005859375,29389200,0.0,0.0
2023-06-09 00:00:00-04:00,121.3332316954614,122.83191013354642,120.99578503336821,121.31338500976562,23778300,0.0,0.0
2023-06-12 00:00:00-04:00,121.86919005532346,123.11974334684123,120.74766673085075,122.71281433105469,28306400,0.0,0.0
2023-06-13 00:00:00-04:00,124.04276764194177,124.22141810946202,122.25626296673931,122.9013900756836,22278300,0.0,0.0
2023-06-14 00:00:00-04:00,122.17686661381849,123.11974706875885,120.53923851602217,122.74259185791016,30592300,0.0,0.0
2023-06-15 00:00:00-04:00,122.21655807060819,124.51915981522143,121.48210953773676,124.15193176269531,35246300,0.0,0.0
2023-06-16 00:00:00-04:00,124.98564142278578,125.1642918916508,122.35551246478781,122.6036376953125,45535600,0.0,0.0
2023-06-20 00:00:00-04:00,122.00814128096077,123.63584222244113,121.22406462697502,122.17686462402344,26097500,0.0,0.0
2023-06-21 00:00:00-04:00,121.48211364469854,121.74016600309444,119.19935850880321,119.64598846435547,30306300,0.0,0.0
2023-06-22 00:00:00-04:00,119.10011432011007,122.31581528654226,117.93889002281252,122.22649383544922,26952200,0.0,0.0
2023-06-23 00:00:00-04:00,120.46976164956806,121.86919161284854,120.15216165092147,121.42256164550781,34913600,0.0,0.0
2023-06-26 00:00:00-04:00,119.85441851212727,121.08511758706368,117.38308566022395,117.45256042480469,33969900,0.0,0.0
2023-06-27 00:00:00-04:00,116.20202354172285,118.18702562106004,115.22936919108754,117.4426498413086,39535900,0.0,0.0
2023-06-28 00:00:00-04:00,116.21193098693968,119.48718710532653,115.97373288245846,119.27876281738281,27091400,0.0,0.0
2023-06-29 00:00:00-04:00,118.34582057099236,119.15967111183862,117.41287475286933,118.20687103271484,24090900,0.0,0.0
2023-06-30 00:00:00-04:00,119.26883719212228,120.17201669011786,118.79244097715116,118.80236053466797,29532200,0.0,0.0
2023-07-03 00:00:00-04:00,118.34581546548606,119.28869594561498,117.9289668686366,119.00086975097656,14467900,0.0,0.0
2023-07-05 00:00:00-04:00,118.34581085804417,121.69054177705794,118.33589130053984,120.83699035644531,27584800,0.0,0.0
2023-07-06 00:00:00-04:00,118.90160907008745,119.39785951266347,117.51210631643842,119.20928192138672,24745200,0.0,0.0
2023-07-07 00:00:00-04:00,119.19936829427263,120.1422487852775,118.50462062484308,118.58402252197266,21709500,0.0,0.0
2023-07-10 00:00:00-04:00,117.41286932662906,117.42278888448908,115.2690635685402,115.57673645019531,35315200,0.0,0.0
2023-07-11 00:00:00-04:00,115.41793425521223,116.82728376089246,114.48498095632307,116.26155853271484,23078800,0.0,0.0
2023-07-12 00:00:00-04:00,117.90910932353661,119.4276344809341,117.52203458036395,118.03813171386719,30404400,0.0,0.0
2023-07-13 00:00:00-04:00,120.02313496341503,123.89389001441005,119.54673119638662,123.60606384277344,44297900,0.0,0.0
2023-07-14 00:00:00-04:00,123.86412354678572,125.82927121842717,122.56394213265052,124.4794692993164,33283100,0.0,0.0
2023-07-17 00:00:00-04:00,124.99557527494002,126.14687246896142,123.26861812563564,123.71524810791016,25716200,0.0,0.0
2023-07-18 00:00:00-04:00,123.6656062716888,123.74500815821673,122.03790545876947,122.8319091796875,26193600,0.0,0.0
2023-07-19 00:00:00-04:00,123.66561821898068,124.24127059365078,120.88662007165094,121.1148910522461,37224000,0.0,0.0
2023-07-20 00:00:00-04:00,120.50947536304146,123.15945134238697,117.333475040101,118.30612182617188,37906800,0.0,0.0
2023-07-21 00:00:00-04:00,119.71547124691322,120.08269176427814,117.8396449955782,119.11996459960938,72937900,0.0,0.0
2023-07-24 00:00:00-04:00,120.74766705234958,122.07761466691946,120.0727661155314,120.61863708496094,29686100,0.0,0.0
2023-07-25 00:00:00-04:00,120.4499090798837,122.22648658848489,120.1124548384505,121.29353332519531,52509600,0.0,0.0
2023-07-26 00:00:00-04:00,129.0946172624733,129.99778169720037,127.3577404462354,128.3006134033203,61682100,0.0,0.0
2023-07-27 00:00:00-04:00,130.68260803004364,132.2408419072244,127.82420023434912,128.42962646484375,44952100,0.0,0.0
2023-07-28 00:00:00-04:00,129.79928007624758,132.7370897112607,129.59086334627574,131.58578491210938,36591200,0.0,0.0
2023-07-31 00:00:00-04:00,131.7346357432163,132.52863946512642,130.7917629491062,131.72471618652344,28055500,0.0,0.0
2023-08-01 00:00:00-04:00,129.79927708428264,131.6354099568871,129.70002092843689,130.56350708007812,23166800,0.0,0.0
2023-08-02 00:00:00-04:00,128.4792502900743,129.11445031870784,126.60342402236246,127.41728210449219,26273300,0.0,0.0
2023-08-03 00:00:00-04:00,127.01034391124875,128.41969339996243,126.46446537651686,127.48674011230469,20089500,0.0,0.0
2023-08-04 00:00:00-04:00,128.31051623779516,130.5237890233023,126.95079483936229,127.1492919921875,26147200,0.0,0.0
2023-08-07 00:00:00-04:00,128.19143287031562,130.6230572928783,128.05248333600815,130.5436553955078,22746300,0.0,0.0
2023-08-08 00:00:00-04:00,129.64046232824563,130.52378752085772,128.56855954209357,130.41461181640625,23535200,0.0,0.0
2023-08-09 00:00:00-04:00,130.67266960839547,131.04980964495556,128.0326136306667,128.6876678466797,24912900,0.0,0.0
2023-08-10 00:00:00-04:00,130.33521897689877,131.0597403574535,128.47923208801416,128.71743774414062,20857800,0.0,0.0
2023-08-11 00:00:00-04:00,127.69519501020459,128.95566050177683,127.20886401980619,128.58843994140625,19591100,0.0,0.0
2023-08-14 00:00:00-04:00,128.4197145429739,130.38486244718834,127.99294634651456,130.3451690673828,24695600,0.0,0.0
2023-08-15 00:00:00-04:00,130.11688653714737,130.43447898056363,128.31052745646844,128.80677795410156,19770700,0.0,0.0
2023-08-16 00:00:00-04:00,127.73486328125,129.3030165264677,126.91109328601117,127.73486328125,25216100,0.0,0.0
2023-08-17 00:00:00-04:00,128.8266444615361,131.00022427090204,128.3204592134365,128.94573974609375,33446300,0.0,0.0
2023-08-18 00:00:00-04:00,127.546294758541,128.28075093151222,125.43227040921398,126.5041732788086,30504800,0.0,0.0
2023-08-21 00:00:00-04:00,126.22626247354604,127.76463429731196,125.6109092007312,127.40733337402344,25248700,0.0,0.0
2023-08-22 00:00:00-04:00,127.54629719383558,129.30302819235456,127.35773472637845,128.11203002929688,22054900,0.0,0.0
2023-08-23 00:00:00-04:00,129.2037702845962,132.40955935337914,128.8960974039479,131.37734985351562,27819700,0.0,0.0
2023-08-24 00:00:00-04:00,132.94550528703812,133.24325861449066,128.59836122593913,128.80677795410156,28500700,0.0,0.0
2023-08-25 00:00:00-04:00,128.56857452291544,129.77942696997056,126.29575386732984,128.90603637695312,26762900,0.0,0.0
2023-08-28 00:00:00-04:00,130.32528013006436,131.54605189710958,129.1640559890661,130.02752685546875,20543300,0.0,0.0
2023-08-29 00:00:00-04:00,131.24832315951218,135.54585383099212,131.24832315951218,133.56085205078125,43075600,0.0,0.0
2023-08-30 00:00:00-04:00,133.76929620591096,135.2580478465564,133.0646289101831,134.86105346679688,28315800,0.0,0.0
2023-08-31 00:00:00-04:00,134.99004570424955,136.9651280020466,134.77169428863934,135.1488494873047,30053800,0.0,0.0
2023-09-01 00:00:00-04:00,136.42915878507017,136.42915878507017,133.838731240279,134.6426544189453,21543700,0.0,0.0
2023-09-05 00:00:00-04:00,134.42433443329878,135.3969811480602,133.57078298930236,134.75186157226562,19403100,0.0,0.0
2023-09-06 00:00:00-04:00,134.99997436969198,135.50614436814033,132.66759123648941,133.45167541503906,18684500,0.0,0.0
2023-09-07 00:00:00-04:00,132.58819181549026,134.56327406172488,131.9529918442149,134.24566650390625,18844300,0.0,0.0
2023-09-08 00:00:00-04:00,133.8983069363544,135.6351836006342,133.8387593023914,135.35728454589844,23558300,0.0,0.0
2023-09-11 00:00:00-04:00,135.51606381265162,136.44901706515918,134.77168815088856,135.89321899414062,20763400,0.0,0.0
2023-09-12 00:00:00-04:00,135.23815692482054,135.84358303367614,134.17618891743425,134.32505798339844,18405500,0.0,0.0
2023-09-13 00:00:00-04:00,134.0769375034417,135.8733616364172,133.14398427221744,135.68479919433594,20749500,0.0,0.0
2023-09-14 00:00:00-04:00,136.56814159733074,137.65988359424148,135.21833965192076,137.06439208984375,24751000,0.0,0.0
2023-09-15 00:00:00-04:00,136.94526597009013,137.48122492138967,135.45651466326473,136.36961364746094,38919600,0.0,0.0
2023-09-18 00:00:00-04:00,135.58556108112978,138.11644163882283,135.58556108112978,137.17356872558594,21861300,0.0,0.0
2023-09-19 00:00:00-04:00,136.38947604665375,137.3720574197808,135.59547227341233,137.00482177734375,20353700,0.0,0.0
2023-09-20 00:00:00-04:00,137.0445418305698,137.0445418305698,132.61798064460575,132.73709106445312,29927500,0.0,0.0
2023-09-21 00:00:00-04:00,130.45433880616167,131.23840796235106,129.09461723083658,129.4618377685547,31503900,0.0,0.0
2023-09-22 00:00:00-04:00,129.7794091306759,131.03988948397537,128.62811962390344,129.2732391357422,26397300,0.0,0.0
2023-09-25 00:00:00-04:00,128.85640052897944,130.1863481711838,127.99292954617495,130.12680053710938,20094600,0.0,0.0
2023-09-26 00:00:00-04:00,128.79684059113427,129.38241246274418,126.26596037420376,127.60584259033203,25718700,0.0,0.0
2023-09-27 00:00:00-04:00,127.60585276042912,129.91836661698156,127.60585276042912,129.56106567382812,22746500,0.0,0.0
2023-09-28 00:00:00-04:00,128.86631630656447,132.30037616629912,128.81668823150392,131.3177947998047,22513100,0.0,0.0
2023-09-29 00:00:00-04:00,132.28051235409288,133.04474225061801,129.38241168333343,129.878662109375,30859800,0.0,0.0
2023-10-02 00:00:00-04:00,130.2260545847838,133.41197411116025,130.1863460664677,133.16384887695312,22288000,0.0,0.0
2023-10-03 00:00:00-04:00,132.93559116374053,133.25318362014062,130.8513329307273,131.43690490722656,22989400,0.0,0.0
2023-10-04 00:00:00-04:00,131.79419070491505,134.55335719954957,131.53614591729064,134.225830078125,26752300,0.0,0.0
2023-10-05 00:00:00-04:00,134.05711364746094,134.47396223865763,132.44925177357314,134.05711364746094,19832600,0.0,0.0
2023-10-06 00:00:00-04:00,133.00504324406194,137.123931161278,133.00504324406194,136.54827880859375,27597600,0.0,0.0
2023-10-09 00:00:00-04:00,135.9130912652546,137.89809329303546,134.59306309945669,137.38198852539062,19278100,0.0,0.0
2023-10-10 00:00:00-04:00,137.46140690104886,138.67225949468676,136.300182392927,137.0247039794922,27786600,0.0,0.0
2023-10-11 00:00:00-04:00,137.54078929024345,140.05181558848287,137.54078929024345,139.4960174560547,25884300,0.0,0.0
2023-10-12 00:00:00-04:00,139.9922602118785,140.16098355386808,137.2231741164266,137.9278564453125,24765500,0.0,0.0
2023-10-13 00:00:00-04:00,138.33476613157276,138.95011178040497,135.5954542355113,136.3299102783203,23420500,0.0,0.0
2023-10-16 00:00:00-04:00,137.13386618680707,138.58292436140798,136.95522326980412,138.05690002441406,28501900,0.0,0.0
2023-10-17 00:00:00-04:00,137.59041875340512,138.85088412200298,136.1512801850149,138.6722412109375,23515800,0.0,0.0
2023-10-18 00:00:00-04:00,138.40424694073948,139.66472731928488,136.34977796075492,136.92543029785156,23375000,0.0,0.0
2023-10-19 00:00:00-04:00,137.46140157765356,138.61270648183236,136.349805198096,136.71702575683594,26066000,0.0,0.0
2023-10-20 00:00:00-04:00,136.30016767562714,136.83611156598081,134.06704036781977,134.58314514160156,26335700,0.0,0.0
2023-10-23 00:00:00-04:00,134.0273213470116,136.6276841287948,132.94549894839827,135.47637939453125,26317900,0.0,0.0
2023-10-24 00:00:00-04:00,136.79639635920353,138.31492147464493,136.38946736895807,137.76904296875,44814300,0.0,0.0
2023-10-25 00:00:00-04:00,127.19892549752396,127.34779458240867,124.13209362181638,124.66804504394531,84366200,0.0,0.0
2023-10-26 00:00:00-04:00,122.34558803554405,123.39764418527096,120.36058614753718,121.3630142211914,57061100,0.0,0.0
2023-10-27 00:00:00-04:00,121.95852001538093,122.38529574778306,119.30854416571684,121.25384521484375,44566500,0.0,0.0
2023-10-30 00:00:00-04:00,122.28604612521336,124.45962571740641,121.82949657826617,123.52667236328125,28940100,0.0,0.0
2023-10-31 00:00:00-04:00,124.12215988427495,124.42984031174664,121.76993760214455,123.1495132446289,26292300,0.0,0.0
2023-11-01 00:00:00-04:00,123.13959750160885,125.54144807960145,122.79222366961514,125.50174713134766,30082400,0.0,0.0
2023-11-02 00:00:00-04:00,127.45696935668228,128.01276746198673,125.97814507096508,126.53394317626953,27124600,0.0,0.0
2023-11-03 00:00:00-04:00,127.05997884535377,128.55864986310226,126.90117505497481,128.1318817138672,26393100,0.0,0.0
2023-11-06 00:00:00-05:00,128.08224111307598,129.3625605799608,127.7050859338931,129.2732391357422,19052700,0.0,0.0
2023-11-07 00:00:00-05:00,129.729793973687,130.92079197589274,128.9060164432014,129.9878387451172,29757300,0.0,0.0
2023-11-08 00:00:00-05:00,129.98784740054361,131.21855399990926,129.7992698016351,130.851318359375,26425800,0.0,0.0
2023-11-09 00:00:00-05:00,130.97043911965648,131.55601107722748,129.09461282832507,129.26333618164062,23747800,0.0,0.0
2023-11-10 00:00:00-05:00,129.12437037075154,131.80411971424755,128.43954234138178,131.59568786621094,26913300,0.0,0.0
2023-11-13 00:00:00-05:00,130.7917686694096,131.59569198317294,130.26574439881477,131.0994415283203,18324800,0.0,0.0
2023-11-14 00:00:00-05:00,133.1837138056391,134.68238488834018,132.32024276762044,132.61798095703125,32395200,0.0,0.0
2023-11-15 00:00:00-05:00,133.85858358428234,134.01738735349468,132.5683446064248,133.61045837402344,23861500,0.0,0.0
2023-11-16 00:00:00-05:00,134.17618031631702,136.19095564980287,133.31270950035443,135.9031219482422,28013200,0.0,0.0
2023-11-17 00:00:00-05:00,134.98013143466227,135.03967906955006,132.64774810580346,134.29530334472656,37240600,0.0,0.0
2023-11-20 00:00:00-05:00,132.68744121099556,135.63516995040786,132.61795888212296,135.22824096679688,27815500,0.0,0.0
2023-11-21 00:00:00-05:00,135.26793213333067,136.1512572706716,134.94042018483108,135.94284057617188,22635300,0.0,0.0
2023-11-22 00:00:00-05:00,136.43912173063663,138.37449576593937,136.43912173063663,137.45147705078125,17813900,0.0,0.0
2023-11-24 00:00:00-05:00,136.99487964397932,137.0941357784135,134.97018474301692,135.66493225097656,12514300,0.0,0.0
2023-11-27 00:00:00-05:00,135.00989924669568,137.3819758451791,134.98012543057615,135.38705444335938,23436500,0.0,0.0
2023-11-28 00:00:00-05:00,135.0595159672369,136.22074013136128,134.40446177895313,136.17111206054688,18730000,0.0,0.0
2023-11-29 00:00:00-05:00,136.5383455929967,137.25293225328704,133.82880744021125,133.97769165039062,23967200,0.0,0.0
2023-11-30 00:00:00-05:00,134.03727022382313,134.53352075027612,130.29553701394568,131.53616333007812,38988300,0.0,0.0
2023-12-01 00:00:00-05:00,130.87118530273438,131.1193105581131,129.6901066640334,130.87118530273438,31442300,0.0,0.0
2023-12-04 00:00:00-05:00,128.90603964218352,129.05490874011545,126.94088425548,128.3006134033203,36669900,0.0,0.0
2023-12-05 00:00:00-05:00,127.98299525723667,131.14907573021983,127.28824761685543,130.00770568847656,27384800,0.0,0.0
2023-12-06 00:00:00-05:00,130.45433249808588,130.85132683618656,128.9060333773847,129.04498291015625,23576200,0.0,0.0
2023-12-07 00:00:00-05:00,134.02729611553602,137.52090303503164,133.6898494914081,135.9031219482422,56767100,0.0,0.0
2023-12-08 00:00:00-05:00,133.19360751878372,135.37710630216824,133.024884196069,133.97769165039062,32260100,0.0,0.0
2023-12-11 00:00:00-05:00,131.3873018080732,132.34009439297435,130.3749464352963,132.29046630859375,31138000,0.0,0.0
2023-12-12 00:00:00-05:00,130.82153234482118,132.0026107589198,130.2756538579234,131.52621459960938,29032800,0.0,0.0
2023-12-13 00:00:00-05:00,132.37979009748466,132.49888537297187,130.583365685189,131.57586669921875,30104800,0.0,0.0
2023-12-14 00:00:00-05:00,132.3797959879111,132.7172427130491,128.71746466008253,130.95059204101562,38722400,0.0,0.0
2023-12-15 00:00:00-05:00,130.63294443593992,132.5087702558093,130.19624168094646,131.60560607910156,50847100,0.0,0.0
2023-12-18 00:00:00-05:00,131.63540528883573,136.1214986599511,131.43689298418388,134.78163146972656,32258000,0.0,0.0
2023-12-19 00:00:00-05:00,135.8138370178058,136.43911751155446,135.05954168860268,135.62525939941406,25476800,0.0,0.0
2023-12-20 00:00:00-05:00,137.927877578294,140.63740131140003,137.03463265575587,137.30259704589844,49107200,0.0,0.0
2023-12-21 00:00:00-05:00,138.44394015604402,139.6349380709306,138.1362521909772,139.36695861816406,27488300,0.0,0.0
2023-12-22 00:00:00-05:00,139.71436841353267,140.9252208312421,139.65482077731141,140.42897033691406,26532200,0.0,0.0
2023-12-26 00:00:00-05:00,140.52819216023732,141.61001445550394,140.1311978767292,140.45872497558594,16780300,0.0,0.0
2023-12-27 00:00:00-05:00,140.52822004635922,141.01455101287016,138.8409712900939,139.31736755371094,19628600,0.0,0.0
2023-12-28 00:00:00-05:00,139.72428432008698,140.0815852724405,138.70200954003505,139.17840576171875,16045700,0.0,0.0
2023-12-29 00:00:00-05:00,138.5829084225353,139.3074298543242,137.73927658207975,138.6424560546875,18733000,0.0,0.0
2024-01-02 00:00:00-05:00,137.51100529289818,138.4042500618413,135.45652112222194,137.13385009765625,23711200,0.0,0.0
2024-01-03 00:00:00-05:00,136.22076003752528,138.58291722535583,136.05203668758926,137.87823486328125,24212100,0.0,0.0
2024-01-04 00:00:00-05:00,137.38197845779115,138.11643460621872,135.32750938466225,135.36720275878906,27137700,0.0,0.0
2024-01-05 00:00:00-05:00,135.72448272950774,136.13141168714577,134.13647541130874,134.71212768554688,22513900,0.0,0.0
2024-01-08 00:00:00-05:00,135.26793269762982,137.9675361915349,135.23815888400566,137.79881286621094,21404000,0.0,0.0
2024-01-09 00:00:00-05:00,137.46138108120132,140.42896436301152,137.11399969220417,139.89300537109375,24759600,0.0,0.0
2024-01-10 00:00:00-05:00,139.94265824666346,141.927660491297,139.8533367803026,141.2130584716797,21320200,0.0,0.0
2024-01-11 00:00:00-05:00,142.4139716480829,144.13099411000476,139.58533778589887,141.01454162597656,24008700,0.0,0.0
2024-01-12 00:00:00-05:00,141.6001002299109,142.12612449032548,140.75648355960536,141.5802459716797,18785500,0.0,0.0
2024-01-16 00:00:00-05:00,140.93514731118603,143.267530806828,140.38926871174172,141.42147827148438,22670500,0.0,0.0
2024-01-17 00:00:00-05:00,140.2900233777166,140.77633917868644,137.85838379541343,140.40911865234375,20968600,0.0,0.0
2024-01-18 00:00:00-05:00,140.98475322574876,143.12855876412843,140.92520559596517,142.40402221679688,25746400,0.0,0.0
2024-01-19 00:00:00-05:00,143.65458671612103,145.35175478607076,143.29728578386394,145.28228759765625,34271900,0.0,0.0
2024-01-22 00:00:00-05:00,145.99689454630132,147.2772140972634,144.7463336676715,144.8952178955078,32200400,0.0,0.0
2024-01-23 00:00:00-05:00,144.79597726482936,146.0762969530336,144.40890246194306,145.93734741210938,21636100,0.0,0.0
2024-01-24 00:00:00-05:00,147.42609610314366,148.72628517168496,146.98940837188923,147.58489990234375,25233500,0.0,0.0
2024-01-25 00:00:00-05:00,148.94462008165343,151.90226857782716,148.41858066213035,150.73110961914062,29149100,0.0,0.0
2024-01-26 00:00:00-05:00,149.9668989175663,151.39608755777192,149.87756232275885,151.04872131347656,26115500,0.0,0.0
2024-01-29 00:00:00-05:00,150.91970223766634,152.62680519863352,150.29442175069474,152.35882568359375,27784300,0.0,0.0
2024-01-30 00:00:00-05:00,151.6541357617942,152.46797859903648,150.05620875745953,150.32418823242188,36331800,0.0,0.0
2024-01-31 00:00:00-05:00,142.5429852293833,142.9201404462014,138.82110657193016,139.0493927001953,71910000,0.0,0.0
2024-02-01 00:00:00-05:00,141.05421751659907,141.98717074902015,139.73418955416935,140.10142517089844,40466500,0.0,0.0
2024-02-02 00:00:00-05:00,138.21567319652831,141.55047690627347,135.47637609880854,141.31228637695312,62499600,0.0,0.0
2024-02-05 00:00:00-05:00,141.74898755775797,144.37910891749272,141.70927904042497,142.60252380371094,38505400,0.0,0.0
2024-02-06 00:00:00-05:00,143.5652726486309,144.26995506660353,142.11622957806597,143.0194091796875,29128200,0.0,0.0
2024-02-07 00:00:00-05:00,143.67442837133774,144.5279797721388,142.8506507867212,144.44857788085938,25208900,0.0,0.0
2024-02-08 00:00:00-05:00,144.73639401682047,145.23264441865652,144.0118726705608,144.8157958984375,22563800,0.0,0.0
2024-02-09 00:00:00-05:00,145.58003513170593,148.31934750358255,145.08378464629212,147.8826446533203,26829500,0.0,0.0
2024-02-12 00:00:00-05:00,147.30698549594433,148.2200845297744,146.26485649564665,146.4236602783203,21564100,0.0,0.0
2024-02-13 00:00:00-05:00,143.83322330553597,145.57009981647306,142.61245148398422,144.05157470703125,27837700,0.0,0.0
2024-02-14 00:00:00-05:00,144.98454584573585,145.42124870265448,143.00946343171321,144.84559631347656,22704200,0.0,0.0
2024-02-15 00:00:00-05:00,142.06657656161852,142.4437317454111,139.40668144996613,141.69935607910156,37590700,0.0,0.0
2024-02-16 00:00:00-05:00,141.9177107623263,142.1162079157189,139.08907710730534,139.4662322998047,31468900,0.0,0.0
2024-02-20 00:00:00-05:00,138.6126789723254,141.01452932682773,138.44395563708255,140.0617218017578,25144700,0.0,0.0
2024-02-21 00:00:00-05:00,140.3892306459635,141.61993705061454,139.62500081395828,141.48098754882812,23223300,0.0,0.0
2024-02-22 00:00:00-05:00,143.84314227764477,143.9126246070933,141.72912574537517,143.0094451904297,27191900,0.0,0.0
2024-02-23 00:00:00-05:00,142.5926136233704,143.59503415869767,142.35440793679425,142.8804473876953,19493800,0.0,0.0
2024-02-26 00:00:00-05:00,141.07408198356765,141.37183529228255,136.35970255272923,136.53836059570312,53641800,0.0,0.0
2024-02-27 00:00:00-05:00,136.98496493981133,138.20573668591595,136.0619313188344,137.83851623535156,33099200,0.0,0.0
2024-02-28 00:00:00-05:00,136.8658750875032,136.9750507978896,134.3945574118629,135.35728454589844,37328600,0.0,0.0
2024-02-29 00:00:00-05:00,136.25051773823296,137.8186709245879,135.37711212953872,137.4216766357422,42133000,0.0,0.0
2024-03-01 00:00:00-05:00,137.39189175788897,137.8285945752075,135.89322085696574,136.111572265625,31151100,0.0,0.0
2024-03-04 00:00:00-05:00,134.6426653234506,134.6426653234506,130.92078723607764,132.34999084472656,55999400,0.0,0.0
2024-03-05 00:00:00-05:00,130.89102554499024,132.2408273954596,129.69009277405854,131.6750946044922,40194800,0.0,0.0
2024-03-06 00:00:00-05:00,132.12171457090452,132.57827164707297,129.86874843851078,130.41461181640625,35318600,0.0,0.0
2024-03-07 00:00:00-05:00,131.79418082018677,133.92806672802465,130.6230370899261,133.3722686767578,37738200,0.0,0.0
2024-03-08 00:00:00-05:00,133.20356361663008,137.05445713321666,132.99513174664168,134.39456176757812,39370400,0.0,0.0
2024-03-11 00:00:00-04:00,135.10915896262767,138.05688799115902,135.10915896262767,136.63760375976562,32437800,0.0,0.0
2024-03-12 00:00:00-04:00,136.00241751033502,138.33480103284336,136.00241751033502,137.46139526367188,27563400,0.0,0.0
2024-03-13 00:00:00-04:00,137.95763014261004,140.03195346478358,137.94771058521772,138.74169921875,23347200,0.0,0.0
2024-03-14 00:00:00-04:00,140.13122067260912,142.513217049872,139.40669917238256,142.0269012451172,42753400,0.0,0.0
2024-03-15 00:00:00-04:00,141.43138537879798,142.10627875552206,138.97990682068314,140.12127685546875,49475400,0.0,0.0
2024-03-18 00:00:00-04:00,147.4955587325886,151.00900524024846,146.06635501951953,146.57252502441406,69273700,0.0,0.0
2024-03-19 00:00:00-04:00,147.04896023982576,147.6742256075683,144.9845562239412,145.92742919921875,24070400,0.0,0.0
2024-03-20 00:00:00-04:00,146.89014708409312,147.74369854454548,145.63960128386148,147.62460327148438,21311500,0.0,0.0
2024-03-21 00:00:00-04:00,148.34912076601722,149.24236557867428,145.7983860112411,146.49314880371094,24755600,0.0,0.0
2024-03-22 00:00:00-04:00,148.0017381108715,150.4432971327226,147.86278858243205,149.63937377929688,29211800,0.0,0.0
2024-03-25 00:00:00-04:00,148.8155806383432,149.25228343768953,146.71148367170483,148.94461059570312,19229300,0.0,0.0
2024-03-26 00:00:00-04:00,149.0934777474766,151.11817280232611,148.85527209334566,149.54010009765625,22149100,0.0,0.0
2024-03-27 00:00:00-04:00,150.0462745317352,150.50283159628924,147.78337375554537,149.7386016845703,22879200,0.0,0.0
2024-03-28 00:00:00-04:00,149.71876999163942,150.2944071987847,149.0438614902864,149.79815673828125,24485400,0.0,0.0
2024-04-01 00:00:00-04:00,149.55998191808914,154.57211512447668,149.48058001874543,154.32398986816406,31730800,0.0,0.0
2024-04-02 00:00:00-04:00,152.34889138814307,153.53988946458512,151.0090090869194,153.40093994140625,24586000,0.0,0.0
2024-04-03 00:00:00-04:00,152.44816154374408,153.91705880149465,151.58467536489442,153.7582550048828,24705000,0.0,0.0
2024-04-04 00:00:00-04:00,152.34889789636918,153.60937836042848,149.3217669288391,149.4011688232422,34724700,0.0,0.0
2024-04-05 00:00:00-04:00,148.90489087929552,152.26946791924505,148.47812281299505,151.3563690185547,23459200,0.0,0.0
2024-04-08 00:00:00-04:00,151.63429745472348,154.10563032964885,151.46557410662442,153.68878173828125,20702000,0.0,0.0
2024-04-09 00:00:00-04:00,154.91947398862214,157.37095261531294,154.02622916635622,155.4256591796875,31079500,0.0,0.0
2024-04-10 00:00:00-04:00,155.0385680237579,155.43556231518494,153.520027755364,154.96908569335938,22838600,0.0,0.0
2024-04-11 00:00:00-04:00,155.73331688903122,158.48253342575524,155.2866945214057,158.21456909179688,27166400,0.0,0.0
2024-04-12 00:00:00-04:00,156.7754510311415,159.0184976446993,155.9615930124083,156.5471649169922,25353700,0.0,0.0
2024-04-15 00:00:00-04:00,157.66871946165114,158.0458747117583,153.43073568254982,153.69871520996094,27136500,0.0,0.0
2024-04-16 00:00:00-04:00,153.03374024151432,154.48278330237142,152.2794297465919,153.24215698242188,20779500,0.0,0.0
2024-04-17 00:00:00-04:00,154.45297673510063,155.9020346330925,153.42078251926884,154.30410766601562,21763100,0.0,0.0
2024-04-18 00:00:00-04:00,154.17511398498522,155.76312176921112,153.46051199652004,154.840087890625,19883000,0.0,0.0
2024-04-19 00:00:00-04:00,155.02864105305625,155.1874448352903,151.157893513365,152.93446350097656,32615600,0.0,0.0
2024-04-22 00:00:00-04:00,153.15280433294885,156.45783399355932,152.90467911948886,155.1080322265625,26446200,0.0,0.0
2024-04-23 00:00:00-04:00,155.78294214571977,157.77786342870908,155.10803368370046,157.07318115234375,21151600,0.0,0.0
2024-04-24 00:00:00-04:00,156.30896002310516,158.37336355169876,155.99135249053967,157.93666076660156,22779100,0.0,0.0
2024-04-25 00:00:00-04:00,150.1951766135992,155.31648535594996,149.73861949474144,154.8301544189453,57109700,0.0,0.0
2024-04-26 00:00:00-04:00,173.06238823512538,173.399850072579,168.37778247380382,170.66053771972656,64665300,0.0,0.0
2024-04-29 00:00:00-04:00,167.79218800990293,168.2785188689009,163.9710688984415,164.9040069580078,45610000,0.0,0.0
2024-04-30 00:00:00-04:00,164.3680750249459,166.83940772348186,161.38065276118826,161.55929565429688,33562900,0.0,0.0
2024-05-01 00:00:00-04:00,163.0679131791334,165.86675805283966,161.86698033617475,162.63121032714844,33493200,0.0,0.0
2024-05-02 00:00:00-04:00,163.55422015396346,165.4796743643417,162.6609753825577,165.37049865722656,24294500,0.0,0.0
2024-05-03 00:00:00-04:00,166.303447513815,166.70045695836217,161.82727393012354,165.98585510253906,34662400,0.0,0.0
2024-05-06 00:00:00-04:00,166.2042164988209,166.8791098785654,164.78493225886228,166.83941650390625,21871300,0.0,0.0
2024-05-07 00:00:00-04:00,167.23641214858006,170.47195983372737,167.12723643695188,169.96578979492188,28039700,0.0,0.0
2024-05-08 00:00:00-04:00,167.73266229376583,168.87403234038655,167.4746174960537,168.1098175048828,19569100,0.0,0.0
2024-05-09 00:00:00-04:00,168.11973776202532,169.40999204467994,166.9188049315239,168.6854705810547,15346700,0.0,0.0
2024-05-10 00:00:00-04:00,166.76995386436658,168.57631308413568,164.94375552710616,167.3852996826172,29799900,0.0,0.0
2024-05-13 00:00:00-04:00,163.02818817677723,168.01054680668042,162.77014340140366,167.87159729003906,31327600,0.0,0.0
2024-05-14 00:00:00-04:00,168.49690435742923,169.96580164362084,167.5341771453294,169.0626220703125,25127100,0.0,0.0
2024-05-15 00:00:00-04:00,169.35044756160798,171.3552886431622,169.23133714549078,171.21633911132812,26948400,0.0,0.0
2024-05-16 00:00:00-04:00,171.99048456648705,173.8067631392547,171.3949930775493,172.87380981445312,27867900,0.0,0.0
2024-05-17 00:00:00-04:00,172.87382403190227,174.94816271706677,172.38750821426203,174.73973083496094,24479300,0.0,0.0
2024-05-20 00:00:00-04:00,174.86875548022488,177.42940990488938,174.75957976328465,175.59327697753906,22554400,0.0,0.0
2024-05-21 00:00:00-04:00,175.57342356539291,176.814049834635,174.4916010932611,176.5163116455078,16989400,0.0,0.0
2024-05-22 00:00:00-04:00,175.31537207270605,175.82154211929756,173.89610294407106,175.0573272705078,17880000,0.0,0.0
2024-05-23 00:00:00-04:00,175.7421581518555,176.913302054648,171.65304376131735,172.24855041503906,21024900,0.0,0.0
2024-05-24 00:00:00-04:00,173.66778441589625,174.45186852274375,172.34775654466458,173.67771911621094,16579400,0.0,0.0
2024-05-28 00:00:00-04:00,173.14178984862892,175.94064983167806,173.06238795431943,175.07716369628906,20572200,0.0,0.0
2024-05-29 00:00:00-04:00,174.1144254654683,175.51385536789155,173.4097583079271,174.58090209960938,23388700,0.0,0.0
2024-05-30 00:00:00-04:00,173.88617571412965,173.90602997495594,170.50174360052324,170.81935119628906,22931500,0.0,0.0
2024-05-31 00:00:00-04:00,170.57120566797727,171.76220372181547,168.16935530183432,171.20640563964844,37638900,0.0,0.0
2024-06-03 00:00:00-04:00,171.24610323694733,173.22118553313896,169.8764622562065,171.8713836669922,27459100,0.0,0.0
2024-06-04 00:00:00-04:00,171.9805700601862,172.54630289287442,170.60099429207042,172.4867401123047,26879600,0.0,0.0
2024-06-05 00:00:00-04:00,173.88614213709033,175.3252653096488,172.6256618443818,174.09457397460938,22068500,0.0,0.0
2024-06-06 00:00:00-04:00,174.5809159744427,175.8215421969568,174.43204688548622,175.40469360351562,23251000,0.0,0.0
2024-06-07 00:00:00-04:00,175.7222764169276,176.53611922911327,172.99289911211454,173.15170288085938,19661400,0.0,0.0
2024-06-10 00:00:00-04:00,173.85721846258227,175.9339227397018,171.66126705733578,173.89695739746094,23726700,0.2,0.0
2024-06-11 00:00:00-04:00,175.09925413873597,175.71530612964037,172.66483900249895,175.4967041015625,21540600,0.0,0.0
2024-06-12 00:00:00-04:00,177.11633707085997,179.2626031953618,174.9899479924397,176.6592559814453,27864700,0.0,0.0
2024-06-13 00:00:00-04:00,174.98992963777008,175.6159276488582,173.76775676245995,174.0459747314453,20913300,0.0,0.0
2024-06-14 00:00:00-04:00,173.1119718356913,175.93390595699566,173.04240975410747,175.66561889648438,18063600,0.0,0.0
2024-06-17 00:00:00-04:00,174.34408443003642,177.22563442085436,173.69820932054725,176.11276245117188,19618500,0.0,0.0
2024-06-18 00:00:00-04:00,176.0134210922973,176.26183113759873,172.9927616126004,173.97645568847656,21869900,0.0,0.0
2024-06-20 00:00:00-04:00,174.25464833709086,176.1624353876285,173.8770754332329,175.17874145507812,20160100,0.0,0.0
2024-06-21 00:00:00-04:00,175.87428594679412,179.69980614084275,175.48676694016078,178.48756408691406,57759000,0.0,0.0
2024-06-24 00:00:00-04:00,179.014178404994,179.73953132877418,177.53364940990167,178.0801544189453,18298000,0.0,0.0
2024-06-25 00:00:00-04:00,178.47761719658297,183.1179143136271,178.27889222308787,182.8595733642578,23130200,0.0,0.0
2024-06-26 00:00:00-04:00,181.4684755299556,183.33650839401088,181.31942043498108,182.7105255126953,19839000,0.0,0.0
2024-06-27 00:00:00-04:00,183.00861627114853,184.8667334659005,182.84964538682112,184.23080444335938,18848900,0.0,0.0
2024-06-28 00:00:00-04:00,183.14772821008222,183.95257416720727,180.802737253132,180.99151611328125,29156600,0.0,0.0
2024-07-01 00:00:00-04:00,181.8659413243254,182.710541450962,180.14694824354996,181.82620239257812,16006100,0.0,0.0
2024-07-02 00:00:00-04:00,180.8921754401855,184.38979268671295,180.40528635394423,184.0618896484375,17372500,0.0,0.0
2024-07-03 00:00:00-04:00,183.6743516250974,184.90645546496816,182.8297515992084,184.63818359375,10242100,0.0,0.0
2024-07-05 00:00:00-04:00,184.67792788657385,189.6461278026425,184.61831191345988,189.38778686523438,20967500,0.0,0.0
2024-07-08 00:00:00-04:00,188.69225135300442,188.9605384287447,186.58573916566047,187.82778930664062,21035900,0.0,0.0
2024-07-09 00:00:00-04:00,189.09961914354798,190.14294413821008,187.51973523943423,187.778076171875,15121400,0.0,0.0
2024-07-10 00:00:00-04:00,187.94700799576873,190.53047817126304,187.82777604241306,189.96409606933594,15952500,0.0,0.0
2024-07-11 00:00:00-04:00,188.6425794494634,189.64615049436205,183.90291191713072,184.38980102539062,25625800,0.0,0.0
2024-07-12 00:00:00-04:00,183.90289053636494,185.9199784961909,183.31664658309873,183.89295959472656,22898400,0.0,0.0
2024-07-15 00:00:00-04:00,183.74392777730802,187.0428202283238,183.74392777730802,185.34368896484375,16474000,0.0,0.0
2024-07-16 00:00:00-04:00,186.16839882768255,187.47999579867826,182.203769602895,182.75027465820312,18290700,0.0,0.0
2024-07-17 00:00:00-04:00,181.80632373022326,182.3826367867754,178.7558414559852,179.8687286376953,20734100,0.0,0.0
2024-07-18 00:00:00-04:00,180.77293018820677,181.33931230427376,175.3476639106666,176.55990600585938,25315700,0.0,0.0
2024-07-19 00:00:00-04:00,177.7423170108804,179.14333780092795,176.00344711889437,176.5300750732422,18881900,0.0,0.0
2024-07-22 00:00:00-04:00,179.44143915290098,181.53802010319112,179.08372815601643,180.5145721435547,24100300,0.0,0.0
2024-07-23 00:00:00-04:00,180.89217569882794,182.44225176435077,180.3854095654304,180.63381958007812,36352700,0.0,0.0
2024-07-24 00:00:00-04:00,172.4959059646395,175.069429864651,170.72722801961868,171.53207397460938,49585200,0.0,0.0
2024-07-25 00:00:00-04:00,171.422773934444,172.31704385351824,166.12667101114428,166.21609497070312,44852000,0.0,0.0
2024-07-26 00:00:00-04:00,166.08693667884336,167.020960798883,163.01659240813447,165.93789672851562,41336900,0.0,0.0
2024-07-29 00:00:00-04:00,167.75623728269647,169.34605213128413,166.92158335005726,168.4517822265625,20293800,0.0,0.0
2024-07-30 00:00:00-04:00,169.15728508367997,170.14097901520392,167.36872998762226,169.2069549560547,18959700,0.0,0.0
2024-07-31 00:00:00-04:00,172.13818990776468,173.14176079618966,168.9287219619174,170.44898986816406,25729100,0.0,0.0
2024-08-01 00:00:00-04:00,169.1672144988525,172.94304963161613,167.80593251440823,169.67396545410156,24531400,0.0,0.0
2024-08-02 00:00:00-04:00,165.38143462058628,167.43826141950746,163.62268767531864,165.60003662109375,29130100,0.0,0.0
2024-08-05 00:00:00-04:00,154.51103232007947,163.38423094995542,153.94465019728176,158.2371826171875,53630700,0.0,0.0
2024-08-06 00:00:00-04:00,158.31667357844438,159.54879271884894,155.41524640434096,157.2832794189453,49004600,0.0,0.0
2024-08-07 00:00:00-04:00,160.22444407280443,161.94343696392548,157.46212618793052,157.92913818359375,25138600,0.0,0.0
2024-08-08 00:00:00-04:00,159.4891744508348,162.64895800070045,159.19109453629167,160.99951171875,25578800,0.0,0.0
2024-08-09 00:00:00-04:00,158.99233275753915,162.74829078749448,158.04837777910737,162.62905883789062,28602300,0.0,0.0
2024-08-12 00:00:00-04:00,163.30475433227653,163.85124425062764,160.81070801086153,161.25784301757812,15895300,0.0,0.0
2024-08-13 00:00:00-04:00,162.37070632388532,163.68230316130368,161.93350232416512,163.11593627929688,18551700,0.0,0.0
2024-08-14 00:00:00-04:00,161.36712454072207,162.1819165911199,156.70696583237768,159.35003662109375,40591100,0.0,0.0
2024-08-15 00:00:00-04:00,159.4792243502646,160.61197337469392,158.59488533261137,160.27413940429688,31524300,0.0,0.0
2024-08-16 00:00:00-04:00,160.44305489951088,164.0102189248703,160.1052209322512,161.923583984375,24208600,0.0,0.0
2024-08-19 00:00:00-04:00,164.2288111566864,165.62984713723483,163.21529415355107,165.60997009277344,22416200,0.0,0.0
2024-08-20 00:00:00-04:00,165.83851174622947,167.5674508233367,165.75903388769558,166.11672973632812,18341500,0.0,0.0
2024-08-21 00:00:00-04:00,164.09965161309964,165.78885186270244,163.62270862444709,164.7952117919922,22902000,0.0,0.0
2024-08-22 00:00:00-04:00,166.19622575508728,166.52412878399306,162.2713506737651,162.75823974609375,22493300,0.0,0.0
2024-08-23 00:00:00-04:00,163.6723804637865,165.12308635947946,162.78804147862647,164.566650390625,13955700,0.0,0.0
2024-08-26 00:00:00-04:00,165.32184299950146,166.48440008520606,163.41405584641612,165.10324096679688,14190400,0.0,0.0
2024-08-27 00:00:00-04:00,164.78525544371954,165.3814455137806,163.4140425413684,163.63262939453125,11821900,0.0,0.0
2024-08-28 00:00:00-04:00,163.99035967655564,164.54681088282098,160.50268829353018,161.81430053710938,16407400,0.0,0.0
2024-08-29 00:00:00-04:00,163.2649914453281,164.91443753942139,159.2308153360169,160.75108337402344,19699800,0.0,0.0
2024-08-30 00:00:00-04:00,161.58573574397926,162.6191298588304,160.66165779990888,162.34091186523438,22123800,0.0,0.0
2024-09-03 00:00:00-04:00,160.6914786071736,160.82065667227133,155.4847990112644,156.3592071533203,38945300,0.0,0.0
2024-09-04 00:00:00-04:00,155.66365765900977,157.9887717937597,154.9681126394364,155.45498657226562,19353800,0.0,0.0
2024-09-05 00:00:00-04:00,155.30593568698094,158.4358956354768,154.98796360800392,156.23995971679688,18688700,0.0,0.0
2024-09-06 00:00:00-04:00,156.29958787438167,156.82621590471155,149.59251732330907,149.9601593017578,37912100,0.0,0.0
2024-09-09 00:00:00-04:00,151.7411114283819,152.62662386310816,146.47778778010462,147.9602813720703,39260500,0.2,0.0
2024-09-10 00:00:00-04:00,149.6915067964419,150.50738007285446,147.59214370497173,147.91053771972656,31118800,0.0,0.0
2024-09-11 00:00:00-04:00,149.16417992613762,150.7362162140882,146.77628554400584,150.39793395996094,29607700,0.0,0.0
2024-09-12 00:00:00-04:00,153.02462848632382,154.03949046129577,151.88041704126704,153.91014099121094,29621500,0.0,0.0
2024-09-13 00:00:00-04:00,154.64640360263152,157.58154353635638,154.42752668404324,156.6661834716797,29591200,0.0,0.0
2024-09-16 00:00:00-04:00,156.51693413001883,157.45219763829544,155.81052202950406,157.26315307617188,18379800,0.0,0.0
2024-09-17 00:00:00-04:00,158.2183245621199,159.74061004154726,157.5815516503455,158.51681518554688,20715600,0.0,0.0
2024-09-18 00:00:00-04:00,159.05408446311074,159.69085736808276,157.8004420763462,159.00433349609375,23677300,0.0,0.0
2024-09-19 00:00:00-04:00,162.88466293518638,162.96424625525552,160.52660096333298,161.32257080078125,26587700,0.0,0.0
2024-09-20 00:00:00-04:00,162.67573141732413,162.90456764484875,161.2429886014312,162.76527404785156,40896400,0.0,0.0
2024-09-23 00:00:00-04:00,163.52143865567453,164.65569075995793,160.85494193042624,161.03404235839844,24150900,0.0,0.0
2024-09-24 00:00:00-04:00,162.20809181188605,162.39713636620655,159.87989243963506,161.47181701660156,23332100,0.0,0.0
2024-09-25 00:00:00-04:00,160.65596937943812,161.98921028487706,160.4868282360792,160.67587280273438,18869200,0.0,0.0
2024-09-26 00:00:00-04:00,162.81502289321162,163.25280710146038,161.46187860492594,161.90960693359375,20319300,0.0,0.0
2024-09-27 00:00:00-04:00,161.98920666955183,164.86463640620642,161.81012140947348,163.1234588623047,21101300,0.0,0.0
2024-09-30 00:00:00-04:00,162.49664152148338,165.31236092462515,162.43693125430474,165.01388549804688,20413900,0.0,0.0
2024-10-01 00:00:00-04:00,166.8445849442019,168.30717508055415,163.75026355678568,166.1481170654297,28338100,0.0,0.0
2024-10-02 00:00:00-04:00,165.58099330587024,166.67545373891107,163.8995109959539,165.02381896972656,17760200,0.0,0.0
2024-10-03 00:00:00-04:00,163.58113216752693,165.79988539247842,163.0935970324702,165.02381896972656,15073100,0.0,0.0
2024-10-04 00:00:00-04:00,167.21271664038824,167.38185775705003,164.64572198743747,166.21775817871094,19047400,0.0,0.0
2024-10-07 00:00:00-04:00,166.87444945314562,167.63061248672904,161.92950423820415,162.15834045410156,22463100,0.0,0.0
2024-10-08 00:00:00-04:00,163.11351583433103,163.89952645082283,162.0489028416346,163.55130004882812,23072700,0.0,0.0
2024-10-09 00:00:00-04:00,162.6259561269001,164.00894776946933,158.93466876764882,161.04397583007812,31181800,0.0,0.0
2024-10-10 00:00:00-04:00,160.0589870760538,162.24790816824293,159.591355313801,161.2628936767578,14144100,0.0,0.0
2024-10-11 00:00:00-04:00,161.31263337427697,163.07369906378534,160.4271208786136,162.4170379638672,15344300,0.0,0.0
2024-10-14 00:00:00-04:00,162.81501959424767,165.3919586438415,162.5762240722605,164.1283721923828,19016100,0.0,0.0
2024-10-15 00:00:00-04:00,164.95416217665158,166.8346331245922,163.8000218608721,164.62583923339844,20247200,0.0,0.0
2024-10-16 00:00:00-04:00,163.70053329945262,164.96413494193072,162.91452270440968,164.32736206054688,16406000,0.0,0.0
2024-10-17 00:00:00-04:00,164.89448390766555,165.53125680199904,161.9394556622168,162.1085968017578,21453400,0.0,0.0
2024-10-18 00:00:00-04:00,162.36727890982462,163.87962007018098,162.25783286831472,162.5961151123047,19757700,0.0,0.0
2024-10-21 00:00:00-04:00,162.12849497134508,163.67068378195492,161.8001568233936,163.24285888671875,20946500,0.0,0.0
2024-10-22 00:00:00-04:00,162.15832023535148,164.9342627494447,162.15832023535148,164.30743408203125,16568100,0.0,0.0
2024-10-23 00:00:00-04:00,163.9293642522353,164.98403306169303,161.11362975074982,161.9593505859375,18280500,0.0,0.0
2024-10-24 00:00:00-04:00,162.00908898296657,162.50656821640374,160.1982572859619,161.89964294433594,22412500,0.0,0.0
2024-10-25 00:00:00-04:00,162.84487350933975,164.7551922144046,162.59613385740113,164.4368133544922,19828900,0.0,0.0
2024-10-28 00:00:00-04:00,167.89925067008892,167.89925067008892,163.12344672576728,165.87948608398438,32138600,0.0,0.0
2024-10-29 00:00:00-04:00,166.88438836507615,169.52103755308448,166.24761551933543,168.82455444335938,42169000,0.0,0.0
2024-10-30 00:00:00-04:00,179.7691030508194,181.1023590425056,173.18248232545162,173.58047485351562,68890800,0.0,0.0
2024-10-31 00:00:00-04:00,172.25719621550286,175.92859606912873,170.137929429327,170.24737548828125,44769000,0.0,0.0
2024-11-01 00:00:00-04:00,169.212586806664,171.45124326529034,168.02858385055944,170.42642211914062,31796500,0.0,0.0
2024-11-04 00:00:00-05:00,169.07330370933886,169.86927360734452,167.16298506324307,168.3867950439453,21492700,0.0,0.0
2024-11-05 00:00:00-05:00,168.57581219568198,169.67027262380228,167.98879032144563,168.88426208496094,18242100,0.0,0.0
2024-11-06 00:00:00-05:00,172.92378818784377,176.04795723175238,172.62529760518007,175.6201171875,33695500,0.0,0.0
2024-11-07 00:00:00-05:00,176.51560241710214,180.16709852379773,176.2967103185547,179.83876037597656,25352900,0.0,0.0
2024-11-08 00:00:00-05:00,179.7392438048685,179.98798342551285,177.18220839921253,177.4508514404297,22006200,0.0,0.0
2024-11-11 00:00:00-05:00,177.67969975449668,179.6397693133584,177.5702537066768,179.44078063964844,17450400,0.0,0.0
2024-11-12 00:00:00-05:00,178.91344777717472,181.569985195191,178.48560772038502,180.70436096191406,25134900,0.0,0.0
2024-11-13 00:00:00-05:00,179.55023156460638,180.04771085332573,177.6398977358846,177.9781951904297,23184000,0.0,0.0
2024-11-14 00:00:00-05:00,177.38120927026733,177.9184953896884,173.44118190987194,174.69482421875,31007500,0.0,0.0
2024-11-15 00:00:00-05:00,172.85413063132057,173.2620672474057,170.35679033869232,171.62039184570312,32504600,0.0,0.0
2024-11-18 00:00:00-05:00,172.54571749253887,174.55553810267529,172.0283347729084,174.41624450683594,20135300,0.0,0.0
2024-11-19 00:00:00-05:00,172.84420375176396,177.96823430730947,172.68500673714084,177.22201538085938,23434900,0.0,0.0
2024-11-20 00:00:00-05:00,176.44594821026809,176.78423047859985,172.90389814923452,175.09280395507812,18997100,0.0,0.0
2024-11-21 00:00:00-05:00,173.02327566367867,173.25212704774955,162.87470208296352,166.78489685058594,59734400,0.0,0.0
2024-11-22 00:00:00-05:00,165.0138834352713,165.62080876483188,163.07370209558795,163.9293670654297,38604600,0.0,0.0
2024-11-25 00:00:00-05:00,165.2526765242949,167.77987996639146,164.77510062902732,166.8048095703125,33135300,0.0,0.0
2024-11-26 00:00:00-05:00,166.78490128483136,168.96386286905866,166.73515032254275,168.2673797607422,20486700,0.0,0.0
2024-11-27 00:00:00-05:00,168.14799483925975,168.6255706920237,167.17293971182346,168.3768310546875,19266500,0.0,0.0
2024-11-29 00:00:00-05:00,167.6505077939042,168.57581191461244,166.31726704322566,168.09823608398438,14257200,0.0,0.0
2024-12-02 00:00:00-05:00,167.91915410888186,171.21246438956555,167.72016544073577,170.6254425048828,23789100,0.0,0.0
2024-12-03 00:00:00-05:00,170.62544918240982,171.80943711786688,169.98867631030456,170.4761962890625,22248700,0.0,0.0
2024-12-04 00:00:00-05:00,170.28716818705817,174.02822245628136,170.1976255515155,173.49093627929688,31615100,0.0,0.0
2024-12-05 00:00:00-05:00,174.4759419461396,175.17240993472817,171.46121858121353,171.7696533203125,21356200,0.0,0.0
2024-12-06 00:00:00-05:00,171.1627116663367,174.1973381653999,170.99357054105934,173.82920837402344,21462400,0.0,0.0
2024-12-09 00:00:00-05:00,173.28134907482925,175.57236409115308,172.9725456881121,174.6858367919922,25389600,0.2,0.0
2024-12-10 00:00:00-05:00,182.13667521959667,185.63297660419835,180.34369430470025,184.44761657714844,54813000,0.0,0.0
2024-12-11 00:00:00-05:00,184.5870622814724,194.8468827437387,184.12886535477608,194.6376953125,67894100,0.0,0.0
2024-12-12 00:00:00-05:00,194.2392695844635,194.4185600761266,190.96211115966233,191.2111358642578,34817500,0.0,0.0
2024-12-13 00:00:00-05:00,190.2648278463795,191.97811901209872,188.90017734316862,189.07948303222656,25143500,0.0,0.0
2024-12-16 00:00:00-05:00,192.11756882122688,198.22365926952406,191.8685441236521,195.89279174804688,44934900,0.0,0.0
2024-12-17 00:00:00-05:00,196.48050129830887,200.6342317451905,194.21935261692775,194.6576385498047,43504000,0.0,0.0
2024-12-18 00:00:00-05:00,194.45842549322595,196.231480292107,187.00761009122783,187.66502380371094,34166100,0.0,0.0
2024-12-19 00:00:00-05:00,190.88243605492835,192.27696842780173,187.64511464715667,187.77459716796875,32265200,0.0,0.0
2024-12-20 00:00:00-05:00,185.0552281091218,192.13749096545695,184.49741523030252,190.66326904296875,63462900,0.0,0.0
2024-12-23 00:00:00-05:00,191.86854398568468,194.3388799273183,189.40817875947414,193.87071228027344,25675000,0.0,0.0
2024-12-24 00:00:00-05:00,194.0799055884088,195.34495544433594,193.02404318868335,195.34495544433594,10403300,0.0,0.0
2024-12-26 00:00:00-05:00,194.38868793025316,195.98245219810025,193.62170274567876,194.83694458007812,12046600,0.0,0.0
2024-12-27 00:00:00-05:00,194.18945436832726,194.558021252894,189.906226569023,192.00799560546875,18891400,0.0,0.0
2024-12-30 00:00:00-05:00,189.0595575397149,191.7988292724579,188.3822024440024,190.4939422607422,14264700,0.0,0.0
2024-12-31 00:00:00-05:00,190.334547446118,191.21111919363443,187.77456641042133,188.56149291992188,17466900,0.0,0.0
2025-01-02 00:00:00-05:00,189.90623605246924,191.25097555403835,186.76853081449056,188.6909942626953,20370800,0.0,0.0
2025-01-03 00:00:00-05:00,190.62343412562188,192.45626758091493,189.23885731709424,191.0417938232422,18596200,0.0,0.0
2025-01-06 00:00:00-05:00,193.2232494371018,197.44671400594865,193.09376692292446,196.1019744873047,29563600,0.0,0.0
2025-01-07 00:00:00-05:00,196.3410311167276,200.2158547626208,193.84082865087865,194.72735595703125,26487200,0.0,0.0
2025-01-08 00:00:00-05:00,191.818753365396,195.52422692104554,191.62949216136246,193.193359375,24864800,0.0,0.0
2025-01-10 00:00:00-05:00,193.54201039861906,195.75335107074358,189.5675704988791,191.2908172607422,26665200,0.0,0.0
2025-01-13 00:00:00-05:00,189.32851141262705,190.43416651970912,186.62907690279673,190.26483154296875,21823700,0.0,0.0
2025-01-14 00:00:00-05:00,190.4939429327445,191.23104632862814,187.57536549994643,188.92010498046875,17174900,0.0,0.0
2025-01-15 00:00:00-05:00,192.336729949174,195.5939775570945,191.11153257710336,194.78713989257812,21776000,0.0,0.0
2025-01-16 00:00:00-05:00,193.38262220625612,194.71739096273467,192.05780896613516,192.1574249267578,17815400,0.0,0.0
2025-01-17 00:00:00-05:00,195.76329797481387,196.46056410218043,192.9941444980855,195.23536682128906,27735100,0.0,0.0
2025-01-21 00:00:00-05:00,198.29341465676947,201.50083912074155,197.09808382134892,197.2773895263672,29971300,0.0,0.0
2025-01-22 00:00:00-05:00,198.28344103159932,199.6978996202174,196.7594109579838,197.59613037109375,26200600,0.0,0.0
2025-01-23 00:00:00-05:00,197.36703633289733,199.51861361447575,194.4385031217372,197.20765686035156,26951400,0.0,0.0
2025-01-24 00:00:00-05:00,197.3271708236336,200.11623519770797,197.2275548677334,199.42893981933594,23877500,0.0,0.0
2025-01-27 00:00:00-05:00,191.65937189687645,196.11193470563097,189.98591802549169,191.06170654296875,41728900,0.0,0.0
2025-01-28 00:00:00-05:00,191.99804618358004,194.71739168696277,189.93611434526252,194.53810119628906,24157900,0.0,0.0
2025-01-29 00:00:00-05:00,194.7970833042233,196.0222806001553,192.6753879484473,194.64767456054688,18218300,0.0,0.0
2025-01-30 00:00:00-05:00,197.22756600165175,200.6142959037936,196.89885156773758,200.08636474609375,24354700,0.0,0.0
2025-01-31 00:00:00-05:00,201.21196665384008,204.6783863780237,201.0127499247283,203.22409057617188,32001100,0.0,0.0
2025-02-03 00:00:00-05:00,199.90707487204236,202.9551348332388,199.31938021531738,200.44496154785156,27838300,0.0,0.0
2025-02-04 00:00:00-05:00,202.59654903669593,206.24227455727316,202.01880986682883,205.57489013671875,43856400,0.0,0.0
2025-02-05 00:00:00-05:00,190.32460742693195,191.998046136523,187.29645852491726,190.58358764648438,70373900,0.0,0.0
2025-02-06 00:00:00-05:00,188.7607254709797,191.35058847007514,187.98376961110344,190.8525390625,29297400,0.0,0.0
2025-02-07 00:00:00-05:00,190.3046897826863,190.43417229867478,182.52516013677956,184.61695861816406,49315000,0.0,0.0
2025-02-10 00:00:00-05:00,186.61912556239702,187.46580046504565,185.13493280467802,185.7425537109375,23105600,0.0,0.0
2025-02-11 00:00:00-05:00,184.3081687207876,186.21072116923287,183.56109458441756,184.5970458984375,21239500,0.0,0.0
2025-02-12 00:00:00-05:00,182.5052293386179,184.38785552440282,181.12065256917043,182.89370727539062,22072600,0.0,0.0
2025-02-13 00:00:00-05:00,183.6009567802338,185.5533021151623,182.4255521731024,185.41384887695312,21402500,0.0,0.0
2025-02-14 00:00:00-05:00,184.3380502737544,185.67281908148942,183.60094685418304,184.50738525390625,20448400,0.0,0.0
2025-02-18 00:00:00-05:00,184.87593259008312,185.2345287451642,181.03099083809295,183.05307006835938,29916700,0.0,0.0
2025-02-19 00:00:00-05:00,183.35191045129994,184.73648715297452,182.87377209155156,184.54722595214844,19549400,0.0,0.0
2025-02-20 00:00:00-05:00,184.07906552714084,184.587070455128,182.00717815142445,183.83999633789062,20441500,0.0,0.0
2025-02-21 00:00:00-05:00,184.42769462228776,184.61695583425816,178.38138255149903,178.95912170410156,35199200,0.0,0.0
2025-02-24 00:00:00-05:00,181.28002106421596,182.40560234155157,178.19210879001352,178.5507049560547,29854200,0.0,0.0
2025-02-25 00:00:00-05:00,177.3454308360551,178.04271218366185,174.0085088406691,174.73565673828125,41913400,0.0,0.0
2025-02-26 00:00:00-05:00,174.38701976901885,175.39307405965482,170.9106295738481,172.05613708496094,35431300,0.0,0.0
2025-02-27 00:00:00-05:00,173.3112236112011,173.87899198403545,167.2848232511365,167.84263610839844,39991000,0.0,0.0
2025-02-28 00:00:00-05:00,168.02192807583762,169.94440654660372,166.11939103491417,169.61569213867188,48130600,0.0,0.0
2025-03-03 00:00:00-05:00,171.25924816477874,172.69363277465732,165.28265575645824,166.3584442138672,40770500,0.0,0.0
2025-03-04 00:00:00-05:00,165.5914841182232,172.6139690982364,165.15319817693035,170.2532196044922,45388000,0.0,0.0
2025-03-05 00:00:00-05:00,169.8547695105912,173.10204608630403,168.40045859307807,172.3450164794922,30954900,0.0,0.0
2025-03-06 00:00:00-05:00,169.86475071785694,174.1280529574759,169.83486896565157,171.6776580810547,28302000,0.0,0.0
2025-03-07 00:00:00-05:00,170.5918843353401,174.28741777289434,169.60575619699736,173.18174743652344,27385800,0.0,0.0
2025-03-10 00:00:00-04:00,167.7966101322015,167.99607150995365,163.23920372577845,165.41319274902344,43604000,0.2,0.0
2025-03-11 00:00:00-04:00,164.4558560210946,166.29078517095678,160.9255963482493,163.58824157714844,39587400,0.0,0.0
2025-03-12 00:00:00-04:00,166.12124110886077,167.17831943801426,163.07963775446962,166.6497802734375,28372400,0.0,0.0
2025-03-13 00:00:00-04:00,165.58271795856493,165.67248166266438,161.6635485106855,162.31175231933594,31756200,0.0,0.0
2025-03-14 00:00:00-04:00,162.8203685104477,166.0315020416508,162.00261943703092,165.0342559814453,31995900,0.0,0.0
2025-03-17 00:00:00-04:00,164.57552252303753,165.84202932963498,163.21926721954216,163.83755493164062,31184300,0.0,0.0
2025-03-18 00:00:00-04:00,163.2292134435371,163.79765095180105,156.28838999765335,160.22750854492188,42074800,0.0,0.0
2025-03-19 00:00:00-04:00,161.31450558479577,165.41318720526314,160.5566041117451,163.4386444091797,34275600,0.0,0.0
2025-03-20 00:00:00-04:00,161.12506086024152,164.43591002375265,160.5167401261188,162.35166931152344,28138500,0.0,0.0
2025-03-21 00:00:00-04:00,160.7660482116765,163.7877026347692,160.44692216012342,163.53839111328125,36625800,0.0,0.0
2025-03-24 00:00:00-04:00,166.60991043967152,167.85646804378672,164.68521758619846,167.2182159423828,30879100,0.0,0.0
2025-03-25 00:00:00-04:00,168.51462053018605,170.16008551836464,167.85644975168057,170.09027099609375,24174400,0.0,0.0
2025-03-26 00:00:00-04:00,168.53459028680902,169.14291101426645,164.3860428738787,164.60543823242188,28901600,0.0,0.0
2025-03-27 00:00:00-04:00,164.1766304631432,164.96444818748884,161.55386834836875,161.793212890625,24508300,0.0,0.0
2025-03-28 00:00:00-04:00,160.0480386603904,161.37437785404254,153.2069295238927,153.90499877929688,48669300,0.0,0.0
2025-03-31 00:00:00-04:00,152.68834136730996,155.11164193370462,150.24509161947617,154.21412658691406,54603500,0.0,0.0
2025-04-01 00:00:00-04:00,153.19693997672525,157.66461343058796,153.19693997672525,156.637451171875,30672900,0.0,0.0
2025-04-02 00:00:00-04:00,154.72270392156926,157.9737354754909,154.2739462849113,156.6074981689453,25041700,0.0,0.0
2025-04-03 00:00:00-04:00,150.69384170810525,152.35924068042604,149.97582338010557,150.30491638183594,46883400,0.0,0.0
2025-04-04 00:00:00-04:00,147.60238713771614,150.65397293111235,144.9796402891217,145.19903564453125,62259500,0.0,0.0
2025-04-07 00:00:00-04:00,141.1601793715283,152.42906261628312,140.14298415460087,146.34585571289062,76794100,0.0,0.0
2025-04-08 00:00:00-04:00,150.80354683062922,151.82074204837693,142.63609935843277,144.30149841308594,52200200,0.0,0.0
2025-04-09 00:00:00-04:00,144.0222787835972,159.11061702523395,143.51368875470308,158.27293395996094,70406200,0.0,0.0
2025-04-10 00:00:00-04:00,156.10888048544342,157.28563866565491,149.51708388683267,152.39913940429688,48022000,0.0,0.0
2025-04-11 00:00:00-04:00,152.47891611104427,157.2357840662013,152.39914981719627,156.70724487304688,33636200,0.0,0.0
2025-04-14 00:00:00-04:00,159.5593589601424,161.27462328630523,157.12607630131762,158.63192749023438,30333000,0.0,0.0
2025-04-15 00:00:00-04:00,158.6917731015249,159.2103301054895,154.78257030571797,155.87953186035156,27551500,0.0,0.0
2025-04-16 00:00:00-04:00,152.67836778458886,155.46067741277207,151.09273508921532,152.90773010253906,28187400,0.0,0.0
2025-04-17 00:00:00-04:00,153.86508310192784,154.25400844452392,148.09103529003713,150.74371337890625,33046600,0.0,0.0
2025-04-21 00:00:00-04:00,148.46999532680982,148.53979463690146,145.6976525525358,147.26332092285156,26049100,0.0,0.0
2025-04-22 00:00:00-04:00,148.47995987784566,151.77087479980403,148.13091768280205,151.0528564453125,26971800,0.0,0.0
2025-04-23 00:00:00-04:00,155.1814586711159,157.09616926384234,153.38641273519517,154.92218017578125,31128800,0.0,0.0
2025-04-24 00:00:00-04:00,155.7199692710382,159.15049822016638,155.36096007364648,158.8413543701172,45894000,0.0,0.0
2025-04-25 00:00:00-04:00,164.61541287682232,165.6425750916004,160.59649729347288,161.51397705078125,56034000,0.0,0.0
2025-04-28 00:00:00-04:00,161.98265861948803,162.70067694860023,158.16321987401656,160.1676788330078,29745800,0.0,0.0
2025-04-29 00:00:00-04:00,159.87849612757626,160.29733764803302,157.086204107764,159.71893310546875,26809000,0.0,0.0
2025-04-30 00:00:00-04:00,157.54493703861002,158.83139304877153,154.97204023505506,158.36268615722656,34981100,0.0,0.0
2025-05-01 00:00:00-04:00,160.00812396444732,161.5039930234171,158.47237175928248,160.8557891845703,30203200,0.0,0.0
2025-05-02 00:00:00-04:00,162.95997467027814,164.51567601619934,161.42420728854916,163.57826232910156,25715000,0.0,0.0
2025-05-05 00:00:00-04:00,162.551092409754,164.93450965911595,162.27186475669814,163.7577667236328,21341800,0.0,0.0
2025-05-06 00:00:00-04:00,161.72339340187466,164.3461554362482,160.74609651363122,162.7804718017578,21277200,0.0,0.0
2025-05-07 00:00:00-04:00,163.62812539619352,164.5455898895658,147.43284488902702,150.96310424804688,127490100,0.0,0.0
2025-05-08 00:00:00-04:00,154.57315149382438,155.50058309873845,152.47892851591033,153.85513305664062,57498700,0.0,0.0
2025-05-09 00:00:00-04:00,153.7454179749914,154.62299934708025,151.78084208678038,152.32933044433594,32435300,0.0,0.0
2025-05-12 00:00:00-04:00,157.0562755246952,158.66184216787673,155.81968502629073,158.0236053466797,44138800,0.0,0.0
2025-05-13 00:00:00-04:00,158.35270013902556,160.12781218093087,155.72995326636035,159.09066772460938,42382100,0.0,0.0
2025-05-14 00:00:00-04:00,159.51949150800576,166.5400972975048,159.170449289238,164.91458129882812,48755900,0.0,0.0
2025-05-15 00:00:00-04:00,165.3832808496498,165.75227223459135,161.92283584781248,163.5084686279297,33146700,0.0,0.0
2025-05-16 00:00:00-04:00,167.26806720706887,168.88361607338598,165.16387753981013,165.73231506347656,42846900,0.0,0.0
2025-05-19 00:00:00-04:00,164.0569364118495,166.18107529267584,163.7677417629434,166.0813446044922,30426100,0.0,0.0
2025-05-20 00:00:00-04:00,165.9716462897934,168.03595283640126,162.45136908866291,163.5283966064453,46607700,0.0,0.0
2025-05-21 00:00:00-04:00,163.2392111991083,172.66318349220677,163.1095643409873,168.09579467773438,73416000,0.0,0.0
2025-05-22 00:00:00-04:00,171.3767414156938,176.28319020253375,170.23988151650855,170.39942932128906,74864400,0.0,0.0
2025-05-23 00:00:00-04:00,168.5944139952117,169.49194456610303,167.42763794814334,168.00604248046875,35211400,0.0,0.0
2025-05-27 00:00:00-04:00,169.69138381086714,172.69308880696215,169.53182079809207,172.423828125,37995700,0.0,0.0
2025-05-28 00:00:00-04:00,172.6831300854681,174.7873198647011,171.4365725199691,171.8853302001953,34784000,0.0,0.0
2025-05-29 00:00:00-04:00,173.5208093888165,173.93965089581198,170.1600951338123,171.38670349121094,29317300,0.0,0.0
2025-05-30 00:00:00-04:00,170.87811871209726,171.73575093359455,166.97888295989642,171.2670440673828,52639900,0.0,0.0
2025-06-02 00:00:00-04:00,167.37777366516244,169.40218193277036,166.92901598525125,168.5644989013672,38612300,0.0,0.0
2025-06-03 00:00:00-04:00,167.0287408798973,168.01600469808255,164.82482048675826,165.7223358154297,45084900,0.0,0.0
2025-06-04 00:00:00-04:00,166.28081407126308,167.75673398423967,165.90185569784677,167.5872039794922,26900800,0.0,0.0
2025-06-05 00:00:00-04:00,169.87088888051295,170.45926039928958,167.1284622369502,167.74676513671875,36379100,0.0,0.0
2025-06-06 00:00:00-04:00,170.35954849552294,174.01943975782734,170.35954849552294,173.20169067382812,35731800,0.0,0.0
2025-06-09 00:00:00-04:00,174.27002138780236,176.1970440586742,174.1002861656323,175.817626953125,28935900,0.21,0.0
2025-06-10 00:00:00-04:00,175.92747903926403,180.8298886948226,174.63948090794972,178.3237762451172,61766100,0.0,0.0
2025-06-11 00:00:00-04:00,179.49195401036374,180.09101684926247,176.47662077845203,177.07569885253906,31646800,0.0,0.0
2025-06-12 00:00:00-04:00,175.90749122267417,176.44666452455314,174.47971034788216,175.42823791503906,20941900,0.0,0.0
2025-06-13 00:00:00-04:00,172.17329464872896,176.85604320367563,172.1233689351953,174.39984130859375,27663100,0.0,0.0
2025-06-16 00:00:00-04:00,174.45974398959817,176.66633252587772,174.37986589593493,176.49659729003906,27389200,0.0,0.0
2025-06-17 00:00:00-04:00,175.4282431183839,177.08567926563504,174.30998028900405,175.6778564453125,24973000,0.0,0.0
2025-06-18 00:00:00-04:00,175.73776761612697,176.28692000243774,172.93211615674434,173.05194091796875,28707500,0.0,0.0
2025-06-20 00:00:00-04:00,173.68095462694552,174.07035081830173,165.20409556084024,166.38226318359375,75659900,0.0,0.0
2025-06-23 00:00:00-04:00,166.0128253516346,167.08116240174218,161.7494257286143,164.9344940185547,57671000,0.0,0.0
2025-06-24 00:00:00-04:00,166.66183161080377,167.95982401484335,165.87306016657053,166.51206970214844,40524300,0.0,0.0
2025-06-25 00:00:00-04:00,167.3707300173257,172.0934098171055,167.29085192583665,170.41600036621094,35479000,0.0,0.0
2025-06-26 00:00:00-04:00,172.16330733603075,173.4213683331891,169.6771681943881,173.27159118652344,31796700,0.0,0.0
2025-06-27 00:00:00-04:00,173.27158802075178,178.40363764116194,171.46438989107267,178.25387573242188,108140200,0.0,0.0
2025-06-30 00:00:00-04:00,180.5003780733202,180.94967899066734,174.30997094439113,175.95741271972656,63378900,0.0,0.0
2025-07-01 00:00:00-04:00,175.46818749328466,175.81763700531283,173.26159900853952,175.56802368164062,35904500,0.0,0.0
2025-07-02 00:00:00-04:00,175.26848197683447,178.58335417760583,174.79922295185074,178.3636932373047,29128900,0.0,0.0
2025-07-03 00:00:00-04:00,178.22391365801445,179.39210218822254,176.7761594232363,179.2523193359375,21689700,0.0,0.0
2025-07-07 00:00:00-04:00,178.78304908898676,179.0226833705182,175.40827199123135,176.5165557861328,34175600,0.0,0.0
2025-07-08 00:00:00-04:00,177.5749242496101,177.67476043779465,172.54271112131266,174.09031677246094,40442500,0.0,0.0
2025-07-09 00:00:00-04:00,174.97894087050608,179.1624626362242,172.50278095171484,176.34681701660156,43025600,0.0,0.0
2025-07-10 00:00:00-04:00,175.35836349959487,178.15402063985096,174.11029683512743,177.34527587890625,29252400,0.0,0.0
2025-07-11 00:00:00-04:00,176.51656530489134,181.14938835134018,176.20704719654847,179.91131591796875,34282900,0.0,0.0
2025-07-14 00:00:00-04:00,180.7300224544814,183.3859118317051,179.40207776586954,181.2791748046875,32536600,0.0,0.0
2025-07-15 00:00:00-04:00,182.5272506181519,183.93507346834292,181.31913062189142,181.718505859375,33448300,0.0,0.0
2025-07-16 00:00:00-04:00,182.95659839065306,184.04490889196538,181.74846312672318,182.68701171875,33104200,0.0,0.0
2025-07-17 00:00:00-04:00,181.85827589550698,183.77530432362263,180.20083982993623,183.29605102539062,31992600,0.0,0.0
2025-07-18 00:00:00-04:00,185.11324367348885,186.1316703490662,183.42587032160213,184.77377319335938,34014500,0.0,0.0
2025-07-21 00:00:00-04:00,185.9619330750015,189.99567783258155,185.86208164773134,189.8059844970703,45803100,0.0,0.0
2025-07-22 00:00:00-04:00,191.20380830960463,191.35357021159422,187.17006365240448,191.04405212402344,44660200,0.0,0.0
2025-07-23 00:00:00-04:00,191.20381577219638,192.23222149983224,188.88739669642578,189.93577575683594,58681900,0.0,0.0
2025-07-24 00:00:00-04:00,196.7252403051011,197.64381545602902,190.70456849752816,191.8727569580078,74881700,0.0,0.0
2025-07-25 00:00:00-04:00,191.68305419336826,194.02942546808288,190.96416662133603,192.88119506835938,39785900,0.0,0.0
2025-07-28 00:00:00-04:00,193.35047209995227,193.7498625541434,190.54482081320737,192.28213500976562,38139500,0.0,0.0
2025-07-29 00:00:00-04:00,192.13236281084488,195.61697034161693,191.78291329403916,195.44723510742188,41389200,0.0,0.0
2025-07-30 00:00:00-04:00,195.2974741739121,197.2943808004953,194.3888780023715,196.2260284423828,32445400,0.0,0.0
2025-07-31 00:00:00-04:00,195.40729975764043,195.68686545955075,190.79443520574372,191.60317993164062,51329200,0.0,0.0
2025-08-01 00:00:00-04:00,188.73762721302066,190.53484621084553,187.52950724447476,188.8374786376953,34832200,0.0,0.0
2025-08-04 00:00:00-04:00,189.9956738002762,194.96798225717674,189.82593856567027,194.7383270263672,31547400,0.0,0.0
2025-08-05 00:00:00-04:00,194.40884314692985,197.55396485726567,193.5901041516216,194.368896484375,31602300,0.0,0.0
2025-08-06 00:00:00-04:00,194.1991754853375,196.3258859841649,193.3704573812648,195.78671264648438,21562900,0.0,0.0
2025-08-07 00:00:00-04:00,196.75520727948205,197.23446060352177,194.0294340028213,196.21604919433594,26321800,0.0,0.0
2025-08-08 00:00:00-04:00,196.9149587094283,202.29662132319493,196.86503299798275,201.10845947265625,39161800,0.0,0.0
2025-08-11 00:00:00-04:00,200.62921267003748,201.16837075965444,198.76210983585918,200.68911743164062,25832400,0.0,0.0
2025-08-12 00:00:00-04:00,201.0585431482033,204.18370696130674,200.27975076589462,203.02549743652344,30397900,0.0,0.0
2025-08-13 00:00:00-04:00,203.81427054832747,204.21364576160173,197.2044995517677,201.6476287841797,28342900,0.0,0.0
2025-08-14 00:00:00-04:00,201.18833871082708,204.12379383237695,200.91875205563483,202.62611389160156,25230400,0.0,0.0
2025-08-15 00:00:00-04:00,203.534714766441,206.12070520105007,200.96868242883633,203.58462524414062,34931400,0.0,0.0
2025-08-18 00:00:00-04:00,203.88415594549542,204.9525082638803,202.17680937496152,203.18524169921875,18526600,0.0,0.0
2025-08-19 00:00:00-04:00,202.7159730378366,203.1253425488118,199.65072931767816,201.25823974609375,24240200,0.0,0.0
2025-08-20 00:00:00-04:00,200.41952632200108,200.9686786831588,196.29592455953664,199.01171875,28955500,0.0,0.0
2025-08-21 00:00:00-04:00,199.44105529785156,202.1668286588479,199.12154291514705,199.44105529785156,19774600,0.0,0.0
2025-08-22 00:00:00-04:00,202.41643648326647,208.21744781149425,200.98865555430208,205.771240234375,42827000,0.0,0.0
2025-08-25 00:00:00-04:00,206.11069972619865,210.19438514977915,204.9624845680577,208.1675262451172,29928900,0.0,0.0
2025-08-26 00:00:00-04:00,207.18903343187435,207.52851912382437,205.3818354433132,206.81961059570312,28464100,0.0,0.0
2025-08-27 00:00:00-04:00,205.38184246485358,208.58688428789492,205.3319167524022,207.15908813476562,23022900,0.0,0.0
2025-08-28 00:00:00-04:00,206.92944327697995,211.8917573213033,206.57997853322107,211.31265258789062,32339300,0.0,0.0
2025-08-29 00:00:00-04:00,210.1844065843309,214.31800279201352,209.87488848734807,212.58070373535156,39728400,0.0,0.0
2025-09-02 00:00:00-04:00,208.11761422314743,211.3525932568575,205.88107328271496,211.0231170654297,47523000,0.0,0.0
2025-09-03 00:00:00-04:00,225.86013881710127,230.95224175670688,224.4423216543269,230.30325317382812,103336100,0.0,0.0
2025-09-04 00:00:00-04:00,229.2947939629136,232.01058815431742,225.76027598883607,231.94070434570312,51684200,0.0,0.0
2025-09-05 00:00:00-04:00,231.84086323662245,235.39535470067108,231.5413241866342,234.63653564453125,46588900,0.0,0.0
2025-09-08 00:00:00-04:00,235.31608185012894,237.97434675109136,233.5172554040335,233.8870086669922,32474700,0.21,0.0
2025-09-09 00:00:00-04:00,234.0169206603603,240.3128053844981,233.07753270088136,239.47335815429688,38061000,0.0,0.0
2025-09-10 00:00:00-04:00,238.74382884116824,241.50203443312756,237.6945274082077,239.01365661621094,35141100,0.0,0.0
2025-09-11 00:00:00-04:00,239.7232054178332,242.09165136894262,236.09557331646107,240.21287536621094,30599300,0.0,0.0
2025-09-12 00:00:00-04:00,240.21286654309478,241.92175543476245,237.84442067897936,240.64259338378906,26771600,0.0,0.0
2025-09-15 00:00:00-04:00,244.5000723057695,252.24500622225327,244.5000723057695,251.44552612304688,58383800,0.0,0.0
2025-09-16 00:00:00-04:00,251.91521585326547,252.87457975705254,249.30692141357196,250.99581909179688,34109700,0.0,0.0
2025-09-17 00:00:00-04:00,251.0557800198683,251.43553649547647,246.11900683222018,249.36688232421875,34108000,0.0,0.0
2025-09-18 00:00:00-04:00,251.51547232528497,253.82397511354577,249.6367116291099,251.86524963378906,31239500,0.0,0.0
2025-09-19 00:00:00-04:00,253.08445699569828,255.83265939150547,251.64539584681071,254.55349731445312,55571400,0.0,0.0
2025-09-22 00:00:00-04:00,254.2636811395151,255.6128047936517,250.13639113793755,252.36492919921875,32290500,0.0,0.0
2025-09-23 00:00:00-04:00,252.8745862102155,254.1937306726042,250.31626206974443,251.49549865722656,26628000,0.0,0.0
2025-09-24 00:00:00-04:00,251.49550432970327,252.18505574615793,246.2789151995329,246.97845458984375,28201000,0.0,0.0
2025-09-25 00:00:00-04:00,244.24022750230412,246.32887284028934,240.58263166512353,245.6293182373047,31020400,0.0,0.0
2025-09-26 00:00:00-04:00,246.90849752367055,249.25695217808112,245.80921049475367,246.3788299560547,18503200,0.0,0.0
2025-09-29 00:00:00-04:00,247.6879914773483,250.98582213384148,242.61131034259105,243.89047241210938,32505800,0.0,0.0
2025-09-30 00:00:00-04:00,242.65128209661555,243.13096406959585,239.09361157011617,242.94110107421875,34724300,0.0,0.0
2025-10-01 00:00:00-04:00,240.59263270567308,246.13900797357311,238.45403213601972,244.7399139404297,31658200,0.0,0.0
2025-10-02 00:00:00-04:00,244.98974812584623,246.64866670301694,242.14162021805868,245.52940368652344,25483300,0.0,0.0
2025-10-03 00:00:00-04:00,244.33018254314118,246.138996907564,241.5020306823554,245.1896209716797,30249600,0.0,0.0
2025-10-06 00:00:00-04:00,244.61999567020933,251.1557292673991,244.42012945214807,250.26629638671875,28894700,0.0,0.0
2025-10-07 00:00:00-04:00,248.10771903747053,250.27629875611288,245.35951661425605,245.59934997558594,23181300,0.0,0.0
2025-10-08 00:00:00-04:00,244.79988761332393,245.84918907751907,243.66063338889384,244.46009826660156,21307100,0.0,0.0
2025-10-09 00:00:00-04:00,244.3101967172578,244.60000044134677,238.99366696134817,241.3721160888672,27892100,0.0,0.0
2025-10-10 00:00:00-04:00,241.27216783484693,243.93043262992407,235.6858257251368,236.4153594970703,33180300,0.0,0.0
2025-10-13 00:00:00-04:00,240.05299046060216,244.34017953936018,239.55331729181,243.9904022216797,24995000,0.0,0.0
2025-10-14 00:00:00-04:00,241.07230809804528,246.95845730298234,240.35277752895155,245.28955078125,22111600,0.0,0.0
2025-10-15 00:00:00-04:00,247.0883778879278,251.94520161834686,245.82920701293574,250.86590576171875,27007700,0.0,0.0
2025-10-16 00:00:00-04:00,251.60541868813706,256.79201310331337,249.93651222042618,251.29562377929688,27997200,0.0,0.0
2025-10-17 00:00:00-04:00,250.59608169913423,254.05382673080507,247.64801305801078,253.13442993164062,29671600,0.0,0.0
2025-10-20 00:00:00-04:00,254.52352413042843,257.1617826336821,254.06381810029453,256.3822937011719,22350200,0.0,0.0
2025-10-21 00:00:00-04:00,254.5734808325197,254.71338870395212,243.99039197294186,250.29627990722656,47312100,0.0,0.0
2025-10-22 00:00:00-04:00,254.20372304336274,256.19241249616164,249.12704181794433,251.52548217773438,35029400,0.0,0.0
2025-10-23 00:00:00-04:00,252.81462530948346,254.8732762688867,251.68537434804077,252.91456604003906,19901400,0.0,0.0
2025-10-24 00:00:00-04:00,256.412278354529,261.5089509442133,255.1531226659378,259.7501220703125,28655100,0.0,0.0
2025-10-27 00:00:00-04:00,264.6468909460984,269.9634205104271,264.10723541197956,269.0939636230469,35235200,0.0,0.0
2025-10-28 00:00:00-04:00,269.5137161039883,270.5530448339537,266.3257988486908,267.295166015625,29738600,0.0,0.0
2025-10-29 00:00:00-04:00,267.57498405043395,275.1600191542769,267.49504976173847,274.3905334472656,43580300,0.0,0.0
2025-10-30 00:00:00-04:00,291.3993974290424,291.3993974290424,279.87693527724974,281.2960205078125,74876000,0.0,0.0
2025-10-31 00:00:00-04:00,283.02486366213384,285.81304844327684,276.8489107040144,281.0061950683594,39267900,0.0,0.0
2025-11-03 00:00:00-05:00,281.9955439895644,285.3433603410046,279.61709481156873,283.5345458984375,29786000,0.0,0.0
2025-11-04 00:00:00-05:00,276.56908942406625,281.0861237356038,276.07941949471564,277.35858154296875,30078400,0.0,0.0
2025-11-05 00:00:00-05:00,278.6876991693174,286.23278206992967,277.15870054271744,284.1241455078125,31010300,0.0,0.0
2025-11-06 00:00:00-05:00,285.14348075532007,288.1615262521665,280.9562476047489,284.5638732910156,37173600,0.0,0.0
2025-11-07 00:00:00-05:00,283.0248465894465,283.59448127875606,275.0101005397699,278.647705078125,34479600,0.0,0.0
2025-11-10 00:00:00-05:00,284.23409016650885,290.6098939896417,282.6750818691635,289.9103698730469,29557300,0.0,0.0
2025-11-11 00:00:00-05:00,287.56189748708465,291.72918497214437,287.1321858980205,291.11956787109375,19842100,0.0,0.0
2025-11-12 00:00:00-05:00,291.4893355792204,291.8191369528623,283.504568014819,286.5225830078125,24829900,0.0,0.0
2025-11-13 00:00:00-05:00,282.15543354563385,282.65510670070455,277.0587612643864,278.3879089355469,29494000,0.0,0.0
2025-11-14 00:00:00-05:00,271.23257767900105,278.3778974858086,270.52305035910666,276.22930908203125,31647200,0.0,0.0
2025-11-17 00:00:00-05:00,285.59319216713175,293.7578650793077,283.38464532335746,284.83367919921875,52670200,0.0,0.0
2025-11-18 00:00:00-05:00,287.7318125744744,288.61121173854644,278.0181648979437,284.09417724609375,49158700,0.0,0.0
2025-11-19 00:00:00-05:00,286.9722907427786,303.6114007455407,286.44263841708545,292.61859130859375,68198900,0.0,0.0
2025-11-20 00:00:00-05:00,304.3409354639468,306.2197114167213,288.48131431646567,289.26080322265625,62025200,0.0,0.0
2025-11-21 00:00:00-05:00,296.2262391249899,303.7213362601199,293.6579118539212,299.464111328125,74137700,0.0,0.0
2025-11-24 00:00:00-05:00,310.9266228942269,319.27117069793417,309.39762425695875,318.3717346191406,85165100,0.0,0.0
2025-11-25 00:00:00-05:00,325.9967549915166,328.6150374741804,317.4423529194355,323.22857666015625,88632100,0.0,0.0
2025-11-26 00:00:00-05:00,320.4703785574214,324.287888914303,316.58293713459693,319.7408752441406,51373400,0.0,0.0
2025-11-28 00:00:00-05:00,323.15862038246837,326.6363566172421,316.5829348985448,319.970703125,26018600,0.0,0.0
2025-12-01 00:00:00-05:00,317.49233426982363,319.6409227326276,313.684827275924,314.6841735839844,41183000,0.0,0.0
2025-12-02 00:00:00-05:00,316.5329308632399,318.17187340075924,313.7047943107319,315.6035461425781,35854700,0.0,0.0
2025-12-03 00:00:00-05:00,315.68353592029735,321.369788644051,313.89469739870816,319.42108154296875,41838300,0.0,0.0
2025-12-04 00:00:00-05:00,322.0193865832628,322.14927599125497,314.4943097586067,317.4123840332031,31240900,0.0,0.0
2025-12-05 00:00:00-05:00,319.28113189003057,322.9487461411032,318.961364259978,321.0599670410156,28851700,0.0,0.0
2025-12-08 00:00:00-05:00,320.04998779296875,320.44000244140625,311.2200012207031,313.7200012207031,33909400,0.21,0.0
2025-12-09 00:00:00-05:00,312.3699951171875,317.989990234375,311.8999938964844,317.0799865722656,30194000,0.0,0.0
2025-12-10 00:00:00-05:00,315.8299865722656,321.30999755859375,314.67999267578125,320.2099914550781,33428900,0.0,0.0
2025-12-11 00:00:00-05:00,320.0799865722656,321.1199951171875,308.6000061035156,312.42999267578125,42353700,0.0,0.0
2025-12-12 00:00:00-05:00,313.70001220703125,314.8699951171875,305.55999755859375,309.2900085449219,35940200,0.0,0.0
2025-12-15 00:00:00-05:00,311.32000732421875,311.4200134277344,304.8800048828125,308.2200012207031,29151900,0.0,0.0
2025-12-16 00:00:00-05:00,304.95001220703125,310.7699890136719,302.5899963378906,306.57000732421875,30585000,0.0,0.0
2025-12-17 00:00:00-05:00,308.010009765625,308.0899963378906,296.1199951171875,296.7200012207031,43930400,0.0,0.0
2025-12-18 00:00:00-05:00,301.7200012207031,303.9599914550781,299.2300109863281,302.4599914550781,33518000,0.0,0.0
2025-12-19 00:00:00-05:00,301.79998779296875,307.25,300.9700012207031,307.1600036621094,59497254,0.0,0.0
